gene_name	n_syn	n_mis	n_non	n_spl	n_ind	wmis_cv	wnon_cv	wspl_cv	wind_cv	pmis_cv	ptrunc_cv	pallsubs_cv	pind_cv	qmis_cv	qtrunc_cv	qallsubs_cv	qind_cv	pglobal_cv	qglobal_cv
ENSFCAG00000009623:TP53	0	11	2	1	8	97.6288554482509	281.008754148768	281.008754148768	204.661218523686	0	1.31737851072344e-07	0	2.88444491062535e-08	0	0.000118300590262965	0	2.59023152974157e-05	0	0
ENSFCAG00000003692:FGFR2	0	5	0	0	1	27.5072581257288	0	0	15.7688795151118	1.26277204637315e-06	0.848838337017686	7.82778746544199e-06	0.0533478343392112	0.000566984648821545	0.953673774733413	0.00351467657198345	1	6.55155260786966e-06	0.00294164712093348
ENSFCAG00000013232:MYH11	0	5	0	0	0	10.9492222194983	0	0	0	0.000118257075202299	0.768415411265333	0.000579274175647404	1	0.0353982845105549	0.953673774733413	0.173396069910456	1	0.00489703017596754	0.999909721461378
ENSFCAG00000027261:TGFBR1	0	2	0	0	1	18.7769558458961	0	0	26.1366073852837	0.00483785425642957	0.882224912326435	0.0186755920854618	0.0342987943297316	0.482710346919306	0.953673774733413	0.976909805970334	1	0.00535063375785971	0.999909721461378
ENSFCAG00000015711:BAP1	0	0	1	0	1	0	70.0684130961469	70.0684130961469	18.1882144544166	0.570703305808522	0.0106292332614838	0.0325789503497813	0.0472185275912712	0.79923310495792	0.953673774733413	0.976909805970334	1	0.0115021828552361	0.999909721461378
ENSFCAG00000008986:PREX2	1	4	0	0	0	11.8882726694818	0	0	0	0.000415616421290399	0.788877788435315	0.00189917427072706	1	0.0887419191057206	0.953673774733413	0.408918885433899	1	0.0138000385286824	0.999909721461378
ENSFCAG00000042984:EXT1	0	3	0	0	0	18.8078014552295	0	0	0	0.000556961241775955	0.863983850924022	0.00254909318555407	1	0.0887419191057206	0.953673774733413	0.408918885433899	1	0.0177723225449682	0.999909721461378
ENSFCAG00000037994:NRAS	0	2	0	0	0	50.9623639602558	0	0	0	0.000592930417187443	0.932199614160812	0.00273219745278774	1	0.0887419191057206	0.953673774733413	0.408918885433899	1	0.0188594001950796	0.999909721461378
ENSFCAG00000030408:ZMYM2	0	1	1	0	1	3.5336920182921	32.9958776996973	32.9958776996973	9.64927074979952	0.296465633572735	0.0245946171889193	0.0464096231254232	0.0795862593524964	0.79923310495792	0.953673774733413	0.976909805970334	1	0.0243818437148189	0.999909721461378
ENSFCAG00000006065:NF1	0	1	1	0	2	1.66033060412055	17.7884845531023	17.7884845531023	9.29464231832281	0.640249872507407	0.0492027279022685	0.129645455866744	0.0465553744484092	0.79923310495792	0.953673774733413	0.976909805970334	1	0.0368784728298185	0.999909721461378
ENSFCAG00000018737:PIK3CA	0	3	0	0	0	13.4235853219204	0	0	0	0.00154896449620179	0.828793071286997	0.00651802631581933	1	0.198710016798458	0.953673774733413	0.836169661657965	1	0.0393244498716632	0.999909721461378
ENSFCAG00000007517:JAK3	0	2	0	0	1	7.3660189473313	0	0	10.7683670330285	0.0333676272151289	0.827097170695453	0.101538739410708	0.0729961332868599	0.79923310495792	0.953673774733413	0.976909805970334	1	0.0437649855840231	0.999909721461378
ENSFCAG00000026219:ETAA1	0	0	0	0	2	0	0	0	28.5535409714498	0.5465796379699	0.879255832206469	0.824254196519568	0.00960335245328737	0.79923310495792	0.953673774733413	0.976909805970334	1	0.0462185706629252	0.999909721461378
ENSFCAG00000037105:RPL22	0	0	0	0	1	0	0	0	102.925554664528	0.809395035689966	0.937545749186882	0.96835169823694	0.00943401892810941	0.819432629142717	0.953673774733413	0.976909805970334	1	0.0520317952960736	0.999909721461378
ENSFCAG00000009200:IL7R	0	2	0	0	0	21.1060653217	0	0	0	0.00378698385723653	0.898035646536156	0.0149978875834609	1	0.4250889379748	0.953673774733413	0.976909805970334	1	0.0779867044929825	0.999909721461378
ENSFCAG00000029544:FAT4	2	5	0	0	0	4.79381121770512	0	0	0	0.00540157676118269	0.747216925583972	0.0197991765307532	1	0.485061593154206	0.953673774733413	0.976909805970334	1	0.0974538224334726	0.999909721461378
ENSFCAG00000008220:CREB1	0	0	0	0	1	0	0	0	38.8227969348659	0.709940091477426	0.900140371606287	0.92585204223577	0.0238863748673349	0.79923310495792	0.953673774733413	0.976909805970334	1	0.106407252973806	0.999909721461378
ENSFCAG00000041373:CEBPA	0	0	0	0	1	0	0	0	36.8816570881226	0.673634165959464	0.94168931235918	0.912684375312445	0.0250493735366722	0.79923310495792	0.953673774733413	0.976909805970334	1	0.109241666845388	0.999909721461378
ENSFCAG00000000449:ELF3	0	0	0	0	1	0	0	0	35.788130867181	0.684539404543894	0.895713572581794	0.912908006053264	0.025755892069227	0.79923310495792	0.953673774733413	0.976909805970334	1	0.111690595601381	0.999909721461378
ENSFCAG00000045474:CRLF2	0	0	0	0	1	0	0	0	35.788130867181	0.686583946603263	0.899248712702152	0.914462801070364	0.025755892069227	0.79923310495792	0.953673774733413	0.976909805970334	1	0.111840739257764	0.999909721461378
ENSFCAG00000009774:MEF2B	0	0	0	0	1	0	0	0	35.3122248716068	0.693954828594194	0.912300242166512	0.91990651206032	0.0260759917796595	0.79923310495792	0.953673774733413	0.976909805970334	1	0.113466115669281	0.999909721461378
ENSFCAG00000010003:TRAF3	0	0	1	0	0	0	97.810709536537	97.810709536537	0	0.611277908287044	0.00735035486434743	0.0241863887549698	1	0.79923310495792	0.953673774733413	0.976909805970334	1	0.114207287277036	0.999909721461378
ENSFCAG00000045414:TAL1	0	0	0	0	1	0	0	0	31.9937266306606	0.660943422786721	0.926168133797661	0.904400600510166	0.0285506565848485	0.79923310495792	0.953673774733413	0.976909805970334	1	0.120238065279146	0.999909721461378
ENSFCAG00000027895:BMPR1A	0	0	1	0	0	0	87.062022331482	87.062022331482	0	0.635408218853595	0.00835855811159958	0.0275973733386519	1	0.79923310495792	0.953673774733413	0.976909805970334	1	0.126672900692414	0.999909721461378
ENSFCAG00000038081:PRKN	0	0	0	0	1	0	0	0	28.6768824011321	0.65485444597672	0.876049027452552	0.893972220898276	0.0315437881302977	0.79923310495792	0.953673774733413	0.976909805970334	1	0.128827215302487	0.999909721461378
ENSFCAG00000006761:RUNX1	0	0	0	0	1	0	0	0	26.8773209549072	0.633343131087794	0.90251334097267	0.885787952437787	0.0334468754911463	0.79923310495792	0.953673774733413	0.976909805970334	1	0.133885897021668	0.999909721461378
ENSFCAG00000003512:DDX5	0	0	1	0	0	0	76.824828295535	76.824828295535	0	0.609582254779054	0.00959881463632806	0.0306694237399443	1	0.79923310495792	0.953673774733413	0.976909805970334	1	0.137536696160789	0.999909721461378
ENSFCAG00000023845:ACVR2A	0	0	0	0	1	0	0	0	25.4356255780156	0.637098410721314	0.882966551252807	0.885048900768886	0.0351460874438737	0.79923310495792	0.953673774733413	0.976909805970334	1	0.139054869730941	0.999909721461378
ENSFCAG00000001964:PDPK1	0	0	0	0	1	0	0	0	23.7520510764296	0.627061967486611	0.862440666611892	0.875428551407232	0.0373634353208058	0.79923310495792	0.953673774733413	0.976909805970334	1	0.144577276520602	0.999909721461378
ENSFCAG00000000093:KMT2D	1	2	0	0	3	1.81393128099846	0	0	7.52402524653805	0.443916275835925	0.686525803272284	0.687566778048329	0.047591340225993	0.79923310495792	0.953673774733413	0.976909805970334	1	0.144622441135042	0.999909721461378
ENSFCAG00000023059:FOXP1	0	2	0	0	0	13.7812788230883	0	0	0	0.00922261742135966	0.857079619305358	0.0331784505502114	1	0.752900949489179	0.953673774733413	0.976909805970334	1	0.146179432083559	0.999909721461378
ENSFCAG00000008547:EBF1	0	0	0	0	1	0	0	0	22.4280347157502	0.61108169899033	0.872401600568419	0.867450455501099	0.0393147530283886	0.79923310495792	0.953673774733413	0.976909805970334	1	0.149317577894397	0.999909721461378
ENSFCAG00000011119:LATS2	0	1	0	0	1	4.0705144940059	0	0	12.1144129121571	0.254548299617895	0.863023621651621	0.514798224763803	0.066398372232106	0.79923310495792	0.953673774733413	0.976909805970334	1	0.149581553007046	0.999909721461378
ENSFCAG00000028024:KDSR	0	0	0	0	1	0	0	0	20.7135671633762	0.588286633222418	0.883196260182028	0.854443795041933	0.0421676395745903	0.79923310495792	0.953673774733413	0.976909805970334	1	0.155771817350924	0.999909721461378
ENSFCAG00000005115:ABL1	0	1	0	0	1	3.8896884242497	0	0	11.5355313220887	0.267377994127617	0.855839627282624	0.531744345624803	0.0690819896314668	0.79923310495792	0.953673774733413	0.976909805970334	1	0.158104924504944	0.999909721461378
ENSFCAG00000029965:SLC34A2	0	0	0	0	1	0	0	0	18.3136504161712	0.577458016465073	0.87599793078346	0.845900379128962	0.0469391125719003	0.79923310495792	0.953673774733413	0.976909805970334	1	0.167806997474515	0.999909721461378
ENSFCAG00000023047:STAG1	0	1	0	0	1	3.71203305074035	0	0	10.2133819628647	0.281199903593914	0.807684891405952	0.543191715993047	0.0761200701413177	0.79923310495792	0.953673774733413	0.976909805970334	1	0.173070950587297	0.999909721461378
ENSFCAG00000026584:LRP1B	2	3	0	0	1	3.08616195601227	0	0	2.88639055472264	0.100309250254265	0.649588064590663	0.233685241835743	0.179855368204196	0.79923310495792	0.953673774733413	0.976909805970334	1	0.175237248219933	0.999909721461378
ENSFCAG00000003320:CDH11	1	0	0	0	1	0	0	0	16.6592177562411	0.558505856990609	0.876445342934023	0.832574244017192	0.0509145143034803	0.79923310495792	0.953673774733413	0.976909805970334	1	0.176378484004833	0.999909721461378
ENSFCAG00000003098:PML	1	0	0	0	1	0	0	0	15.1395627727755	0.528148271553584	0.871929843152081	0.808991175763768	0.0552140182405946	0.79923310495792	0.953673774733413	0.976909805970334	1	0.183517307987599	0.999909721461378
ENSFCAG00000013629:EPAS1	0	0	0	0	1	0	0	0	15.2089307579887	0.541667510057299	0.859004887286958	0.817092084235048	0.0550018901892711	0.79923310495792	0.953673774733413	0.976909805970334	1	0.184368061989886	0.999909721461378
ENSFCAG00000004737:CBL	0	0	0	0	1	0	0	0	14.7036506663612	0.537595063189654	0.851028889661894	0.812500327893464	0.0565857094029013	0.79923310495792	0.953673774733413	0.976909805970334	1	0.187565048560501	0.999909721461378
ENSFCAG00000001865:XPC	0	0	0	0	1	0	0	0	14.0501550811896	0.518371981009341	0.845920896012219	0.796568673123409	0.0587757646191884	0.79923310495792	0.953673774733413	0.976909805970334	1	0.190153579247778	0.999909721461378
ENSFCAG00000003470:CTNNB1	0	2	0	0	0	11.4118820604313	0	0	0	0.013633603324783	0.862589643104093	0.0470049939478627	1	0.79923310495792	0.953673774733413	0.976909805970334	1	0.190722830099808	0.999909721461378
ENSFCAG00000000325:POLD1	0	0	0	1	0	0	42.9840890100921	42.9840890100921	0	0.469436966891778	0.0183021118651048	0.047574010663079	1	0.79923310495792	0.953673774733413	0.976909805970334	1	0.19245916923113	0.999909721461378
ENSFCAG00000028208:RBM15	0	0	0	0	1	0	0	0	13.6739408359672	0.50830018939374	0.880124776665393	0.794413431098723	0.0601158818133771	0.79923310495792	0.953673774733413	0.976909805970334	1	0.193015692186203	0.999909721461378
ENSFCAG00000003634:PDGFRB	0	0	0	0	1	0	0	0	11.7291488972828	0.471260035726168	0.827677170835529	0.753372899710317	0.0681603176394032	0.79923310495792	0.953673774733413	0.976909805970334	1	0.203813193320038	0.999909721461378
ENSFCAG00000007112:TSC1	0	0	0	0	1	0	0	0	11.9508519817499	0.486482624498271	0.837207986213264	0.768549739077537	0.0671350208559626	0.79923310495792	0.953673774733413	0.976909805970334	1	0.204544383775689	0.999909721461378
ENSFCAG00000009445:KDM6A	0	1	1	0	0	3.31131661841555	30.9611846563292	30.9611846563292	0	0.317777204560281	0.0264111736769637	0.0516821437075164	1	0.79923310495792	0.953673774733413	0.976909805970334	1	0.204797881884561	0.999909721461378
ENSFCAG00000000945:RNF213	1	0	0	0	1	0	0	0	2.51751925516195	0.122278539964664	0.665143810902451	0.275967147236815	0.193954999065664	0.79923310495792	0.953673774733413	0.976909805970334	1	0.210225743252957	0.999909721461378
ENSFCAG00000014501:ROBO1	0	1	0	0	1	3.07304340685853	0	0	8.56053936281376	0.34396707211469	0.790576064266314	0.616876629010839	0.0872727743940336	0.79923310495792	0.953673774733413	0.976909805970334	1	0.21113628157396	0.999909721461378
ENSFCAG00000009543:TERT	0	0	0	0	1	0	0	0	10.1898668854368	0.435439605582861	0.847952587923593	0.724329470145903	0.0762584320373219	0.79923310495792	0.953673774733413	0.976909805970334	1	0.215207874326886	0.999909721461378
ENSFCAG00000026268:INPP4B	0	2	0	0	0	10.2595136039567	0	0	0	0.0169780720823035	0.83759487402563	0.0566777574968542	1	0.79923310495792	0.953673774733413	0.976909805970334	1	0.219364086643488	0.999909721461378
ENSFCAG00000005610:SETD5	0	0	0	0	1	0	0	0	8.86933637389722	0.430246832451577	0.810417401209437	0.711883938069273	0.0849432301963673	0.79923310495792	0.953673774733413	0.976909805970334	1	0.230124327861681	0.999909721461378
ENSFCAG00000004894:SMARCA4	0	0	1	0	0	0	29.7852706782019	29.7852706782019	0	0.385312604421575	0.0275819461916602	0.0605490730365204	1	0.79923310495792	0.953673774733413	0.976909805970334	1	0.230346906256296	0.999909721461378
ENSFCAG00000010557:SMC3	0	0	1	0	0	0	33.3878062484408	33.3878062484408	0	0.48071668785633	0.0242717449274914	0.0616381561770983	1	0.79923310495792	0.953673774733413	0.976909805970334	1	0.233391286974869	0.999909721461378
ENSFCAG00000001124:MYH9	0	0	0	0	1	0	0	0	6.69898917846828	0.332714635075908	0.763435920867501	0.597849012533009	0.104647989975057	0.79923310495792	0.953673774733413	0.976909805970334	1	0.235963369579445	0.999909721461378
ENSFCAG00000004858:BCOR	0	0	0	0	1	0	0	0	7.36405798764511	0.369299683273329	0.821240466810498	0.651470211064476	0.0976811062370779	0.79923310495792	0.953673774733413	0.976909805970334	1	0.238927105428432	0.999909721461378
ENSFCAG00000012280:SLX4	0	0	0	0	1	0	0	0	7.61755395968109	0.385078747154786	0.826010673585262	0.669407758763855	0.0952691744060758	0.79923310495792	0.953673774733413	0.976909805970334	1	0.239305968145669	0.999909721461378
ENSFCAG00000010165:SPEN	0	0	0	0	1	0	0	0	3.60896889147163	0.212566544415606	0.765975085154303	0.439911016494358	0.15779622341036	0.79923310495792	0.953673774733413	0.976909805970334	1	0.254593544199302	0.999909721461378
ENSFCAG00000023397:POLQ	0	0	0	0	1	0	0	0	5.15827371861855	0.30236308891962	0.766006775016693	0.562071877622928	0.125546681077803	0.79923310495792	0.953673774733413	0.976909805970334	1	0.257651747684677	0.999909721461378
ENSFCAG00000019287:SETD2	1	0	0	0	1	0	0	0	5.17839179084405	0.304024927583627	0.773558905537764	0.565755733677179	0.125217961650426	0.79923310495792	0.953673774733413	0.976909805970334	1	0.258384319956	0.999909721461378
ENSFCAG00000012814:ARID1A	0	1	0	0	1	2.0808211275987	0	0	5.81067682788802	0.513786604849078	0.783038988394147	0.777936661569023	0.115725389629975	0.79923310495792	0.953673774733413	0.976909805970334	1	0.306780171280441	0.999909721461378
ENSFCAG00000009903:ERBB2	0	2	0	0	0	7.07027522782872	0	0	0	0.0362422776150916	0.815331618975356	0.108591046481535	1	0.79923310495792	0.953673774733413	0.976909805970334	1	0.349681230511945	0.999909721461378
ENSFCAG00000002990:HRAS	0	1	0	0	0	22.2340431313573	0	0	0	0.0382906793927517	0.932387850547418	0.116526712762633	1	0.79923310495792	0.953673774733413	0.976909805970334	1	0.367016582440828	0.999909721461378
ENSFCAG00000043012:ANKRD11	0	1	0	0	1	1.53028421977607	0	0	4.68173362190555	0.691279321398975	0.79839791094645	0.89450389561239	0.133896650294377	0.79923310495792	0.953673774733413	0.976909805970334	1	0.373946025145853	0.999909721461378
ENSFCAG00000025791:NCOA1	0	2	0	0	0	6.62593419701588	0	0	0	0.041290395865635	0.815659559094094	0.121327583996982	1	0.79923310495792	0.953673774733413	0.976909805970334	1	0.37723913555309	0.999909721461378
ENSFCAG00000027163:FGF19	1	1	0	0	0	19.9440180594268	0	0	0	0.0432650809239239	0.937566713408861	0.129305359034066	1	0.79923310495792	0.953673774733413	0.976909805970334	1	0.393809627557493	0.999909721461378
ENSFCAG00000009873:PTPRK	0	2	0	0	0	6.2735384917737	0	0	0	0.0460590023883221	0.786447334656721	0.131796616504785	1	0.79923310495792	0.953673774733413	0.976909805970334	1	0.398881844187413	0.999909721461378
ENSFCAG00000005782:RSPO2	0	1	0	0	0	19.1105040353492	0	0	0	0.0453921529371584	0.914150221904991	0.1342807185122	1	0.79923310495792	0.953673774733413	0.976909805970334	1	0.403892600837612	0.999909721461378
ENSFCAG00000009689:VTCN1	0	1	0	0	0	16.4944928568275	0	0	0	0.0535649871232041	0.924732737372097	0.154498630725053	1	0.79923310495792	0.953673774733413	0.976909805970334	1	0.443035645507743	0.999909721461378
ENSFCAG00000036921:SDHB	0	1	0	0	0	14.6099266754229	0	0	0	0.0613980179135135	0.915802825567619	0.172872432800155	1	0.79923310495792	0.953673774733413	0.976909805970334	1	0.476298358351849	0.999909721461378
ENSFCAG00000033129:FAS	0	1	0	0	0	14.4482198845304	0	0	0	0.06217158043122	0.907590380459392	0.174472498591362	1	0.79923310495792	0.953673774733413	0.976909805970334	1	0.479099413799508	0.999909721461378
ENSFCAG00000014712:RAD51	0	1	0	0	0	13.7967030123869	0	0	0	0.0654837384409325	0.900021882112971	0.181904235836057	1	0.79923310495792	0.953673774733413	0.976909805970334	1	0.491919060468442	0.999909721461378
ENSFCAG00000024972:JUN	0	1	0	0	0	13.1289494049477	0	0	0	0.0692415475537762	0.933876886577658	0.191302290325854	1	0.79923310495792	0.953673774733413	0.976909805970334	1	0.507697230589748	0.999909721461378
ENSFCAG00000025659:TFG	0	1	0	0	0	12.482643770411	0	0	0	0.0732859632078383	0.89360098048741	0.199313360525835	1	0.79923310495792	0.953673774733413	0.976909805970334	1	0.520781298849301	0.999909721461378
ENSFCAG00000010904:GATA1	0	1	0	0	0	12.0288060548063	0	0	0	0.0764019177390317	0.911202935019523	0.20677189363118	1	0.79923310495792	0.953673774733413	0.976909805970334	1	0.53267315096126	0.999909721461378
ENSFCAG00000003535:DICER1	0	2	0	0	0	4.73624032526506	0	0	0	0.0801221788098412	0.794692901499679	0.209059768608018	1	0.79923310495792	0.953673774733413	0.976909805970334	1	0.536266549137043	0.999909721461378
ENSFCAG00000029481:PPP4R2	0	1	0	0	0	11.7996988565033	0	0	0	0.0780714870689501	0.89891044392978	0.210056718947135	1	0.79923310495792	0.953673774733413	0.976909805970334	1	0.537824537773783	0.999909721461378
ENSFCAG00000015575:CXCR4	0	1	0	0	0	11.7022363903284	0	0	0	0.0788027219927318	0.920500192978215	0.212312118686874	1	0.79923310495792	0.953673774733413	0.976909805970334	1	0.541331748099554	0.999909721461378
ENSFCAG00000013883:EIF4A2	0	1	0	0	0	11.3782862607695	0	0	0	0.0813286209073895	0.894544969844864	0.216997420716596	1	0.79923310495792	0.953673774733413	0.976909805970334	1	0.548541229026925	0.999909721461378
ENSFCAG00000004034:DUSP9	0	1	0	0	0	11.273066966502	0	0	0	0.0821821100020135	0.919350572242687	0.219646252093077	1	0.79923310495792	0.953673774733413	0.976909805970334	1	0.552572197106167	0.999909721461378
ENSFCAG00000010809:GABRA6	0	1	0	0	0	10.9804530250194	0	0	0	0.084646709203277	0.898450269372586	0.224287934378486	1	0.79923310495792	0.953673774733413	0.976909805970334	1	0.559559063177675	0.999909721461378
ENSFCAG00000015103:CHEK1	0	1	0	0	0	10.1952406432833	0	0	0	0.0920016427996778	0.882455863791252	0.239203300016208	1	0.79923310495792	0.953673774733413	0.976909805970334	1	0.581369617954603	0.999909721461378
ENSFCAG00000014851:MDM4	0	1	0	0	0	10.0132611861519	0	0	0	0.0938803936013283	0.887961680409805	0.243361436169386	1	0.79923310495792	0.953673774733413	0.976909805970334	1	0.587281654916315	0.999909721461378
ENSFCAG00000003665:EIF3E	0	1	0	0	0	9.94799929540499	0	0	0	0.0945718304758646	0.875669665694257	0.244230445909403	1	0.79923310495792	0.953673774733413	0.976909805970334	1	0.588508196328351	0.999909721461378
ENSFCAG00000011397:ATP6AP1	0	1	0	0	0	9.63629611382424	0	0	0	0.0980106574845363	0.890369855964164	0.252001581695988	1	0.79923310495792	0.953673774733413	0.976909805970334	1	0.599340380338663	0.999909721461378
ENSFCAG00000002222:MUTYH	0	1	0	0	0	8.96865991105562	0	0	0	0.10622618758921	0.863536106713742	0.267260931503609	1	0.79923310495792	0.953673774733413	0.976909805970334	1	0.619919702014445	0.999909721461378
ENSFCAG00000032199:EGR1	0	1	0	0	0	8.94885174189293	0	0	0	0.106489665205288	0.920916313519337	0.270437918082858	1	0.79923310495792	0.953673774733413	0.976909805970334	1	0.624093022190977	0.999909721461378
ENSFCAG00000023614:LYN	1	1	0	0	0	8.62871605864802	0	0	0	0.110924423952638	0.871654854909442	0.277047770808727	1	0.79923310495792	0.953673774733413	0.976909805970334	1	0.632656684136771	0.999909721461378
ENSFCAG00000009499:KBTBD4	0	1	0	0	0	8.62842055529744	0	0	0	0.110928762826211	0.898828494921353	0.278437644117017	1	0.79923310495792	0.953673774733413	0.976909805970334	1	0.63443719683541	0.999909721461378
ENSFCAG00000001819:LRRK2	0	2	0	0	0	3.84774073229624	0	0	0	0.119277447571748	0.746621529868418	0.282046331725024	1	0.79923310495792	0.953673774733413	0.976909805970334	1	0.639027839793641	0.999909721461378
ENSFCAG00000044523:SOX9	0	1	0	0	0	8.31195957511159	0	0	0	0.115666347245506	0.903185355106015	0.287961892831185	1	0.79923310495792	0.953673774733413	0.976909805970334	1	0.646453463940948	0.999909721461378
ENSFCAG00000000914:NOTCH3	0	2	0	0	0	3.7139332878959	0	0	0	0.127496299547154	0.788684926566282	0.301994570122561	1	0.79923310495792	0.953673774733413	0.976909805970334	1	0.663586633610866	0.999909721461378
ENSFCAG00000001436:PRDM14	0	1	0	0	0	7.81745663231815	0	0	0	0.123876812654412	0.889534924755323	0.303170598371783	1	0.79923310495792	0.953673774733413	0.976909805970334	1	0.664992459735026	0.999909721461378
ENSFCAG00000009978:WIF1	0	1	0	0	0	7.55508746416672	0	0	0	0.12869092558754	0.886996359962163	0.312165894422274	1	0.79923310495792	0.953673774733413	0.976909805970334	1	0.675595834224839	0.999909721461378
ENSFCAG00000030412:RUNX1T1	0	1	0	0	0	7.50648258047861	0	0	0	0.129621420056801	0.875751860946503	0.313250130324543	1	0.79923310495792	0.953673774733413	0.976909805970334	1	0.676856243165433	0.999909721461378
ENSFCAG00000001531:NSD1	0	2	0	0	0	3.59507595854051	0	0	0	0.135503376737579	0.777637761210862	0.315343282467997	1	0.79923310495792	0.953673774733413	0.976909805970334	1	0.679278898612763	0.999909721461378
ENSFCAG00000031492:ESR1	0	1	0	0	0	7.4546349794523	0	0	0	0.13062797485899	0.888970407917699	0.315919299569652	1	0.79923310495792	0.953673774733413	0.976909805970334	1	0.679943150409188	0.999909721461378
ENSFCAG00000024379:MGAM	0	2	0	0	0	3.51594897637226	0	0	0	0.141243744292971	0.713379163358715	0.316712367663713	1	0.79923310495792	0.953673774733413	0.976909805970334	1	0.680855983168347	0.999909721461378
ENSFCAG00000008632:KMT2C	1	0	0	0	0	0	0	0	0	0.147330914245199	0.681477283631988	0.321756992248212	1	0.79923310495792	0.953673774733413	0.976909805970334	1	0.686616133155449	0.999909721461378
ENSFCAG00000024132:TNFRSF11A	0	1	0	0	0	7.16724181545406	0	0	0	0.136483471985878	0.884369051481508	0.326550958521039	1	0.79923310495792	0.953673774733413	0.976909805970334	1	0.692016755518656	0.999909721461378
ENSFCAG00000004893:CARM1	0	1	0	0	0	7.019941722441	0	0	0	0.139678752940998	0.865564107232737	0.331180020648434	1	0.79923310495792	0.953673774733413	0.976909805970334	1	0.697164803620644	0.999909721461378
ENSFCAG00000000790:TP63	0	1	0	0	0	6.84156990075441	0	0	0	0.143740166783126	0.865860013789428	0.338574994649194	1	0.79923310495792	0.953673774733413	0.976909805970334	1	0.705254984910111	0.999909721461378
ENSFCAG00000007469:GOLGA5	0	1	0	0	0	6.45840426057965	0	0	0	0.153255273018936	0.86202203733317	0.355264454165823	1	0.79923310495792	0.953673774733413	0.976909805970334	1	0.722925088946303	0.999909721461378
ENSFCAG00000003928:NCSTN	0	1	0	0	0	6.39899531785878	0	0	0	0.154836665388443	0.861515995399117	0.358006977207983	1	0.79923310495792	0.953673774733413	0.976909805970334	1	0.725752747819744	0.999909721461378
ENSFCAG00000000620:FBXW7	0	1	0	0	0	6.34079394751229	0	0	0	0.156415736437304	0.856510488677335	0.360366042050123	1	0.79923310495792	0.953673774733413	0.976909805970334	1	0.728168230398957	0.999909721461378
ENSFCAG00000030250:CMTR2	0	1	0	0	0	6.36019922396555	0	0	0	0.155885917588216	0.898328049146295	0.362396665147155	1	0.79923310495792	0.953673774733413	0.976909805970334	1	0.730235044911004	0.999909721461378
ENSFCAG00000009029:TOP1	0	1	0	0	0	6.2237604915313	0	0	0	0.159683736183577	0.840227952649941	0.364600799945168	1	0.79923310495792	0.953673774733413	0.976909805970334	1	0.732465587449853	0.999909721461378
ENSFCAG00000013696:IKBKB	0	1	0	0	0	6.1631221128006	0	0	0	0.161427580352421	0.838198207191099	0.367412043495388	1	0.79923310495792	0.953673774733413	0.976909805970334	1	0.735291187622281	0.999909721461378
ENSFCAG00000004020:DAXX	0	1	0	0	0	6.1628527768928	0	0	0	0.161435405224517	0.887102641090263	0.371408468459842	1	0.79923310495792	0.953673774733413	0.976909805970334	1	0.739271036712147	0.999909721461378
ENSFCAG00000014937:KEL	0	1	0	0	0	6.08457015788793	0	0	0	0.163740111818819	0.844898088110301	0.372013027772877	1	0.79923310495792	0.953673774733413	0.976909805970334	1	0.739869332425673	0.999909721461378
ENSFCAG00000014971:CBFA2T3	0	1	0	0	0	5.55211144830365	0	0	0	0.181201646533977	0.872805790120672	0.403855194368659	1	0.79923310495792	0.953673774733413	0.976909805970334	1	0.770030252864073	0.999909721461378
ENSFCAG00000007325:AR	0	1	0	0	0	5.26466116072209	0	0	0	0.192143382564188	0.862650834829163	0.420827263160126	1	0.79923310495792	0.953673774733413	0.976909805970334	1	0.785067075511971	0.999909721461378
ENSFCAG00000006007:LZTR1	0	1	0	0	0	5.15374397509584	0	0	0	0.196700645195562	0.84418461898318	0.426268461304789	1	0.79923310495792	0.953673774733413	0.976909805970334	1	0.789741585071166	0.999909721461378
ENSFCAG00000014965:NTRK3	0	1	0	0	0	5.11511464552888	0	0	0	0.19833536219535	0.849484784190654	0.429419705751712	1	0.79923310495792	0.953673774733413	0.976909805970334	1	0.792416987513085	0.999909721461378
ENSFCAG00000041663:PGR	0	1	0	0	0	5.01289526286441	0	0	0	0.202785500871091	0.868684129267487	0.438331426951279	1	0.79923310495792	0.953673774733413	0.976909805970334	1	0.799858409090232	0.999909721461378
ENSFCAG00000028493:DIS3	0	1	0	0	0	4.96300628949621	0	0	0	0.205025500826287	0.842242098089538	0.439143050567147	1	0.79923310495792	0.953673774733413	0.976909805970334	1	0.800527069047307	0.999909721461378
ENSFCAG00000000639:RELN	0	0	0	0	0	0	0	0	0	0.224621574889345	0.691856268572528	0.442299288179586	1	0.79923310495792	0.953673774733413	0.976909805970334	1	0.803113116583804	0.999909721461378
ENSFCAG00000004050:ERCC4	0	1	0	0	0	4.8633872553061	0	0	0	0.209638821116122	0.863631668338968	0.448555175761824	1	0.79923310495792	0.953673774733413	0.976909805970334	1	0.808172438074334	0.999909721461378
ENSFCAG00000018496:SMARCA1	0	1	0	0	0	4.42219843168749	0	0	0	0.232616554748084	0.819680395963109	0.477876848362056	1	0.79923310495792	0.953673774733413	0.976909805970334	1	0.830742173646886	0.999909721461378
ENSFCAG00000004047:HIP1	0	1	0	0	0	4.41016517162416	0	0	0	0.233308644325157	0.818490910300888	0.478717157486247	1	0.79923310495792	0.953673774733413	0.976909805970334	1	0.831361921392589	0.999909721461378
ENSFCAG00000013999:HDAC7	0	1	0	0	0	4.42589662470656	0	0	0	0.232404619313007	0.837149473651964	0.47989598699117	1	0.79923310495792	0.953673774733413	0.976909805970334	1	0.832228850425908	0.999909721461378
ENSFCAG00000002081:GLI1	0	1	0	0	0	4.42321955460705	0	0	0	0.232558000558446	0.861640948403309	0.482981858683519	1	0.79923310495792	0.953673774733413	0.976909805970334	1	0.834484553556767	0.999909721461378
ENSFCAG00000025587:BRCA2	0	0	0	0	0	0	0	0	0	0.246578668550915	0.759500497837248	0.487671652191208	1	0.79923310495792	0.953673774733413	0.976909805970334	1	0.837874977788476	0.999909721461378
ENSFCAG00000018749:MLLT10	0	1	0	0	0	4.2750561679747	0	0	0	0.241349869028909	0.82415653219039	0.491125004943249	1	0.79923310495792	0.953673774733413	0.976909805970334	1	0.840342676731893	0.999909721461378
ENSFCAG00000005090:AMER1	0	1	0	0	0	4.3202630275986	0	0	0	0.238602743132601	0.862819822286178	0.491960473654214	1	0.79923310495792	0.953673774733413	0.976909805970334	1	0.840936032046551	0.999909721461378
ENSFCAG00000009719:PTK7	0	1	0	0	0	4.27883613457569	0	0	0	0.241117923466929	0.838329939419319	0.492698867073673	1	0.79923310495792	0.953673774733413	0.976909805970334	1	0.841459262658603	0.999909721461378
ENSFCAG00000023857:LATS1	0	1	0	0	0	4.26628452963262	0	0	0	0.241889710445457	0.854395875091387	0.495777481181635	1	0.79923310495792	0.953673774733413	0.976909805970334	1	0.843628883197248	0.999909721461378
ENSFCAG00000007347:MGA	0	0	0	0	0	0	0	0	0	0.255566767464508	0.770365072857878	0.50214080162563	1	0.79923310495792	0.953673774733413	0.976909805970334	1	0.848052904386257	0.999909721461378
ENSFCAG00000002830:TEK	0	1	0	0	0	4.11390330179461	0	0	0	0.25163817640897	0.824416582114095	0.505741851160887	1	0.79923310495792	0.953673774733413	0.976909805970334	1	0.850520694850412	0.999909721461378
ENSFCAG00000014494:MLLT6	1	1	0	0	0	4.07821583266182	0	0	0	0.254027060453945	0.835569806767016	0.510649726664916	1	0.79923310495792	0.953673774733413	0.976909805970334	1	0.853842798383701	0.999909721461378
ENSFCAG00000000407:CTR9	0	1	0	0	0	4.0373432585546	0	0	0	0.256815506070298	0.822910263950787	0.512738735445598	1	0.79923310495792	0.953673774733413	0.976909805970334	1	0.855242494287684	0.999909721461378
ENSFCAG00000043897:RANBP2	0	0	0	0	0	0	0	0	0	0.269547988665119	0.751498487796626	0.517046302216841	1	0.79923310495792	0.953673774733413	0.976909805970334	1	0.858101857186374	0.999909721461378
ENSFCAG00000011214:UBR5	0	0	0	0	0	0	0	0	0	0.27658501208875	0.726217988543766	0.520399810702212	1	0.79923310495792	0.953673774733413	0.976909805970334	1	0.860303056190396	0.999909721461378
ENSFCAG00000023517:NOTCH1	1	0	0	0	0	0	0	0	0	0.270929402743299	0.775000706567384	0.523698551317248	1	0.79923310495792	0.953673774733413	0.976909805970334	1	0.862447221567197	0.999909721461378
ENSFCAG00000011321:INPP5D	0	1	0	0	0	3.90045742778922	0	0	0	0.266580561028987	0.821628618509061	0.525940811591622	1	0.79923310495792	0.953673774733413	0.976909805970334	1	0.863892809680704	0.999909721461378
ENSFCAG00000012999:RET	1	1	0	0	0	3.91913661210919	0	0	0	0.265207618260051	0.83472348535326	0.525991113007314	1	0.79923310495792	0.953673774733413	0.976909805970334	1	0.863925129284906	0.999909721461378
ENSFCAG00000028848:CIITA	0	1	0	0	0	3.90652949806735	0	0	0	0.266132869612864	0.84627468268997	0.528825567229781	1	0.79923310495792	0.953673774733413	0.976909805970334	1	0.865738560361439	0.999909721461378
ENSFCAG00000000053:MTOR	0	0	0	0	0	0	0	0	0	0.282740169259662	0.737625172658774	0.530992272117855	1	0.79923310495792	0.953673774733413	0.976909805970334	1	0.867114528106517	0.999909721461378
ENSFCAG00000015061:TRRAP	0	2	0	0	0	2.34198463479559	0	0	0	0.292014478395234	0.695102100159209	0.531488488989953	1	0.79923310495792	0.953673774733413	0.976909805970334	1	0.867428405475363	0.999909721461378
ENSFCAG00000009757:UPF1	0	1	0	0	0	3.85381756209464	0	0	0	0.270066331875539	0.830820070795136	0.532033261323785	1	0.79923310495792	0.953673774733413	0.976909805970334	1	0.867772462662573	0.999909721461378
ENSFCAG00000000787:APC	0	0	0	0	0	0	0	0	0	0.280914652463668	0.773352334998135	0.536456616613916	1	0.79923310495792	0.953673774733413	0.976909805970334	1	0.870545480523823	0.999909721461378
ENSFCAG00000012141:STIL	0	1	0	0	0	3.80467871870772	0	0	0	0.273831232770155	0.840101455325734	0.538428920713025	1	0.79923310495792	0.953673774733413	0.976909805970334	1	0.871770150334803	0.999909721461378
ENSFCAG00000007834:KTN1	0	1	0	0	0	3.71463014668514	0	0	0	0.280988353534925	0.789004291870033	0.539565954129588	1	0.79923310495792	0.953673774733413	0.976909805970334	1	0.872472887752311	0.999909721461378
ENSFCAG00000031193:NCOR2	0	0	0	0	0	0	0	0	0	0.286452332330924	0.765875917454847	0.54204108119969	1	0.79923310495792	0.953673774733413	0.976909805970334	1	0.873994348665502	0.999909721461378
ENSFCAG00000018078:ATR	0	0	0	0	0	0	0	0	0	0.29613626030134	0.745905546448094	0.549787990816475	1	0.79923310495792	0.953673774733413	0.976909805970334	1	0.878683562614207	0.999909721461378
ENSFCAG00000009998:NCOR1	0	0	0	0	0	0	0	0	0	0.300733947140217	0.745148462399541	0.555292887126765	1	0.79923310495792	0.953673774733413	0.976909805970334	1	0.881949247618644	0.999909721461378
ENSFCAG00000005323:INPPL1	0	1	0	0	0	3.60910593575834	0	0	0	0.289827640962264	0.818930660719202	0.556305946487502	1	0.79923310495792	0.953673774733413	0.976909805970334	1	0.88254426595678	0.999909721461378
ENSFCAG00000009649:NOTCH2	1	0	0	0	0	0	0	0	0	0.296207242952147	0.776032601472862	0.55652865186833	1	0.79923310495792	0.953673774733413	0.976909805970334	1	0.882674824032066	0.999909721461378
ENSFCAG00000030516:TPR	0	0	0	0	0	0	0	0	0	0.306898783365999	0.743538476092201	0.562438711760697	1	0.79923310495792	0.953673774733413	0.976909805970334	1	0.886107065113846	0.999909721461378
ENSFCAG00000002498:POLE	0	0	0	0	0	0	0	0	0	0.307057470830443	0.751792613926959	0.564605511465583	1	0.79923310495792	0.953673774733413	0.976909805970334	1	0.887349831616645	0.999909721461378
ENSFCAG00000018332:PTPN13	0	0	0	0	0	0	0	0	0	0.311082944648118	0.748970701460595	0.56881365568263	1	0.79923310495792	0.953673774733413	0.976909805970334	1	0.889739681333214	0.999909721461378
ENSFCAG00000006262:CREBBP	0	0	0	0	0	0	0	0	0	0.308305471841821	0.766587183308017	0.569503951512769	1	0.79923310495792	0.953673774733413	0.976909805970334	1	0.89012872920018	0.999909721461378
ENSFCAG00000013299:FLT1	0	1	0	0	0	3.44065300993159	0	0	0	0.305051599992578	0.813622517726691	0.574758850671169	1	0.79923310495792	0.953673774733413	0.976909805970334	1	0.893063012902583	0.999909721461378
ENSFCAG00000001147:BCL9L	0	1	0	0	0	3.46658014282534	0	0	0	0.302613196221914	0.848248670414886	0.577154238133081	1	0.79923310495792	0.953673774733413	0.976909805970334	1	0.894384605141024	0.999909721461378
ENSFCAG00000005002:EP300	0	0	0	0	0	0	0	0	0	0.315950781917052	0.76484395742713	0.578377974078762	1	0.79923310495792	0.953673774733413	0.976909805970334	1	0.895055929964403	0.999909721461378
ENSFCAG00000053177:CNTRL	0	0	0	0	0	0	0	0	0	0.320043245318824	0.746585849021456	0.578935724650487	1	0.79923310495792	0.953673774733413	0.976909805970334	1	0.895361045003324	0.999909721461378
ENSFCAG00000006278:ARID1B	0	0	0	0	0	0	0	0	0	0.31544999576591	0.778192175636401	0.580709301689613	1	0.79923310495792	0.953673774733413	0.976909805970334	1	0.896327704124224	0.999909721461378
ENSFCAG00000015191:PER1	0	1	0	0	0	3.39962777105649	0	0	0	0.308984894705889	0.82784775466116	0.582066382497878	1	0.79923310495792	0.953673774733413	0.976909805970334	1	0.897063699841443	0.999909721461378
ENSFCAG00000015145:CAD	0	0	0	0	0	0	0	0	0	0.320990748315296	0.771618749173905	0.585931918787571	1	0.79923310495792	0.953673774733413	0.976909805970334	1	0.899142807820344	0.999909721461378
ENSFCAG00000006448:ROS1	0	0	0	0	0	0	0	0	0	0.327066637561116	0.747346648040093	0.587373334515508	1	0.79923310495792	0.953673774733413	0.976909805970334	1	0.899911547495272	0.999909721461378
ENSFCAG00000005621:CACNA1D	0	0	0	0	0	0	0	0	0	0.326402667279865	0.754933557193056	0.588460542425283	1	0.79923310495792	0.953673774733413	0.976909805970334	1	0.900489039443094	0.999909721461378
ENSFCAG00000032000:NCOA2	0	1	0	0	0	3.33333736599838	0	0	0	0.315541939192937	0.819096354827939	0.588696622160383	1	0.79923310495792	0.953673774733413	0.976909805970334	1	0.900614172288062	0.999909721461378
ENSFCAG00000004987:PLCG2	0	1	0	0	0	3.28620162773329	0	0	0	0.320362456613979	0.797387229618681	0.590540630232749	1	0.79923310495792	0.953673774733413	0.976909805970334	1	0.901588324420575	0.999909721461378
ENSFCAG00000006381:KMT2B	0	0	0	0	0	0	0	0	0	0.32533965713533	0.777743676562461	0.592448632998041	1	0.79923310495792	0.953673774733413	0.976909805970334	1	0.902590222597062	0.999909721461378
ENSFCAG00000007047:MYO18A	0	0	0	0	0	0	0	0	0	0.331414247223776	0.771033040215153	0.598095738589641	1	0.79923310495792	0.953673774733413	0.976909805970334	1	0.905519603691942	0.999909721461378
ENSFCAG00000005317:NUMA1	0	0	0	0	0	0	0	0	0	0.335918254840045	0.774777802830602	0.604178603283007	1	0.79923310495792	0.953673774733413	0.976909805970334	1	0.908615394944923	0.999909721461378
ENSFCAG00000001882:FLT4	0	1	0	0	0	3.1641337320402	0	0	0	0.333499990299375	0.808752078333713	0.608386150563098	1	0.79923310495792	0.953673774733413	0.976909805970334	1	0.910720899736944	0.999909721461378
ENSFCAG00000022076:NIN	0	0	0	0	0	0	0	0	0	0.341598735283666	0.766667314273313	0.608832168829978	1	0.79923310495792	0.953673774733413	0.976909805970334	1	0.910942383047947	0.999909721461378
ENSFCAG00000027460:CPS1	1	1	0	0	0	3.11820232389972	0	0	0	0.338703261464264	0.801413283178056	0.61304051335687	1	0.79923310495792	0.953673774733413	0.976909805970334	1	0.913016105794028	0.999909721461378
ENSFCAG00000000496:PCM1	0	0	0	0	0	0	0	0	0	0.34653897970732	0.768753082909267	0.614933501940008	1	0.79923310495792	0.953673774733413	0.976909805970334	1	0.913939471375619	0.999909721461378
ENSFCAG00000026560:ARHGEF12	0	1	0	0	0	3.04000284670697	0	0	0	0.347914502765796	0.781733320788291	0.61944084253604	1	0.79923310495792	0.953673774733413	0.976909805970334	1	0.916114647079891	0.999909721461378
ENSFCAG00000007346:SETBP1	0	1	0	0	0	3.10298953935344	0	0	0	0.340459962116985	0.863575865076269	0.625550308006917	1	0.79923310495792	0.953673774733413	0.976909805970334	1	0.919010672838992	0.999909721461378
ENSFCAG00000009679:KDR	0	1	0	0	0	3.0207821673247	0	0	0	0.350249406280606	0.803541376396891	0.626726586336154	1	0.79923310495792	0.953673774733413	0.976909805970334	1	0.919561387435561	0.999909721461378
ENSFCAG00000000864:AFDN	0	0	0	0	0	0	0	0	0	0.355332279891693	0.782460210184974	0.627971371695601	1	0.79923310495792	0.953673774733413	0.976909805970334	1	0.920141771686359	0.999909721461378
ENSFCAG00000005552:KAT6B	0	0	0	0	0	0	0	0	0	0.352662079054596	0.801775187125568	0.629125979750259	1	0.79923310495792	0.953673774733413	0.976909805970334	1	0.920677904638595	0.999909721461378
ENSFCAG00000006877:CHD4	0	0	0	0	0	0	0	0	0	0.359861238980717	0.766612739106631	0.629258398012307	1	0.79923310495792	0.953673774733413	0.976909805970334	1	0.920739256472329	0.999909721461378
ENSFCAG00000012673:TET1	0	0	0	0	0	0	0	0	0	0.351797782660704	0.813678941328284	0.630501950130082	1	0.79923310495792	0.953673774733413	0.976909805970334	1	0.921314058394526	0.999909721461378
ENSFCAG00000029985:KAT6A	0	0	0	0	0	0	0	0	0	0.35514723997559	0.795794779250435	0.630678375826299	1	0.79923310495792	0.953673774733413	0.976909805970334	1	0.921395408130393	0.999909721461378
ENSFCAG00000014299:GRIN2A	0	1	0	0	0	3.03888189284997	0	0	0	0.348049887682178	0.84024537105885	0.630897814041902	1	0.79923310495792	0.953673774733413	0.976909805970334	1	0.921496522034857	0.999909721461378
ENSFCAG00000025470:KNL1	0	0	0	0	0	0	0	0	0	0.352641668765253	0.811549586704006	0.631048392996297	1	0.79923310495792	0.953673774733413	0.976909805970334	1	0.921565862445484	0.999909721461378
ENSFCAG00000051264:WDR90	0	0	0	0	0	0	0	0	0	0.364290835284742	0.782532045423392	0.63788476990582	1	0.79923310495792	0.953673774733413	0.976909805970334	1	0.924676246447331	0.999909721461378
ENSFCAG00000001908:ASXL1	0	1	0	0	0	2.98122123112546	0	0	0	0.355147061167856	0.835431266110662	0.638210880763787	1	0.79923310495792	0.953673774733413	0.976909805970334	1	0.924822781768122	0.999909721461378
ENSFCAG00000022277:TRIP11	0	0	0	0	0	0	0	0	0	0.365251272796939	0.787473624592143	0.640055793428305	1	0.79923310495792	0.953673774733413	0.976909805970334	1	0.925648643137765	0.999909721461378
ENSFCAG00000011746:TSC2	0	0	0	0	0	0	0	0	0	0.364761347297385	0.79002265857785	0.640086817483187	1	0.79923310495792	0.953673774733413	0.976909805970334	1	0.925662485316987	0.999909721461378
ENSFCAG00000002384:PDCD11	0	0	0	0	0	0	0	0	0	0.36811786288758	0.789370077138539	0.643608364284806	1	0.79923310495792	0.953673774733413	0.976909805970334	1	0.927223959083621	0.999909721461378
ENSFCAG00000022265:TP53BP1	0	0	0	0	0	0	0	0	0	0.367583981115664	0.792792059282702	0.6437836714511	1	0.79923310495792	0.953673774733413	0.976909805970334	1	0.927301186919823	0.999909721461378
ENSFCAG00000024457:PTPRD	1	0	0	0	0	0	0	0	0	0.370998329429983	0.782271823066307	0.645114634481646	1	0.79923310495792	0.953673774733413	0.976909805970334	1	0.927885958212976	0.999909721461378
ENSFCAG00000025616:FAT1	1	2	0	0	0	1.9914715080753	0	0	0	0.382445633875517	0.739961807816195	0.646254859053308	1	0.79923310495792	0.953673774733413	0.976909805970334	1	0.928384742647389	0.999909721461378
ENSFCAG00000024512:ZNF521	1	1	0	0	0	2.92814907258506	0	0	0	0.36191827391474	0.839903046142712	0.646594928229797	1	0.79923310495792	0.953673774733413	0.976909805970334	1	0.928533114241739	0.999909721461378
ENSFCAG00000012577:MYO5A	0	0	0	0	0	0	0	0	0	0.374249027007357	0.775018911158055	0.646889900657985	1	0.79923310495792	0.953673774733413	0.976909805970334	1	0.928661665348382	0.999909721461378
ENSFCAG00000008606:DOT1L	0	0	0	0	0	0	0	0	0	0.369048322252546	0.803305244142563	0.647629851229835	1	0.79923310495792	0.953673774733413	0.976909805970334	1	0.928983549364658	0.999909721461378
ENSFCAG00000012246:DNMT1	0	0	0	0	0	0	0	0	0	0.375712416654851	0.783370783238743	0.650433328750945	1	0.79923310495792	0.953673774733413	0.976909805970334	1	0.930195421673751	0.999909721461378
ENSFCAG00000008083:RICTOR	0	1	0	0	0	2.78302078960854	0	0	0	0.381704437759774	0.78171712454532	0.656376606141231	1	0.79923310495792	0.953673774733413	0.976909805970334	1	0.932724652455898	0.999909721461378
ENSFCAG00000013540:ARHGEF28	0	1	0	0	0	2.77429163049209	0	0	0	0.382957858107402	0.786724099955178	0.658872601021743	1	0.79923310495792	0.953673774733413	0.976909805970334	1	0.933770777878644	0.999909721461378
ENSFCAG00000013146:BRCA1	0	0	0	0	0	0	0	0	0	0.380024174525357	0.80608711563529	0.660058483881712	1	0.79923310495792	0.953673774733413	0.976909805970334	1	0.934264491379665	0.999909721461378
ENSFCAG00000003741:NUP98	0	0	0	0	0	0	0	0	0	0.385631107530904	0.793500617843252	0.663264261029686	1	0.79923310495792	0.953673774733413	0.976909805970334	1	0.935588484888147	0.999909721461378
ENSFCAG00000002901:PCLO	0	2	0	0	0	1.90393346356582	0	0	0	0.4111483140557	0.713580438662419	0.666855350179403	1	0.79923310495792	0.953673774733413	0.976909805970334	1	0.937053216621084	0.999909721461378
ENSFCAG00000003208:CHD2	0	0	0	0	0	0	0	0	0	0.393759776759265	0.774438054629679	0.667181039590852	1	0.79923310495792	0.953673774733413	0.976909805970334	1	0.937185100628475	0.999909721461378
ENSFCAG00000002588:SETD1A	0	0	0	0	0	0	0	0	0	0.388724545196432	0.811534914423307	0.670401057740094	1	0.79923310495792	0.953673774733413	0.976909805970334	1	0.938480464236529	0.999909721461378
ENSFCAG00000002747:CLTCL1	0	0	0	0	0	0	0	0	0	0.392822303355108	0.794682790425209	0.671031279107437	1	0.79923310495792	0.953673774733413	0.976909805970334	1	0.93873218049038	0.999909721461378
ENSFCAG00000034298:CUX1	0	0	0	0	0	0	0	0	0	0.393130094338497	0.804535290885969	0.673525773946359	1	0.79923310495792	0.953673774733413	0.976909805970334	1	0.939722702293804	0.999909721461378
ENSFCAG00000025265:CAMTA1	0	0	0	0	0	0	0	0	0	0.392405210194633	0.80904988370186	0.673732289057675	1	0.79923310495792	0.953673774733413	0.976909805970334	1	0.939804291400485	0.999909721461378
ENSFCAG00000014850:PIK3C2B	0	0	0	0	0	0	0	0	0	0.396683635209883	0.789842269425258	0.673897393566613	1	0.79923310495792	0.953673774733413	0.976909805970334	1	0.939869474648143	0.999909721461378
ENSFCAG00000014340:KDM5A	1	0	0	0	0	0	0	0	0	0.396481024454376	0.79333056921842	0.674495709871403	1	0.79923310495792	0.953673774733413	0.976909805970334	1	0.940105351053062	0.999909721461378
ENSFCAG00000031869:BCORL1	0	0	0	0	0	0	0	0	0	0.389085263486184	0.831532564323371	0.674679633380577	1	0.79923310495792	0.953673774733413	0.976909805970334	1	0.940177753210956	0.999909721461378
ENSFCAG00000027260:CLTC	0	0	0	0	0	0	0	0	0	0.399249895056131	0.79198691658186	0.677020408369733	1	0.79923310495792	0.953673774733413	0.976909805970334	1	0.941094832780314	0.999909721461378
ENSFCAG00000015718:PBRM1	0	0	0	0	0	0	0	0	0	0.399241508906713	0.797083313166806	0.678177359760725	1	0.79923310495792	0.953673774733413	0.976909805970334	1	0.941545118150633	0.999909721461378
ENSFCAG00000001568:SMARCA2	1	0	0	0	0	0	0	0	0	0.405469495752034	0.790760477994876	0.683037322103386	1	0.79923310495792	0.953673774733413	0.976909805970334	1	0.943415094879038	0.999909721461378
ENSFCAG00000004770:PTPRT	0	0	0	0	0	0	0	0	0	0.408484749446522	0.796876009786577	0.687485518049636	1	0.79923310495792	0.953673774733413	0.976909805970334	1	0.945096320046504	0.999909721461378
ENSFCAG00000024678:TET3	0	1	0	0	0	2.64535941991745	0	0	0	0.402390136685657	0.830620853162984	0.688333681284663	1	0.79923310495792	0.953673774733413	0.976909805970334	1	0.945413616139096	0.999909721461378
ENSFCAG00000007256:KDM5C	0	0	0	0	0	0	0	0	0	0.407138574328509	0.807281038343644	0.688451871549941	1	0.79923310495792	0.953673774733413	0.976909805970334	1	0.945457747877022	0.999909721461378
ENSFCAG00000012831:ARID2	0	1	0	0	0	2.59661624701742	0	0	0	0.410214238089547	0.803068293979325	0.690590362136927	1	0.79923310495792	0.953673774733413	0.976909805970334	1	0.946252749623429	0.999909721461378
ENSFCAG00000004031:ATP2B3	0	0	0	0	0	0	0	0	0	0.406603394901844	0.834223209432663	0.693331849597385	1	0.79923310495792	0.953673774733413	0.976909805970334	1	0.94726223709049	0.999909721461378
ENSFCAG00000000959:PASK	0	0	0	0	0	0	0	0	0	0.414199142112294	0.819158311612502	0.698037749946371	1	0.79923310495792	0.953673774733413	0.976909805970334	1	0.948969822451969	0.999909721461378
ENSFCAG00000003795:FANCA	0	0	0	0	0	0	0	0	0	0.421277678074176	0.78918207165586	0.698301854391451	1	0.79923310495792	0.953673774733413	0.976909805970334	1	0.949064713315086	0.999909721461378
ENSFCAG00000014002:COL2A1	0	0	0	0	0	0	0	0	0	0.423621796008766	0.780303439569694	0.698369771824894	1	0.79923310495792	0.953673774733413	0.976909805970334	1	0.949089099421696	0.999909721461378
ENSFCAG00000004564:COL1A1	0	0	0	0	0	0	0	0	0	0.423936926021412	0.787846064363955	0.700554457621961	1	0.79923310495792	0.953673774733413	0.976909805970334	1	0.949870002368257	0.999909721461378
ENSFCAG00000009032:PLCG1	0	0	0	0	0	0	0	0	0	0.426215394134715	0.792082927823716	0.703781380554798	1	0.79923310495792	0.953673774733413	0.976909805970334	1	0.951010989339572	0.999909721461378
ENSFCAG00000014104:MAP3K1	0	0	0	0	0	0	0	0	0	0.421817646148805	0.824697292017695	0.706702347796651	1	0.79923310495792	0.953673774733413	0.976909805970334	1	0.952031035440775	0.999909721461378
ENSFCAG00000005120:NUP214	1	0	0	0	0	0	0	0	0	0.422127233976658	0.828693453682398	0.707800566210682	1	0.79923310495792	0.953673774733413	0.976909805970334	1	0.952411424374518	0.999909721461378
ENSFCAG00000018164:IGF1R	0	0	0	0	0	0	0	0	0	0.424456976408692	0.819462740790514	0.708215733009095	1	0.79923310495792	0.953673774733413	0.976909805970334	1	0.952554781340866	0.999909721461378
ENSFCAG00000011228:FANCD2	0	0	0	0	0	0	0	0	0	0.433276685836292	0.785852079627053	0.708993759821466	1	0.79923310495792	0.953673774733413	0.976909805970334	1	0.952822778463742	0.999909721461378
ENSFCAG00000011205:PTCH1	0	0	0	0	0	0	0	0	0	0.425540206940544	0.821234860093753	0.709637992758306	1	0.79923310495792	0.953673774733413	0.976909805970334	1	0.953044043076274	0.999909721461378
ENSFCAG00000003030:INSR	0	0	0	0	0	0	0	0	0	0.426894198949438	0.815301307656614	0.709708430186825	1	0.79923310495792	0.953673774733413	0.976909805970334	1	0.953068199640341	0.999909721461378
ENSFCAG00000004831:ARHGAP35	0	0	0	0	0	0	0	0	0	0.420262029272408	0.849458279571513	0.709781757199225	1	0.79923310495792	0.953673774733413	0.976909805970334	1	0.953093339762314	0.999909721461378
ENSFCAG00000011453:RPTOR	0	0	0	0	0	0	0	0	0	0.435265806307055	0.800270689515054	0.714367816502164	1	0.79923310495792	0.953673774733413	0.976909805970334	1	0.954650646556049	0.999909721461378
ENSFCAG00000007696:MDC1	0	1	0	0	0	2.46920488783939	0	0	0	0.432041972463739	0.819542085295662	0.715548528759113	1	0.79923310495792	0.953673774733413	0.976909805970334	1	0.955046812535299	0.999909721461378
ENSFCAG00000010606:CLIP1	0	0	0	0	0	0	0	0	0	0.434360228899515	0.813910064336	0.71658337436171	1	0.79923310495792	0.953673774733413	0.976909805970334	1	0.955392433469572	0.999909721461378
ENSFCAG00000000247:PIK3C2G	1	0	0	0	0	0	0	0	0	0.438919854534944	0.798456613812105	0.717386391529945	1	0.79923310495792	0.953673774733413	0.976909805970334	1	0.95565959774288	0.999909721461378
ENSFCAG00000013609:NSD3	0	0	0	0	0	0	0	0	0	0.437510885302823	0.810953715998124	0.718925443591336	1	0.79923310495792	0.953673774733413	0.976909805970334	1	0.956169129815033	0.999909721461378
ENSFCAG00000037938:NSD2	0	0	0	0	0	0	0	0	0	0.434346948065684	0.825720990671509	0.719053806587653	1	0.79923310495792	0.953673774733413	0.976909805970334	1	0.956211477839648	0.999909721461378
ENSFCAG00000018200:PDS5B	0	0	0	0	0	0	0	0	0	0.442136725351794	0.800190513920482	0.720807295862717	1	0.79923310495792	0.953673774733413	0.976909805970334	1	0.956787675775154	0.999909721461378
ENSFCAG00000009897:CDK12	0	0	0	0	0	0	0	0	0	0.436333794314211	0.83022791526046	0.721856062511344	1	0.79923310495792	0.953673774733413	0.976909805970334	1	0.957130262017539	0.999909721461378
ENSFCAG00000014806:ZMYM3	0	0	0	0	0	0	0	0	0	0.439313012723735	0.817561390444289	0.722068432607657	1	0.79923310495792	0.953673774733413	0.976909805970334	1	0.957199448464374	0.999909721461378
ENSFCAG00000007864:MAP3K6	0	0	0	0	0	0	0	0	0	0.44107909531127	0.810125033594091	0.722101478493967	1	0.79923310495792	0.953673774733413	0.976909805970334	1	0.957210208617373	0.999909721461378
ENSFCAG00000024759:WRN	0	0	0	0	0	0	0	0	0	0.445419646764493	0.796362552913512	0.722942779869351	1	0.79923310495792	0.953673774733413	0.976909805970334	1	0.957483637695215	0.999909721461378
ENSFCAG00000006087:BLM	0	0	0	0	0	0	0	0	0	0.440055593311845	0.822322316813822	0.723776454989104	1	0.79923310495792	0.953673774733413	0.976909805970334	1	0.957753622415401	0.999909721461378
ENSFCAG00000015536:ADGRA2	0	0	0	0	0	0	0	0	0	0.438244038134415	0.83471144075699	0.724553366011694	1	0.79923310495792	0.953673774733413	0.976909805970334	1	0.958004359713795	0.999909721461378
ENSFCAG00000000360:DROSHA	0	0	0	0	0	0	0	0	0	0.449211274280751	0.793742639575958	0.725795191201882	1	0.79923310495792	0.953673774733413	0.976909805970334	1	0.958403412031336	0.999909721461378
ENSFCAG00000002050:BCR	0	0	0	0	0	0	0	0	0	0.442068006860272	0.823302994360966	0.725875881341827	1	0.79923310495792	0.953673774733413	0.976909805970334	1	0.95842926772009	0.999909721461378
ENSFCAG00000041416:IRS2	0	0	0	0	0	0	0	0	0	0.431791857952077	0.885590501668907	0.726623312361841	1	0.79923310495792	0.953673774733413	0.976909805970334	1	0.958668342179661	0.999909721461378
ENSFCAG00000014859:ERBB3	0	0	0	0	0	0	0	0	0	0.446158484069155	0.811798089163517	0.727214719308241	1	0.79923310495792	0.953673774733413	0.976909805970334	1	0.958856965647308	0.999909721461378
ENSFCAG00000012455:KDM2B	0	0	0	0	0	0	0	0	0	0.446093069893211	0.815063104249979	0.727876178442381	1	0.79923310495792	0.953673774733413	0.976909805970334	1	0.959067361803815	0.999909721461378
ENSFCAG00000015033:NCOA3	0	0	0	0	0	0	0	0	0	0.445764118783601	0.82149188758635	0.728954186323347	1	0.79923310495792	0.953673774733413	0.976909805970334	1	0.959408965446277	0.999909721461378
ENSFCAG00000003836:ASXL2	1	0	0	0	0	0	0	0	0	0.443038268811896	0.835225413139958	0.729186824568654	1	0.79923310495792	0.953673774733413	0.976909805970334	1	0.959482475605138	0.999909721461378
ENSFCAG00000013481:PRDM16	0	0	0	0	0	0	0	0	0	0.440884580242362	0.851816652374223	0.730204728446414	1	0.79923310495792	0.953673774733413	0.976909805970334	1	0.959803245269486	0.999909721461378
ENSFCAG00000000916:BRD4	0	0	0	0	0	0	0	0	0	0.448070386276889	0.822655531645797	0.731343150644658	1	0.79923310495792	0.953673774733413	0.976909805970334	1	0.960160312776749	0.999909721461378
ENSFCAG00000009534:MET	0	0	0	0	0	0	0	0	0	0.449875661583989	0.822086200308683	0.732893318266388	1	0.79923310495792	0.953673774733413	0.976909805970334	1	0.960643675879157	0.999909721461378
ENSFCAG00000009655:SETDB1	0	0	0	0	0	0	0	0	0	0.451884024394101	0.825277570935921	0.735415005121328	1	0.79923310495792	0.953673774733413	0.976909805970334	1	0.961422969750109	0.999909721461378
ENSFCAG00000011110:JARID2	0	0	0	0	0	0	0	0	0	0.450855899646934	0.831929861231083	0.735825857582308	1	0.79923310495792	0.953673774733413	0.976909805970334	1	0.961549118310667	0.999909721461378
ENSFCAG00000027902:ERBB4	1	0	0	0	0	0	0	0	0	0.457350273026818	0.807803596327314	0.736560831817796	1	0.79923310495792	0.953673774733413	0.976909805970334	1	0.961774213386625	0.999909721461378
ENSFCAG00000013897:SMC1A	0	0	0	0	0	0	0	0	0	0.455378153357299	0.81890607301968	0.73725913931428	1	0.79923310495792	0.953673774733413	0.976909805970334	1	0.961987399380517	0.999909721461378
ENSFCAG00000007089:MSH6	0	0	0	0	0	0	0	0	0	0.452913568225938	0.841116115728576	0.739514557852188	1	0.79923310495792	0.953673774733413	0.976909805970334	1	0.962671440296586	0.999909721461378
ENSFCAG00000030096:ARID4B	0	0	0	0	0	0	0	0	0	0.457376910402561	0.823508049402753	0.740065271340711	1	0.79923310495792	0.953673774733413	0.976909805970334	1	0.962837419314674	0.999909721461378
ENSFCAG00000024874:SOS1	0	0	0	0	0	0	0	0	0	0.459564013550473	0.817177316652466	0.740677157392905	1	0.79923310495792	0.953673774733413	0.976909805970334	1	0.963021354468417	0.999909721461378
ENSFCAG00000008561:CARD11	0	0	0	0	0	0	0	0	0	0.45892317123051	0.820588020297512	0.74084221202001	1	0.79923310495792	0.953673774733413	0.976909805970334	1	0.963070883899246	0.999909721461378
ENSFCAG00000007401:PC	0	0	0	0	0	0	0	0	0	0.456652186776078	0.836503873797305	0.742056170476045	1	0.79923310495792	0.953673774733413	0.976909805970334	1	0.963434038057596	0.999909721461378
ENSFCAG00000005038:SF3B1	0	0	0	0	0	0	0	0	0	0.461670549369551	0.818184815784641	0.742795669134648	1	0.79923310495792	0.953673774733413	0.976909805970334	1	0.963654284589158	0.999909721461378
ENSFCAG00000012003:EMSY	0	0	0	0	0	0	0	0	0	0.460743657463255	0.827519062654701	0.743956642573811	1	0.79923310495792	0.953673774733413	0.976909805970334	1	0.963998574975	0.999909721461378
ENSFCAG00000015468:EGFR	0	0	0	0	0	0	0	0	0	0.465599203643311	0.813741636433416	0.745317216213417	1	0.79923310495792	0.953673774733413	0.976909805970334	1	0.964399751897374	0.999909721461378
ENSFCAG00000000349:BCL9	0	0	0	0	0	0	0	0	0	0.455053964209689	0.863006793416661	0.745352824803277	1	0.79923310495792	0.953673774733413	0.976909805970334	1	0.964410218026444	0.999909721461378
ENSFCAG00000015690:PTPRC	0	0	0	0	0	0	0	0	0	0.467126815466328	0.811317111074735	0.746120538642254	1	0.79923310495792	0.953673774733413	0.976909805970334	1	0.964635452030499	0.999909721461378
ENSFCAG00000004091:TRIM24	0	0	0	0	0	0	0	0	0	0.461977483715619	0.832824408583772	0.746156702775112	1	0.79923310495792	0.953673774733413	0.976909805970334	1	0.964646042475392	0.999909721461378
ENSFCAG00000027633:STAG2	0	0	0	0	0	0	0	0	0	0.469849078606164	0.801375406280986	0.746172684159721	1	0.79923310495792	0.953673774733413	0.976909805970334	1	0.96465072196759	0.999909721461378
ENSFCAG00000003009:IRS1	0	0	0	0	0	0	0	0	0	0.452827797842772	0.882025438169849	0.746179023742466	1	0.79923310495792	0.953673774733413	0.976909805970334	1	0.964652578159237	0.999909721461378
ENSFCAG00000009436:TYK2	0	0	0	0	0	0	0	0	0	0.465358503194026	0.826464112933963	0.747880072220767	1	0.79923310495792	0.953673774733413	0.976909805970334	1	0.965148690232475	0.999909721461378
ENSFCAG00000029975:AFF3	1	0	0	0	0	0	0	0	0	0.466038637518563	0.831270853020954	0.749485174239482	1	0.79923310495792	0.953673774733413	0.976909805970334	1	0.965613271459612	0.999909721461378
ENSFCAG00000019223:ARID4A	0	0	0	0	0	0	0	0	0	0.469352227648972	0.822151375592729	0.750508125647669	1	0.79923310495792	0.953673774733413	0.976909805970334	1	0.9659075608893	0.999909721461378
ENSFCAG00000000760:IRS4	0	0	0	0	0	0	0	0	0	0.459620222571829	0.870158276208179	0.750688654780924	1	0.79923310495792	0.953673774733413	0.976909805970334	1	0.965959351906534	0.999909721461378
ENSFCAG00000003633:CSF1R	1	0	0	0	0	0	0	0	0	0.471634483871774	0.82785878408495	0.753741135688123	1	0.79923310495792	0.953673774733413	0.976909805970334	1	0.966828496751972	0.999909721461378
ENSFCAG00000008747:PTPRO	0	0	0	0	0	0	0	0	0	0.474499244613797	0.816414883992713	0.753761132738704	1	0.79923310495792	0.953673774733413	0.976909805970334	1	0.966834149778717	0.999909721461378
ENSFCAG00000001563:SEC31A	0	0	0	0	0	0	0	0	0	0.475552116388425	0.813032614580735	0.753908752993245	1	0.79923310495792	0.953673774733413	0.976909805970334	1	0.966875864582634	0.999909721461378
ENSFCAG00000012665:MECOM	0	0	0	0	0	0	0	0	0	0.47334092877267	0.837741148989069	0.757263131212656	1	0.79923310495792	0.953673774733413	0.976909805970334	1	0.967815971242043	0.999909721461378
ENSFCAG00000001953:JAK1	0	0	0	0	0	0	0	0	0	0.477488011647635	0.820695813544176	0.757316065326626	1	0.79923310495792	0.953673774733413	0.976909805970334	1	0.967830687430635	0.999909721461378
ENSFCAG00000029806:AFF1	0	0	0	0	0	0	0	0	0	0.473522504914664	0.840689815849521	0.758002675835202	1	0.79923310495792	0.953673774733413	0.976909805970334	1	0.968021236545545	0.999909721461378
ENSFCAG00000010710:ALPK1	0	0	0	0	0	0	0	0	0	0.475479360278392	0.841065584260723	0.759794847310348	1	0.79923310495792	0.953673774733413	0.976909805970334	1	0.968515673584583	0.999909721461378
ENSFCAG00000007234:PTPRS	0	1	0	0	0	2.16058726652947	0	0	0	0.494798712142693	0.776615507457555	0.760852179096641	1	0.79923310495792	0.953673774733413	0.976909805970334	1	0.968805394485846	0.999909721461378
ENSFCAG00000014232:HDAC4	0	0	0	0	0	0	0	0	0	0.480328586437281	0.828596401789755	0.761482658989104	1	0.79923310495792	0.953673774733413	0.976909805970334	1	0.968977453693799	0.999909721461378
ENSFCAG00000002750:HIRA	0	0	0	0	0	0	0	0	0	0.483860264969463	0.825018405724667	0.763754261228316	1	0.79923310495792	0.953673774733413	0.976909805970334	1	0.969593052891149	0.999909721461378
ENSFCAG00000004555:CBLB	0	0	0	0	0	0	0	0	0	0.481524382391358	0.83589821144965	0.764027172374438	1	0.79923310495792	0.953673774733413	0.976909805970334	1	0.969666556199199	0.999909721461378
ENSFCAG00000006191:ERC1	2	0	0	0	0	0	0	0	0	0.484793241220083	0.826785899108908	0.764933892565114	1	0.79923310495792	0.953673774733413	0.976909805970334	1	0.969910063864639	0.999909721461378
ENSFCAG00000009906:PTPRB	0	1	0	0	0	2.12730635705593	0	0	0	0.502563552336233	0.772039700070805	0.765862600924337	1	0.79923310495792	0.953673774733413	0.976909805970334	1	0.970158362456696	0.999909721461378
ENSFCAG00000012425:AFF4	0	0	0	0	0	0	0	0	0	0.484998991062885	0.830912659137386	0.76598568111334	1	0.79923310495792	0.953673774733413	0.976909805970334	1	0.970191184515054	0.999909721461378
ENSFCAG00000003178:ATXN2	0	0	0	0	0	0	0	0	0	0.485557788628138	0.829210317122449	0.766104427627277	1	0.79923310495792	0.953673774733413	0.976909805970334	1	0.970222832158411	0.999909721461378
ENSFCAG00000009141:PDGFRA	0	0	0	0	0	0	0	0	0	0.485329118229633	0.830548920718925	0.766191601663218	1	0.79923310495792	0.953673774733413	0.976909805970334	1	0.970246053569199	0.999909721461378
ENSFCAG00000035450:ARID5B	1	0	0	0	0	0	0	0	0	0.481061895220626	0.856334647943399	0.767504797323702	1	0.79923310495792	0.953673774733413	0.976909805970334	1	0.970594663069654	0.999909721461378
ENSFCAG00000003659:DNMT3A	0	0	0	0	0	0	0	0	0	0.489227928519993	0.825602948049058	0.768449431574064	1	0.79923310495792	0.953673774733413	0.976909805970334	1	0.97084404217419	0.999909721461378
ENSFCAG00000005305:ABL2	0	0	0	0	0	0	0	0	0	0.487014106195912	0.841425644935296	0.769844906889926	1	0.79923310495792	0.953673774733413	0.976909805970334	1	0.971210316888914	0.999909721461378
ENSFCAG00000012942:PALB2	0	0	0	0	0	0	0	0	0	0.486856262641625	0.844081099786685	0.770228392296526	1	0.79923310495792	0.953673774733413	0.976909805970334	1	0.971310528213449	0.999909721461378
ENSFCAG00000004554:PIK3CG	1	0	0	0	0	0	0	0	0	0.484897432889009	0.854336764675022	0.770464633225621	1	0.79923310495792	0.953673774733413	0.976909805970334	1	0.971372166980668	0.999909721461378
ENSFCAG00000026305:PIK3CD	0	0	0	0	0	0	0	0	0	0.490287276943298	0.836990585522543	0.771740469585318	1	0.79923310495792	0.953673774733413	0.976909805970334	1	0.971703800251223	0.999909721461378
ENSFCAG00000038306:TRIM33	1	0	0	0	0	0	0	0	0	0.491281658009203	0.837029775215501	0.772589190943766	1	0.79923310495792	0.953673774733413	0.976909805970334	1	0.971923243346801	0.999909721461378
ENSFCAG00000005686:MSH3	0	0	0	0	0	0	0	0	0	0.492259053990528	0.833590385295651	0.772706005778392	1	0.79923310495792	0.953673774733413	0.976909805970334	1	0.971953373656842	0.999909721461378
ENSFCAG00000006634:LRIG3	0	0	0	0	0	0	0	0	0	0.492431020796303	0.83425361562348	0.772988415445615	1	0.79923310495792	0.953673774733413	0.976909805970334	1	0.972026143260915	0.999909721461378
ENSFCAG00000028588:JAK2	0	0	0	0	0	0	0	0	0	0.496008997733952	0.821365007722497	0.773201449831272	1	0.79923310495792	0.953673774733413	0.976909805970334	1	0.972080968390865	0.999909721461378
ENSFCAG00000013378:ATP1A1	0	0	0	0	0	0	0	0	0	0.493341880849528	0.833512464915172	0.773600239746268	1	0.79923310495792	0.953673774733413	0.976909805970334	1	0.972183440577495	0.999909721461378
ENSFCAG00000018250:LIFR	0	0	0	0	0	0	0	0	0	0.494914288292979	0.830372082714368	0.774256757811562	1	0.79923310495792	0.953673774733413	0.976909805970334	1	0.972351690282027	0.999909721461378
ENSFCAG00000007143:TLL2	0	0	0	0	0	0	0	0	0	0.497525970214791	0.825797419196513	0.775444595868344	1	0.79923310495792	0.953673774733413	0.976909805970334	1	0.972654690001629	0.999909721461378
ENSFCAG00000022680:ZNRF3	0	0	0	0	0	0	0	0	0	0.487744876383985	0.869617014567366	0.775523964568334	1	0.79923310495792	0.953673774733413	0.976909805970334	1	0.972674870887913	0.999909721461378
ENSFCAG00000001395:RBM10	0	0	0	0	0	0	0	0	0	0.501015491927721	0.818445713816844	0.776677354183615	1	0.79923310495792	0.953673774733413	0.976909805970334	1	0.972967224179431	0.999909721461378
ENSFCAG00000001740:NUTM1	0	0	0	0	0	0	0	0	0	0.491792951654394	0.866533310798449	0.778474475928967	1	0.79923310495792	0.953673774733413	0.976909805970334	1	0.973419333684927	0.999909721461378
ENSFCAG00000013185:SETD1B	1	0	0	0	0	0	0	0	0	0.49072564396148	0.874339734988809	0.778824783046867	1	0.79923310495792	0.953673774733413	0.976909805970334	1	0.973506978463327	0.999909721461378
ENSFCAG00000025193:USP8	1	0	0	0	0	0	0	0	0	0.500489103462406	0.834112614091813	0.7796783470923	1	0.79923310495792	0.953673774733413	0.976909805970334	1	0.973719875604149	0.999909721461378
ENSFCAG00000002822:SALL4	1	0	0	0	0	0	0	0	0	0.490014982735525	0.890555774280311	0.780585585846588	1	0.79923310495792	0.953673774733413	0.976909805970334	1	0.973945135948642	0.999909721461378
ENSFCAG00000029436:TET2	0	0	0	0	0	0	0	0	0	0.496101580773985	0.861667968888938	0.781288866137409	1	0.79923310495792	0.953673774733413	0.976909805970334	1	0.974119029414961	0.999909721461378
ENSFCAG00000008249:KDM4C	0	0	0	0	0	0	0	0	0	0.503893348580919	0.829329514570083	0.78146069104684	1	0.79923310495792	0.953673774733413	0.976909805970334	1	0.974161418684742	0.999909721461378
ENSFCAG00000010283:MIB1	0	0	0	0	0	0	0	0	0	0.505000768582363	0.827949300230919	0.782066124816183	1	0.79923310495792	0.953673774733413	0.976909805970334	1	0.97431047838987	0.999909721461378
ENSFCAG00000014803:MED12	0	1	0	0	0	2.01833863535449	0	0	0	0.529606873770048	0.756742304342896	0.782251314321832	1	0.79923310495792	0.953673774733413	0.976909805970334	1	0.974355979006058	0.999909721461378
ENSFCAG00000005777:PARP1	0	0	0	0	0	0	0	0	0	0.503517840485658	0.836131533836484	0.782592358212515	1	0.79923310495792	0.953673774733413	0.976909805970334	1	0.974439657964528	0.999909721461378
ENSFCAG00000013063:BUB1B	0	0	0	0	0	0	0	0	0	0.508356755484897	0.821444283562745	0.783343057084095	1	0.79923310495792	0.953673774733413	0.976909805970334	1	0.974623326851129	0.999909721461378
ENSFCAG00000002828:PIK3CB	0	0	0	0	0	0	0	0	0	0.507670735308972	0.824736343365674	0.783528762703033	1	0.79923310495792	0.953673774733413	0.976909805970334	1	0.974668651282922	0.999909721461378
ENSFCAG00000013913:INPP4A	0	0	0	0	0	0	0	0	0	0.506599014668002	0.831087851449052	0.784046999840288	1	0.79923310495792	0.953673774733413	0.976909805970334	1	0.974794902593803	0.999909721461378
ENSFCAG00000022711:EPHA5	1	0	0	0	0	0	0	0	0	0.503975139944012	0.844715664009958	0.784699754020927	1	0.79923310495792	0.953673774733413	0.976909805970334	1	0.974953437102683	0.999909721461378
ENSFCAG00000006852:EPHB4	0	0	0	0	0	0	0	0	0	0.503805266335469	0.846153937577752	0.784841128886362	1	0.79923310495792	0.953673774733413	0.976909805970334	1	0.974987701285742	0.999909721461378
ENSFCAG00000004825:RASA1	0	0	0	0	0	0	0	0	0	0.508859800956139	0.827340799227049	0.78506736156859	1	0.79923310495792	0.953673774733413	0.976909805970334	1	0.975042478971764	0.999909721461378
ENSFCAG00000004539:FLT3	0	0	0	0	0	0	0	0	0	0.509315821900409	0.828643652963339	0.785721139651777	1	0.79923310495792	0.953673774733413	0.976909805970334	1	0.975200411807324	0.999909721461378
ENSFCAG00000000544:EPHB1	1	0	0	0	0	0	0	0	0	0.504732144085172	0.849959245057796	0.786333700275188	1	0.79923310495792	0.953673774733413	0.976909805970334	1	0.975347894124784	0.999909721461378
ENSFCAG00000002702:XPO1	0	0	0	0	0	0	0	0	0	0.511834312132716	0.831107850619126	0.788284763282158	1	0.79923310495792	0.953673774733413	0.976909805970334	1	0.975814460482159	0.999909721461378
ENSFCAG00000007533:PPFIBP1	1	0	0	0	0	0	0	0	0	0.513654757096987	0.825162927930594	0.788438119726825	1	0.79923310495792	0.953673774733413	0.976909805970334	1	0.97585092843211	0.999909721461378
ENSFCAG00000012287:MAML2	0	0	0	0	0	0	0	0	0	0.504759715051942	0.862064449013692	0.788559628929542	1	0.79923310495792	0.953673774733413	0.976909805970334	1	0.975879801971493	0.999909721461378
ENSFCAG00000002617:GTF2I	0	0	0	0	0	0	0	0	0	0.516092500168848	0.817642257178257	0.788657055270056	1	0.79923310495792	0.953673774733413	0.976909805970334	1	0.975902939312721	0.999909721461378
ENSFCAG00000028243:MAP3K13	0	0	0	0	0	0	0	0	0	0.509528723690041	0.846586360772872	0.789600017567981	1	0.79923310495792	0.953673774733413	0.976909805970334	1	0.976126257415381	0.999909721461378
ENSFCAG00000030040:ATRX	0	1	0	0	0	1.98880551645748	0	0	0	0.537395254040764	0.762602975633951	0.789903783384459	1	0.79923310495792	0.953673774733413	0.976909805970334	1	0.976197957217005	0.999909721461378
ENSFCAG00000029845:ZNF217	0	0	0	0	0	0	0	0	0	0.502049714797353	0.888308192317659	0.790444262931616	1	0.79923310495792	0.953673774733413	0.976909805970334	1	0.976325241282554	0.999909721461378
ENSFCAG00000008085:MERTK	0	0	0	0	0	0	0	0	0	0.512771634332116	0.838747032316289	0.790647243209836	1	0.79923310495792	0.953673774733413	0.976909805970334	1	0.976372948092175	0.999909721461378
ENSFCAG00000013369:RABEP1	0	0	0	0	0	0	0	0	0	0.514020615492326	0.834440744623688	0.790749877141168	1	0.79923310495792	0.953673774733413	0.976909805970334	1	0.976397050487739	0.999909721461378
ENSFCAG00000015377:EML4	0	0	0	0	0	0	0	0	0	0.516816892645634	0.828791441485174	0.791760194318235	1	0.79923310495792	0.953673774733413	0.976909805970334	1	0.976633601109291	0.999909721461378
ENSFCAG00000024008:EPHA3	0	0	0	0	0	0	0	0	0	0.514214079342446	0.838899373574369	0.791835654105708	1	0.79923310495792	0.953673774733413	0.976909805970334	1	0.97665121712622	0.999909721461378
ENSFCAG00000008289:SND1	0	0	0	0	0	0	0	0	0	0.517688747047684	0.82851247204195	0.79239007728838	1	0.79923310495792	0.953673774733413	0.976909805970334	1	0.976780426230977	0.999909721461378
ENSFCAG00000004802:MRTFA	0	0	0	0	0	0	0	0	0	0.510878413185277	0.857250548311632	0.792702783867324	1	0.79923310495792	0.953673774733413	0.976909805970334	1	0.976853131822059	0.999909721461378
ENSFCAG00000003112:KIT	0	0	0	0	0	0	0	0	0	0.51492298476816	0.8427121013713	0.793179108713568	1	0.79923310495792	0.953673774733413	0.976909805970334	1	0.976963642303407	0.999909721461378
ENSFCAG00000014215:ECT2L	0	0	0	0	0	0	0	0	0	0.51851030582998	0.829516587882605	0.793260682775145	1	0.79923310495792	0.953673774733413	0.976909805970334	1	0.976982539326343	0.999909721461378
ENSFCAG00000010549:SNCAIP	0	0	0	0	0	0	0	0	0	0.512598696812551	0.855467461877632	0.793768343321602	1	0.79923310495792	0.953673774733413	0.976909805970334	1	0.977099952817242	0.999909721461378
ENSFCAG00000024012:GRM3	0	0	0	0	0	0	0	0	0	0.510405298137676	0.867724115944811	0.794149333982235	1	0.79923310495792	0.953673774733413	0.976909805970334	1	0.97718785638038	0.999909721461378
ENSFCAG00000018481:EPHA7	0	0	0	0	0	0	0	0	0	0.516064810780697	0.844430109871801	0.794435598801385	1	0.79923310495792	0.953673774733413	0.976909805970334	1	0.97725378418315	0.999909721461378
ENSFCAG00000012184:NOD1	0	0	0	0	0	0	0	0	0	0.51145861573867	0.866825317650545	0.794853495243691	1	0.79923310495792	0.953673774733413	0.976909805970334	1	0.977349842020895	0.999909721461378
ENSFCAG00000002273:KSR2	0	0	0	0	0	0	0	0	0	0.518601962224599	0.844371955522131	0.796443518811484	1	0.79923310495792	0.953673774733413	0.976909805970334	1	0.977713318118966	0.999909721461378
ENSFCAG00000008506:CYLD	0	0	0	0	0	0	0	0	0	0.519717225415873	0.840863461293243	0.796617899091116	1	0.79923310495792	0.953673774733413	0.976909805970334	1	0.977752987818593	0.999909721461378
ENSFCAG00000046155:REST	1	0	0	0	0	0	0	0	0	0.511450778380235	0.881208711545516	0.79715063595816	1	0.79923310495792	0.953673774733413	0.976909805970334	1	0.977873943507798	0.999909721461378
ENSFCAG00000044847:BCL11B	1	0	0	0	0	0	0	0	0	0.509379301026371	0.896843479151574	0.797659678365783	1	0.79923310495792	0.953673774733413	0.976909805970334	1	0.977989186836886	0.999909721461378
ENSFCAG00000018470:BRIP1	0	0	0	0	0	0	0	0	0	0.52109877053081	0.841261076706237	0.797789859529236	1	0.79923310495792	0.953673774733413	0.976909805970334	1	0.978018606691928	0.999909721461378
ENSFCAG00000011529:VAV2	0	0	0	0	0	0	0	0	0	0.527010755105294	0.82401952675503	0.798679248701712	1	0.79923310495792	0.953673774733413	0.976909805970334	1	0.978219033075801	0.999909721461378
ENSFCAG00000024269:KIF5B	0	0	0	0	0	0	0	0	0	0.526092162562073	0.832314160911464	0.799813174318677	1	0.79923310495792	0.953673774733413	0.976909805970334	1	0.978473130288765	0.999909721461378
ENSFCAG00000013582:PCSK7	0	0	0	0	0	0	0	0	0	0.521817907712911	0.851643392059424	0.800408136685744	1	0.79923310495792	0.953673774733413	0.976909805970334	1	0.978605810028825	0.999909721461378
ENSFCAG00000001242:NFKB2	0	0	0	0	0	0	0	0	0	0.526484799115451	0.842248765840356	0.80220995962058	1	0.79923310495792	0.953673774733413	0.976909805970334	1	0.979004929645284	0.999909721461378
ENSFCAG00000013850:MAP3K14	0	0	0	0	0	0	0	0	0	0.524228785747306	0.853738993428064	0.80270259254994	1	0.79923310495792	0.953673774733413	0.976909805970334	1	0.979113347278555	0.999909721461378
ENSFCAG00000008459:PMS2	0	0	0	0	0	0	0	0	0	0.521595642571149	0.865705614786653	0.802787747026761	1	0.79923310495792	0.953673774733413	0.976909805970334	1	0.979132057246792	0.999909721461378
ENSFCAG00000005052:VAV1	0	0	0	0	0	0	0	0	0	0.533487359556152	0.82431586012867	0.803717260051487	1	0.79923310495792	0.953673774733413	0.976909805970334	1	0.979335700741842	0.999909721461378
ENSFCAG00000031292:ATXN7	0	0	0	0	0	0	0	0	0	0.523755822103808	0.863651111372751	0.804135755750912	1	0.79923310495792	0.953673774733413	0.976909805970334	1	0.979427036354112	0.999909721461378
ENSFCAG00000014491:PRKD1	0	0	0	0	0	0	0	0	0	0.527515268338711	0.847869576793033	0.804138262281605	1	0.79923310495792	0.953673774733413	0.976909805970334	1	0.979427582741747	0.999909721461378
ENSFCAG00000001719:CTNNA1	0	0	0	0	0	0	0	0	0	0.526432821378039	0.852815345651242	0.804252381299426	1	0.79923310495792	0.953673774733413	0.976909805970334	1	0.979452450770986	0.999909721461378
ENSFCAG00000000947:NFATC2	0	0	0	0	0	0	0	0	0	0.523375434452662	0.866074301709653	0.804257652495358	1	0.79923310495792	0.953673774733413	0.976909805970334	1	0.979453599042377	0.999909721461378
ENSFCAG00000007090:FBXO11	0	0	0	0	0	0	0	0	0	0.53030098087539	0.838346871259761	0.804357063261945	1	0.79923310495792	0.953673774733413	0.976909805970334	1	0.979475248102536	0.999909721461378
ENSFCAG00000010530:DDR1	0	0	0	0	0	0	0	0	0	0.525651907220639	0.857065973771314	0.804438495270791	1	0.79923310495792	0.953673774733413	0.976909805970334	1	0.979492972706141	0.999909721461378
ENSFCAG00000004892:DNM2	0	0	0	0	0	0	0	0	0	0.528162570924802	0.848810457900204	0.804825857483201	1	0.79923310495792	0.953673774733413	0.976909805970334	1	0.979577173645513	0.999909721461378
ENSFCAG00000002782:AGO2	0	0	0	0	0	0	0	0	0	0.529859498558294	0.849640215154054	0.806302827690143	1	0.79923310495792	0.953673774733413	0.976909805970334	1	0.979896512830888	0.999909721461378
ENSFCAG00000012737:CIC	0	1	0	0	0	1.96348418058473	0	0	0	0.544239781339361	0.806016121479843	0.807316485660706	1	0.79923310495792	0.953673774733413	0.976909805970334	1	0.980114112323872	0.999909721461378
ENSFCAG00000024529:RB1	0	0	0	0	0	0	0	0	0	0.537834300015334	0.827455380699555	0.80772531667982	1	0.79923310495792	0.953673774733413	0.976909805970334	1	0.980201514815664	0.999909721461378
ENSFCAG00000013448:MSH2	0	0	0	0	0	0	0	0	0	0.532284940600237	0.848154029672906	0.807881012990208	1	0.79923310495792	0.953673774733413	0.976909805970334	1	0.980234746147199	0.999909721461378
ENSFCAG00000006093:FES	0	0	0	0	0	0	0	0	0	0.534013254914476	0.84284287100669	0.808137599094911	1	0.79923310495792	0.953673774733413	0.976909805970334	1	0.980289445611082	0.999909721461378
ENSFCAG00000005619:EXT2	0	0	0	0	0	0	0	0	0	0.533432028555715	0.848634987442343	0.808856204287084	1	0.79923310495792	0.953673774733413	0.976909805970334	1	0.980442205599817	0.999909721461378
ENSFCAG00000027650:EPS15	0	0	0	0	0	0	0	0	0	0.535101839579711	0.843245421338931	0.809050830643453	1	0.79923310495792	0.953673774733413	0.976909805970334	1	0.980483469077642	0.999909721461378
ENSFCAG00000006091:FURIN	0	0	0	0	0	0	0	0	0	0.532729015925384	0.854816428707494	0.809508682329588	1	0.79923310495792	0.953673774733413	0.976909805970334	1	0.980580355361271	0.999909721461378
ENSFCAG00000000746:AGO1	0	0	0	0	0	0	0	0	0	0.535247441783245	0.845977822837184	0.809715506771119	1	0.79923310495792	0.953673774733413	0.976909805970334	1	0.980624036692497	0.999909721461378
ENSFCAG00000007779:DNMT3B	0	0	0	0	0	0	0	0	0	0.539081765659132	0.833731207340475	0.810057660272795	1	0.79923310495792	0.953673774733413	0.976909805970334	1	0.980696183545588	0.999909721461378
ENSFCAG00000009163:DDR2	0	0	0	0	0	0	0	0	0	0.534676862353681	0.850188422915018	0.810113620337848	1	0.79923310495792	0.953673774733413	0.976909805970334	1	0.980707969591944	0.999909721461378
ENSFCAG00000006348:TRAF7	0	0	0	0	0	0	0	0	0	0.53427048325361	0.852242440678276	0.810200797853954	1	0.79923310495792	0.953673774733413	0.976909805970334	1	0.980726322809854	0.999909721461378
ENSFCAG00000012620:TYRO3	0	0	0	0	0	0	0	0	0	0.53511258829296	0.851732569671321	0.810746441463782	1	0.79923310495792	0.953673774733413	0.976909805970334	1	0.980840982451246	0.999909721461378
ENSFCAG00000015643:AXIN1	0	0	0	0	0	0	0	0	0	0.532409123435819	0.867492055803134	0.811548700747448	1	0.79923310495792	0.953673774733413	0.976909805970334	1	0.981008899587555	0.999909721461378
ENSFCAG00000045383:CDH1	0	0	0	0	0	0	0	0	0	0.53488393878971	0.857575519959474	0.811677984633155	1	0.79923310495792	0.953673774733413	0.976909805970334	1	0.981035885172328	0.999909721461378
ENSFCAG00000022869:PIK3C3	0	0	0	0	0	0	0	0	0	0.541871013463257	0.831846509557761	0.811736791312291	1	0.79923310495792	0.953673774733413	0.976909805970334	1	0.981048153149079	0.999909721461378
ENSFCAG00000030995:AXL	0	0	0	0	0	0	0	0	0	0.541500147973436	0.838774971262312	0.812957416990639	1	0.79923310495792	0.953673774733413	0.976909805970334	1	0.981301832922745	0.999909721461378
ENSFCAG00000013612:FGFR1	0	0	0	0	0	0	0	0	0	0.540346542321118	0.847226799877033	0.813830516505061	1	0.79923310495792	0.953673774733413	0.976909805970334	1	0.981482162678938	0.999909721461378
ENSFCAG00000015491:PMS1	1	0	0	0	0	0	0	0	0	0.538110985188347	0.861087785138293	0.814783288289752	1	0.79923310495792	0.953673774733413	0.976909805970334	1	0.981677879163987	0.999909721461378
ENSFCAG00000018385:FGFR3	0	0	0	0	0	0	0	0	0	0.539170823354319	0.857018646960105	0.81483775900349	1	0.79923310495792	0.953673774733413	0.976909805970334	1	0.981689034748691	0.999909721461378
ENSFCAG00000007246:DDX10	0	0	0	0	0	0	0	0	0	0.542300450753336	0.846777251771042	0.81520851085457	1	0.79923310495792	0.953673774733413	0.976909805970334	1	0.98176486788309	0.999909721461378
ENSFCAG00000010859:IL6ST	0	0	0	0	0	0	0	0	0	0.542206370354085	0.850617241176297	0.815900350688583	1	0.79923310495792	0.953673774733413	0.976909805970334	1	0.981905925130854	0.999909721461378
ENSFCAG00000009081:NTRK2	0	0	0	0	0	0	0	0	0	0.543307233000956	0.847946800395052	0.816196712288603	1	0.79923310495792	0.953673774733413	0.976909805970334	1	0.981966169948532	0.999909721461378
ENSFCAG00000013987:MALT1	0	0	0	0	0	0	0	0	0	0.543288692729259	0.848176194906537	0.816228627383008	1	0.79923310495792	0.953673774733413	0.976909805970334	1	0.981972651276539	0.999909721461378
ENSFCAG00000002679:ERCC2	0	0	0	0	0	0	0	0	0	0.546268565722438	0.846622313456076	0.818136936675198	1	0.79923310495792	0.953673774733413	0.976909805970334	1	0.98235792501669	0.999909721461378
ENSFCAG00000008675:NUP93	0	0	0	0	0	0	0	0	0	0.546859658259342	0.845189134583683	0.81828422145863	1	0.79923310495792	0.953673774733413	0.976909805970334	1	0.982387475579519	0.999909721461378
ENSFCAG00000000512:RPS6KA4	0	0	0	0	0	0	0	0	0	0.545384976986417	0.853942367646865	0.818922503510553	1	0.79923310495792	0.953673774733413	0.976909805970334	1	0.982515231327437	0.999909721461378
ENSFCAG00000008145:CUL3	0	0	0	0	0	0	0	0	0	0.547469002113565	0.851917107367236	0.820078745129751	1	0.79923310495792	0.953673774733413	0.976909805970334	1	0.982745393017615	0.999909721461378
ENSFCAG00000016224:FGFR4	0	0	0	0	0	0	0	0	0	0.54711204168554	0.853504029548942	0.820122132245879	1	0.79923310495792	0.953673774733413	0.976909805970334	1	0.982753997917546	0.999909721461378
ENSFCAG00000026102:AXIN2	0	0	0	0	0	0	0	0	0	0.54326160409115	0.870962268674649	0.820407764709114	1	0.79923310495792	0.953673774733413	0.976909805970334	1	0.98281058967425	0.999909721461378
ENSFCAG00000006989:ERCC3	0	0	0	0	0	0	0	0	0	0.548158453651345	0.85302068214275	0.820803855683656	1	0.79923310495792	0.953673774733413	0.976909805970334	1	0.982888901782647	0.999909721461378
ENSFCAG00000014571:STAT6	0	0	0	0	0	0	0	0	0	0.550459199189785	0.84494755650663	0.820889361029642	1	0.79923310495792	0.953673774733413	0.976909805970334	1	0.982905782164476	0.999909721461378
ENSFCAG00000008898:CD22	0	0	0	0	0	0	0	0	0	0.549656913644183	0.848144483464152	0.820947996690546	1	0.79923310495792	0.953673774733413	0.976909805970334	1	0.982917352811328	0.999909721461378
ENSFCAG00000010119:SNX29	0	0	0	0	0	0	0	0	0	0.549602471577909	0.848525007991862	0.820984155322426	1	0.79923310495792	0.953673774733413	0.976909805970334	1	0.982924485950861	0.999909721461378
ENSFCAG00000005630:BRSK1	0	0	0	0	0	0	0	0	0	0.54879763697458	0.852984676568689	0.821269376370528	1	0.79923310495792	0.953673774733413	0.976909805970334	1	0.98298069668248	0.999909721461378
ENSFCAG00000013487:GPHN	0	0	0	0	0	0	0	0	0	0.550972394154684	0.846575000728198	0.821597951546941	1	0.79923310495792	0.953673774733413	0.976909805970334	1	0.983045328767276	0.999909721461378
ENSFCAG00000029266:CSDE1	0	0	0	0	0	0	0	0	0	0.548030898346487	0.857937322433464	0.821646301668581	1	0.79923310495792	0.953673774733413	0.976909805970334	1	0.983054828342425	0.999909721461378
ENSFCAG00000002153:STAT5A	0	0	0	0	0	0	0	0	0	0.552771849549799	0.843489982806691	0.82228131139303	1	0.79923310495792	0.953673774733413	0.976909805970334	1	0.983179327676365	0.999909721461378
ENSFCAG00000013131:EZH1	0	0	0	0	0	0	0	0	0	0.552817563765293	0.843686996228322	0.822355504416669	1	0.79923310495792	0.953673774733413	0.976909805970334	1	0.983193841879644	0.999909721461378
ENSFCAG00000006913:NTRK1	0	0	0	0	0	0	0	0	0	0.548572359742974	0.860651142751073	0.822550748444419	1	0.79923310495792	0.953673774733413	0.976909805970334	1	0.983232005017177	0.999909721461378
ENSFCAG00000027154:BCL11A	0	0	0	0	0	0	0	0	0	0.541933715521935	0.894355019186625	0.822999996861901	1	0.79923310495792	0.953673774733413	0.976909805970334	1	0.983319640833771	0.999909721461378
ENSFCAG00000010755:PRDM1	0	0	0	0	0	0	0	0	0	0.546248206094824	0.884492157422546	0.824819238224705	1	0.79923310495792	0.953673774733413	0.976909805970334	1	0.983672018144952	0.999909721461378
ENSFCAG00000008901:BACH2	0	0	0	0	0	0	0	0	0	0.546476233894247	0.886669923888735	0.825317206456604	1	0.79923310495792	0.953673774733413	0.976909805970334	1	0.983767772066603	0.999909721461378
ENSFCAG00000026041:SMO	0	0	0	0	0	0	0	0	0	0.551837889897456	0.865724093301526	0.825876196397836	1	0.79923310495792	0.953673774733413	0.976909805970334	1	0.98387490187324	0.999909721461378
ENSFCAG00000008135:TNFAIP3	1	0	0	0	0	0	0	0	0	0.553386593376207	0.866016689659049	0.827064437553373	1	0.79923310495792	0.953673774733413	0.976909805970334	1	0.984101370374194	0.999909721461378
ENSFCAG00000028112:STAT5B	0	0	0	0	0	0	0	0	0	0.560854633834907	0.842579857404155	0.82792801470665	1	0.79923310495792	0.953673774733413	0.976909805970334	1	0.984264889379761	0.999909721461378
ENSFCAG00000027384:ARID3A	0	0	0	0	0	0	0	0	0	0.552816178514864	0.87589231642562	0.828331966722111	1	0.79923310495792	0.953673774733413	0.976909805970334	1	0.984341068732489	0.999909721461378
ENSFCAG00000025772:MST1	0	0	0	0	0	0	0	0	0	0.561390147954186	0.846073749204815	0.829036717792094	1	0.79923310495792	0.953673774733413	0.976909805970334	1	0.984473502731586	0.999909721461378
ENSFCAG00000002154:STAT3	0	0	0	0	0	0	0	0	0	0.564964705392162	0.837389658199919	0.829737100544967	1	0.79923310495792	0.953673774733413	0.976909805970334	1	0.984604522313761	0.999909721461378
ENSFCAG00000000814:HSP90AA1	0	0	0	0	0	0	0	0	0	0.557135940261533	0.866082359647303	0.829808891784809	1	0.79923310495792	0.953673774733413	0.976909805970334	1	0.98461791878271	0.999909721461378
ENSFCAG00000009125:ARHGAP26	0	0	0	0	0	0	0	0	0	0.563508519168075	0.842815976834429	0.829867876044108	1	0.79923310495792	0.953673774733413	0.976909805970334	1	0.984628920781303	0.999909721461378
ENSFCAG00000012847:BRAF	0	0	0	0	0	0	0	0	0	0.562389209167221	0.847545454040249	0.830050668228948	1	0.79923310495792	0.953673774733413	0.976909805970334	1	0.984662989342151	0.999909721461378
ENSFCAG00000026883:PIK3R2	0	0	0	0	0	0	0	0	0	0.559660853999429	0.861479228470445	0.83079991474044	1	0.79923310495792	0.953673774733413	0.976909805970334	1	0.984802212338889	0.999909721461378
ENSFCAG00000013269:CSF3R	0	0	0	0	0	0	0	0	0	0.562424902785187	0.85403851979429	0.831370216475377	1	0.79923310495792	0.953673774733413	0.976909805970334	1	0.984907731358707	0.999909721461378
ENSFCAG00000012236:MEN1	0	0	0	0	0	0	0	0	0	0.557565435950563	0.874305043327745	0.831537985626341	1	0.79923310495792	0.953673774733413	0.976909805970334	1	0.98493869805165	0.999909721461378
ENSFCAG00000003427:HIF1A	0	0	0	0	0	0	0	0	0	0.56165722488746	0.858927672984769	0.831757960923507	1	0.79923310495792	0.953673774733413	0.976909805970334	1	0.984979249626505	0.999909721461378
ENSFCAG00000003644:ARNT	0	0	0	0	0	0	0	0	0	0.566362295148293	0.846702363721712	0.832695243136461	1	0.79923310495792	0.953673774733413	0.976909805970334	1	0.985151382039057	0.999909721461378
ENSFCAG00000025327:GMPS	0	0	0	0	0	0	0	0	0	0.562186321780784	0.866076620355526	0.833448096745289	1	0.79923310495792	0.953673774733413	0.976909805970334	1	0.985288879936871	0.999909721461378
ENSFCAG00000012784:STRN	0	0	0	0	0	0	0	0	0	0.565941212808575	0.854009541805528	0.83386314106197	1	0.79923310495792	0.953673774733413	0.976909805970334	1	0.985364390982791	0.999909721461378
ENSFCAG00000014246:CUL4A	0	0	0	0	0	0	0	0	0	0.56794197094045	0.848865943685591	0.834249290460291	1	0.79923310495792	0.953673774733413	0.976909805970334	1	0.985434459522161	0.999909721461378
ENSFCAG00000003694:TFRC	0	0	0	0	0	0	0	0	0	0.56678628881298	0.853342173552091	0.834329369553872	1	0.79923310495792	0.953673774733413	0.976909805970334	1	0.985448967853438	0.999909721461378
ENSFCAG00000010312:BARD1	0	0	0	0	0	0	0	0	0	0.562831207745224	0.87296467341123	0.835108810267809	1	0.79923310495792	0.953673774733413	0.976909805970334	1	0.98558978166452	0.999909721461378
ENSFCAG00000013266:SMAD2	0	0	0	0	0	0	0	0	0	0.562551514835328	0.874492756292369	0.835165812230872	1	0.79923310495792	0.953673774733413	0.976909805970334	1	0.985600051088208	0.999909721461378
ENSFCAG00000025031:HOOK3	0	0	0	0	0	0	0	0	0	0.573035820751405	0.83786644147518	0.835482507682301	1	0.79923310495792	0.953673774733413	0.976909805970334	1	0.985657035817254	0.999909721461378
ENSFCAG00000015184:ALOX12B	0	0	0	0	0	0	0	0	0	0.566731081126486	0.860327552441574	0.835630538267901	1	0.79923310495792	0.953673774733413	0.976909805970334	1	0.985683630590044	0.999909721461378
ENSFCAG00000001371:MLH1	0	0	0	0	0	0	0	0	0	0.567940928387987	0.855919445341181	0.835645655565781	1	0.79923310495792	0.953673774733413	0.976909805970334	1	0.985686345046882	0.999909721461378
ENSFCAG00000023466:POT1	0	0	0	0	0	0	0	0	0	0.56945568013475	0.85360154055556	0.836257773944171	1	0.79923310495792	0.953673774733413	0.976909805970334	1	0.985796027140243	0.999909721461378
ENSFCAG00000003444:RAD54L	0	0	0	0	0	0	0	0	0	0.568337355457376	0.859377335820472	0.836585085456134	1	0.79923310495792	0.953673774733413	0.976909805970334	1	0.985854492405198	0.999909721461378
ENSFCAG00000006810:BCL6	0	0	0	0	0	0	0	0	0	0.560601753903316	0.892705520602446	0.836585718240025	1	0.79923310495792	0.953673774733413	0.976909805970334	1	0.98585460531072	0.999909721461378
ENSFCAG00000025491:ELP2	0	0	0	0	0	0	0	0	0	0.574708108659955	0.840524058185229	0.837214045689989	1	0.79923310495792	0.953673774733413	0.976909805970334	1	0.985966479550072	0.999909721461378
ENSFCAG00000014042:CNOT3	0	0	0	0	0	0	0	0	0	0.56828241182336	0.863818208959535	0.837370822791905	1	0.79923310495792	0.953673774733413	0.976909805970334	1	0.985994320323696	0.999909721461378
ENSFCAG00000005710:BRD3	0	0	0	0	0	0	0	0	0	0.565556077387595	0.876228320435417	0.837600213441115	1	0.79923310495792	0.953673774733413	0.976909805970334	1	0.986035003055917	0.999909721461378
ENSFCAG00000018634:STAT4	0	0	0	0	0	0	0	0	0	0.576572956922505	0.836943479540124	0.837714804884512	1	0.79923310495792	0.953673774733413	0.976909805970334	1	0.986055302467521	0.999909721461378
ENSFCAG00000001812:MYB	0	0	0	0	0	0	0	0	0	0.571294226733932	0.855227145817231	0.837861771661898	1	0.79923310495792	0.953673774733413	0.976909805970334	1	0.986081314095552	0.999909721461378
ENSFCAG00000030357:NBN	0	0	0	0	0	0	0	0	0	0.569846696449818	0.860908657948589	0.837933072074274	1	0.79923310495792	0.953673774733413	0.976909805970334	1	0.986093924257577	0.999909721461378
ENSFCAG00000011776:LMNA	0	0	0	0	0	0	0	0	0	0.56676142995978	0.875115793872355	0.838271351881058	1	0.79923310495792	0.953673774733413	0.976909805970334	1	0.986153669620545	0.999909721461378
ENSFCAG00000011083:TSHR	0	0	0	0	0	0	0	0	0	0.567994977914061	0.873344447633343	0.838846199647162	1	0.79923310495792	0.953673774733413	0.976909805970334	1	0.986254883425103	0.999909721461378
ENSFCAG00000013778:IKBKE	0	0	0	0	0	0	0	0	0	0.573478264512735	0.852674259961818	0.838878972228755	1	0.79923310495792	0.953673774733413	0.976909805970334	1	0.986260641841968	0.999909721461378
ENSFCAG00000008554:HGF	0	0	0	0	0	0	0	0	0	0.577605344715898	0.842295708092596	0.839583560045407	1	0.79923310495792	0.953673774733413	0.976909805970334	1	0.986384134240403	0.999909721461378
ENSFCAG00000040223:TBX3	0	0	0	0	0	0	0	0	0	0.564658830323577	0.89625451096783	0.840002528431105	1	0.79923310495792	0.953673774733413	0.976909805970334	1	0.986457286038335	0.999909721461378
ENSFCAG00000006882:ZNF384	0	0	0	0	0	0	0	0	0	0.570622494680378	0.872924051579444	0.840624901560067	1	0.79923310495792	0.953673774733413	0.976909805970334	1	0.986565566521219	0.999909721461378
ENSFCAG00000044781:ELN	0	0	0	0	0	0	0	0	0	0.581987478832116	0.836537603996766	0.84130827998056	1	0.79923310495792	0.953673774733413	0.976909805970334	1	0.986683929968624	0.999909721461378
ENSFCAG00000014440:COP1	0	0	0	0	0	0	0	0	0	0.578200159735383	0.850714515417316	0.841739927985559	1	0.79923310495792	0.953673774733413	0.976909805970334	1	0.986758406788491	0.999909721461378
ENSFCAG00000027102:GAB1	0	0	0	0	0	0	0	0	0	0.574553211954336	0.86656443268487	0.842252949139066	1	0.79923310495792	0.953673774733413	0.976909805970334	1	0.986846635915067	0.999909721461378
ENSFCAG00000025219:MRE11	0	0	0	0	0	0	0	0	0	0.578438391184009	0.853162652252552	0.842393637042475	1	0.79923310495792	0.953673774733413	0.976909805970334	1	0.986870776746711	0.999909721461378
ENSFCAG00000011809:ACSL3	0	0	0	0	0	0	0	0	0	0.576027120887419	0.86356684097761	0.842727508342753	1	0.79923310495792	0.953673774733413	0.976909805970334	1	0.986927972148853	0.999909721461378
ENSFCAG00000023797:SUZ12	0	0	0	0	0	0	0	0	0	0.577578918363837	0.8605017482088	0.843225364992371	1	0.79923310495792	0.953673774733413	0.976909805970334	1	0.987013014173529	0.999909721461378
ENSFCAG00000045924:FBXO31	0	0	0	0	0	0	0	0	0	0.572726897452036	0.882283745146306	0.843638270725624	1	0.79923310495792	0.953673774733413	0.976909805970334	1	0.987083322202103	0.999909721461378
ENSFCAG00000024456:MDM2	0	0	0	0	0	0	0	0	0	0.576555419205996	0.86916219099414	0.844101608553214	1	0.79923310495792	0.953673774733413	0.976909805970334	1	0.987161976999434	0.999909721461378
ENSFCAG00000003492:CTCF	0	0	0	0	0	0	0	0	0	0.575086097612186	0.875095506934184	0.844107859167931	1	0.79923310495792	0.953673774733413	0.976909805970334	1	0.987163036345489	0.999909721461378
ENSFCAG00000002630:PPM1F	0	0	0	0	0	0	0	0	0	0.576779398595457	0.868424172316536	0.84412547063983	1	0.79923310495792	0.953673774733413	0.976909805970334	1	0.98716602086592	0.999909721461378
ENSFCAG00000024086:NRG1	0	0	0	0	0	0	0	0	0	0.577740005372313	0.869568347389105	0.844989910948758	1	0.79923310495792	0.953673774733413	0.976909805970334	1	0.987312061378457	0.999909721461378
ENSFCAG00000022073:DTX1	0	0	0	0	0	0	0	0	0	0.574458827241668	0.891229629198578	0.846210081683094	1	0.79923310495792	0.953673774733413	0.976909805970334	1	0.987516694913488	0.999909721461378
ENSFCAG00000011030:PIK3R1	0	0	0	0	0	0	0	0	0	0.584507085517256	0.852707782382879	0.846424066163457	1	0.79923310495792	0.953673774733413	0.976909805970334	1	0.987552400620746	0.999909721461378
ENSFCAG00000042862:SFPQ	0	0	0	0	0	0	0	0	0	0.579252171033428	0.874260776758671	0.846841676649188	1	0.79923310495792	0.953673774733413	0.976909805970334	1	0.987621927811351	0.999909721461378
ENSFCAG00000014214:SYK	1	0	0	0	0	0	0	0	0	0.581653005926495	0.866059891640715	0.847040926159049	1	0.79923310495792	0.953673774733413	0.976909805970334	1	0.98765502791517	0.999909721461378
ENSFCAG00000015395:BTK	0	0	0	0	0	0	0	0	0	0.587005342090321	0.848218146971685	0.847186147837551	1	0.79923310495792	0.953673774733413	0.976909805970334	1	0.987679123175721	0.999909721461378
ENSFCAG00000006532:GTSE1	0	0	0	0	0	0	0	0	0	0.577436286172165	0.884384286373382	0.847241643759242	1	0.79923310495792	0.953673774733413	0.976909805970334	1	0.987688324515134	0.999909721461378
ENSFCAG00000026205:ZBTB16	0	0	0	0	0	0	0	0	0	0.577560938484962	0.888305719752133	0.847929189253092	1	0.79923310495792	0.953673774733413	0.976909805970334	1	0.987802019572142	0.999909721461378
ENSFCAG00000005955:PAK5	0	0	0	0	0	0	0	0	0	0.581574160803507	0.876976027119308	0.848887872775983	1	0.79923310495792	0.953673774733413	0.976909805970334	1	0.987959620484413	0.999909721461378
ENSFCAG00000012034:SETDB2	0	0	0	0	0	0	0	0	0	0.585463649980361	0.862795782206019	0.849020213467687	1	0.79923310495792	0.953673774733413	0.976909805970334	1	0.987981291302555	0.999909721461378
ENSFCAG00000031674:TCF12	0	0	0	0	0	0	0	0	0	0.586770985091583	0.859011885073315	0.849182347904116	1	0.79923310495792	0.953673774733413	0.976909805970334	1	0.988007812736005	0.999909721461378
ENSFCAG00000008744:SEPTIN6	1	0	0	0	0	0	0	0	0	0.582550105908271	0.878422696173931	0.849792894829878	1	0.79923310495792	0.953673774733413	0.976909805970334	1	0.988107406329605	0.999909721461378
ENSFCAG00000025339:DDX3X	0	0	0	0	0	0	0	0	0	0.588955722601884	0.855323853127988	0.849924215214325	1	0.79923310495792	0.953673774733413	0.976909805970334	1	0.988128770232336	0.999909721461378
ENSFCAG00000023537:MLLT1	0	0	0	0	0	0	0	0	0	0.582629632849252	0.879415529547406	0.850010002769368	1	0.79923310495792	0.953673774733413	0.976909805970334	1	0.988142715653623	0.999909721461378
ENSFCAG00000042003:ASPSCR1	0	0	0	0	0	0	0	0	0	0.583865760226748	0.875209726683341	0.85014999871617	1	0.79923310495792	0.953673774733413	0.976909805970334	1	0.988165454469598	0.999909721461378
ENSFCAG00000025248:ARAF	0	0	0	0	0	0	0	0	0	0.586494548789227	0.867621651514801	0.85059886410096	1	0.79923310495792	0.953673774733413	0.976909805970334	1	0.988238205911585	0.999909721461378
ENSFCAG00000007992:EZR	0	0	0	0	0	0	0	0	0	0.588906222589089	0.859391369077985	0.850682895935217	1	0.79923310495792	0.953673774733413	0.976909805970334	1	0.988251799341212	0.999909721461378
ENSFCAG00000006991:SRC	0	0	0	0	0	0	0	0	0	0.587796748774424	0.864263677032378	0.85085950324619	1	0.79923310495792	0.953673774733413	0.976909805970334	1	0.988280341210606	0.999909721461378
ENSFCAG00000030253:PATZ1	0	0	0	0	0	0	0	0	0	0.579925247656935	0.900719518876284	0.851327948272852	1	0.79923310495792	0.953673774733413	0.976909805970334	1	0.988355870023081	0.999909721461378
ENSFCAG00000004243:EWSR1	0	0	0	0	0	0	0	0	0	0.594491959356247	0.846531725452905	0.851787266676416	1	0.79923310495792	0.953673774733413	0.976909805970334	1	0.988429677042641	0.999909721461378
ENSFCAG00000006344:CD276	1	0	0	0	0	0	0	0	0	0.584294412453898	0.885452352472154	0.852104178527827	1	0.79923310495792	0.953673774733413	0.976909805970334	1	0.988480456610038	0.999909721461378
ENSFCAG00000018774:TCF7L2	0	0	0	0	0	0	0	0	0	0.591559937493154	0.857634072119644	0.85210607291728	1	0.79923310495792	0.953673774733413	0.976909805970334	1	0.988480759798304	0.999909721461378
ENSFCAG00000023514:TCF3	0	0	0	0	0	0	0	0	0	0.590121485679739	0.862889059426731	0.852155005574102	1	0.79923310495792	0.953673774733413	0.976909805970334	1	0.988488589784247	0.999909721461378
ENSFCAG00000012518:KEAP1	0	0	0	0	0	0	0	0	0	0.585622073113364	0.881364798665566	0.852356167280233	1	0.79923310495792	0.953673774733413	0.976909805970334	1	0.988520749267908	0.999909721461378
ENSFCAG00000007459:GAB2	0	0	0	0	0	0	0	0	0	0.588170097256159	0.871607178997639	0.852430803377194	1	0.79923310495792	0.953673774733413	0.976909805970334	1	0.988532669176676	0.999909721461378
ENSFCAG00000012383:MPEG1	0	0	0	0	0	0	0	0	0	0.581778024656141	0.899787048952851	0.852474289451492	1	0.79923310495792	0.953673774733413	0.976909805970334	1	0.988539611195103	0.999909721461378
ENSFCAG00000011053:PLK2	0	0	0	0	0	0	0	0	0	0.590158362080346	0.866983187984202	0.852934345014323	1	0.79923310495792	0.953673774733413	0.976909805970334	1	0.988612917572106	0.999909721461378
ENSFCAG00000035160:FNBP1	0	0	0	0	0	0	0	0	0	0.59360531779728	0.856043708836103	0.853144074673102	1	0.79923310495792	0.953673774733413	0.976909805970334	1	0.988646254052727	0.999909721461378
ENSFCAG00000010330:FUBP1	0	0	0	0	0	0	0	0	0	0.597529634323912	0.843700811136998	0.853165280999738	1	0.79923310495792	0.953673774733413	0.976909805970334	1	0.988649621923066	0.999909721461378
ENSFCAG00000029123:PICALM	0	0	0	0	0	0	0	0	0	0.593036500002557	0.85886485961698	0.853320048099765	1	0.79923310495792	0.953673774733413	0.976909805970334	1	0.98867418520911	0.999909721461378
ENSFCAG00000026299:RAF1	0	0	0	0	0	0	0	0	0	0.593615360329538	0.861483886243896	0.854202793162896	1	0.79923310495792	0.953673774733413	0.976909805970334	1	0.988813750324722	0.999909721461378
ENSFCAG00000014304:ASMTL	0	0	0	0	0	0	0	0	0	0.590469359360806	0.874081899156854	0.854395606595579	1	0.79923310495792	0.953673774733413	0.976909805970334	1	0.988844113388181	0.999909721461378
ENSFCAG00000011327:FAF1	0	0	0	0	0	0	0	0	0	0.595889599468208	0.855328738120589	0.854500612799693	1	0.79923310495792	0.953673774733413	0.976909805970334	1	0.988860630812091	0.999909721461378
ENSFCAG00000006633:CLP1	0	0	0	0	0	0	0	0	0	0.58613417774255	0.899849735406603	0.855448959084501	1	0.79923310495792	0.953673774733413	0.976909805970334	1	0.989009220886729	0.999909721461378
ENSFCAG00000002431:RXRA	1	0	0	0	0	0	0	0	0	0.588299212386973	0.89023373800423	0.85553734429523	1	0.79923310495792	0.953673774733413	0.976909805970334	1	0.98902301580216	0.999909721461378
ENSFCAG00000015112:MPL	0	0	0	0	0	0	0	0	0	0.596275168801244	0.859849048344037	0.855635890329888	1	0.79923310495792	0.953673774733413	0.976909805970334	1	0.98903838582455	0.999909721461378
ENSFCAG00000030227:FOXO3	1	0	0	0	0	0	0	0	0	0.586109485561799	0.904639352667238	0.856067861398287	1	0.79923310495792	0.953673774733413	0.976909805970334	1	0.989105625564433	0.999909721461378
ENSFCAG00000014348:TEC	0	0	0	0	0	0	0	0	0	0.60058621031069	0.852503142800296	0.856982715263062	1	0.79923310495792	0.953673774733413	0.976909805970334	1	0.989247310340107	0.999909721461378
ENSFCAG00000004287:PTPN6	0	0	0	0	0	0	0	0	0	0.597911710524498	0.862278226796961	0.857166873307653	1	0.79923310495792	0.953673774733413	0.976909805970334	1	0.989275713052188	0.999909721461378
ENSFCAG00000004303:WDCP	0	0	0	0	0	0	0	0	0	0.588897382236376	0.899546073541739	0.857271238490549	1	0.79923310495792	0.953673774733413	0.976909805970334	1	0.989291791738645	0.999909721461378
ENSFCAG00000027069:GATA6	0	0	0	0	0	0	0	0	0	0.590598167823801	0.894483729214106	0.85770102689401	1	0.79923310495792	0.953673774733413	0.976909805970334	1	0.989357871827018	0.999909721461378
ENSFCAG00000030862:NR4A3	0	0	0	0	0	0	0	0	0	0.592785674131959	0.886871609418213	0.85802234430288	1	0.79923310495792	0.953673774733413	0.976909805970334	1	0.989407133771397	0.999909721461378
ENSFCAG00000000765:FOXO1	0	0	0	0	0	0	0	0	0	0.589755262535839	0.903454782532667	0.858371218317436	1	0.79923310495792	0.953673774733413	0.976909805970334	1	0.989460484235945	0.999909721461378
ENSFCAG00000007271:FLYWCH1	0	0	0	0	0	0	0	0	0	0.592594221004377	0.890652651352399	0.858469593211112	1	0.79923310495792	0.953673774733413	0.976909805970334	1	0.989475502276737	0.999909721461378
ENSFCAG00000012781:SHQ1	0	0	0	0	0	0	0	0	0	0.598464583461376	0.871485158844422	0.859210085776568	1	0.79923310495792	0.953673774733413	0.976909805970334	1	0.989588185144755	0.999909721461378
ENSFCAG00000009182:LCP1	0	0	0	0	0	0	0	0	0	0.599136564419795	0.870286342131412	0.859434765372125	1	0.79923310495792	0.953673774733413	0.976909805970334	1	0.989622249060972	0.999909721461378
ENSFCAG00000030888:RECQL	0	0	0	0	0	0	0	0	0	0.600668398658156	0.86495062358093	0.85945665871737	1	0.79923310495792	0.953673774733413	0.976909805970334	1	0.989625565193836	0.999909721461378
ENSFCAG00000009739:ELL	0	0	0	0	0	0	0	0	0	0.599654093902841	0.872923307835728	0.860236280509218	1	0.79923310495792	0.953673774733413	0.976909805970334	1	0.989743289225484	0.999909721461378
ENSFCAG00000013314:TIPARP	0	0	0	0	0	0	0	0	0	0.596093915251872	0.887127364407958	0.860247196621553	1	0.79923310495792	0.953673774733413	0.976909805970334	1	0.989744932557098	0.999909721461378
ENSFCAG00000012963:SAMHD1	0	0	0	0	0	0	0	0	0	0.601161424493813	0.867888133713402	0.860315341627172	1	0.79923310495792	0.953673774733413	0.976909805970334	1	0.989755188100119	0.999909721461378
ENSFCAG00000004384:TGFBR2	0	0	0	0	0	0	0	0	0	0.5965913343793	0.887741228289814	0.860668742759476	1	0.79923310495792	0.953673774733413	0.976909805970334	1	0.989808286944771	0.999909721461378
ENSFCAG00000012430:ATM	0	1	0	0	0	1.5424436614393	0	0	0	0.686204160765796	0.712102451446738	0.860935581346267	1	0.79923310495792	0.953673774733413	0.976909805970334	1	0.989848283535819	0.999909721461378
ENSFCAG00000009399:SEPTIN9	0	0	0	0	0	0	0	0	0	0.598393682107169	0.888473601526505	0.861962031782235	1	0.79923310495792	0.953673774733413	0.976909805970334	1	0.990001368053646	0.999909721461378
ENSFCAG00000009752:CRTC1	0	0	0	0	0	0	0	0	0	0.603049992143608	0.871195910419835	0.862127125039104	1	0.79923310495792	0.953673774733413	0.976909805970334	1	0.990025875866324	0.999909721461378
ENSFCAG00000015088:KLHL6	0	0	0	0	0	0	0	0	0	0.598645090365542	0.888676067665278	0.86215726173648	1	0.79923310495792	0.953673774733413	0.976909805970334	1	0.990030346195272	0.999909721461378
ENSFCAG00000041774:BIRC3	0	0	0	0	0	0	0	0	0	0.601333748854379	0.879236246940722	0.862400910763086	1	0.79923310495792	0.953673774733413	0.976909805970334	1	0.990066449206069	0.999909721461378
ENSFCAG00000009952:ITK	0	0	0	0	0	0	0	0	0	0.609188486597667	0.852470197103821	0.862458438950487	1	0.79923310495792	0.953673774733413	0.976909805970334	1	0.990074963473875	0.999909721461378
ENSFCAG00000045801:ZBTB7A	0	0	0	0	0	0	0	0	0	0.593761934213009	0.915779972104168	0.862565323426412	1	0.79923310495792	0.953673774733413	0.976909805970334	1	0.990090772367171	0.999909721461378
ENSFCAG00000003915:PPP2R1A	0	0	0	0	0	0	0	0	0	0.604110558548475	0.874322283601995	0.863356831275296	1	0.79923310495792	0.953673774733413	0.976909805970334	1	0.990207429325743	0.999909721461378
ENSFCAG00000018167:TAF15	0	0	0	0	0	0	0	0	0	0.618620799736469	0.831670515814683	0.86373204960597	1	0.79923310495792	0.953673774733413	0.976909805970334	1	0.990262477578935	0.999909721461378
ENSFCAG00000008222:RPN1	0	0	0	0	0	0	0	0	0	0.600886411163421	0.892047768380897	0.864124837603944	1	0.79923310495792	0.953673774733413	0.976909805970334	1	0.99031992884984	0.999909721461378
ENSFCAG00000002807:SOX10	0	0	0	0	0	0	0	0	0	0.600779289379781	0.893991204688121	0.864340845623394	1	0.79923310495792	0.953673774733413	0.976909805970334	1	0.990351447240182	0.999909721461378
ENSFCAG00000003177:SH2B3	0	0	0	0	0	0	0	0	0	0.602024171112088	0.889834231033608	0.864530828853213	1	0.79923310495792	0.953673774733413	0.976909805970334	1	0.990379123654777	0.999909721461378
ENSFCAG00000022148:FIP1L1	0	0	0	0	0	0	0	0	0	0.612167971017877	0.854203185345976	0.864679970452542	1	0.79923310495792	0.953673774733413	0.976909805970334	1	0.990400821082289	0.999909721461378
ENSFCAG00000010997:PRKAR1A	0	0	0	0	0	0	0	0	0	0.606180180888572	0.874603381263864	0.864729949426384	1	0.79923310495792	0.953673774733413	0.976909805970334	1	0.990408086371638	0.999909721461378
ENSFCAG00000009695:PTPN11	0	0	0	0	0	0	0	0	0	0.609646080640186	0.866997375940851	0.865570247122242	1	0.79923310495792	0.953673774733413	0.976909805970334	1	0.99052980542758	0.999909721461378
ENSFCAG00000013473:RAD21	0	0	0	0	0	0	0	0	0	0.608709902503226	0.870460216327887	0.865607851557985	1	0.79923310495792	0.953673774733413	0.976909805970334	1	0.990535233440685	0.999909721461378
ENSFCAG00000001108:SETD3	0	0	0	0	0	0	0	0	0	0.608789120587304	0.870336521844472	0.865635814877952	1	0.79923310495792	0.953673774733413	0.976909805970334	1	0.990539268747639	0.999909721461378
ENSFCAG00000009638:HNF1A	0	0	0	0	0	0	0	0	0	0.605896933010041	0.883751841019067	0.866074635645013	1	0.79923310495792	0.953673774733413	0.976909805970334	1	0.990602475425237	0.999909721461378
ENSFCAG00000004249:NF2	0	0	0	0	0	0	0	0	0	0.612606236530086	0.862143614631969	0.86651778727853	1	0.79923310495792	0.953673774733413	0.976909805970334	1	0.9906660802676	0.999909721461378
ENSFCAG00000009580:PAX8	0	0	0	0	0	0	0	0	0	0.607466588452031	0.880586201274095	0.866561341603926	1	0.79923310495792	0.953673774733413	0.976909805970334	1	0.990672319316302	0.999909721461378
ENSFCAG00000026908:PRKCI	0	0	0	0	0	0	0	0	0	0.613311871725388	0.860916532244038	0.866722393867407	1	0.79923310495792	0.953673774733413	0.976909805970334	1	0.990695370639748	0.999909721461378
ENSFCAG00000023085:CRTC3	0	0	0	0	0	0	0	0	0	0.61024465569119	0.873320191489101	0.867084957787852	1	0.79923310495792	0.953673774733413	0.976909805970334	1	0.990747154707715	0.999909721461378
ENSFCAG00000012180:AKT2	0	0	0	0	0	0	0	0	0	0.61030837779701	0.873805770239435	0.86721018645712	1	0.79923310495792	0.953673774733413	0.976909805970334	1	0.990765005567066	0.999909721461378
ENSFCAG00000006814:LPP	0	0	0	0	0	0	0	0	0	0.607615383660746	0.88438069925468	0.867272111305497	1	0.79923310495792	0.953673774733413	0.976909805970334	1	0.990773826030964	0.999909721461378
ENSFCAG00000023460:ELF4	0	0	0	0	0	0	0	0	0	0.605737553712058	0.89226235277558	0.867287196563307	1	0.79923310495792	0.953673774733413	0.976909805970334	1	0.990775974078158	0.999909721461378
ENSFCAG00000044117:FANCG	0	0	0	0	0	0	0	0	0	0.613366786866479	0.865599558746001	0.867646223292432	1	0.79923310495792	0.953673774733413	0.976909805970334	1	0.990827019834218	0.999909721461378
ENSFCAG00000028670:ETV5	0	0	0	0	0	0	0	0	0	0.612463201784422	0.870516880030497	0.867981842145254	1	0.79923310495792	0.953673774733413	0.976909805970334	1	0.990874603150748	0.999909721461378
ENSFCAG00000030907:MAP3K7	0	0	0	0	0	0	0	0	0	0.614833909863123	0.864283642570545	0.868313061735173	1	0.79923310495792	0.953673774733413	0.976909805970334	1	0.990921435517161	0.999909721461378
ENSFCAG00000013821:MSN	0	0	0	0	0	0	0	0	0	0.613347780088456	0.87247383226291	0.868884472292409	1	0.79923310495792	0.953673774733413	0.976909805970334	1	0.991001932405958	0.999909721461378
ENSFCAG00000011854:ALB	0	0	0	0	0	0	0	0	0	0.615645660084756	0.865739255820053	0.869090353436415	1	0.79923310495792	0.953673774733413	0.976909805970334	1	0.991030843603411	0.999909721461378
ENSFCAG00000023350:FYN	0	0	0	0	0	0	0	0	0	0.613977349804421	0.872308425743237	0.869248404983791	1	0.79923310495792	0.953673774733413	0.976909805970334	1	0.991053005158529	0.999909721461378
ENSFCAG00000006864:GPC3	0	0	0	0	0	0	0	0	0	0.612025435280937	0.884492914622595	0.870081073882997	1	0.79923310495792	0.953673774733413	0.976909805970334	1	0.99116928531925	0.999909721461378
ENSFCAG00000011506:PAK3	0	0	0	0	0	0	0	0	0	0.615868211769758	0.872785206510357	0.870509773067243	1	0.79923310495792	0.953673774733413	0.976909805970334	1	0.99122884131077	0.999909721461378
ENSFCAG00000002012:ARID3B	0	0	0	0	0	0	0	0	0	0.610951978820146	0.891861971049946	0.870545716110844	1	0.79923310495792	0.953673774733413	0.976909805970334	1	0.991233825016784	0.999909721461378
ENSFCAG00000027549:NCOA4	0	0	0	0	0	0	0	0	0	0.615824786266451	0.874978918409043	0.87086754371272	1	0.79923310495792	0.953673774733413	0.976909805970334	1	0.991278382107611	0.999909721461378
ENSFCAG00000009216:ATIC	0	0	0	0	0	0	0	0	0	0.616212468398967	0.87366393377801	0.870878342351987	1	0.79923310495792	0.953673774733413	0.976909805970334	1	0.991279875118703	0.999909721461378
ENSFCAG00000029098:RAP1GDS1	0	0	0	0	0	0	0	0	0	0.614833045279445	0.878703627896002	0.870887999600352	1	0.79923310495792	0.953673774733413	0.976909805970334	1	0.991281210208598	0.999909721461378
ENSFCAG00000003706:FANCC	0	0	0	0	0	0	0	0	0	0.621161687446991	0.863826441160111	0.872123800266617	1	0.79923310495792	0.953673774733413	0.976909805970334	1	0.99145117324545	0.999909721461378
ENSFCAG00000013654:PHF1	0	0	0	0	0	0	0	0	0	0.61946801272995	0.873754411520337	0.872904352445849	1	0.79923310495792	0.953673774733413	0.976909805970334	1	0.991557622239253	0.999909721461378
ENSFCAG00000014426:ESCO2	0	0	0	0	0	0	0	0	0	0.617220104583573	0.885315222015415	0.873456255054537	1	0.79923310495792	0.953673774733413	0.976909805970334	1	0.991632467533342	0.999909721461378
ENSFCAG00000005890:SLC1A2	0	0	0	0	0	0	0	0	0	0.615437139175995	0.893785271892858	0.873647464920301	1	0.79923310495792	0.953673774733413	0.976909805970334	1	0.991658316771151	0.999909721461378
ENSFCAG00000022796:PGBD5	0	0	0	0	0	0	0	0	0	0.615256257475473	0.897581032873187	0.874084235487938	1	0.79923310495792	0.953673774733413	0.976909805970334	1	0.991717205854497	0.999909721461378
ENSFCAG00000029143:MAPKAP1	0	0	0	0	0	0	0	0	0	0.622321223830795	0.871259030112929	0.874206273378599	1	0.79923310495792	0.953673774733413	0.976909805970334	1	0.991733621015321	0.999909721461378
ENSFCAG00000006925:PARP2	0	0	0	0	0	0	0	0	0	0.623167447188346	0.868570261501688	0.874232185901941	1	0.79923310495792	0.953673774733413	0.976909805970334	1	0.991737104282949	0.999909721461378
ENSFCAG00000012902:FANCE	0	0	0	0	0	0	0	0	0	0.617412853866349	0.891280781302093	0.874502559511627	1	0.79923310495792	0.953673774733413	0.976909805970334	1	0.991773403200186	0.999909721461378
ENSFCAG00000043801:ZNF703	0	0	0	0	0	0	0	0	0	0.611846495761169	0.920088043204519	0.874783428222954	1	0.79923310495792	0.953673774733413	0.976909805970334	1	0.991811022611348	0.999909721461378
ENSFCAG00000041932:RUNX2	0	0	0	0	0	0	0	0	0	0.619536425076014	0.885044353233671	0.874844110912642	1	0.79923310495792	0.953673774733413	0.976909805970334	1	0.991819138572184	0.999909721461378
ENSFCAG00000002574:TFE3	0	0	0	0	0	0	0	0	0	0.619301819726067	0.887262158549827	0.875051295358762	1	0.79923310495792	0.953673774733413	0.976909805970334	1	0.991846816583627	0.999909721461378
ENSFCAG00000000389:TRAF2	0	0	0	0	0	0	0	0	0	0.619749392899407	0.88620079745435	0.875159527089361	1	0.79923310495792	0.953673774733413	0.976909805970334	1	0.99186125587952	0.999909721461378
ENSFCAG00000014365:CHEK2	0	0	0	0	0	0	0	0	0	0.623792442623474	0.87196058035956	0.87522673297633	1	0.79923310495792	0.953673774733413	0.976909805970334	1	0.991870215143168	0.999909721461378
ENSFCAG00000008473:NFIB	0	0	0	0	0	0	0	0	0	0.622717933967134	0.876013407656544	0.875287370089357	1	0.79923310495792	0.953673774733413	0.976909805970334	1	0.991878294290385	0.999909721461378
ENSFCAG00000013874:SGK1	0	0	0	0	0	0	0	0	0	0.62279596199642	0.876811267410859	0.875472669718939	1	0.79923310495792	0.953673774733413	0.976909805970334	1	0.991902957148596	0.999909721461378
ENSFCAG00000009146:PARP3	0	0	0	0	0	0	0	0	0	0.62211431242126	0.880076596534703	0.87561129950947	1	0.79923310495792	0.953673774733413	0.976909805970334	1	0.991921382735497	0.999909721461378
ENSFCAG00000039893:CHN1	0	0	0	0	0	0	0	0	0	0.626788050848197	0.867343770964846	0.87619305028467	1	0.79923310495792	0.953673774733413	0.976909805970334	1	0.99199846522815	0.999909721461378
ENSFCAG00000042921:IKZF1	0	0	0	0	0	0	0	0	0	0.619586449764628	0.895806597151585	0.876517491059605	1	0.79923310495792	0.953673774733413	0.976909805970334	1	0.992041286127198	0.999909721461378
ENSFCAG00000024950:ARID5A	0	0	0	0	0	0	0	0	0	0.615800877440878	0.91414153789382	0.876588071216797	1	0.79923310495792	0.953673774733413	0.976909805970334	1	0.992050585652862	0.999909721461378
ENSFCAG00000013705:NT5C2	0	0	0	0	0	0	0	0	0	0.628533640415602	0.863985118132008	0.876606082646318	1	0.79923310495792	0.953673774733413	0.976909805970334	1	0.992052957899079	0.999909721461378
ENSFCAG00000012482:LCK	0	0	0	0	0	0	0	0	0	0.625715409774798	0.878507207855681	0.877533977167857	1	0.79923310495792	0.953673774733413	0.976909805970334	1	0.992174668417498	0.999909721461378
ENSFCAG00000031995:SESN1	0	0	0	0	0	0	0	0	0	0.625954180922764	0.878822751385314	0.877731800299502	1	0.79923310495792	0.953673774733413	0.976909805970334	1	0.992200489657041	0.999909721461378
ENSFCAG00000008018:REL	0	0	0	0	0	0	0	0	0	0.625984962578757	0.880061601087918	0.877959484919414	1	0.79923310495792	0.953673774733413	0.976909805970334	1	0.992230153436019	0.999909721461378
ENSFCAG00000029740:SHOC2	0	0	0	0	0	0	0	0	0	0.621892250908654	0.899633630462047	0.878481064489824	1	0.79923310495792	0.953673774733413	0.976909805970334	1	0.992297884637197	0.999909721461378
ENSFCAG00000002126:TRAF5	0	0	0	0	0	0	0	0	0	0.626364876130286	0.884270500607762	0.878883206562338	1	0.79923310495792	0.953673774733413	0.976909805970334	1	0.992349894506277	0.999909721461378
ENSFCAG00000012147:NFE2L2	1	0	0	0	0	0	0	0	0	0.6229925388962	0.898042324194673	0.878930035789652	1	0.79923310495792	0.953673774733413	0.976909805970334	1	0.992355939064659	0.999909721461378
ENSFCAG00000027928:FUS	0	0	0	0	0	0	0	0	0	0.635452630505874	0.855411186657076	0.87900129770823	1	0.79923310495792	0.953673774733413	0.976909805970334	1	0.992365132524995	0.999909721461378
ENSFCAG00000006724:SLC45A3	0	0	0	0	0	0	0	0	0	0.620475456845008	0.910868719580837	0.879093003027112	1	0.79923310495792	0.953673774733413	0.976909805970334	1	0.992376954875954	0.999909721461378
ENSFCAG00000028455:PRF1	0	0	0	0	0	0	0	0	0	0.620500008682148	0.912986730543874	0.879367842712096	1	0.79923310495792	0.953673774733413	0.976909805970334	1	0.992412329018442	0.999909721461378
ENSFCAG00000005257:SMAD4	0	0	0	0	0	0	0	0	0	0.628749530492969	0.879899264321369	0.879595070568383	1	0.79923310495792	0.953673774733413	0.976909805970334	1	0.992441510256391	0.999909721461378
ENSFCAG00000004957:AKT1	0	0	0	0	0	0	0	0	0	0.62883471825836	0.879897154869893	0.879645742849221	1	0.79923310495792	0.953673774733413	0.976909805970334	1	0.992448009727408	0.999909721461378
ENSFCAG00000000348:CDC73	0	0	0	0	0	0	0	0	0	0.633979914732137	0.864031938447673	0.879843438576978	1	0.79923310495792	0.953673774733413	0.976909805970334	1	0.992473339226343	0.999909721461378
ENSFCAG00000026440:TRIM27	0	0	0	0	0	0	0	0	0	0.627527743112257	0.888038892794938	0.880185109509533	1	0.79923310495792	0.953673774733413	0.976909805970334	1	0.992517010633714	0.999909721461378
ENSFCAG00000022789:CCT6B	0	0	0	0	0	0	0	0	0	0.629760343673599	0.879854891693477	0.880192252046468	1	0.79923310495792	0.953673774733413	0.976909805970334	1	0.992517922157025	0.999909721461378
ENSFCAG00000004158:PAK1	0	0	0	0	0	0	0	0	0	0.629873244602308	0.880196092587049	0.880317138710471	1	0.79923310495792	0.953673774733413	0.976909805970334	1	0.992533850700157	0.999909721461378
ENSFCAG00000028305:FOXA1	1	0	0	0	0	0	0	0	0	0.624534359339286	0.901656641232955	0.880375824664003	1	0.79923310495792	0.953673774733413	0.976909805970334	1	0.992541329621643	0.999909721461378
ENSFCAG00000008765:PAX7	0	0	0	0	0	0	0	0	0	0.626674195997139	0.893006478985185	0.88043177383933	1	0.79923310495792	0.953673774733413	0.976909805970334	1	0.992548456126262	0.999909721461378
ENSFCAG00000030898:NADK	0	0	0	0	0	0	0	0	0	0.629872598559441	0.882524996457261	0.880704563321482	1	0.79923310495792	0.953673774733413	0.976909805970334	1	0.992583151657932	0.999909721461378
ENSFCAG00000012483:HDAC1	0	0	0	0	0	0	0	0	0	0.632027540246273	0.875183946696133	0.880737624312738	1	0.79923310495792	0.953673774733413	0.976909805970334	1	0.992587350876009	0.999909721461378
ENSFCAG00000038609:FCRL4	0	0	0	0	0	0	0	0	0	0.630047657593293	0.883553361778363	0.880977942722033	1	0.79923310495792	0.953673774733413	0.976909805970334	1	0.992617837452015	0.999909721461378
ENSFCAG00000029172:KMT5A	0	0	0	0	0	0	0	0	0	0.626412007047511	0.89987405645313	0.881268314447017	1	0.79923310495792	0.953673774733413	0.976909805970334	1	0.992654586289871	0.999909721461378
ENSFCAG00000013380:ATP6V1B2	0	0	0	0	0	0	0	0	0	0.633387604695463	0.874258203151719	0.881379041686403	1	0.79923310495792	0.953673774733413	0.976909805970334	1	0.992668574497753	0.999909721461378
ENSFCAG00000009924:IL21R	0	0	0	0	0	0	0	0	0	0.630393368174061	0.886071170509048	0.88159143043287	1	0.79923310495792	0.953673774733413	0.976909805970334	1	0.992695366706977	0.999909721461378
ENSFCAG00000030101:ERF	0	0	0	0	0	0	0	0	0	0.625857498899381	0.906814330558969	0.881870208767422	1	0.79923310495792	0.953673774733413	0.976909805970334	1	0.992730456108557	0.999909721461378
ENSFCAG00000010770:CSF1	0	0	0	0	0	0	0	0	0	0.630141631052604	0.892247078573677	0.882401650826115	1	0.79923310495792	0.953673774733413	0.976909805970334	1	0.992797103797205	0.999909721461378
ENSFCAG00000000308:WT1	0	0	0	0	0	0	0	0	0	0.633282417973231	0.880965186633777	0.882472012661948	1	0.79923310495792	0.953673774733413	0.976909805970334	1	0.992805903816338	0.999909721461378
ENSFCAG00000026263:ACVR1B	0	0	0	0	0	0	0	0	0	0.632671361424004	0.883949081636896	0.882603557288125	1	0.79923310495792	0.953673774733413	0.976909805970334	1	0.992822340800961	0.999909721461378
ENSFCAG00000008071:TMPRSS2	0	0	0	0	0	0	0	0	0	0.637211265688296	0.870112724596058	0.882875794005485	1	0.79923310495792	0.953673774733413	0.976909805970334	1	0.992856295510254	0.999909721461378
ENSFCAG00000000648:CREB3L2	0	0	0	0	0	0	0	0	0	0.632433564248822	0.886643387932384	0.882896987368065	1	0.79923310495792	0.953673774733413	0.976909805970334	1	0.992858935328996	0.999909721461378
ENSFCAG00000009461:SMARCD1	0	0	0	0	0	0	0	0	0	0.637380831678708	0.870783956809076	0.883097419626992	1	0.79923310495792	0.953673774733413	0.976909805970334	1	0.992883875765894	0.999909721461378
ENSFCAG00000022519:NAB2	0	0	0	0	0	0	0	0	0	0.631004172551116	0.896987340618255	0.883617926885107	1	0.79923310495792	0.953673774733413	0.976909805970334	1	0.992948431735258	0.999909721461378
ENSFCAG00000013396:SESN2	0	0	0	0	0	0	0	0	0	0.634616874696085	0.883382964036893	0.883660631403857	1	0.79923310495792	0.953673774733413	0.976909805970334	1	0.992953714555614	0.999909721461378
ENSFCAG00000034591:FRS2	0	0	0	0	0	0	0	0	0	0.632248106986837	0.895670468786323	0.884167388457303	1	0.79923310495792	0.953673774733413	0.976909805970334	1	0.993016246099963	0.999909721461378
ENSFCAG00000029939:SPRTN	0	0	0	0	0	0	0	0	0	0.633898301600139	0.88935449284085	0.88419147046149	1	0.79923310495792	0.953673774733413	0.976909805970334	1	0.993019210480589	0.999909721461378
ENSFCAG00000004913:EPOR	0	0	0	0	0	0	0	0	0	0.633702281349821	0.890993447830695	0.884328726631211	1	0.79923310495792	0.953673774733413	0.976909805970334	1	0.993036093542813	0.999909721461378
ENSFCAG00000018598:ETS1	0	0	0	0	0	0	0	0	0	0.637066818668209	0.881426822702785	0.884774615291782	1	0.79923310495792	0.953673774733413	0.976909805970334	1	0.993090792648614	0.999909721461378
ENSFCAG00000009235:YES1	0	0	0	0	0	0	0	0	0	0.639518043514372	0.873401611565383	0.884812714132731	1	0.79923310495792	0.953673774733413	0.976909805970334	1	0.993095455977548	0.999909721461378
ENSFCAG00000005262:STK40	0	0	0	0	0	0	0	0	0	0.635317187661448	0.889995354602813	0.885128018423007	1	0.79923310495792	0.953673774733413	0.976909805970334	1	0.993133986516302	0.999909721461378
ENSFCAG00000001845:GAS7	0	0	0	0	0	0	0	0	0	0.640418619491914	0.874824288177909	0.885587260056268	1	0.79923310495792	0.953673774733413	0.976909805970334	1	0.99318990543758	0.999909721461378
ENSFCAG00000036602:IKZF2	0	0	0	0	0	0	0	0	0	0.634601938020359	0.896822075527212	0.885730356086612	1	0.79923310495792	0.953673774733413	0.976909805970334	1	0.993207280657863	0.999909721461378
ENSFCAG00000003395:RPS6KB2	0	0	0	0	0	0	0	0	0	0.639429671912757	0.878965419117421	0.885734918480098	1	0.79923310495792	0.953673774733413	0.976909805970334	1	0.993207834259316	0.999909721461378
ENSFCAG00000040324:ZNF331	0	0	0	0	0	0	0	0	0	0.636365975040684	0.89164121868186	0.885997690335285	1	0.79923310495792	0.953673774733413	0.976909805970334	1	0.993239679381105	0.999909721461378
ENSFCAG00000002457:TBL1XR1	0	0	0	0	0	0	0	0	0	0.641355803442693	0.874295263705856	0.886034493072136	1	0.79923310495792	0.953673774733413	0.976909805970334	1	0.993244133254443	0.999909721461378
ENSFCAG00000005081:SESN3	1	0	0	0	0	0	0	0	0	0.639695236005671	0.882222062474986	0.886438407347896	1	0.79923310495792	0.953673774733413	0.976909805970334	1	0.993292914586918	0.999909721461378
ENSFCAG00000005490:FH	0	0	0	0	0	0	0	0	0	0.636719393652293	0.893319240686542	0.886459295285021	1	0.79923310495792	0.953673774733413	0.976909805970334	1	0.993295432248674	0.999909721461378
ENSFCAG00000026512:CRBN	0	0	0	0	0	0	0	0	0	0.642846156248912	0.872904334449532	0.886642778716518	1	0.79923310495792	0.953673774733413	0.976909805970334	1	0.993317526697002	0.999909721461378
ENSFCAG00000028662:PSIP1	0	0	0	0	0	0	0	0	0	0.643869896411568	0.870435622918454	0.886780193534768	1	0.79923310495792	0.953673774733413	0.976909805970334	1	0.993334048852856	0.999909721461378
ENSFCAG00000018794:CREB3L1	0	0	0	0	0	0	0	0	0	0.639156537869231	0.88856115423927	0.887151365287337	1	0.79923310495792	0.953673774733413	0.976909805970334	1	0.993378570490668	0.999909721461378
ENSFCAG00000004785:CBLC	0	0	0	0	0	0	0	0	0	0.639329151190936	0.88796021328268	0.887156977905057	1	0.79923310495792	0.953673774733413	0.976909805970334	1	0.993379242525866	0.999909721461378
ENSFCAG00000041799:E2F3	0	0	0	0	0	0	0	0	0	0.637080536047246	0.898669336089949	0.887455156088422	1	0.79923310495792	0.953673774733413	0.976909805970334	1	0.993414894290492	0.999909721461378
ENSFCAG00000022556:HLF	0	0	0	0	0	0	0	0	0	0.634512048972341	0.912742894778797	0.887808876079171	1	0.79923310495792	0.953673774733413	0.976909805970334	1	0.99345705701472	0.999909721461378
ENSFCAG00000001249:SUFU	0	0	0	0	0	0	0	0	0	0.640788580860794	0.886906408709394	0.887836200297917	1	0.79923310495792	0.953673774733413	0.976909805970334	1	0.993460308143179	0.999909721461378
ENSFCAG00000008054:ACVR1	0	0	0	0	0	0	0	0	0	0.640584707824813	0.887728144774048	0.8878489905302	1	0.79923310495792	0.953673774733413	0.976909805970334	1	0.993461829679561	0.999909721461378
ENSFCAG00000035050:YAP1	0	0	0	0	0	0	0	0	0	0.641415580685748	0.885783338499961	0.888018347566155	1	0.79923310495792	0.953673774733413	0.976909805970334	1	0.993481959158331	0.999909721461378
ENSFCAG00000007485:ERG	0	0	0	0	0	0	0	0	0	0.642558885769468	0.883459553714981	0.888298270974398	1	0.79923310495792	0.953673774733413	0.976909805970334	1	0.993515159552492	0.999909721461378
ENSFCAG00000002211:NTHL1	0	0	0	0	0	0	0	0	0	0.636765106379685	0.907662757810605	0.888496549143167	1	0.79923310495792	0.953673774733413	0.976909805970334	1	0.993538623018557	0.999909721461378
ENSFCAG00000040498:YY1	0	0	0	0	0	0	0	0	0	0.637267709653884	0.907045234317886	0.888711214838907	1	0.79923310495792	0.953673774733413	0.976909805970334	1	0.993563975836266	0.999909721461378
ENSFCAG00000030732:IKZF3	0	0	0	0	0	0	0	0	0	0.639982260701507	0.89669582332195	0.888864667917085	1	0.79923310495792	0.953673774733413	0.976909805970334	1	0.99358206743387	0.999909721461378
ENSFCAG00000013972:RASGEF1A	0	0	0	0	0	0	0	0	0	0.642995447792343	0.885834261559391	0.888937100814735	1	0.79923310495792	0.953673774733413	0.976909805970334	1	0.993590597822987	0.999909721461378
ENSFCAG00000001254:CYP17A1	0	0	0	0	0	0	0	0	0	0.640932680154517	0.896223486368924	0.889347252518382	1	0.79923310495792	0.953673774733413	0.976909805970334	1	0.993638789883792	0.999909721461378
ENSFCAG00000018126:WAS	0	0	0	0	0	0	0	0	0	0.645962630712421	0.879261083653634	0.889540411970162	1	0.79923310495792	0.953673774733413	0.976909805970334	1	0.993661420236772	0.999909721461378
ENSFCAG00000009909:ETV4	0	0	0	0	0	0	0	0	0	0.646280167029796	0.878450251916512	0.889581652676743	1	0.79923310495792	0.953673774733413	0.976909805970334	1	0.993666246519545	0.999909721461378
ENSFCAG00000011007:MSI1	0	0	0	0	0	0	0	0	0	0.644096746324246	0.886837075525748	0.889730711122642	1	0.79923310495792	0.953673774733413	0.976909805970334	1	0.993683674463527	0.999909721461378
ENSFCAG00000029513:ABI1	0	0	0	0	0	0	0	0	0	0.645080279833702	0.885106432779612	0.890013896378562	1	0.79923310495792	0.953673774733413	0.976909805970334	1	0.993716715757335	0.999909721461378
ENSFCAG00000024419:MITF	0	0	0	0	0	0	0	0	0	0.645900364935428	0.885153505445089	0.89048948488671	1	0.79923310495792	0.953673774733413	0.976909805970334	1	0.993772003430127	0.999909721461378
ENSFCAG00000042373:FLI1	0	0	0	0	0	0	0	0	0	0.645820783881266	0.886172010524531	0.890609265706892	1	0.79923310495792	0.953673774733413	0.976909805970334	1	0.993785888031338	0.999909721461378
ENSFCAG00000026462:VEGFA	1	0	0	0	0	0	0	0	0	0.644508269382134	0.891378785139994	0.890679876442237	1	0.79923310495792	0.953673774733413	0.976909805970334	1	0.993794065449406	0.999909721461378
ENSFCAG00000023859:CYP19A1	0	0	0	0	0	0	0	0	0	0.643295624773935	0.898007021596151	0.890971547673906	1	0.79923310495792	0.953673774733413	0.976909805970334	1	0.993827784535122	0.999909721461378
ENSFCAG00000018967:PAX3	0	0	0	0	0	0	0	0	0	0.64498228148951	0.892268249496178	0.89108757208956	1	0.79923310495792	0.953673774733413	0.976909805970334	1	0.99384117116264	0.999909721461378
ENSFCAG00000031216:CA5B	0	0	0	0	0	0	0	0	0	0.649793517971134	0.876469412494704	0.891223083306077	1	0.79923310495792	0.953673774733413	0.976909805970334	1	0.993856787006097	0.999909721461378
ENSFCAG00000043374:MYCN	0	0	0	0	0	0	0	0	0	0.638265232891296	0.924518199057901	0.891369117427373	1	0.79923310495792	0.953673774733413	0.976909805970334	1	0.99387359240602	0.999909721461378
ENSFCAG00000027765:HNRNPA2B1	0	0	0	0	0	0	0	0	0	0.650525181610871	0.875575811613182	0.891476314348151	1	0.79923310495792	0.953673774733413	0.976909805970334	1	0.993885913248765	0.999909721461378
ENSFCAG00000031493:FOXO4	0	0	0	0	0	0	0	0	0	0.639939907643656	0.918172827564253	0.891645218232805	1	0.79923310495792	0.953673774733413	0.976909805970334	1	0.99390530032102	0.999909721461378
ENSFCAG00000028016:KLF4	0	0	0	0	0	0	0	0	0	0.642231296068345	0.908261465782897	0.891761828431066	1	0.79923310495792	0.953673774733413	0.976909805970334	1	0.993918666365642	0.999909721461378
ENSFCAG00000013722:STK11	0	0	0	0	0	0	0	0	0	0.647254739899132	0.893000137865619	0.892494846451723	1	0.79923310495792	0.953673774733413	0.976909805970334	1	0.994002336933984	0.999909721461378
ENSFCAG00000014980:PLAG1	0	0	0	0	0	0	0	0	0	0.6412280395928	0.920104564062202	0.892615464870057	1	0.79923310495792	0.953673774733413	0.976909805970334	1	0.994016047263995	0.999909721461378
ENSFCAG00000041254:CCDC6	0	0	0	0	0	0	0	0	0	0.650016253902047	0.886348270715132	0.893014475077391	1	0.79923310495792	0.953673774733413	0.976909805970334	1	0.994061285416682	0.999909721461378
ENSFCAG00000011521:TFEB	0	0	0	0	0	0	0	0	0	0.647859074946489	0.895605351123588	0.893228780908678	1	0.79923310495792	0.953673774733413	0.976909805970334	1	0.994085508942318	0.999909721461378
ENSFCAG00000028288:PRCC	0	0	0	0	0	0	0	0	0	0.646819736284574	0.900324772395798	0.893320813786924	1	0.79923310495792	0.953673774733413	0.976909805970334	1	0.994095895867023	0.999909721461378
ENSFCAG00000029278:ETV1	0	0	0	0	0	0	0	0	0	0.652050806714706	0.881781383697038	0.893402291498396	1	0.79923310495792	0.953673774733413	0.976909805970334	1	0.994105083612038	0.999909721461378
ENSFCAG00000029360:DDX6	0	0	0	0	0	0	0	0	0	0.652239018023521	0.881598919355844	0.893476711139509	1	0.79923310495792	0.953673774733413	0.976909805970334	1	0.994113468968394	0.999909721461378
ENSFCAG00000027219:IDH2	0	0	0	0	0	0	0	0	0	0.650367809230359	0.888449528918825	0.89354871097437	1	0.79923310495792	0.953673774733413	0.976909805970334	1	0.99412157576954	0.999909721461378
ENSFCAG00000003700:AKT3	0	0	0	0	0	0	0	0	0	0.653574464696225	0.879217652514436	0.893815173588942	1	0.79923310495792	0.953673774733413	0.976909805970334	1	0.994151527590348	0.999909721461378
ENSFCAG00000043511:NONO	0	0	0	0	0	0	0	0	0	0.652376235871392	0.8839543887684	0.893946588462283	1	0.79923310495792	0.953673774733413	0.976909805970334	1	0.994166270073057	0.999909721461378
ENSFCAG00000008618:EZH2	0	0	0	0	0	0	0	0	0	0.652638701227505	0.883529301113969	0.894022746455465	1	0.79923310495792	0.953673774733413	0.976909805970334	1	0.994174804844585	0.999909721461378
ENSFCAG00000006231:PPARG	0	0	0	0	0	0	0	0	0	0.647068893146237	0.905613400111845	0.894190288878152	1	0.79923310495792	0.953673774733413	0.976909805970334	1	0.994193557929125	0.999909721461378
ENSFCAG00000027801:BCL3	0	0	0	0	0	0	0	0	0	0.648044847394127	0.903001505168771	0.894390989284771	1	0.79923310495792	0.953673774733413	0.976909805970334	1	0.994215981073495	0.999909721461378
ENSFCAG00000011595:MEF2C	0	0	0	0	0	0	0	0	0	0.651579933817002	0.889524075853377	0.89439900808075	1	0.79923310495792	0.953673774733413	0.976909805970334	1	0.994216876033419	0.999909721461378
ENSFCAG00000006604:SETD6	0	0	0	0	0	0	0	0	0	0.651805782814415	0.889730176252717	0.894557929222351	1	0.79923310495792	0.953673774733413	0.976909805970334	1	0.994234598036874	0.999909721461378
ENSFCAG00000030557:FOXF1	0	0	0	0	0	0	0	0	0	0.646160824883072	0.915983810266021	0.894982470577367	1	0.79923310495792	0.953673774733413	0.976909805970334	1	0.99428180209514	0.999909721461378
ENSFCAG00000031620:PDK1	0	0	0	0	0	0	0	0	0	0.653765065895465	0.885968075080032	0.895050870762076	1	0.79923310495792	0.953673774733413	0.976909805970334	1	0.994289388560358	0.999909721461378
ENSFCAG00000027081:SMAD3	1	0	0	0	0	0	0	0	0	0.650445122408834	0.898805987279128	0.895158263125502	1	0.79923310495792	0.953673774733413	0.976909805970334	1	0.994301289216498	0.999909721461378
ENSFCAG00000033150:PTK6	0	0	0	0	0	0	0	0	0	0.652137562412048	0.893619089972664	0.895343246568585	1	0.79923310495792	0.953673774733413	0.976909805970334	1	0.994321757898763	0.999909721461378
ENSFCAG00000005528:NUF2	0	0	0	0	0	0	0	0	0	0.657550764123003	0.876627029226517	0.89556053034988	1	0.79923310495792	0.953673774733413	0.976909805970334	1	0.994345751848658	0.999909721461378
ENSFCAG00000028515:RARA	0	0	0	0	0	0	0	0	0	0.649813814388949	0.904613630153959	0.895613076660811	1	0.79923310495792	0.953673774733413	0.976909805970334	1	0.994351546452438	0.999909721461378
ENSFCAG00000024268:CD36	0	0	0	0	0	0	0	0	0	0.654963390322618	0.886259600959651	0.895763737477987	1	0.79923310495792	0.953673774733413	0.976909805970334	1	0.994368143652979	0.999909721461378
ENSFCAG00000006154:GATA2	1	0	0	0	0	0	0	0	0	0.648610051893405	0.91300096271471	0.896016943223337	1	0.79923310495792	0.953673774733413	0.976909805970334	1	0.994395980400062	0.999909721461378
ENSFCAG00000010727:PIGA	0	0	0	0	0	0	0	0	0	0.649947593259	0.909995125368059	0.896397047354314	1	0.79923310495792	0.953673774733413	0.976909805970334	1	0.994437633685027	0.999909721461378
ENSFCAG00000046322:IRF8	0	0	0	0	0	0	0	0	0	0.654763846972815	0.891380252700742	0.896464816690834	1	0.79923310495792	0.953673774733413	0.976909805970334	1	0.994445043179764	0.999909721461378
ENSFCAG00000009522:TNFRSF14	0	0	0	0	0	0	0	0	0	0.653350005090393	0.898465255161937	0.896738283148776	1	0.79923310495792	0.953673774733413	0.976909805970334	1	0.994474890326955	0.999909721461378
ENSFCAG00000030336:IFNGR1	0	0	0	0	0	0	0	0	0	0.653390424203641	0.89908648226412	0.896850380918288	1	0.79923310495792	0.953673774733413	0.976909805970334	1	0.994487100994412	0.999909721461378
ENSFCAG00000004375:ERRFI1	0	0	0	0	0	0	0	0	0	0.650890179681992	0.915461446451876	0.897606698483972	1	0.79923310495792	0.953673774733413	0.976909805970334	1	0.994569119623436	0.999909721461378
ENSFCAG00000022941:IRF4	0	0	0	0	0	0	0	0	0	0.660894304866793	0.883269362865203	0.898528208624082	1	0.79923310495792	0.953673774733413	0.976909805970334	1	0.994668191309505	0.999909721461378
ENSFCAG00000027073:CDK8	0	0	0	0	0	0	0	0	0	0.664439475041268	0.872519290408158	0.898561759942109	1	0.79923310495792	0.953673774733413	0.976909805970334	1	0.994671780579451	0.999909721461378
ENSFCAG00000010626:SMG1	0	1	0	0	0	1.29753932313023	0	0	0	0.802970094484231	0.697092071788727	0.898610671788916	1	0.816579595025868	0.953673774733413	0.976909805970334	1	0.994677010851485	0.999909721461378
ENSFCAG00000025854:CASP8	0	0	0	0	0	0	0	0	0	0.657774567851274	0.896039793812414	0.898835895437852	1	0.79923310495792	0.953673774733413	0.976909805970334	1	0.994701060255053	0.999909721461378
ENSFCAG00000015036:GATA4	0	0	0	0	0	0	0	0	0	0.655618960473749	0.905829191376089	0.899027834138309	1	0.79923310495792	0.953673774733413	0.976909805970334	1	0.994721510947249	0.999909721461378
ENSFCAG00000042273:MAF	0	0	0	0	0	0	0	0	0	0.652985676390331	0.918072076501638	0.899093721608109	1	0.79923310495792	0.953673774733413	0.976909805970334	1	0.994728521679815	0.999909721461378
ENSFCAG00000009292:SETD4	0	0	0	0	0	0	0	0	0	0.662521325915445	0.883869324681549	0.899510986970889	1	0.79923310495792	0.953673774733413	0.976909805970334	1	0.994772808550986	0.999909721461378
ENSFCAG00000038120:SMYD3	0	0	0	0	0	0	0	0	0	0.664036003707645	0.879909197350758	0.899657778004628	1	0.79923310495792	0.953673774733413	0.976909805970334	1	0.994788342333508	0.999909721461378
ENSFCAG00000009538:TRIP13	0	0	0	0	0	0	0	0	0	0.661338177653608	0.888957182678661	0.899696933325356	1	0.79923310495792	0.953673774733413	0.976909805970334	1	0.994792481797746	0.999909721461378
ENSFCAG00000031608:KLF5	0	0	0	0	0	0	0	0	0	0.655968351083055	0.911729939330115	0.899988876876265	1	0.79923310495792	0.953673774733413	0.976909805970334	1	0.994823292085255	0.999909721461378
ENSFCAG00000042993:GATA3	0	0	0	0	0	0	0	0	0	0.658223738200423	0.906045419179368	0.90049677865192	1	0.79923310495792	0.953673774733413	0.976909805970334	1	0.994876667867181	0.999909721461378
ENSFCAG00000041539:MYC	1	0	0	0	0	0	0	0	0	0.656069429067817	0.916108129342247	0.900582045512475	1	0.79923310495792	0.953673774733413	0.976909805970334	1	0.994885600538502	0.999909721461378
ENSFCAG00000029721:PPP2R2A	0	0	0	0	0	0	0	0	0	0.663243240247529	0.889323059503422	0.900787747270313	1	0.79923310495792	0.953673774733413	0.976909805970334	1	0.994907116903545	0.999909721461378
ENSFCAG00000000479:CALR	0	0	0	0	0	0	0	0	0	0.66232142289801	0.893205412251813	0.900893406635248	1	0.79923310495792	0.953673774733413	0.976909805970334	1	0.994918150591694	0.999909721461378
ENSFCAG00000044486:MNX1	0	0	0	0	0	0	0	0	0	0.657349141628384	0.925230293357543	0.902322772638534	1	0.79923310495792	0.953673774733413	0.976909805970334	1	0.995066197816533	0.999909721461378
ENSFCAG00000028312:AURKB	0	0	0	0	0	0	0	0	0	0.665199851057475	0.892879723321752	0.902397660627953	1	0.79923310495792	0.953673774733413	0.976909805970334	1	0.995073891919825	0.999909721461378
ENSFCAG00000001593:EED	0	0	0	0	0	0	0	0	0	0.669175803513063	0.87996884188421	0.902411749804471	1	0.79923310495792	0.953673774733413	0.976909805970334	1	0.995075338768135	0.999909721461378
ENSFCAG00000012379:SPRED1	0	0	0	0	0	0	0	0	0	0.666380052282341	0.890241508489115	0.902620062549397	1	0.79923310495792	0.953673774733413	0.976909805970334	1	0.995096705191107	0.999909721461378
ENSFCAG00000005533:PBX1	0	0	0	0	0	0	0	0	0	0.665685417973529	0.894103362766148	0.902845443928737	1	0.79923310495792	0.953673774733413	0.976909805970334	1	0.995119768180586	0.999909721461378
ENSFCAG00000024841:ETV6	0	0	0	0	0	0	0	0	0	0.664531639610074	0.89850896001779	0.90287998424057	1	0.79923310495792	0.953673774733413	0.976909805970334	1	0.995123297674417	0.999909721461378
ENSFCAG00000028952:HOXA3	0	0	0	0	0	0	0	0	0	0.660332596051119	0.916296926176953	0.902955332541922	1	0.79923310495792	0.953673774733413	0.976909805970334	1	0.99513099253807	0.999909721461378
ENSFCAG00000012037:XIAP	0	0	0	0	0	0	0	0	0	0.665808637598538	0.894659423528082	0.902995843719438	1	0.79923310495792	0.953673774733413	0.976909805970334	1	0.995135127099133	0.999909721461378
ENSFCAG00000035352:KCNJ5	0	0	0	0	0	0	0	0	0	0.660137869267052	0.922499760285347	0.90356273729912	1	0.79923310495792	0.953673774733413	0.976909805970334	1	0.995192793497042	0.999909721461378
ENSFCAG00000045851:SOX17	0	0	0	0	0	0	0	0	0	0.659578128293902	0.927676017410498	0.903808976237118	1	0.79923310495792	0.953673774733413	0.976909805970334	1	0.995217730972596	0.999909721461378
ENSFCAG00000010866:INHBA	0	0	0	0	0	0	0	0	0	0.661563153886678	0.917925988941946	0.903821103261208	1	0.79923310495792	0.953673774733413	0.976909805970334	1	0.99521895738511	0.999909721461378
ENSFCAG00000018839:SS18L1	0	0	0	0	0	0	0	0	0	0.67601565252827	0.868563404891815	0.903920621373207	1	0.79923310495792	0.953673774733413	0.976909805970334	1	0.995229015559349	0.999909721461378
ENSFCAG00000003944:PTPN1	0	0	0	0	0	0	0	0	0	0.668957954893323	0.890315701348073	0.904005802492508	1	0.79923310495792	0.953673774733413	0.976909805970334	1	0.995237616008589	0.999909721461378
ENSFCAG00000004068:SMARCB1	0	0	0	0	0	0	0	0	0	0.667859274581293	0.895783718986905	0.904261831525907	1	0.79923310495792	0.953673774733413	0.976909805970334	1	0.99526341807825	0.999909721461378
ENSFCAG00000006788:ACTB	0	0	0	0	0	0	0	0	0	0.664920969802218	0.90892850920968	0.904527830851408	1	0.79923310495792	0.953673774733413	0.976909805970334	1	0.995290148152934	0.999909721461378
ENSFCAG00000011374:PRKDC	0	1	0	0	0	1.17506770163801	0	0	0	0.875233720989792	0.675856864709124	0.905057705239958	1	0.875233720989792	0.953673774733413	0.976909805970334	1	0.995343161747119	0.999909721461378
ENSFCAG00000012557:ACKR3	0	0	0	0	0	0	0	0	0	0.663431477882031	0.91998809859012	0.905076895187645	1	0.79923310495792	0.953673774733413	0.976909805970334	1	0.995345075867127	0.999909721461378
ENSFCAG00000007999:MKNK1	0	0	0	0	0	0	0	0	0	0.673036820415055	0.884225171956415	0.905166938300577	1	0.79923310495792	0.953673774733413	0.976909805970334	1	0.995354051871579	0.999909721461378
ENSFCAG00000028649:DUSP4	0	0	0	0	0	0	0	0	0	0.66305096931639	0.922873345736792	0.905194608961408	1	0.79923310495792	0.953673774733413	0.976909805970334	1	0.995356808439562	0.999909721461378
ENSFCAG00000040420:GSK3B	0	0	0	0	0	0	0	0	0	0.674963989866758	0.879423032617721	0.905352950531777	1	0.79923310495792	0.953673774733413	0.976909805970334	1	0.995372566254309	0.999909721461378
ENSFCAG00000003212:NDRG1	0	0	0	0	0	0	0	0	0	0.67455830086312	0.882156036702588	0.905612325390635	1	0.79923310495792	0.953673774733413	0.976909805970334	1	0.995398318852411	0.999909721461378
ENSFCAG00000033222:TUSC3	0	0	0	0	0	0	0	0	0	0.672037715057715	0.891184346762917	0.905769202776089	1	0.79923310495792	0.953673774733413	0.976909805970334	1	0.995413858710873	0.999909721461378
ENSFCAG00000015151:PAG1	0	0	0	0	0	0	0	0	0	0.668664534372805	0.904821736072354	0.905985390076416	1	0.79923310495792	0.953673774733413	0.976909805970334	1	0.995435229132257	0.999909721461378
ENSFCAG00000043446:GNA12	0	0	0	0	0	0	0	0	0	0.664565004467569	0.922618233347676	0.905987324656157	1	0.79923310495792	0.953673774733413	0.976909805970334	1	0.99543542013531	0.999909721461378
ENSFCAG00000037388:RAD52	0	0	0	0	0	0	0	0	0	0.675592274718302	0.882459497013906	0.906201191823235	1	0.79923310495792	0.953673774733413	0.976909805970334	1	0.995456509992174	0.999909721461378
ENSFCAG00000027039:LEF1	0	0	0	0	0	0	0	0	0	0.672378283720231	0.893121550099621	0.906249112314767	1	0.79923310495792	0.953673774733413	0.976909805970334	1	0.995461228602776	0.999909721461378
ENSFCAG00000038026:NKX2-1	0	0	0	0	0	0	0	0	0	0.668253327916726	0.909829926285275	0.90643276615194	1	0.79923310495792	0.953673774733413	0.976909805970334	1	0.995479289072055	0.999909721461378
ENSFCAG00000044642:GNA11	0	0	0	0	0	0	0	0	0	0.669601505301754	0.905510431976769	0.906577518298871	1	0.79923310495792	0.953673774733413	0.976909805970334	1	0.995493497736852	0.999909721461378
ENSFCAG00000038251:MAP2K4	0	0	0	0	0	0	0	0	0	0.674616152487886	0.887822282029783	0.906582911212518	1	0.79923310495792	0.953673774733413	0.976909805970334	1	0.995494026650979	0.999909721461378
ENSFCAG00000031618:FANCL	0	0	0	0	0	0	0	0	0	0.678653294510363	0.876072171267578	0.906665379325475	1	0.79923310495792	0.953673774733413	0.976909805970334	1	0.995502110778122	0.999909721461378
ENSFCAG00000041347:HOXA13	0	0	0	0	0	0	0	0	0	0.665882347912107	0.923651133394359	0.906812160288153	1	0.79923310495792	0.953673774733413	0.976909805970334	1	0.995516480764576	0.999909721461378
ENSFCAG00000025016:DDB2	0	0	0	0	0	0	0	0	0	0.674352207528407	0.891172522418492	0.906979395184806	1	0.79923310495792	0.953673774733413	0.976909805970334	1	0.995532824254023	0.999909721461378
ENSFCAG00000032144:ACTG1	0	0	0	0	0	0	0	0	0	0.668703820876579	0.913329388080941	0.90711738246451	1	0.79923310495792	0.953673774733413	0.976909805970334	1	0.995546286221393	0.999909721461378
ENSFCAG00000028389:MAP2K1	0	0	0	0	0	0	0	0	0	0.672648673804051	0.898124435595114	0.907143346540673	1	0.79923310495792	0.953673774733413	0.976909805970334	1	0.995548816916729	0.999909721461378
ENSFCAG00000043468:KLF2	0	0	0	0	0	0	0	0	0	0.666236824149205	0.92668411909381	0.907328301172165	1	0.79923310495792	0.953673774733413	0.976909805970334	1	0.995566822779101	0.999909721461378
ENSFCAG00000010347:MAX	0	0	0	0	0	0	0	0	0	0.669924399806348	0.910652723142133	0.907428318796681	1	0.79923310495792	0.953673774733413	0.976909805970334	1	0.995576544073733	0.999909721461378
ENSFCAG00000030098:SS18	0	0	0	0	0	0	0	0	0	0.681360233396368	0.872887900443949	0.907468341704127	1	0.79923310495792	0.953673774733413	0.976909805970334	1	0.995580431044509	0.999909721461378
ENSFCAG00000030830:PTPN2	0	0	0	0	0	0	0	0	0	0.675804838630765	0.890042917510634	0.907557059943464	1	0.79923310495792	0.953673774733413	0.976909805970334	1	0.995589040947177	0.999909721461378
ENSFCAG00000022640:MYCL	0	0	0	0	0	0	0	0	0	0.669480685086081	0.914863571267408	0.907720393056341	1	0.79923310495792	0.953673774733413	0.976909805970334	1	0.995604869372817	0.999909721461378
ENSFCAG00000003976:IDH1	0	0	0	0	0	0	0	0	0	0.673991413227569	0.898286257235078	0.907870787581413	1	0.79923310495792	0.953673774733413	0.976909805970334	1	0.995619417944762	0.999909721461378
ENSFCAG00000003156:ARID3C	0	0	0	0	0	0	0	0	0	0.673379723681121	0.904533447204048	0.908437989646815	1	0.79923310495792	0.953673774733413	0.976909805970334	1	0.995674062701984	0.999909721461378
ENSFCAG00000029868:SOCS2	0	0	0	0	0	0	0	0	0	0.672862391484551	0.909179365422511	0.90878954703904	1	0.79923310495792	0.953673774733413	0.976909805970334	1	0.995707754267473	0.999909721461378
ENSFCAG00000023667:HERPUD1	0	0	0	0	0	0	0	0	0	0.67818930341234	0.897499603743435	0.909934997784705	1	0.79923310495792	0.953673774733413	0.976909805970334	1	0.995816585594096	0.999909721461378
ENSFCAG00000046742:TLX1	0	0	0	0	0	0	0	0	0	0.675212347984682	0.911597187481244	0.910332668701097	1	0.79923310495792	0.953673774733413	0.976909805970334	1	0.995854031730629	0.999909721461378
ENSFCAG00000001624:CCNE1	0	0	0	0	0	0	0	0	0	0.682902318523795	0.884848983008626	0.910351415158545	1	0.79923310495792	0.953673774733413	0.976909805970334	1	0.995855792676857	0.999909721461378
ENSFCAG00000025662:SH3GL1	0	0	0	0	0	0	0	0	0	0.679476223449206	0.896330915244288	0.910423086198785	1	0.79923310495792	0.953673774733413	0.976909805970334	1	0.995862521528241	0.999909721461378
ENSFCAG00000014173:MAPK3	0	0	0	0	0	0	0	0	0	0.677589761894196	0.906135088293855	0.910849996217753	1	0.79923310495792	0.953673774733413	0.976909805970334	1	0.995902485188727	0.999909721461378
ENSFCAG00000039437:WWTR1	0	0	0	0	0	0	0	0	0	0.677737206746569	0.90563793129729	0.910858707524066	1	0.79923310495792	0.953673774733413	0.976909805970334	1	0.995903298583187	0.999909721461378
ENSFCAG00000001628:PAX5	0	0	0	0	0	0	0	0	0	0.679910274697169	0.898004185176587	0.910894687808879	1	0.79923310495792	0.953673774733413	0.976909805970334	1	0.995906657261433	0.999909721461378
ENSFCAG00000023383:GNA13	0	0	0	0	0	0	0	0	0	0.676278423969067	0.916700320860638	0.911519987816171	1	0.79923310495792	0.953673774733413	0.976909805970334	1	0.995964800678556	0.999909721461378
ENSFCAG00000036087:LMO2	0	0	0	0	0	0	0	0	0	0.676918032323491	0.914176259470515	0.911544592331877	1	0.79923310495792	0.953673774733413	0.976909805970334	1	0.995967079752042	0.999909721461378
ENSFCAG00000009681:RRAGC	0	0	0	0	0	0	0	0	0	0.679574756262754	0.903796619190538	0.911552526013349	1	0.79923310495792	0.953673774733413	0.976909805970334	1	0.995967814493554	0.999909721461378
ENSFCAG00000007838:FSTL3	0	0	0	0	0	0	0	0	0	0.674753695863599	0.924429389854325	0.911608941614629	1	0.79923310495792	0.953673774733413	0.976909805970334	1	0.995973037174413	0.999909721461378
ENSFCAG00000012114:OMD	0	0	0	0	0	0	0	0	0	0.67703844438659	0.91568906110415	0.911792780506536	1	0.79923310495792	0.953673774733413	0.976909805970334	1	0.995990031857006	0.999909721461378
ENSFCAG00000024493:AURKA	0	0	0	0	0	0	0	0	0	0.683350115336131	0.894043711461854	0.912051982018835	1	0.79923310495792	0.953673774733413	0.976909805970334	1	0.996013930341199	0.999909721461378
ENSFCAG00000002791:P2RY8	0	0	0	0	0	0	0	0	0	0.673265387888611	0.937057341242597	0.912086185004174	1	0.79923310495792	0.953673774733413	0.976909805970334	1	0.996017078368317	0.999909721461378
ENSFCAG00000045890:FOXL2	0	0	0	0	0	0	0	0	0	0.674038523864693	0.933860491207843	0.912196037753849	1	0.79923310495792	0.953673774733413	0.976909805970334	1	0.996027180490243	0.999909721461378
ENSFCAG00000019200:PTEN	0	0	0	0	0	0	0	0	0	0.682749751537538	0.897194189237783	0.912223950699533	1	0.79923310495792	0.953673774733413	0.976909805970334	1	0.996029745272893	0.999909721461378
ENSFCAG00000004033:CCNQ	0	0	0	0	0	0	0	0	0	0.677686945527332	0.91654851017169	0.912233107831578	1	0.79923310495792	0.953673774733413	0.976909805970334	1	0.996030586490448	0.999909721461378
ENSFCAG00000025247:SFRP4	0	0	0	0	0	0	0	0	0	0.681003194858525	0.91048912771363	0.913183883921056	1	0.79923310495792	0.953673774733413	0.976909805970334	1	0.996117429214909	0.999909721461378
ENSFCAG00000018503:ABRAXAS1	0	0	0	0	0	0	0	0	0	0.685042366084201	0.897901264644831	0.913489198144256	1	0.79923310495792	0.953673774733413	0.976909805970334	1	0.996145106212072	0.999909721461378
ENSFCAG00000024503:GNAQ	0	0	0	0	0	0	0	0	0	0.685988223526543	0.897197644550641	0.913860682965272	1	0.79923310495792	0.953673774733413	0.976909805970334	1	0.996178644018695	0.999909721461378
ENSFCAG00000015075:SETD7	0	0	0	0	0	0	0	0	0	0.686093093598698	0.898455232539762	0.914099869589929	1	0.79923310495792	0.953673774733413	0.976909805970334	1	0.996200157968243	0.999909721461378
ENSFCAG00000008090:TTL	0	0	0	0	0	0	0	0	0	0.68472442020766	0.904947392877071	0.914335999760129	1	0.79923310495792	0.953673774733413	0.976909805970334	1	0.996221335609094	0.999909721461378
ENSFCAG00000048115:FANCF	0	0	0	0	0	0	0	0	0	0.681769512072522	0.918889399492166	0.914612518997863	1	0.79923310495792	0.953673774733413	0.976909805970334	1	0.996246058077711	0.999909721461378
ENSFCAG00000022444:TENT5C	0	0	0	0	0	0	0	0	0	0.68022970954684	0.928165586410115	0.914848281910755	1	0.79923310495792	0.953673774733413	0.976909805970334	1	0.9962670706605	0.999909721461378
ENSFCAG00000002637:SPOP	0	0	0	0	0	0	0	0	0	0.686794691469859	0.901307838482667	0.914866599901921	1	0.79923310495792	0.953673774733413	0.976909805970334	1	0.996268700724096	0.999909721461378
ENSFCAG00000038036:ZNF24	0	0	0	0	0	0	0	0	0	0.686121104222472	0.907509339061064	0.915388576542238	1	0.79923310495792	0.953673774733413	0.976909805970334	1	0.996314995769954	0.999909721461378
ENSFCAG00000025137:PRKACA	0	0	0	0	0	0	0	0	0	0.688797954085423	0.899075823638104	0.915544009206543	1	0.79923310495792	0.953673774733413	0.976909805970334	1	0.996328723852544	0.999909721461378
ENSFCAG00000009646:SMARCE1	0	0	0	0	0	0	0	0	0	0.690787139193882	0.897345259642134	0.916274781391797	1	0.79923310495792	0.953673774733413	0.976909805970334	1	0.996392913316825	0.999909721461378
ENSFCAG00000030144:IRF2	0	0	0	0	0	0	0	0	0	0.69066457343496	0.900707690343495	0.91670815530447	1	0.79923310495792	0.953673774733413	0.976909805970334	1	0.996430704618451	0.999909721461378
ENSFCAG00000028366:XBP1	0	0	0	0	0	0	0	0	0	0.688137621431906	0.911875157187756	0.916972164446736	1	0.79923310495792	0.953673774733413	0.976909805970334	1	0.996453626455323	0.999909721461378
ENSFCAG00000030694:HOXD13	0	0	0	0	0	0	0	0	0	0.684936459662656	0.92571098980288	0.916991067733358	1	0.79923310495792	0.953673774733413	0.976909805970334	1	0.996455264762624	0.999909721461378
ENSFCAG00000009769:NFKBIE	0	0	0	0	0	0	0	0	0	0.6891932754995	0.9104812850355	0.917319152253212	1	0.79923310495792	0.953673774733413	0.976909805970334	1	0.996483637077835	0.999909721461378
ENSFCAG00000030278:MCL1	0	0	0	0	0	0	0	0	0	0.686223396468682	0.922780717092201	0.917319432218917	1	0.79923310495792	0.953673774733413	0.976909805970334	1	0.996483661238785	0.999909721461378
ENSFCAG00000022485:TMEM30A	0	0	0	0	0	0	0	0	0	0.690467685928417	0.907207938075135	0.917518689788438	1	0.79923310495792	0.953673774733413	0.976909805970334	1	0.996500835432377	0.999909721461378
ENSFCAG00000004973:MYOD1	0	0	0	0	0	0	0	0	0	0.684188459533028	0.937185461451994	0.917750652767038	1	0.79923310495792	0.953673774733413	0.976909805970334	1	0.996520774026346	0.999909721461378
ENSFCAG00000004268:DEK	0	0	0	0	0	0	0	0	0	0.693672985370435	0.899623847442056	0.918031676321577	1	0.79923310495792	0.953673774733413	0.976909805970334	1	0.996544851128675	0.999909721461378
ENSFCAG00000030594:HOXD11	0	0	0	0	0	0	0	0	0	0.686298722945938	0.929456708766033	0.918072423961638	1	0.79923310495792	0.953673774733413	0.976909805970334	1	0.996548335100412	0.999909721461378
ENSFCAG00000033551:DNAJB1	0	0	0	0	0	0	0	0	0	0.686696248766895	0.928694621498906	0.918194361424019	1	0.79923310495792	0.953673774733413	0.976909805970334	1	0.9965587500951	0.999909721461378
ENSFCAG00000013003:S1PR2	0	0	0	0	0	0	0	0	0	0.685157844718756	0.936790445924145	0.918206456296723	1	0.79923310495792	0.953673774733413	0.976909805970334	1	0.996559782266722	0.999909721461378
ENSFCAG00000026744:GNB1	0	0	0	0	0	0	0	0	0	0.693733643812135	0.900899366914963	0.918246771169786	1	0.79923310495792	0.953673774733413	0.976909805970334	1	0.996563221571397	0.999909721461378
ENSFCAG00000025160:HSD3B2	0	0	0	0	0	0	0	0	0	0.690316115716978	0.917751521494151	0.918785002804562	1	0.79923310495792	0.953673774733413	0.976909805970334	1	0.996608969157007	0.999909721461378
ENSFCAG00000022238:PCBP1	0	0	0	0	0	0	0	0	0	0.686683251021664	0.93715597103465	0.919010550399748	1	0.79923310495792	0.953673774733413	0.976909805970334	1	0.996628046062516	0.999909721461378
ENSFCAG00000003608:TFPT	0	0	0	0	0	0	0	0	0	0.694685912876955	0.903783023466049	0.919122915417992	1	0.79923310495792	0.953673774733413	0.976909805970334	1	0.996637529281855	0.999909721461378
ENSFCAG00000035960:TLX3	1	0	0	0	0	0	0	0	0	0.689151944323151	0.927981936383102	0.919351522141163	1	0.79923310495792	0.953673774733413	0.976909805970334	1	0.99665678049758	0.999909721461378
ENSFCAG00000022622:ETNK1	0	0	0	0	0	0	0	0	0	0.696277196725256	0.90005200156599	0.919363919212692	1	0.79923310495792	0.953673774733413	0.976909805970334	1	0.996657822843137	0.999909721461378
ENSFCAG00000040513:TPM3	0	0	0	0	0	0	0	0	0	0.698381067735838	0.893410220278951	0.919379204456438	1	0.79923310495792	0.953673774733413	0.976909805970334	1	0.996659107796041	0.999909721461378
ENSFCAG00000025666:NFE2	0	0	0	0	0	0	0	0	0	0.691386524035048	0.922243773691852	0.919838282135147	1	0.79923310495792	0.953673774733413	0.976909805970334	1	0.996697581713922	0.999909721461378
ENSFCAG00000045245:PHF6	0	0	0	0	0	0	0	0	0	0.699649881556771	0.895027191613718	0.920238683564902	1	0.79923310495792	0.953673774733413	0.976909805970334	1	0.996730951084401	0.999909721461378
ENSFCAG00000045118:CDK6	0	0	0	0	0	0	0	0	0	0.697090596134971	0.904589885224698	0.920405201117657	1	0.79923310495792	0.953673774733413	0.976909805970334	1	0.996744777325579	0.999909721461378
ENSFCAG00000010694:DUSP2	0	0	0	0	0	0	0	0	0	0.692276562815199	0.928413569488922	0.920948409290207	1	0.79923310495792	0.953673774733413	0.976909805970334	1	0.996789671436447	0.999909721461378
ENSFCAG00000024636:RAD51C	0	0	0	0	0	0	0	0	0	0.700275080710625	0.899761797894669	0.921248521307271	1	0.79923310495792	0.953673774733413	0.976909805970334	1	0.996814337145416	0.999909721461378
ENSFCAG00000001078:POU5F1	0	0	0	0	0	0	0	0	0	0.699954709596464	0.902820978640889	0.921536562041661	1	0.79923310495792	0.953673774733413	0.976909805970334	1	0.996837918788346	0.999909721461378
ENSFCAG00000033201:NEGR1	0	0	0	0	0	0	0	0	0	0.699148222242511	0.90646509153814	0.921657100852929	1	0.79923310495792	0.953673774733413	0.976909805970334	1	0.996847760472243	0.999909721461378
ENSFCAG00000006667:INHA	0	0	0	0	0	0	0	0	0	0.694534843983493	0.927838803478166	0.921999584335875	1	0.79923310495792	0.953673774733413	0.976909805970334	1	0.99687563734615	0.999909721461378
ENSFCAG00000006305:CCN6	0	0	0	0	0	0	0	0	0	0.698987113826695	0.910052808287965	0.922060367451819	1	0.79923310495792	0.953673774733413	0.976909805970334	1	0.996880571570239	0.999909721461378
ENSFCAG00000010841:MAFB	0	0	0	0	0	0	0	0	0	0.6927758736738	0.939162704202028	0.922229995599997	1	0.79923310495792	0.953673774733413	0.976909805970334	1	0.996894320373621	0.999909721461378
ENSFCAG00000019399:QKI	0	0	0	0	0	0	0	0	0	0.702303562999842	0.902687282437319	0.922638973123631	1	0.79923310495792	0.953673774733413	0.976909805970334	1	0.996927340782681	0.999909721461378
ENSFCAG00000042983:CRKL	0	0	0	0	0	0	0	0	0	0.69886465931097	0.917975384588779	0.92299615230058	1	0.79923310495792	0.953673774733413	0.976909805970334	1	0.996956030745425	0.999909721461378
ENSFCAG00000007945:HOXA11	0	0	0	0	0	0	0	0	0	0.696799122208991	0.927913392671217	0.923112979166247	1	0.79923310495792	0.953673774733413	0.976909805970334	1	0.996965384713794	0.999909721461378
ENSFCAG00000007657:RAD51B	0	0	0	0	0	0	0	0	0	0.705262238582059	0.897749371598249	0.923316019599249	1	0.79923310495792	0.953673774733413	0.976909805970334	1	0.996981606361134	0.999909721461378
ENSFCAG00000041686:MSI2	0	0	0	0	0	0	0	0	0	0.705268621067298	0.898826481221795	0.923479652371994	1	0.79923310495792	0.953673774733413	0.976909805970334	1	0.996994647093571	0.999909721461378
ENSFCAG00000022323:PPP1CB	0	0	0	0	0	0	0	0	0	0.708337451284531	0.892909406714397	0.92400980575303	1	0.79923310495792	0.953673774733413	0.976909805970334	1	0.997036698608718	0.999909721461378
ENSFCAG00000027426:RAD51D	0	0	0	0	0	0	0	0	0	0.70719982434314	0.896689775998864	0.924063959248739	1	0.79923310495792	0.953673774733413	0.976909805970334	1	0.997040976913161	0.999909721461378
ENSFCAG00000030589:APH1A	0	0	0	0	0	0	0	0	0	0.705275842631011	0.906416167985961	0.924566456212364	1	0.79923310495792	0.953673774733413	0.976909805970334	1	0.997080524501511	0.999909721461378
ENSFCAG00000023702:PIM1	0	0	0	0	0	0	0	0	0	0.704945582210042	0.907971911436805	0.924622461126338	1	0.79923310495792	0.953673774733413	0.976909805970334	1	0.997084915290173	0.999909721461378
ENSFCAG00000002606:PRSS8	0	0	0	0	0	0	0	0	0	0.705633616980589	0.909241474283951	0.925116476402483	1	0.79923310495792	0.953673774733413	0.976909805970334	1	0.997123499206294	0.999909721461378
ENSFCAG00000006671:NFKBIA	0	0	0	0	0	0	0	0	0	0.707826648970689	0.903069564234919	0.925293924432585	1	0.79923310495792	0.953673774733413	0.976909805970334	1	0.997137293968122	0.999909721461378
ENSFCAG00000026699:CDX2	0	0	0	0	0	0	0	0	0	0.703933453840903	0.917100886849345	0.925313564084613	1	0.79923310495792	0.953673774733413	0.976909805970334	1	0.997138818657612	0.999909721461378
ENSFCAG00000034951:MYD88	0	0	0	0	0	0	0	0	0	0.705629703630094	0.914739269970596	0.925823726387878	1	0.79923310495792	0.953673774733413	0.976909805970334	1	0.997178278176897	0.999909721461378
ENSFCAG00000023839:ZFHX3	0	1	0	0	0	1.2999733653074	0	0	0	0.801639865602523	0.763779086233178	0.926142836643141	1	0.816182085386696	0.953673774733413	0.976909805970334	1	0.997202817469593	0.999909721461378
ENSFCAG00000008358:CCND1	0	0	0	0	0	0	0	0	0	0.703336608874426	0.927749126895209	0.926239124430482	1	0.79923310495792	0.953673774733413	0.976909805970334	1	0.997210200318699	0.999909721461378
ENSFCAG00000013318:IRF1	0	0	0	0	0	0	0	0	0	0.713885417892345	0.897362628977258	0.927249602796188	1	0.79923310495792	0.953673774733413	0.976909805970334	1	0.997287075055674	0.999909721461378
ENSFCAG00000013445:EPCAM	0	0	0	0	0	0	0	0	0	0.712773157764544	0.902342019590845	0.927475575230774	1	0.79923310495792	0.953673774733413	0.976909805970334	1	0.997304115783838	0.999909721461378
ENSFCAG00000045230:PHOX2B	0	0	0	0	0	0	0	0	0	0.704597631465715	0.934520797144167	0.927519690687001	1	0.79923310495792	0.953673774733413	0.976909805970334	1	0.997307436135269	0.999909721461378
ENSFCAG00000008160:FCGR2B	0	0	0	0	0	0	0	0	0	0.713840660854581	0.903585752364083	0.928141131588101	1	0.79923310495792	0.953673774733413	0.976909805970334	1	0.997353985991368	0.999909721461378
ENSFCAG00000038352:HOXC11	0	0	0	0	0	0	0	0	0	0.708961219538715	0.923223879681829	0.928391374655779	1	0.79923310495792	0.953673774733413	0.976909805970334	1	0.997372613254439	0.999909721461378
ENSFCAG00000039431:PNRC1	0	0	0	0	0	0	0	0	0	0.705764649150719	0.938020849354958	0.928397783964406	1	0.79923310495792	0.953673774733413	0.976909805970334	1	0.997373089456093	0.999909721461378
ENSFCAG00000014436:TCEA1	0	0	0	0	0	0	0	0	0	0.718134500981384	0.895236848639621	0.92884558344548	1	0.79923310495792	0.953673774733413	0.976909805970334	1	0.997406250737245	0.999909721461378
ENSFCAG00000037922:PPP6C	0	0	0	0	0	0	0	0	0	0.716724198718405	0.901724726211599	0.92918267811574	1	0.79923310495792	0.953673774733413	0.976909805970334	1	0.997431071467847	0.999909721461378
ENSFCAG00000046021:EXOSC6	0	0	0	0	0	0	0	0	0	0.707854341152349	0.93687463996432	0.929274859788976	1	0.79923310495792	0.953673774733413	0.976909805970334	1	0.997437837631974	0.999909721461378
ENSFCAG00000012089:MOB3B	0	0	0	0	0	0	0	0	0	0.710686884916524	0.924287482983744	0.929311488052745	1	0.79923310495792	0.953673774733413	0.976909805970334	1	0.997440523619548	0.999909721461378
ENSFCAG00000023627:GID4	0	0	0	0	0	0	0	0	0	0.714888773651397	0.908982700931066	0.929363250924056	1	0.79923310495792	0.953673774733413	0.976909805970334	1	0.997444316981487	0.999909721461378
ENSFCAG00000008999:TPM4	0	0	0	0	0	0	0	0	0	0.717275480671743	0.901661422692199	0.929422038349932	1	0.79923310495792	0.953673774733413	0.976909805970334	1	0.997448621630585	0.999909721461378
ENSFCAG00000033716:FGF14	1	0	0	0	0	0	0	0	0	0.71493419463119	0.911468983669703	0.929712561794585	1	0.79923310495792	0.953673774733413	0.976909805970334	1	0.997469840322363	0.999909721461378
ENSFCAG00000025542:HEY1	0	0	0	0	0	0	0	0	0	0.713781476006627	0.915701260743824	0.929725171779522	1	0.79923310495792	0.953673774733413	0.976909805970334	1	0.997470759250203	0.999909721461378
ENSFCAG00000040666:CYSLTR2	0	0	0	0	0	0	0	0	0	0.709100466279525	0.938320238897839	0.929989282079345	1	0.79923310495792	0.953673774733413	0.976909805970334	1	0.997489966467709	0.999909721461378
ENSFCAG00000009419:SCG5	0	0	0	0	0	0	0	0	0	0.718134884231569	0.913372089854404	0.931405891641688	1	0.79923310495792	0.953673774733413	0.976909805970334	1	0.997591708750714	0.999909721461378
ENSFCAG00000036644:CCND3	0	0	0	0	0	0	0	0	0	0.718141043163002	0.916675935332865	0.931822598506937	1	0.79923310495792	0.953673774733413	0.976909805970334	1	0.997621226789259	0.999909721461378
ENSFCAG00000004500:LTB	0	0	0	0	0	0	0	0	0	0.717053060597242	0.925875950481076	0.932399138087472	1	0.79923310495792	0.953673774733413	0.976909805970334	1	0.997661759556904	0.999909721461378
ENSFCAG00000009047:CD274	0	0	0	0	0	0	0	0	0	0.717498851852876	0.925367185557207	0.932544824458028	1	0.79923310495792	0.953673774733413	0.976909805970334	1	0.997671945390804	0.999909721461378
ENSFCAG00000030268:NPM1	0	0	0	0	0	0	0	0	0	0.724820352331678	0.901434004832003	0.93273958729196	1	0.79923310495792	0.953673774733413	0.976909805970334	1	0.997685526912406	0.999909721461378
ENSFCAG00000040786:LASP1	0	0	0	0	0	0	0	0	0	0.724168760088059	0.906482702382856	0.933171313298844	1	0.79923310495792	0.953673774733413	0.976909805970334	1	0.997715487763493	0.999909721461378
ENSFCAG00000009373:BTLA	0	0	0	0	0	0	0	0	0	0.724446453468224	0.908427059418063	0.933559423477824	1	0.79923310495792	0.953673774733413	0.976909805970334	1	0.997742251281007	0.999909721461378
ENSFCAG00000028964:SIX1	0	0	0	0	0	0	0	0	0	0.720779055919939	0.923003535396662	0.93375230108967	1	0.79923310495792	0.953673774733413	0.976909805970334	1	0.997755491821065	0.999909721461378
ENSFCAG00000002120:HOXB13	0	0	0	0	0	0	0	0	0	0.722266929154336	0.923335384168015	0.934451503355932	1	0.79923310495792	0.953673774733413	0.976909805970334	1	0.997803156276661	0.999909721461378
ENSFCAG00000011605:EGFL7	0	0	0	0	0	0	0	0	0	0.726991859006921	0.908098468598072	0.934626591872908	1	0.79923310495792	0.953673774733413	0.976909805970334	1	0.997815010096662	0.999909721461378
ENSFCAG00000009048:PDCD1LG2	0	0	0	0	0	0	0	0	0	0.724111060104771	0.919212376364824	0.934786557557242	1	0.79923310495792	0.953673774733413	0.976909805970334	1	0.997825811399419	0.999909721461378
ENSFCAG00000038221:MTAP	0	0	0	0	0	0	0	0	0	0.728128573906883	0.906649303724417	0.934920685384519	1	0.79923310495792	0.953673774733413	0.976909805970334	1	0.997834846963073	0.999909721461378
ENSFCAG00000022176:MLF1	0	0	0	0	0	0	0	0	0	0.729955864979611	0.903685825614725	0.93529168898396	1	0.79923310495792	0.953673774733413	0.976909805970334	1	0.997859739521374	0.999909721461378
ENSFCAG00000045844:XPA	0	0	0	0	0	0	0	0	0	0.729831803352109	0.909760689141135	0.936078810129163	1	0.79923310495792	0.953673774733413	0.976909805970334	1	0.997912064312864	0.999909721461378
ENSFCAG00000032546:IGF2	0	0	0	0	0	0	0	0	0	0.723926458060508	0.933996795691085	0.936308853896823	1	0.79923310495792	0.953673774733413	0.976909805970334	1	0.99792723172901	0.999909721461378
ENSFCAG00000031745:KLF6	0	0	0	0	0	0	0	0	0	0.726461757149588	0.92848992032763	0.936861901223739	1	0.79923310495792	0.953673774733413	0.976909805970334	1	0.997963464408469	0.999909721461378
ENSFCAG00000014287:PDCD1	0	0	0	0	0	0	0	0	0	0.729679483252075	0.916890886855512	0.936929523607416	1	0.79923310495792	0.953673774733413	0.976909805970334	1	0.997967872258767	0.999909721461378
ENSFCAG00000040177:CD79B	0	0	0	0	0	0	0	0	0	0.73022753708641	0.91828802132376	0.937336050155577	1	0.79923310495792	0.953673774733413	0.976909805970334	1	0.997994268149377	0.999909721461378
ENSFCAG00000025748:BCL2L1	0	0	0	0	0	0	0	0	0	0.727897958748486	0.931187883129217	0.937767578713534	1	0.79923310495792	0.953673774733413	0.976909805970334	1	0.998022094518769	0.999909721461378
ENSFCAG00000006857:XRCC2	0	0	0	0	0	0	0	0	0	0.728874848736309	0.928439558793547	0.937905498360324	1	0.79923310495792	0.953673774733413	0.976909805970334	1	0.998030946148189	0.999909721461378
ENSFCAG00000013892:ATF1	0	0	0	0	0	0	0	0	0	0.733931948621607	0.912147375237724	0.938143918667557	1	0.79923310495792	0.953673774733413	0.976909805970334	1	0.998046200038955	0.999909721461378
ENSFCAG00000009155:RSPO3	0	0	0	0	0	0	0	0	0	0.737481151985855	0.903609866893658	0.938465831577603	1	0.79923310495792	0.953673774733413	0.976909805970334	1	0.998066699569247	0.999909721461378
ENSFCAG00000015580:PDGFB	0	0	0	0	0	0	0	0	0	0.733544932466259	0.916037538288063	0.938476252417954	1	0.79923310495792	0.953673774733413	0.976909805970334	1	0.99806736132678	0.999909721461378
ENSFCAG00000031909:ATG5	0	0	0	0	0	0	0	0	0	0.737107450436733	0.909210066975231	0.939089799758069	1	0.79923310495792	0.953673774733413	0.976909805970334	1	0.998106119672669	0.999909721461378
ENSFCAG00000006923:CCNB1IP1	0	0	0	0	0	0	0	0	0	0.732838509528438	0.924487357344394	0.939176173289976	1	0.79923310495792	0.953673774733413	0.976909805970334	1	0.998111543773659	0.999909721461378
ENSFCAG00000043034:FGF3	0	0	0	0	0	0	0	0	0	0.731502413501842	0.932079536918172	0.93941306032818	1	0.79923310495792	0.953673774733413	0.976909805970334	1	0.998126379083987	0.999909721461378
ENSFCAG00000023035:JAZF1	0	0	0	0	0	0	0	0	0	0.737755321749884	0.913320482127996	0.939903036831551	1	0.79923310495792	0.953673774733413	0.976909805970334	1	0.998156874858649	0.999909721461378
ENSFCAG00000045613:FEV	0	0	0	0	0	0	0	0	0	0.732510753088061	0.933415611978976	0.939977559038279	1	0.79923310495792	0.953673774733413	0.976909805970334	1	0.998161490683563	0.999909721461378
ENSFCAG00000032259:DCUN1D1	0	0	0	0	0	0	0	0	0	0.742277385327654	0.907220679608411	0.940956427551724	1	0.79923310495792	0.953673774733413	0.976909805970334	1	0.998221572429737	0.999909721461378
ENSFCAG00000022142:SBDS	0	0	0	0	0	0	0	0	0	0.738460313455527	0.926902583836805	0.941811323259637	1	0.79923310495792	0.953673774733413	0.976909805970334	1	0.998273211817521	0.999909721461378
ENSFCAG00000036433:POU2AF1	0	0	0	0	0	0	0	0	0	0.741217840288235	0.917738760313628	0.941893708712553	1	0.79923310495792	0.953673774733413	0.976909805970334	1	0.998278147248391	0.999909721461378
ENSFCAG00000025024:PRRX1	0	0	0	0	0	0	0	0	0	0.73987704272346	0.922467401225642	0.941902762992069	1	0.79923310495792	0.953673774733413	0.976909805970334	1	0.998278689219818	0.999909721461378
ENSFCAG00000045399:FGF23	0	0	0	0	0	0	0	0	0	0.737264428679299	0.937402913414707	0.942370841420663	1	0.79923310495792	0.953673774733413	0.976909805970334	1	0.998306588940921	0.999909721461378
ENSFCAG00000014271:CD28	0	0	0	0	0	0	0	0	0	0.741176962293762	0.925021357764161	0.94272983284411	1	0.79923310495792	0.953673774733413	0.976909805970334	1	0.998327829012774	0.999909721461378
ENSFCAG00000013046:GADD45B	0	0	0	0	0	0	0	0	0	0.743333120400496	0.918255874658956	0.942824101001998	1	0.79923310495792	0.953673774733413	0.976909805970334	1	0.998333383814801	0.999909721461378
ENSFCAG00000014272:CTLA4	0	0	0	0	0	0	0	0	0	0.743250198825243	0.919597573580474	0.942952453378288	1	0.79923310495792	0.953673774733413	0.976909805970334	1	0.998340931894612	0.999909721461378
ENSFCAG00000030239:TMEM127	0	0	0	0	0	0	0	0	0	0.742403802891789	0.930288006060259	0.943801984498635	1	0.79923310495792	0.953673774733413	0.976909805970334	1	0.998390450290579	0.999909721461378
ENSFCAG00000029552:BCL2	0	0	0	0	0	0	0	0	0	0.741441854877576	0.936588589561758	0.944031023777538	1	0.79923310495792	0.953673774733413	0.976909805970334	1	0.998403669880781	0.999909721461378
ENSFCAG00000008129:CD79A	0	0	0	0	0	0	0	0	0	0.745142922128267	0.922550036370889	0.944070307027691	1	0.79923310495792	0.953673774733413	0.976909805970334	1	0.998405931631326	0.999909721461378
ENSFCAG00000025224:FGF12	0	0	0	0	0	0	0	0	0	0.746173370667223	0.922295947206668	0.944457818238216	1	0.79923310495792	0.953673774733413	0.976909805970334	1	0.99842815517899	0.999909721461378
ENSFCAG00000039688:NKX3-1	0	0	0	0	0	0	0	0	0	0.744748121153403	0.929434750650601	0.944670184569506	1	0.79923310495792	0.953673774733413	0.976909805970334	1	0.998440266820394	0.999909721461378
ENSFCAG00000025776:RAC2	0	0	0	0	0	0	0	0	0	0.747931568078933	0.921544570278023	0.94507750539635	1	0.79923310495792	0.953673774733413	0.976909805970334	1	0.998463363485781	0.999909721461378
ENSFCAG00000040323:BCL7A	0	0	0	0	0	0	0	0	0	0.751115278610349	0.918290921190694	0.945955434039839	1	0.799266087743487	0.953673774733413	0.976909805970334	1	0.99851254856704	0.999909721461378
ENSFCAG00000022826:CDKN2A	0	0	0	0	0	0	0	0	0	0.747679398695652	0.937307393902424	0.946637771057555	1	0.79923310495792	0.953673774733413	0.976909805970334	1	0.998550213056882	0.999909721461378
ENSFCAG00000024840:RRAS	0	0	0	0	0	0	0	0	0	0.752093367642814	0.922796217657252	0.94687720290625	1	0.799266087743487	0.953673774733413	0.976909805970334	1	0.998563312925647	0.999909721461378
ENSFCAG00000044777:ARFRP1	0	0	0	0	0	0	0	0	0	0.754188174547124	0.917633706560821	0.947081998179185	1	0.800544894495647	0.953673774733413	0.976909805970334	1	0.99857446970705	0.999909721461378
ENSFCAG00000036364:BCL10	0	0	0	0	0	0	0	0	0	0.751401618659436	0.929013086290136	0.947293344891487	1	0.799266087743487	0.953673774733413	0.976909805970334	1	0.998585936963878	0.999909721461378
ENSFCAG00000041934:SOCS1	0	0	0	0	0	0	0	0	0	0.747781422292302	0.948104878208379	0.947602288921774	1	0.79923310495792	0.95425429953367	0.976909805970334	1	0.998602614819987	0.999909721461378
ENSFCAG00000000062:MAD2L2	0	0	0	0	0	0	0	0	0	0.75680652299853	0.913778138786302	0.947610943291558	1	0.802126361246386	0.953673774733413	0.976909805970334	1	0.998603080562035	0.999909721461378
ENSFCAG00000027677:SOCS3	0	0	0	0	0	0	0	0	0	0.748502273128742	0.950003723589199	0.948036196346462	1	0.79923310495792	0.95425429953367	0.976909805970334	1	0.998625868559309	0.999909721461378
ENSFCAG00000036639:FGF4	0	0	0	0	0	0	0	0	0	0.751261217683654	0.937290723474362	0.948065330551235	1	0.799266087743487	0.953673774733413	0.976909805970334	1	0.998627422788439	0.999909721461378
ENSFCAG00000029945:PAFAH1B2	0	0	0	0	0	0	0	0	0	0.757464537123536	0.922781579369407	0.948968276613327	1	0.802126361246386	0.953673774733413	0.976909805970334	1	0.998675148735355	0.999909721461378
ENSFCAG00000011361:RAC1	0	0	0	0	0	0	0	0	0	0.760128549640202	0.915161905306098	0.949061490817249	1	0.803053455972825	0.953673774733413	0.976909805970334	1	0.998680026708967	0.999909721461378
ENSFCAG00000037118:DUSP22	0	0	0	0	0	0	0	0	0	0.761220283129119	0.928680589615833	0.951061564706927	1	0.803089373505829	0.953673774733413	0.976909805970334	1	0.998782487924403	0.999909721461378
ENSFCAG00000043691:RYBP	0	0	0	0	0	0	0	0	0	0.759925643989256	0.934341051240047	0.951150965676419	1	0.803053455972825	0.953673774733413	0.976909805970334	1	0.998786969548745	0.999909721461378
ENSFCAG00000036606:FGF10	0	0	0	0	0	0	0	0	0	0.762852179956367	0.929040136588358	0.951716851637689	1	0.803089373505829	0.953673774733413	0.976909805970334	1	0.99881514222069	0.999909721461378
ENSFCAG00000000142:FGF6	0	0	0	0	0	0	0	0	0	0.761993535172687	0.933312784520711	0.951834543365239	1	0.803089373505829	0.953673774733413	0.976909805970334	1	0.998820959238417	0.999909721461378
ENSFCAG00000022046:SDC4	0	0	0	0	0	0	0	0	0	0.765695869115776	0.931329926748424	0.953021873564152	1	0.804204550252593	0.953673774733413	0.976909805970334	1	0.998878830438087	0.999909721461378
ENSFCAG00000045823:CBFB	0	0	0	0	0	0	0	0	0	0.768958211517303	0.921031753058545	0.953081847597481	1	0.804340633608796	0.953673774733413	0.976909805970334	1	0.998881714346979	0.999909721461378
ENSFCAG00000028989:CD70	1	0	0	0	0	0	0	0	0	0.763739782821801	0.943207565696886	0.953410664327266	1	0.803089373505829	0.953673774733413	0.976909805970334	1	0.998897458753865	0.999909721461378
ENSFCAG00000040792:BBC3	0	0	0	0	0	0	0	0	0	0.768190483145493	0.930049575005519	0.953811434222352	1	0.804340633608796	0.953673774733413	0.976909805970334	1	0.998916495084698	0.999909721461378
ENSFCAG00000043547:CDKN1B	0	0	0	0	0	0	0	0	0	0.767184443595212	0.936356656020005	0.954074500579797	1	0.804340633608796	0.953673774733413	0.976909805970334	1	0.998928899030453	0.999909721461378
ENSFCAG00000000258:BAX	0	0	0	0	0	0	0	0	0	0.772571863697162	0.919252513983174	0.954180612179185	1	0.804340633608796	0.953673774733413	0.976909805970334	1	0.998933881809396	0.999909721461378
ENSFCAG00000000499:SDHC	0	0	0	0	0	0	0	0	0	0.772278707884792	0.921236783388846	0.95431367864265	1	0.804340633608796	0.953673774733413	0.976909805970334	1	0.998940113655141	0.999909721461378
ENSFCAG00000012862:RHEB	0	0	0	0	0	0	0	0	0	0.775718178302255	0.911638383944634	0.954333519796412	1	0.804382129463539	0.953673774733413	0.976909805970334	1	0.998941041277939	0.999909721461378
ENSFCAG00000027456:RHOA	0	0	0	0	0	0	0	0	0	0.769563344959489	0.935603456746341	0.954877129090405	1	0.804340633608796	0.953673774733413	0.976909805970334	1	0.998966295903575	0.999909721461378
ENSFCAG00000024009:IGF1	0	0	0	0	0	0	0	0	0	0.773046175035731	0.926900600022649	0.955239173750845	1	0.804340633608796	0.953673774733413	0.976909805970334	1	0.998982943823037	0.999909721461378
ENSFCAG00000042197:CNBP	0	0	0	0	0	0	0	0	0	0.772002340826259	0.931400041819951	0.955343348497701	1	0.804340633608796	0.953673774733413	0.976909805970334	1	0.998987708671786	0.999909721461378
ENSFCAG00000040747:BCL2L2	0	0	0	0	0	0	0	0	0	0.774595723980244	0.940140391739353	0.957123458840512	1	0.804340633608796	0.953673774733413	0.976909805970334	1	0.999067374651371	0.999909721461378
ENSFCAG00000012394:RHOH	0	0	0	0	0	0	0	0	0	0.774782458877069	0.942180101717299	0.957371377319277	1	0.804340633608796	0.953673774733413	0.976909805970334	1	0.999078207049817	0.999909721461378
ENSFCAG00000036350:BCL2L11	0	0	0	0	0	0	0	0	0	0.779365753134371	0.93567316923984	0.958392737734343	1	0.806943495061122	0.953673774733413	0.976909805970334	1	0.999122156871963	0.999909721461378
ENSFCAG00000013515:IL10	0	0	0	0	0	0	0	0	0	0.783579874936858	0.926876564013032	0.95893752578228	1	0.806943495061122	0.953673774733413	0.976909805970334	1	0.99914515426226	0.999909721461378
ENSFCAG00000001199:PTP4A1	0	0	0	0	0	0	0	0	0	0.783221592109548	0.93127643998964	0.959287179440739	1	0.806943495061122	0.953673774733413	0.976909805970334	1	0.99915975127469	0.999909721461378
ENSFCAG00000046660:TNFRSF17	0	0	0	0	0	0	0	0	0	0.781383184663995	0.939429595433372	0.959450369638697	1	0.806943495061122	0.953673774733413	0.976909805970334	1	0.999166520361429	0.999909721461378
ENSFCAG00000045270:CHIC2	0	0	0	0	0	0	0	0	0	0.788807876242892	0.921387427481059	0.960075377907138	1	0.808171269843063	0.953673774733413	0.976909805970334	1	0.999192188856749	0.999909721461378
ENSFCAG00000043871:BTG1	0	0	0	0	0	0	0	0	0	0.78271950338419	0.944082892896315	0.96032255472618	1	0.806943495061122	0.953673774733413	0.976909805970334	1	0.99920222788447	0.999909721461378
ENSFCAG00000043254:BTG2	0	0	0	0	0	0	0	0	0	0.785167689189107	0.938005545205811	0.960619023198226	1	0.807164856276832	0.953673774733413	0.976909805970334	1	0.999214184965955	0.999909721461378
ENSFCAG00000043152:RMI2	0	0	0	0	0	0	0	0	0	0.78258508851528	0.955805925735811	0.961164057491281	1	0.806943495061122	0.957939421105757	0.976909805970334	1	0.999235928428345	0.999909721461378
ENSFCAG00000027886:CDKN1A	0	0	0	0	0	0	0	0	0	0.785592521587918	0.94277903511719	0.961194673891047	1	0.807164856276832	0.953673774733413	0.976909805970334	1	0.999237140661506	0.999909721461378
ENSFCAG00000024623:LMO1	0	0	0	0	0	0	0	0	0	0.788413418472372	0.93482108821236	0.961408859401578	1	0.808171269843063	0.953673774733413	0.976909805970334	1	0.999245593901391	0.999909721461378
ENSFCAG00000002084:DDIT3	0	0	0	0	0	0	0	0	0	0.790630588161312	0.935881636753171	0.9622522104555	1	0.808640396547675	0.953673774733413	0.976909805970334	1	0.999278414623861	0.999909721461378
ENSFCAG00000033306:CDKN2C	0	0	0	0	0	0	0	0	0	0.789271941706421	0.948456753507581	0.962903275258913	1	0.808171269843063	0.95425429953367	0.976909805970334	1	0.999303246537131	0.999909721461378
ENSFCAG00000035249:EIF1AX	0	0	0	0	0	0	0	0	0	0.800669639048312	0.925838585832299	0.964442414395377	1	0.81611956397887	0.953673774733413	0.976909805970334	1	0.999360200104251	0.999909721461378
ENSFCAG00000019293:CENPA	0	0	0	0	0	0	0	0	0	0.796959830227216	0.938262376369615	0.964546852906697	1	0.814186493224163	0.953673774733413	0.976909805970334	1	0.999363975662024	0.999909721461378
ENSFCAG00000033312:FHIT	0	0	0	0	0	0	0	0	0	0.799786206279782	0.929899575926373	0.964609593255836	1	0.81611956397887	0.953673774733413	0.976909805970334	1	0.999366238351802	0.999909721461378
ENSFCAG00000013688:IL2	0	0	0	0	0	0	0	0	0	0.803848955459763	0.939394213493033	0.966828807384837	1	0.816579595025868	0.953673774733413	0.976909805970334	1	0.999443649844446	0.999909721461378
ENSFCAG00000023293:MLLT3	0	0	0	0	0	0	0	0	0	0.809004828752951	0.937884393250613	0.968266184609882	1	0.819432629142717	0.953673774733413	0.976909805970334	1	0.999491070149165	0.999909721461378
ENSFCAG00000045832:ID3	0	0	0	0	0	0	0	0	0	0.807065170656025	0.949329582666335	0.968662180200432	1	0.818920365253232	0.95425429953367	0.976909805970334	1	0.999503759347256	0.999909721461378
ENSFCAG00000008354:SH2D1A	0	0	0	0	0	0	0	0	0	0.814350212778952	0.935060031395204	0.969583111023148	1	0.820748025898427	0.953673774733413	0.976909805970334	1	0.999532643553703	0.999909721461378
ENSFCAG00000029629:MTCP1	0	0	0	0	0	0	0	0	0	0.812905707775816	0.945177794557614	0.970083969650215	1	0.820748025898427	0.953673774733413	0.976909805970334	1	0.999547985274785	0.999909721461378
ENSFCAG00000022679:YPEL5	0	0	0	0	0	0	0	0	0	0.811117603143384	0.953016730595192	0.970161768507002	1	0.82025181038599	0.95621120008322	0.976909805970334	1	0.999550345112235	0.999909721461378
ENSFCAG00000018336:TCL1B	0	0	0	0	0	0	0	0	0	0.814068582184893	0.944650174650016	0.970382568959396	1	0.820748025898427	0.953673774733413	0.976909805970334	1	0.999557008574607	0.999909721461378
ENSFCAG00000012230:B2M	0	0	0	0	0	0	0	0	0	0.819385736124635	0.941362589954967	0.9716363058791	1	0.82489729937211	0.953673774733413	0.977076598745165	1	0.999593892462803	0.999909721461378
ENSFCAG00000032943:CHCHD7	0	0	0	0	0	0	0	0	0	0.825721745922006	0.935683327313577	0.972876542651236	1	0.830345047970841	0.953673774733413	0.977229457830884	1	0.999628787474585	0.999909721461378
ENSFCAG00000044104:HMGA1	0	0	0	0	0	0	0	0	0	0.829597645662106	0.941554177930585	0.974484272814368	1	0.833309491951422	0.953673774733413	0.977750700544472	1	0.999671669281574	0.999909721461378
ENSFCAG00000032392:CKS1B	0	0	0	0	0	0	0	0	0	0.845100429896597	0.943477551782952	0.978632821497073	1	0.847933168767758	0.953673774733413	0.980817269759343	1	0.999770078358471	0.999909721461378
ENSFCAG00000027874:MLLT11	0	0	0	0	0	0	0	0	0	0.846100881795952	0.966435923974892	0.980471327512115	1	0.847989499835675	0.966435923974892	0.981564383618594	1	0.999808061939468	0.999909721461378
ENSFCAG00000042068:PMAIP1	0	0	0	0	0	0	0	0	0	0.874973369451151	0.962266681750669	0.986592973794645	1	0.875233720989792	0.963339442822855	0.986592973794645	1	0.999909721461378	0.999909721461378
