gene_name	n_syn	n_mis	n_non	n_spl	n_ind	wmis_cv	wnon_cv	wspl_cv	wind_cv	pmis_cv	ptrunc_cv	pallsubs_cv	pind_cv	qmis_cv	qtrunc_cv	qallsubs_cv	qind_cv	pglobal_cv	qglobal_cv
ENSFCAG00000003470:CTNNB1	1	4	0	0	0	199.011655103317	0	0	0	4.88508589135961e-09	0.967271039089563	3.6783766588222e-08	1	4.38680713044093e-06	0.992568389353873	3.30318223962234e-05	1	6.66455978737268e-07	0.000598477468906067
ENSFCAG00000006348:TRAF7	0	2	0	0	0	86.3702941030607	0	0	0	0.000198770712092733	0.95956662069828	0.000985221073985021	1	0.0892480497296371	0.992568389353873	0.442364262219274	1	0.00780555632445235	0.99999844623175
ENSFCAG00000030594:HOXD11	0	0	0	0	1	0	0	0	454.329793510324	0.885749241519779	0.980986913769968	0.989449422549576	0.00216096513950334	0.942618051403642	0.992568389353873	0.998237697389594	1	0.0152831957451361	0.99999844623175
ENSFCAG00000014304:ASMTL	0	0	0	1	0	0	1055.06886496795	1055.06886496795	0	0.850974307824349	0.000556890061383375	0.00254090729206102	1	0.942618051403642	0.222788928939553	0.594188038698203	1	0.0177234230872273	0.99999844623175
ENSFCAG00000000512:RPS6KA4	0	0	0	1	0	0	850.226445882044	850.226445882044	0	0.833442694397661	0.000702142137768869	0.00313818118683862	1	0.942618051403642	0.222788928939553	0.594188038698203	1	0.0212270086686593	0.99999844623175
ENSFCAG00000010119:SNX29	0	0	0	1	0	0	805.358947596583	805.358947596583	0	0.828635020976596	0.000744283726969552	0.00330839665199445	1	0.942618051403642	0.222788928939553	0.594188038698203	1	0.0222036146670065	0.99999844623175
ENSFCAG00000000093:KMT2D	0	0	0	0	2	0	0	0	58.1857952398942	0.597526548941993	0.916374758032976	0.865129234233412	0.00543179080328134	0.942618051403642	0.992568389353873	0.998237697389594	1	0.0298886232556467	0.99999844623175
ENSFCAG00000003535:DICER1	0	0	1	0	0	0	527.350869666282	527.350869666282	0	0.743630130756365	0.00117468169364865	0.00489823266939904	1	0.942618051403642	0.263716040224122	0.733102156186723	1	0.0309513484599044	0.99999844623175
ENSFCAG00000019287:SETD2	0	0	0	0	1	0	0	0	60.069344773791	0.706802095980787	0.953642827737788	0.930126564308369	0.0146562824586315	0.942618051403642	0.992568389353873	0.998237697389594	1	0.0721868598972096	0.99999844623175
ENSFCAG00000010165:SPEN	0	0	0	0	1	0	0	0	41.8640391410709	0.652919238057114	0.938110064943808	0.901107106388792	0.0200361660132213	0.942618051403642	0.992568389353873	0.998237697389594	1	0.0905326979989118	0.99999844623175
ENSFCAG00000023627:GID4	0	1	0	0	0	119.190589844487	0	0	0	0.00593945984541722	0.981618842780935	0.0227189156503582	1	0.942618051403642	0.992568389353873	0.998237697389594	1	0.108699956288537	0.99999844623175
ENSFCAG00000008160:FCGR2B	0	1	0	0	0	111.148935835329	0	0	0	0.00641418050476927	0.972275241778464	0.0243393851666432	1	0.942618051403642	0.992568389353873	0.998237697389594	1	0.114776251715622	0.99999844623175
ENSFCAG00000025491:ELP2	0	1	0	0	0	48.6387795614631	0	0	0	0.0160211691949012	0.964315485401581	0.0549525578785652	1	0.942618051403642	0.992568389353873	0.998237697389594	1	0.214385592511754	0.99999844623175
ENSFCAG00000025327:GMPS	0	1	0	0	0	45.5930362865047	0	0	0	0.0172182468151894	0.97348510524252	0.058568818426152	1	0.942618051403642	0.992568389353873	0.998237697389594	1	0.224760935064327	0.99999844623175
ENSFCAG00000014937:KEL	0	1	0	0	0	44.6735516537909	0	0	0	0.0176138318302465	0.960633714144834	0.0597069159392396	1	0.942618051403642	0.992568389353873	0.998237697389594	1	0.227979360180875	0.99999844623175
ENSFCAG00000005052:VAV1	0	1	0	0	0	40.6141832380969	0	0	0	0.019589124704339	0.953877884065143	0.0654963557343756	1	0.942618051403642	0.992568389353873	0.998237697389594	1	0.244023753135419	0.99999844623175
ENSFCAG00000024529:RB1	0	1	0	0	0	37.4418142944324	0	0	0	0.0214519385446539	0.965918259890506	0.0709506549822579	1	0.942618051403642	0.992568389353873	0.998237697389594	1	0.258669815093787	0.99999844623175
ENSFCAG00000013999:HDAC7	0	1	0	0	0	36.0075302859286	0	0	0	0.0224092580990422	0.960168508988341	0.07367276229326	1	0.942618051403642	0.992568389353873	0.998237697389594	1	0.265820323529183	0.99999844623175
ENSFCAG00000041416:IRS2	0	1	0	0	0	26.7445097958921	0	0	0	0.0312650606852614	0.964600960013503	0.098256996179139	1	0.942618051403642	0.992568389353873	0.998237697389594	1	0.326229815339667	0.99999844623175
ENSFCAG00000003030:INSR	0	1	0	0	0	24.5627839847173	0	0	0	0.0343970016141197	0.954260302841141	0.106555325090233	1	0.942618051403642	0.992568389353873	0.998237697389594	1	0.345142388566998	0.99999844623175
ENSFCAG00000005120:NUP214	0	1	0	0	0	21.1911333488968	0	0	0	0.0405998566683134	0.95730841703155	0.122730349506439	1	0.942618051403642	0.992568389353873	0.998237697389594	1	0.380189856079171	0.99999844623175
ENSFCAG00000004858:BCOR	0	1	0	0	0	18.8051541989838	0	0	0	0.0464328559893702	0.955521728416124	0.137451975312726	1	0.942618051403642	0.992568389353873	0.998237697389594	1	0.41022276658194	0.99999844623175
ENSFCAG00000007234:PTPRS	0	1	0	0	0	17.8713526675138	0	0	0	0.0491692187500201	0.937950653356007	0.144014483808549	1	0.942618051403642	0.992568389353873	0.998237697389594	1	0.423091713086711	0.99999844623175
ENSFCAG00000022076:NIN	0	1	0	0	0	16.5212249407943	0	0	0	0.0537099661347551	0.934182272303552	0.155006714356062	1	0.942618051403642	0.992568389353873	0.998237697389594	1	0.443983692750847	0.99999844623175
ENSFCAG00000013232:MYH11	0	1	0	0	0	16.1358496234947	0	0	0	0.0551546763348052	0.929010860992016	0.158388109092622	1	0.942618051403642	0.992568389353873	0.998237697389594	1	0.450250966046537	0.99999844623175
ENSFCAG00000030040:ATRX	0	1	0	0	0	14.1472816501768	0	0	0	0.0639467900309945	0.953824546911193	0.179484975192696	1	0.942618051403642	0.992568389353873	0.998237697389594	1	0.487779815815727	0.99999844623175
ENSFCAG00000001531:NSD1	0	1	0	0	0	13.9862782030494	0	0	0	0.0647751736289992	0.950748365710189	0.181359807445981	1	0.942618051403642	0.992568389353873	0.998237697389594	1	0.490990389289853	0.99999844623175
ENSFCAG00000000945:RNF213	0	0	0	0	0	0	0	0	0	0.58024726507045	0.902176431460581	0.85175196952072	1	0.942618051403642	0.992568389353873	0.998237697389594	1	0.988424013995569	0.99999844623175
ENSFCAG00000002901:PCLO	0	0	0	0	0	0	0	0	0	0.58664023562084	0.932869189097045	0.859543730496548	1	0.942618051403642	0.992568389353873	0.998237697389594	1	0.989638748229358	0.99999844623175
ENSFCAG00000008632:KMT2C	0	0	0	0	0	0	0	0	0	0.598625234429878	0.920706582757823	0.866333883816995	1	0.942618051403642	0.992568389353873	0.998237697389594	1	0.990639712416186	0.99999844623175
ENSFCAG00000029544:FAT4	0	0	0	0	0	0	0	0	0	0.598432192030665	0.937918727253969	0.86787075209961	1	0.942618051403642	0.992568389353873	0.998237697389594	1	0.990858867414666	0.99999844623175
ENSFCAG00000025616:FAT1	0	0	0	0	0	0	0	0	0	0.61374501491924	0.932883227253793	0.877287463488205	1	0.942618051403642	0.992568389353873	0.998237697389594	1	0.992142429339905	0.99999844623175
ENSFCAG00000026584:LRP1B	0	0	0	0	0	0	0	0	0	0.626357247445418	0.922696553464009	0.884069861163308	1	0.942618051403642	0.992568389353873	0.998237697389594	1	0.993004234244922	0.99999844623175
ENSFCAG00000015061:TRRAP	0	0	0	0	0	0	0	0	0	0.633250140405216	0.919834581225909	0.887898122206913	1	0.942618051403642	0.992568389353873	0.998237697389594	1	0.993467672710286	0.99999844623175
ENSFCAG00000011374:PRKDC	0	0	0	0	0	0	0	0	0	0.634707419020024	0.924168778141574	0.889237897253734	1	0.942618051403642	0.992568389353873	0.998237697389594	1	0.993625959340752	0.99999844623175
ENSFCAG00000023839:ZFHX3	0	0	0	0	0	0	0	0	0	0.636721130312897	0.929025627884424	0.890929037190243	1	0.942618051403642	0.992568389353873	0.998237697389594	1	0.993822875992337	0.99999844623175
ENSFCAG00000025587:BRCA2	0	0	0	0	0	0	0	0	0	0.650910627159698	0.949174133985836	0.900858945162654	1	0.942618051403642	0.992568389353873	0.998237697389594	1	0.994914553246084	0.99999844623175
ENSFCAG00000000639:RELN	0	0	0	0	0	0	0	0	0	0.658600744104932	0.927596801992178	0.903265730231102	1	0.942618051403642	0.992568389353873	0.998237697389594	1	0.995162625270043	0.99999844623175
ENSFCAG00000010626:SMG1	0	0	0	0	0	0	0	0	0	0.658358079248221	0.932494460638057	0.903620068053816	1	0.942618051403642	0.992568389353873	0.998237697389594	1	0.995198605574814	0.99999844623175
ENSFCAG00000043897:RANBP2	0	0	0	0	0	0	0	0	0	0.673398673441841	0.946304137563535	0.912933659894855	1	0.942618051403642	0.992568389353873	0.998237697389594	1	0.996094670080776	0.99999844623175
ENSFCAG00000043012:ANKRD11	0	0	0	0	0	0	0	0	0	0.675238049999171	0.937394492545675	0.91315473478168	1	0.942618051403642	0.992568389353873	0.998237697389594	1	0.996114781482777	0.99999844623175
ENSFCAG00000012430:ATM	0	0	0	0	0	0	0	0	0	0.680407597024959	0.932486918451779	0.915377146894298	1	0.942618051403642	0.992568389353873	0.998237697389594	1	0.996313985241941	0.99999844623175
ENSFCAG00000007347:MGA	0	0	0	0	0	0	0	0	0	0.679124977781165	0.948353863799241	0.916079317208703	1	0.942618051403642	0.992568389353873	0.998237697389594	1	0.996375801277939	0.99999844623175
ENSFCAG00000006065:NF1	0	0	0	0	0	0	0	0	0	0.685658986634851	0.943135453281024	0.919013514972955	1	0.942618051403642	0.992568389353873	0.998237697389594	1	0.996628296438699	0.99999844623175
ENSFCAG00000000787:APC	0	0	0	0	0	0	0	0	0	0.685812343703842	0.954643538913531	0.919942322257372	1	0.942618051403642	0.992568389353873	0.998237697389594	1	0.996706269152908	0.99999844623175
ENSFCAG00000023517:NOTCH1	0	0	0	0	0	0	0	0	0	0.69171572311604	0.925822268807057	0.92039918524969	1	0.942618051403642	0.992568389353873	0.998237697389594	1	0.99674427834219	0.99999844623175
ENSFCAG00000024379:MGAM	0	0	0	0	0	0	0	0	0	0.697391316631828	0.935199564330607	0.924129813787226	1	0.942618051403642	0.992568389353873	0.998237697389594	1	0.997046175362263	0.99999844623175
ENSFCAG00000011214:UBR5	0	0	0	0	0	0	0	0	0	0.700500310443938	0.941261302093169	0.926178129382676	1	0.942618051403642	0.992568389353873	0.998237697389594	1	0.997205524696291	0.99999844623175
ENSFCAG00000000053:MTOR	0	0	0	0	0	0	0	0	0	0.70298804122742	0.934723237873334	0.926776574408503	1	0.942618051403642	0.992568389353873	0.998237697389594	1	0.997251225367049	0.99999844623175
ENSFCAG00000006262:CREBBP	0	0	0	0	0	0	0	0	0	0.70309287049793	0.940335413896667	0.927338782804666	1	0.942618051403642	0.992568389353873	0.998237697389594	1	0.997293806755468	0.99999844623175
ENSFCAG00000031193:NCOR2	0	0	0	0	0	0	0	0	0	0.704768183757856	0.932614806274249	0.92741716239465	1	0.942618051403642	0.992568389353873	0.998237697389594	1	0.99729971611093	0.99999844623175
ENSFCAG00000001819:LRRK2	0	0	0	0	0	0	0	0	0	0.702851636707815	0.94579511474521	0.927677895097649	1	0.942618051403642	0.992568389353873	0.998237697389594	1	0.99731932614218	0.99999844623175
ENSFCAG00000018078:ATR	0	0	0	0	0	0	0	0	0	0.705706989843035	0.943358289259461	0.928835442837819	1	0.942618051403642	0.992568389353873	0.998237697389594	1	0.997405502175529	0.99999844623175
ENSFCAG00000023397:POLQ	0	0	0	0	0	0	0	0	0	0.705115620333168	0.948955276454769	0.928996664359157	1	0.942618051403642	0.992568389353873	0.998237697389594	1	0.997417390151954	0.99999844623175
ENSFCAG00000009998:NCOR1	0	0	0	0	0	0	0	0	0	0.707938491305455	0.943839581495133	0.929924463931214	1	0.942618051403642	0.992568389353873	0.998237697389594	1	0.997485259563889	0.99999844623175
ENSFCAG00000005002:EP300	0	0	0	0	0	0	0	0	0	0.70907532502656	0.94374964173508	0.930448406504484	1	0.942618051403642	0.992568389353873	0.998237697389594	1	0.997523177423182	0.99999844623175
ENSFCAG00000018332:PTPN13	0	0	0	0	0	0	0	0	0	0.708579777406523	0.949589003729066	0.930673257283797	1	0.942618051403642	0.992568389353873	0.998237697389594	1	0.997539359446288	0.99999844623175
ENSFCAG00000053177:CNTRL	0	0	0	0	0	0	0	0	0	0.711881649462513	0.934847191232052	0.930957642975917	1	0.942618051403642	0.992568389353873	0.998237697389594	1	0.997559748265996	0.99999844623175
ENSFCAG00000030516:TPR	0	0	0	0	0	0	0	0	0	0.71227895650997	0.94313691484787	0.931883216496501	1	0.942618051403642	0.992568389353873	0.998237697389594	1	0.997625505225239	0.99999844623175
ENSFCAG00000012737:CIC	0	0	0	0	0	0	0	0	0	0.715206809785799	0.947151818450124	0.933549588057697	1	0.942618051403642	0.992568389353873	0.998237697389594	1	0.997741575037558	0.99999844623175
ENSFCAG00000006278:ARID1B	0	0	0	0	0	0	0	0	0	0.718810303192143	0.94374196349451	0.934909047056151	1	0.942618051403642	0.992568389353873	0.998237697389594	1	0.997834063705832	0.99999844623175
ENSFCAG00000002498:POLE	0	0	0	0	0	0	0	0	0	0.721041818108136	0.932827764104718	0.934916262901895	1	0.942618051403642	0.992568389353873	0.998237697389594	1	0.997834549347917	0.99999844623175
ENSFCAG00000006448:ROS1	0	0	0	0	0	0	0	0	0	0.720284636743712	0.938357718719899	0.935103114908185	1	0.942618051403642	0.992568389353873	0.998237697389594	1	0.997847105501711	0.99999844623175
ENSFCAG00000025470:KNL1	0	0	0	0	0	0	0	0	0	0.717795239836951	0.95463014395836	0.935265450995986	1	0.942618051403642	0.992568389353873	0.998237697389594	1	0.997857983915079	0.99999844623175
ENSFCAG00000005621:CACNA1D	0	0	0	0	0	0	0	0	0	0.721973766062666	0.941372706000334	0.936123916426498	1	0.942618051403642	0.992568389353873	0.998237697389594	1	0.997915042749985	0.99999844623175
ENSFCAG00000012814:ARID1A	0	0	0	0	0	0	0	0	0	0.72130707718963	0.945986675056569	0.936210147686898	1	0.942618051403642	0.992568389353873	0.998237697389594	1	0.997920730681689	0.99999844623175
ENSFCAG00000009649:NOTCH2	0	0	0	0	0	0	0	0	0	0.723650721889889	0.934844214579622	0.936270914496969	1	0.942618051403642	0.992568389353873	0.998237697389594	1	0.99792473417281	0.99999844623175
ENSFCAG00000001124:MYH9	0	0	0	0	0	0	0	0	0	0.725956103740468	0.925172379989075	0.93628399916966	1	0.942618051403642	0.992568389353873	0.998237697389594	1	0.997925595712386	0.99999844623175
ENSFCAG00000000914:NOTCH3	0	0	0	0	0	0	0	0	0	0.72611253406951	0.932911116540453	0.937164214882753	1	0.942618051403642	0.992568389353873	0.998237697389594	1	0.997983132350194	0.99999844623175
ENSFCAG00000000496:PCM1	0	0	0	0	0	0	0	0	0	0.723143831514916	0.952210001627813	0.937493953562267	1	0.942618051403642	0.992568389353873	0.998237697389594	1	0.998004473318825	0.99999844623175
ENSFCAG00000009906:PTPRB	0	0	0	0	0	0	0	0	0	0.726343450597874	0.941030818477202	0.938021664183549	1	0.942618051403642	0.992568389353873	0.998237697389594	1	0.998038385890445	0.99999844623175
ENSFCAG00000014803:MED12	0	0	0	0	0	0	0	0	0	0.726133649214321	0.943121727973267	0.938108825556175	1	0.942618051403642	0.992568389353873	0.998237697389594	1	0.998043958620382	0.99999844623175
ENSFCAG00000005317:NUMA1	0	0	0	0	0	0	0	0	0	0.730019103710612	0.927337889911869	0.938283773459158	1	0.942618051403642	0.992568389353873	0.998237697389594	1	0.998055119610585	0.99999844623175
ENSFCAG00000012673:TET1	0	0	0	0	0	0	0	0	0	0.726999448868319	0.957502654152574	0.939543442237706	1	0.942618051403642	0.992568389353873	0.998237697389594	1	0.99813451890619	0.99999844623175
ENSFCAG00000007047:MYO18A	0	0	0	0	0	0	0	0	0	0.732389538118422	0.934289729337424	0.940013167348965	1	0.942618051403642	0.992568389353873	0.998237697389594	1	0.998163694137813	0.99999844623175
ENSFCAG00000022277:TRIP11	0	0	0	0	0	0	0	0	0	0.731586730286611	0.947591065683091	0.940833630399269	1	0.942618051403642	0.992568389353873	0.998237697389594	1	0.998214091172987	0.99999844623175
ENSFCAG00000005552:KAT6B	0	0	0	0	0	0	0	0	0	0.73370662104199	0.943247837190073	0.941387760671638	1	0.942618051403642	0.992568389353873	0.998237697389594	1	0.998247723846489	0.99999844623175
ENSFCAG00000015145:CAD	0	0	0	0	0	0	0	0	0	0.736645876988739	0.937416214338273	0.942113898537496	1	0.942618051403642	0.992568389353873	0.998237697389594	1	0.998291302702818	0.99999844623175
ENSFCAG00000006381:KMT2B	0	0	0	0	0	0	0	0	0	0.737588234321728	0.944518155270189	0.943131955760857	1	0.942618051403642	0.992568389353873	0.998237697389594	1	0.998351458675994	0.99999844623175
ENSFCAG00000029985:KAT6A	0	0	0	0	0	0	0	0	0	0.738417709237837	0.949382372798627	0.943862276541837	1	0.942618051403642	0.992568389353873	0.998237697389594	1	0.998393935590107	0.99999844623175
ENSFCAG00000000864:AFDN	0	0	0	0	0	0	0	0	0	0.74387807850012	0.943653422278236	0.945661970214723	1	0.942618051403642	0.992568389353873	0.998237697389594	1	0.998496198244106	0.99999844623175
ENSFCAG00000008606:DOT1L	0	0	0	0	0	0	0	0	0	0.74306656979646	0.949653883602103	0.945806581996952	1	0.942618051403642	0.992568389353873	0.998237697389594	1	0.998504266662174	0.99999844623175
ENSFCAG00000012831:ARID2	0	0	0	0	0	0	0	0	0	0.743439530905172	0.960342772374737	0.946675565531146	1	0.942618051403642	0.992568389353873	0.998237697389594	1	0.998552284904505	0.99999844623175
ENSFCAG00000007696:MDC1	0	0	0	0	0	0	0	0	0	0.746572105987513	0.948380056594329	0.947136869682939	1	0.942618051403642	0.992568389353873	0.998237697389594	1	0.998577451459357	0.99999844623175
ENSFCAG00000012577:MYO5A	0	0	0	0	0	0	0	0	0	0.747600602633361	0.943670069994141	0.947172405916785	1	0.942618051403642	0.992568389353873	0.998237697389594	1	0.998579380824792	0.99999844623175
ENSFCAG00000024678:TET3	0	0	0	0	0	0	0	0	0	0.74865286355258	0.946640560304611	0.947837996434141	1	0.942618051403642	0.992568389353873	0.998237697389594	1	0.998615271377886	0.99999844623175
ENSFCAG00000022265:TP53BP1	0	0	0	0	0	0	0	0	0	0.748080210157431	0.95120528188657	0.947956165156366	1	0.942618051403642	0.992568389353873	0.998237697389594	1	0.998621594509146	0.99999844623175
ENSFCAG00000013146:BRCA1	0	0	0	0	0	0	0	0	0	0.747742182230378	0.956318562524033	0.948172941994196	1	0.942618051403642	0.992568389353873	0.998237697389594	1	0.998633155800329	0.99999844623175
ENSFCAG00000006877:CHD4	0	0	0	0	0	0	0	0	0	0.750095139289088	0.94395976999763	0.948195155544646	1	0.942618051403642	0.992568389353873	0.998237697389594	1	0.998634337708963	0.99999844623175
ENSFCAG00000024457:PTPRD	0	0	0	0	0	0	0	0	0	0.749677373772025	0.94761587061285	0.948324625145737	1	0.942618051403642	0.992568389353873	0.998237697389594	1	0.998641215997624	0.99999844623175
ENSFCAG00000003741:NUP98	0	0	0	0	0	0	0	0	0	0.749134897539606	0.950593149170342	0.948334123311766	1	0.942618051403642	0.992568389353873	0.998237697389594	1	0.998641719907586	0.99999844623175
ENSFCAG00000051264:WDR90	0	0	0	0	0	0	0	0	0	0.750833652052108	0.94548067819533	0.948614395344963	1	0.942618051403642	0.992568389353873	0.998237697389594	1	0.998656546475249	0.99999844623175
ENSFCAG00000013540:ARHGEF28	0	0	0	0	0	0	0	0	0	0.752556221896679	0.943811461641115	0.949157734493423	1	0.942618051403642	0.992568389353873	0.998237697389594	1	0.998685053610892	0.99999844623175
ENSFCAG00000011746:TSC2	0	0	0	0	0	0	0	0	0	0.753457721131165	0.94205897357648	0.949362802663055	1	0.942618051403642	0.992568389353873	0.998237697389594	1	0.998695731974821	0.99999844623175
ENSFCAG00000012246:DNMT1	0	0	0	0	0	0	0	0	0	0.752437625497496	0.947494960229498	0.949410256219118	1	0.942618051403642	0.992568389353873	0.998237697389594	1	0.998698196677481	0.99999844623175
ENSFCAG00000031869:BCORL1	0	0	0	0	0	0	0	0	0	0.751488025760817	0.952898616328744	0.949437051617818	1	0.942618051403642	0.992568389353873	0.998237697389594	1	0.998699587362924	0.99999844623175
ENSFCAG00000003208:CHD2	0	0	0	0	0	0	0	0	0	0.755746378211415	0.94919711741124	0.950838044751844	1	0.942618051403642	0.992568389353873	0.998237697389594	1	0.998771246211403	0.99999844623175
ENSFCAG00000002384:PDCD11	0	0	0	0	0	0	0	0	0	0.75602432302574	0.948276909804123	0.950875499827831	1	0.942618051403642	0.992568389353873	0.998237697389594	1	0.998773133641424	0.99999844623175
ENSFCAG00000004894:SMARCA4	0	0	0	0	0	0	0	0	0	0.756988637317869	0.943897455578681	0.95089580940966	1	0.942618051403642	0.992568389353873	0.998237697389594	1	0.99877415646163	0.99999844623175
ENSFCAG00000024512:ZNF521	0	0	0	0	0	0	0	0	0	0.755188769769669	0.953732851986502	0.950950276000019	1	0.942618051403642	0.992568389353873	0.998237697389594	1	0.998776897337143	0.99999844623175
ENSFCAG00000034298:CUX1	0	0	0	0	0	0	0	0	0	0.758476438221352	0.941932662641277	0.951301441482225	1	0.942618051403642	0.992568389353873	0.998237697389594	1	0.998794493848714	0.99999844623175
ENSFCAG00000025265:CAMTA1	0	0	0	0	0	0	0	0	0	0.757356576597258	0.948693863019835	0.951423909289131	1	0.942618051403642	0.992568389353873	0.998237697389594	1	0.998800600084711	0.99999844623175
ENSFCAG00000012280:SLX4	0	0	0	0	0	0	0	0	0	0.758374513443759	0.945799478546632	0.951587577042129	1	0.942618051403642	0.992568389353873	0.998237697389594	1	0.998808735936305	0.99999844623175
ENSFCAG00000008986:PREX2	0	0	0	0	0	0	0	0	0	0.757393548708818	0.952412037143668	0.951713582048351	1	0.942618051403642	0.992568389353873	0.998237697389594	1	0.998814980410574	0.99999844623175
ENSFCAG00000002588:SETD1A	0	0	0	0	0	0	0	0	0	0.758385751024159	0.950542257087037	0.951960270062161	1	0.942618051403642	0.992568389353873	0.998237697389594	1	0.998827157315232	0.99999844623175
ENSFCAG00000014850:PIK3C2B	0	0	0	0	0	0	0	0	0	0.759512960407536	0.948867595699817	0.952266672631152	1	0.942618051403642	0.992568389353873	0.998237697389594	1	0.998842192815004	0.99999844623175
ENSFCAG00000008083:RICTOR	0	0	0	0	0	0	0	0	0	0.759273763235747	0.961383564880456	0.953016877039584	1	0.942618051403642	0.992568389353873	0.998237697389594	1	0.998878590005102	0.99999844623175
ENSFCAG00000015718:PBRM1	0	0	0	0	0	0	0	0	0	0.763723867039381	0.952297581839016	0.954118885034158	1	0.942618051403642	0.992568389353873	0.998237697389594	1	0.998930984667397	0.99999844623175
ENSFCAG00000007346:SETBP1	0	0	0	0	0	0	0	0	0	0.762833499657441	0.959648560889755	0.954269181648469	1	0.942618051403642	0.992568389353873	0.998237697389594	1	0.998938031811121	0.99999844623175
ENSFCAG00000002747:CLTCL1	0	0	0	0	0	0	0	0	0	0.766097761051755	0.948900172317469	0.954754712414315	1	0.942618051403642	0.992568389353873	0.998237697389594	1	0.998960635759112	0.99999844623175
ENSFCAG00000001568:SMARCA2	0	0	0	0	0	0	0	0	0	0.767074224932023	0.945122788215023	0.954816236865303	1	0.942618051403642	0.992568389353873	0.998237697389594	1	0.99896348240919	0.99999844623175
ENSFCAG00000014299:GRIN2A	0	0	0	0	0	0	0	0	0	0.765502725941737	0.953813990800063	0.954892216536884	1	0.942618051403642	0.992568389353873	0.998237697389594	1	0.998966992411125	0.99999844623175
ENSFCAG00000014340:KDM5A	0	0	0	0	0	0	0	0	0	0.766252180433506	0.95305878789417	0.955118584474745	1	0.942618051403642	0.992568389353873	0.998237697389594	1	0.998977414002962	0.99999844623175
ENSFCAG00000000247:PIK3C2G	0	0	0	0	0	0	0	0	0	0.766653379211273	0.959495068989536	0.9556907047587	1	0.942618051403642	0.992568389353873	0.998237697389594	1	0.999003514319998	0.99999844623175
ENSFCAG00000004770:PTPRT	0	0	0	0	0	0	0	0	0	0.769948375982866	0.946900332099304	0.956018402689489	1	0.942618051403642	0.992568389353873	0.998237697389594	1	0.999018309725215	0.99999844623175
ENSFCAG00000004031:ATP2B3	0	0	0	0	0	0	0	0	0	0.768853584008548	0.953335307236213	0.956100067104493	1	0.942618051403642	0.992568389353873	0.998237697389594	1	0.999021979348937	0.99999844623175
ENSFCAG00000026560:ARHGEF12	0	0	0	0	0	0	0	0	0	0.769840836078661	0.950818159341368	0.956280684763078	1	0.942618051403642	0.992568389353873	0.998237697389594	1	0.999030070703823	0.99999844623175
ENSFCAG00000014501:ROBO1	0	0	0	0	0	0	0	0	0	0.770452612708346	0.947932315859692	0.956284308139586	1	0.942618051403642	0.992568389353873	0.998237697389594	1	0.999030232675678	0.99999844623175
ENSFCAG00000027260:CLTC	0	0	0	0	0	0	0	0	0	0.770672121583757	0.952084390929216	0.9566769308793	1	0.942618051403642	0.992568389353873	0.998237697389594	1	0.999047702329942	0.99999844623175
ENSFCAG00000025791:NCOA1	0	0	0	0	0	0	0	0	0	0.770398776367786	0.954769216009858	0.956765441350057	1	0.942618051403642	0.992568389353873	0.998237697389594	1	0.999051618322767	0.99999844623175
ENSFCAG00000004831:ARHGAP35	0	0	0	0	0	0	0	0	0	0.770052156874602	0.959759292196805	0.956959750317585	1	0.942618051403642	0.992568389353873	0.998237697389594	1	0.999060186469487	0.99999844623175
ENSFCAG00000010606:CLIP1	0	0	0	0	0	0	0	0	0	0.772404926398079	0.951644168588493	0.957274449863999	1	0.942618051403642	0.992568389353873	0.998237697389594	1	0.999073979605177	0.99999844623175
ENSFCAG00000000916:BRD4	0	0	0	0	0	0	0	0	0	0.772787153175191	0.951047222288862	0.95736886062192	1	0.942618051403642	0.992568389353873	0.998237697389594	1	0.99907809740936	0.99999844623175
ENSFCAG00000011205:PTCH1	0	0	0	0	0	0	0	0	0	0.773427113995614	0.952315251154552	0.957692022965236	1	0.942618051403642	0.992568389353873	0.998237697389594	1	0.999092121934468	0.99999844623175
ENSFCAG00000001908:ASXL1	0	0	0	0	0	0	0	0	0	0.772998539393985	0.955554471770121	0.957762380880793	1	0.942618051403642	0.992568389353873	0.998237697389594	1	0.999095160854642	0.99999844623175
ENSFCAG00000003795:FANCA	0	0	0	0	0	0	0	0	0	0.775438412158188	0.945256214491023	0.95786773632119	1	0.942618051403642	0.992568389353873	0.998237697389594	1	0.999099701734137	0.99999844623175
ENSFCAG00000000959:PASK	0	0	0	0	0	0	0	0	0	0.775594623950155	0.944666370241789	0.957874450571655	1	0.942618051403642	0.992568389353873	0.998237697389594	1	0.999099990729362	0.99999844623175
ENSFCAG00000032000:NCOA2	0	0	0	0	0	0	0	0	0	0.773096800800509	0.958004465870224	0.957957413869274	1	0.942618051403642	0.992568389353873	0.998237697389594	1	0.999103557757798	0.99999844623175
ENSFCAG00000009445:KDM6A	0	0	0	0	0	0	0	0	0	0.77438483754719	0.954935388090949	0.958219430360437	1	0.942618051403642	0.992568389353873	0.998237697389594	1	0.999114776048819	0.99999844623175
ENSFCAG00000011228:FANCD2	0	0	0	0	0	0	0	0	0	0.775203536586668	0.951080867335703	0.958239330333379	1	0.942618051403642	0.992568389353873	0.998237697389594	1	0.999115625142715	0.99999844623175
ENSFCAG00000006087:BLM	0	0	0	0	0	0	0	0	0	0.774045774051104	0.960814644463023	0.958471068671563	1	0.942618051403642	0.992568389353873	0.998237697389594	1	0.999125482550115	0.99999844623175
ENSFCAG00000013481:PRDM16	0	0	0	0	0	0	0	0	0	0.775308149885093	0.954348522358225	0.958509754818979	1	0.942618051403642	0.992568389353873	0.998237697389594	1	0.999127122677189	0.99999844623175
ENSFCAG00000027460:CPS1	0	0	0	0	0	0	0	0	0	0.775203092448043	0.955182225596602	0.95852910324207	1	0.942618051403642	0.992568389353873	0.998237697389594	1	0.999127942381772	0.99999844623175
ENSFCAG00000014104:MAP3K1	0	0	0	0	0	0	0	0	0	0.775457296580135	0.959141152622309	0.958875687376358	1	0.942618051403642	0.992568389353873	0.998237697389594	1	0.999142559424098	0.99999844623175
ENSFCAG00000018200:PDS5B	0	0	0	0	0	0	0	0	0	0.774959570565277	0.962279513736466	0.958883715313645	1	0.942618051403642	0.992568389353873	0.998237697389594	1	0.999142896514405	0.99999844623175
ENSFCAG00000007256:KDM5C	0	0	0	0	0	0	0	0	0	0.778768024430687	0.943894241248543	0.958932268563751	1	0.942618051403642	0.992568389353873	0.998237697389594	1	0.999144933816086	0.99999844623175
ENSFCAG00000009679:KDR	0	0	0	0	0	0	0	0	0	0.777490853062273	0.95011718957883	0.958980300604816	1	0.942618051403642	0.992568389353873	0.998237697389594	1	0.999146946828822	0.99999844623175
ENSFCAG00000013609:NSD3	0	0	0	0	0	0	0	0	0	0.776741900828067	0.955795504560504	0.959118251048888	1	0.942618051403642	0.992568389353873	0.998237697389594	1	0.999152714926429	0.99999844623175
ENSFCAG00000030408:ZMYM2	0	0	0	0	0	0	0	0	0	0.77600640079543	0.962425907125708	0.959265804680694	1	0.942618051403642	0.992568389353873	0.998237697389594	1	0.999158862599103	0.99999844623175
ENSFCAG00000005610:SETD5	0	0	0	0	0	0	0	0	0	0.776319891662132	0.960814943958289	0.95928411422623	1	0.942618051403642	0.992568389353873	0.998237697389594	1	0.99915962386479	0.99999844623175
ENSFCAG00000009897:CDK12	0	0	0	0	0	0	0	0	0	0.776454229306285	0.960099170586876	0.95928917397451	1	0.942618051403642	0.992568389353873	0.998237697389594	1	0.999159834174998	0.99999844623175
ENSFCAG00000000360:DROSHA	0	0	0	0	0	0	0	0	0	0.777755702085489	0.953176666577538	0.95929721265467	1	0.942618051403642	0.992568389353873	0.998237697389594	1	0.999160168250669	0.99999844623175
ENSFCAG00000009032:PLCG1	0	0	0	0	0	0	0	0	0	0.780280298420756	0.950219443848038	0.959967656669106	1	0.942618051403642	0.992568389353873	0.998237697389594	1	0.999187793875323	0.99999844623175
ENSFCAG00000001882:FLT4	0	0	0	0	0	0	0	0	0	0.781124854535954	0.946585531233652	0.959978302327478	1	0.942618051403642	0.992568389353873	0.998237697389594	1	0.999188228751972	0.99999844623175
ENSFCAG00000003836:ASXL2	0	0	0	0	0	0	0	0	0	0.778574147619376	0.959242036897238	0.959986770437525	1	0.942618051403642	0.992568389353873	0.998237697389594	1	0.999188574591161	0.99999844623175
ENSFCAG00000037938:NSD2	0	0	0	0	0	0	0	0	0	0.780454766662217	0.951973704467876	0.960158164199537	1	0.942618051403642	0.992568389353873	0.998237697389594	1	0.999195558289125	0.99999844623175
ENSFCAG00000009873:PTPRK	0	0	0	0	0	0	0	0	0	0.780829343352253	0.951714830467909	0.9602698192964	1	0.942618051403642	0.992568389353873	0.998237697389594	1	0.999200091386892	0.99999844623175
ENSFCAG00000011110:JARID2	0	0	0	0	0	0	0	0	0	0.78024625982755	0.954641998815439	0.960273692115347	1	0.942618051403642	0.992568389353873	0.998237697389594	1	0.999200248386928	0.99999844623175
ENSFCAG00000018164:IGF1R	0	0	0	0	0	0	0	0	0	0.781513041916576	0.953195239141128	0.960613830323682	1	0.942618051403642	0.992568389353873	0.998237697389594	1	0.999213976315792	0.99999844623175
ENSFCAG00000011453:RPTOR	0	0	0	0	0	0	0	0	0	0.783288656950836	0.948297074081188	0.960862409032191	1	0.942618051403642	0.992568389353873	0.998237697389594	1	0.999223932742729	0.99999844623175
ENSFCAG00000012665:MECOM	0	0	0	0	0	0	0	0	0	0.781469784475939	0.959789830692143	0.961032542784693	1	0.942618051403642	0.992568389353873	0.998237697389594	1	0.999230710110671	0.99999844623175
ENSFCAG00000013299:FLT1	0	0	0	0	0	0	0	0	0	0.782403748263055	0.955143308964691	0.961057277702986	1	0.942618051403642	0.992568389353873	0.998237697389594	1	0.999231692931335	0.99999844623175
ENSFCAG00000024759:WRN	0	0	0	0	0	0	0	0	0	0.781807605137593	0.9586515866887	0.961079578923819	1	0.942618051403642	0.992568389353873	0.998237697389594	1	0.999232578505394	0.99999844623175
ENSFCAG00000009534:MET	0	0	0	0	0	0	0	0	0	0.78170352728439	0.960201622773185	0.961138563322114	1	0.942618051403642	0.992568389353873	0.998237697389594	1	0.999234918261881	0.99999844623175
ENSFCAG00000012141:STIL	1	0	0	0	0	0	0	0	0	0.780525245947667	0.968411469680265	0.961171491205616	1	0.942618051403642	0.992568389353873	0.998237697389594	1	0.999236222850281	0.99999844623175
ENSFCAG00000004987:PLCG2	0	0	0	0	0	0	0	0	0	0.784352733817451	0.949203080252282	0.961297782480041	1	0.942618051403642	0.992568389353873	0.998237697389594	1	0.99924121599575	0.99999844623175
ENSFCAG00000015033:NCOA3	0	0	0	0	0	0	0	0	0	0.782246908042528	0.959858170339345	0.961306041581071	1	0.942618051403642	0.992568389353873	0.998237697389594	1	0.999241541955667	0.99999844623175
ENSFCAG00000007834:KTN1	0	0	0	0	0	0	0	0	0	0.783286464561935	0.955251110385522	0.961369014053609	1	0.942618051403642	0.992568389353873	0.998237697389594	1	0.99924402494176	0.99999844623175
ENSFCAG00000024874:SOS1	0	0	0	0	0	0	0	0	0	0.782445295881848	0.963340237893087	0.961576827692711	1	0.942618051403642	0.992568389353873	0.998237697389594	1	0.99925218970683	0.99999844623175
ENSFCAG00000014806:ZMYM3	0	0	0	0	0	0	0	0	0	0.78437990104421	0.9529313875073	0.961583193879302	1	0.942618051403642	0.992568389353873	0.998237697389594	1	0.999252439118123	0.99999844623175
ENSFCAG00000029806:AFF1	0	0	0	0	0	0	0	0	0	0.783249409925432	0.959799330542102	0.9616484765668	1	0.942618051403642	0.992568389353873	0.998237697389594	1	0.999254994298699	0.99999844623175
ENSFCAG00000015690:PTPRC	0	0	0	0	0	0	0	0	0	0.78345079216394	0.961532529809326	0.961820907167493	1	0.942618051403642	0.992568389353873	0.998237697389594	1	0.99926172196409	0.99999844623175
ENSFCAG00000029975:AFF3	0	0	0	0	0	0	0	0	0	0.784313796104334	0.96057397342642	0.962060718636599	1	0.942618051403642	0.992568389353873	0.998237697389594	1	0.999271027214531	0.99999844623175
ENSFCAG00000001147:BCL9L	0	0	0	0	0	0	0	0	0	0.78525747230784	0.955923566117472	0.962089408129489	1	0.942618051403642	0.992568389353873	0.998237697389594	1	0.999272136430741	0.99999844623175
ENSFCAG00000015191:PER1	0	0	0	0	0	0	0	0	0	0.786320723336051	0.954233494424719	0.962336052044633	1	0.942618051403642	0.992568389353873	0.998237697389594	1	0.999281637085872	0.99999844623175
ENSFCAG00000010710:ALPK1	0	0	0	0	0	0	0	0	0	0.785403777125197	0.960087486119899	0.962403978859627	1	0.942618051403642	0.992568389353873	0.998237697389594	1	0.999284242505198	0.99999844623175
ENSFCAG00000015536:ADGRA2	0	0	0	0	0	0	0	0	0	0.786941438306645	0.953576054847722	0.96250037975144	1	0.942618051403642	0.992568389353873	0.998237697389594	1	0.999287931853926	0.99999844623175
ENSFCAG00000030096:ARID4B	0	0	0	0	0	0	0	0	0	0.786587605984386	0.957816915071327	0.962665173854306	1	0.942618051403642	0.992568389353873	0.998237697389594	1	0.999294216312612	0.99999844623175
ENSFCAG00000009543:TERT	0	0	0	0	0	0	0	0	0	0.786226203415485	0.960234262836648	0.962692586618361	1	0.942618051403642	0.992568389353873	0.998237697389594	1	0.999295258967524	0.99999844623175
ENSFCAG00000004564:COL1A1	0	0	0	0	0	0	0	0	0	0.786696468382588	0.958030222554973	0.962715644933659	1	0.942618051403642	0.992568389353873	0.998237697389594	1	0.999296135394881	0.99999844623175
ENSFCAG00000014002:COL2A1	0	0	0	0	0	0	0	0	0	0.786772222497632	0.959420897480163	0.962828227506113	1	0.942618051403642	0.992568389353873	0.998237697389594	1	0.999300406633817	0.99999844623175
ENSFCAG00000035450:ARID5B	0	0	0	0	0	0	0	0	0	0.787235607327923	0.959403825626597	0.962983898079881	1	0.942618051403642	0.992568389353873	0.998237697389594	1	0.999306290891132	0.99999844623175
ENSFCAG00000007864:MAP3K6	0	0	0	0	0	0	0	0	0	0.789907388569905	0.948533227961539	0.963121936473478	1	0.942618051403642	0.992568389353873	0.998237697389594	1	0.999311487611369	0.99999844623175
ENSFCAG00000003009:IRS1	0	0	0	0	0	0	0	0	0	0.787188122717357	0.962195146604647	0.96313358983844	1	0.942618051403642	0.992568389353873	0.998237697389594	1	0.999311925419014	0.99999844623175
ENSFCAG00000004091:TRIM24	0	0	0	0	0	0	0	0	0	0.788029665436579	0.959017590077315	0.963227771668752	1	0.942618051403642	0.992568389353873	0.998237697389594	1	0.999315458580909	0.99999844623175
ENSFCAG00000029436:TET2	0	0	0	0	0	0	0	0	0	0.786922162322047	0.966992677608024	0.963300885526742	1	0.942618051403642	0.992568389353873	0.998237697389594	1	0.999318195044021	0.99999844623175
ENSFCAG00000027902:ERBB4	0	0	0	0	0	0	0	0	0	0.788970580789843	0.95530150802314	0.963302396326188	1	0.942618051403642	0.992568389353873	0.998237697389594	1	0.999318251530826	0.99999844623175
ENSFCAG00000002050:BCR	0	0	0	0	0	0	0	0	0	0.790057328914797	0.951190970374345	0.963373970141859	1	0.942618051403642	0.992568389353873	0.998237697389594	1	0.999320924866686	0.99999844623175
ENSFCAG00000012455:KDM2B	0	0	0	0	0	0	0	0	0	0.790386797651284	0.950035602660359	0.963397067026937	1	0.942618051403642	0.992568389353873	0.998237697389594	1	0.999321786417835	0.99999844623175
ENSFCAG00000011321:INPP5D	0	0	0	0	0	0	0	0	0	0.790062093531009	0.951995548908238	0.963434620380759	1	0.942618051403642	0.992568389353873	0.998237697389594	1	0.999323186036566	0.99999844623175
ENSFCAG00000015468:EGFR	0	0	0	0	0	0	0	0	0	0.791192464627211	0.949053122460098	0.963589200243516	1	0.942618051403642	0.992568389353873	0.998237697389594	1	0.999328931836653	0.99999844623175
ENSFCAG00000012425:AFF4	0	0	0	0	0	0	0	0	0	0.788562587748362	0.962217186659539	0.963597837651976	1	0.942618051403642	0.992568389353873	0.998237697389594	1	0.999329252161287	0.99999844623175
ENSFCAG00000012003:EMSY	0	0	0	0	0	0	0	0	0	0.788934380367237	0.962184510819247	0.963720675427379	1	0.942618051403642	0.992568389353873	0.998237697389594	1	0.999333799310585	0.99999844623175
ENSFCAG00000010557:SMC3	0	0	0	0	0	0	0	0	0	0.790993016439776	0.955947601164511	0.964019905922171	1	0.942618051403642	0.992568389353873	0.998237697389594	1	0.999344810559113	0.99999844623175
ENSFCAG00000008561:CARD11	0	0	0	0	0	0	0	0	0	0.793016182581355	0.947706705866948	0.964084903205825	1	0.942618051403642	0.992568389353873	0.998237697389594	1	0.999347190085259	0.99999844623175
ENSFCAG00000001563:SEC31A	0	0	0	0	0	0	0	0	0	0.79045700998371	0.960877722274301	0.964152832803193	1	0.942618051403642	0.992568389353873	0.998237697389594	1	0.999349672279287	0.99999844623175
ENSFCAG00000007517:JAK3	0	0	0	0	0	0	0	0	0	0.79226168273055	0.952672026406068	0.964212223083673	1	0.942618051403642	0.992568389353873	0.998237697389594	1	0.999351838519462	0.99999844623175
ENSFCAG00000009903:ERBB2	0	0	0	0	0	0	0	0	0	0.793343871431738	0.949637666461479	0.964342833968846	1	0.942618051403642	0.992568389353873	0.998237697389594	1	0.999356589638511	0.99999844623175
ENSFCAG00000000349:BCL9	0	0	0	0	0	0	0	0	0	0.790997329372709	0.96250596807599	0.964426919499848	1	0.942618051403642	0.992568389353873	0.998237697389594	1	0.999359638984707	0.99999844623175
ENSFCAG00000007089:MSH6	0	0	0	0	0	0	0	0	0	0.791689720934902	0.961728328853855	0.964611560382543	1	0.942618051403642	0.992568389353873	0.998237697389594	1	0.999366309228963	0.99999844623175
ENSFCAG00000019223:ARID4A	0	0	0	0	0	0	0	0	0	0.791718880780246	0.963440017855829	0.964718356460852	1	0.942618051403642	0.992568389353873	0.998237697389594	1	0.999370151157197	0.99999844623175
ENSFCAG00000007401:PC	0	0	0	0	0	0	0	0	0	0.793458280237801	0.954660201736843	0.964745203420277	1	0.942618051403642	0.992568389353873	0.998237697389594	1	0.999371115101694	0.99999844623175
ENSFCAG00000013897:SMC1A	0	0	0	0	0	0	0	0	0	0.794815752674852	0.949708875532371	0.96482881413203	1	0.942618051403642	0.992568389353873	0.998237697389594	1	0.999374112371683	0.99999844623175
ENSFCAG00000000760:IRS4	0	0	0	0	0	0	0	0	0	0.791737027229296	0.965658480434286	0.964843658716319	1	0.942618051403642	0.992568389353873	0.998237697389594	1	0.999374643761712	0.99999844623175
ENSFCAG00000027633:STAG2	0	0	0	0	0	0	0	0	0	0.79228030675433	0.962681154367597	0.964861188488333	1	0.942618051403642	0.992568389353873	0.998237697389594	1	0.999375270979028	0.99999844623175
ENSFCAG00000008747:PTPRO	0	0	0	0	0	0	0	0	0	0.793828847718818	0.955389066379766	0.964916267046984	1	0.942618051403642	0.992568389353873	0.998237697389594	1	0.999377239623994	0.99999844623175
ENSFCAG00000023047:STAG1	0	0	0	0	0	0	0	0	0	0.794026493613195	0.959054647722729	0.965218963332127	1	0.942618051403642	0.992568389353873	0.998237697389594	1	0.999388002631112	0.99999844623175
ENSFCAG00000005323:INPPL1	0	0	0	0	0	0	0	0	0	0.795944146480192	0.951716136105847	0.96534517188691	1	0.942618051403642	0.992568389353873	0.998237697389594	1	0.999392462200681	0.99999844623175
ENSFCAG00000014232:HDAC4	0	0	0	0	0	0	0	0	0	0.796455293366581	0.952224851444957	0.965547454265497	1	0.942618051403642	0.992568389353873	0.998237697389594	1	0.999399575417194	0.99999844623175
ENSFCAG00000001953:JAK1	0	0	0	0	0	0	0	0	0	0.79588991746557	0.957046270716282	0.965697085953925	1	0.942618051403642	0.992568389353873	0.998237697389594	1	0.999404809914763	0.99999844623175
ENSFCAG00000014494:MLLT6	0	0	0	0	0	0	0	0	0	0.796006221437695	0.959082511019975	0.965864465864356	1	0.942618051403642	0.992568389353873	0.998237697389594	1	0.999410637817416	0.99999844623175
ENSFCAG00000012287:MAML2	0	0	0	0	0	0	0	0	0	0.795577970954708	0.961578502009918	0.965876157078587	1	0.942618051403642	0.992568389353873	0.998237697389594	1	0.999411043803095	0.99999844623175
ENSFCAG00000009436:TYK2	0	0	0	0	0	0	0	0	0	0.797398041413006	0.952765771958154	0.965890016229841	1	0.942618051403642	0.992568389353873	0.998237697389594	1	0.999411524888611	0.99999844623175
ENSFCAG00000006634:LRIG3	0	0	0	0	0	0	0	0	0	0.794569723540266	0.968071399992009	0.965895127422634	1	0.942618051403642	0.992568389353873	0.998237697389594	1	0.999411702260598	0.99999844623175
ENSFCAG00000014859:ERBB3	0	0	0	0	0	0	0	0	0	0.797160520434174	0.953950460969214	0.965897681019748	1	0.942618051403642	0.992568389353873	0.998237697389594	1	0.999411790867079	0.99999844623175
ENSFCAG00000012942:PALB2	0	0	0	0	0	0	0	0	0	0.795522011806544	0.962952817623549	0.965936779049547	1	0.942618051403642	0.992568389353873	0.998237697389594	1	0.999413146674608	0.99999844623175
ENSFCAG00000018749:MLLT10	0	0	0	0	0	0	0	0	0	0.794837038607327	0.968460381813888	0.966000978363019	1	0.942618051403642	0.992568389353873	0.998237697389594	1	0.999415369489947	0.99999844623175
ENSFCAG00000025193:USP8	0	0	0	0	0	0	0	0	0	0.795510135475359	0.964307535285044	0.966007765530343	1	0.942618051403642	0.992568389353873	0.998237697389594	1	0.999415604237153	0.99999844623175
ENSFCAG00000005115:ABL1	0	0	0	0	0	0	0	0	0	0.797842677091638	0.957065642410605	0.966327407085652	1	0.942618051403642	0.992568389353873	0.998237697389594	1	0.999426605653679	0.99999844623175
ENSFCAG00000000407:CTR9	0	0	0	0	0	0	0	0	0	0.797175904907828	0.960737998398898	0.966342711194623	1	0.942618051403642	0.992568389353873	0.998237697389594	1	0.999427129737577	0.99999844623175
ENSFCAG00000009655:SETDB1	0	0	0	0	0	0	0	0	0	0.798528568405879	0.955583591828731	0.966448456482523	1	0.942618051403642	0.992568389353873	0.998237697389594	1	0.999430744325336	0.99999844623175
ENSFCAG00000003633:CSF1R	0	0	0	0	0	0	0	0	0	0.79959637524953	0.953125857143932	0.966617932043353	1	0.942618051403642	0.992568389353873	0.998237697389594	1	0.999436513211973	0.99999844623175
ENSFCAG00000004555:CBLB	0	0	0	0	0	0	0	0	0	0.797547812743664	0.963804640076902	0.966638114641208	1	0.942618051403642	0.992568389353873	0.998237697389594	1	0.99943719824019	0.99999844623175
ENSFCAG00000004047:HIP1	0	0	0	0	0	0	0	0	0	0.801752077822336	0.945421344985734	0.966703800072942	1	0.942618051403642	0.992568389353873	0.998237697389594	1	0.999439424786707	0.99999844623175
ENSFCAG00000005686:MSH3	0	0	0	0	0	0	0	0	0	0.797754806877541	0.964032567640752	0.966717061032165	1	0.942618051403642	0.992568389353873	0.998237697389594	1	0.999439873753452	0.99999844623175
ENSFCAG00000003178:ATXN2	0	0	0	0	0	0	0	0	0	0.797782964390554	0.963977028090645	0.966723055447682	1	0.942618051403642	0.992568389353873	0.998237697389594	1	0.999440076642361	0.99999844623175
ENSFCAG00000006191:ERC1	0	0	0	0	0	0	0	0	0	0.800131233446209	0.953483178648605	0.966812973151848	1	0.942618051403642	0.992568389353873	0.998237697389594	1	0.999443115565396	0.99999844623175
ENSFCAG00000028848:CIITA	0	0	0	0	0	0	0	0	0	0.799453351847036	0.957018058967529	0.966838504964626	1	0.942618051403642	0.992568389353873	0.998237697389594	1	0.999443976932358	0.99999844623175
ENSFCAG00000005038:SF3B1	0	0	0	0	0	0	0	0	0	0.798559600935342	0.965281039700895	0.967041834735969	1	0.942618051403642	0.992568389353873	0.998237697389594	1	0.999450812606647	0.99999844623175
ENSFCAG00000011119:LATS2	0	0	0	0	0	0	0	0	0	0.800083949516561	0.960144238805036	0.967235676858664	1	0.942618051403642	0.992568389353873	0.998237697389594	1	0.999457289512517	0.99999844623175
ENSFCAG00000012999:RET	0	0	0	0	0	0	0	0	0	0.801883929513322	0.954859898941279	0.967461739629515	1	0.942618051403642	0.992568389353873	0.998237697389594	1	0.999464793947076	0.99999844623175
ENSFCAG00000007112:TSC1	0	0	0	0	0	0	0	0	0	0.801223399542159	0.958123995884003	0.967470163116424	1	0.942618051403642	0.992568389353873	0.998237697389594	1	0.999465072554302	0.99999844623175
ENSFCAG00000029845:ZNF217	0	0	0	0	0	0	0	0	0	0.799433228915768	0.969583529739356	0.967533492180523	1	0.942618051403642	0.992568389353873	0.998237697389594	1	0.999467164817719	0.99999844623175
ENSFCAG00000004554:PIK3CG	0	0	0	0	0	0	0	0	0	0.80022060455884	0.965915685391581	0.967603594226647	1	0.942618051403642	0.992568389353873	0.998237697389594	1	0.999469476012857	0.99999844623175
ENSFCAG00000026305:PIK3CD	0	0	0	0	0	0	0	0	0	0.802564712276031	0.953929547593755	0.967610491920358	1	0.942618051403642	0.992568389353873	0.998237697389594	1	0.99946970314854	0.99999844623175
ENSFCAG00000009757:UPF1	0	0	0	0	0	0	0	0	0	0.802448715466868	0.955338717313244	0.96767153970577	1	0.942618051403642	0.992568389353873	0.998237697389594	1	0.999471711261236	0.99999844623175
ENSFCAG00000003659:DNMT3A	0	0	0	0	0	0	0	0	0	0.802799528940664	0.956066603041517	0.967830367927979	1	0.942618051403642	0.992568389353873	0.998237697389594	1	0.999476917730576	0.99999844623175
ENSFCAG00000028588:JAK2	0	0	0	0	0	0	0	0	0	0.802233445975381	0.961990388250737	0.968022724383421	1	0.942618051403642	0.992568389353873	0.998237697389594	1	0.999483188373728	0.99999844623175
ENSFCAG00000007143:TLL2	0	0	0	0	0	0	0	0	0	0.803327143636472	0.957311816769275	0.968077168702094	1	0.942618051403642	0.992568389353873	0.998237697389594	1	0.999484956267622	0.99999844623175
ENSFCAG00000002830:TEK	0	0	0	0	0	0	0	0	0	0.803647116006262	0.958717599980588	0.968266718782823	1	0.942618051403642	0.992568389353873	0.998237697389594	1	0.999491087375157	0.99999844623175
ENSFCAG00000002822:SALL4	0	0	0	0	0	0	0	0	0	0.802641208456829	0.964544699980832	0.968293297113139	1	0.942618051403642	0.992568389353873	0.998237697389594	1	0.999491944100237	0.99999844623175
ENSFCAG00000018250:LIFR	0	0	0	0	0	0	0	0	0	0.803248590694528	0.961272528978504	0.968298235283479	1	0.942618051403642	0.992568389353873	0.998237697389594	1	0.999492103196702	0.99999844623175
ENSFCAG00000023857:LATS1	0	0	0	0	0	0	0	0	0	0.802059791986315	0.969323849000242	0.968351624765175	1	0.942618051403642	0.992568389353873	0.998237697389594	1	0.999493821674736	0.99999844623175
ENSFCAG00000005305:ABL2	0	0	0	0	0	0	0	0	0	0.804276256660434	0.960843380878274	0.968592435406979	1	0.942618051403642	0.992568389353873	0.998237697389594	1	0.999501536207096	0.99999844623175
ENSFCAG00000002702:XPO1	0	0	0	0	0	0	0	0	0	0.803986514918758	0.963077178903929	0.968631922372552	1	0.942618051403642	0.992568389353873	0.998237697389594	1	0.999502795484946	0.99999844623175
ENSFCAG00000046155:REST	0	0	0	0	0	0	0	0	0	0.803902345316933	0.967581195698503	0.968843612278469	1	0.942618051403642	0.992568389353873	0.998237697389594	1	0.999509519037411	0.99999844623175
ENSFCAG00000012184:NOD1	0	0	0	0	0	0	0	0	0	0.805503994334008	0.959438266247509	0.968886719960076	1	0.942618051403642	0.992568389353873	0.998237697389594	1	0.999510882525806	0.99999844623175
ENSFCAG00000022680:ZNRF3	0	0	0	0	0	0	0	0	0	0.805599808365347	0.959323685326628	0.968909148918976	1	0.942618051403642	0.992568389353873	0.998237697389594	1	0.99951159119127	0.99999844623175
ENSFCAG00000004539:FLT3	0	0	0	0	0	0	0	0	0	0.806049505995189	0.957695893330804	0.968944558509138	1	0.942618051403642	0.992568389353873	0.998237697389594	1	0.999512708935929	0.99999844623175
ENSFCAG00000009141:PDGFRA	0	0	0	0	0	0	0	0	0	0.806140279840555	0.95758791383721	0.968965472581512	1	0.942618051403642	0.992568389353873	0.998237697389594	1	0.999513368504949	0.99999844623175
ENSFCAG00000004802:MRTFA	0	0	0	0	0	0	0	0	0	0.805884282263474	0.959291858636913	0.968994739868453	1	0.942618051403642	0.992568389353873	0.998237697389594	1	0.99951429075221	0.99999844623175
ENSFCAG00000000325:POLD1	0	0	0	0	0	0	0	0	0	0.807749975008616	0.951363348763883	0.96902553101946	1	0.942618051403642	0.992568389353873	0.998237697389594	1	0.999515260064032	0.99999844623175
ENSFCAG00000013063:BUB1B	0	0	0	0	0	0	0	0	0	0.80668316015443	0.956931533829568	0.969089196962252	1	0.942618051403642	0.992568389353873	0.998237697389594	1	0.999517261178194	0.99999844623175
ENSFCAG00000038306:TRIM33	0	0	0	0	0	0	0	0	0	0.805269054248028	0.965833984654312	0.969178427435929	1	0.942618051403642	0.992568389353873	0.998237697389594	1	0.999520058784106	0.99999844623175
ENSFCAG00000002828:PIK3CB	0	0	0	0	0	0	0	0	0	0.805727628524256	0.964869957131861	0.969268913400583	1	0.942618051403642	0.992568389353873	0.998237697389594	1	0.999522887363423	0.99999844623175
ENSFCAG00000002273:KSR2	0	0	0	0	0	0	0	0	0	0.807937736447134	0.956925070226128	0.969471706804946	1	0.942618051403642	0.992568389353873	0.998237697389594	1	0.99952919597927	0.99999844623175
ENSFCAG00000018737:PIK3CA	0	0	0	0	0	0	0	0	0	0.806558346821879	0.966390083908289	0.969603813041802	1	0.942618051403642	0.992568389353873	0.998237697389594	1	0.999533282799054	0.99999844623175
ENSFCAG00000009719:PTK7	0	0	0	0	0	0	0	0	0	0.809449711427625	0.953845434476544	0.969720140020712	1	0.942618051403642	0.992568389353873	0.998237697389594	1	0.999536866571145	0.99999844623175
ENSFCAG00000003634:PDGFRB	0	0	0	0	0	0	0	0	0	0.809147355664713	0.95657494369467	0.969815403706934	1	0.942618051403642	0.992568389353873	0.998237697389594	1	0.999539791037421	0.99999844623175
ENSFCAG00000002750:HIRA	0	0	0	0	0	0	0	0	0	0.808640120371497	0.958996235902854	0.969817825644353	1	0.942618051403642	0.992568389353873	0.998237697389594	1	0.999539865265643	0.99999844623175
ENSFCAG00000018496:SMARCA1	0	0	0	0	0	0	0	0	0	0.807295747242669	0.966183880394215	0.969818876882443	1	0.942618051403642	0.992568389353873	0.998237697389594	1	0.999539897482402	0.99999844623175
ENSFCAG00000005090:AMER1	0	0	0	0	0	0	0	0	0	0.808573078817335	0.962685504474634	0.970017893016638	1	0.942618051403642	0.992568389353873	0.998237697389594	1	0.999545976102244	0.99999844623175
ENSFCAG00000002081:GLI1	0	0	0	0	0	0	0	0	0	0.80917309589288	0.961598209574801	0.970136782353093	1	0.942618051403642	0.992568389353873	0.998237697389594	1	0.999549587898667	0.99999844623175
ENSFCAG00000028243:MAP3K13	0	0	0	0	0	0	0	0	0	0.809134330025401	0.962420606593163	0.970172732052448	1	0.942618051403642	0.992568389353873	0.998237697389594	1	0.999550677162937	0.99999844623175
ENSFCAG00000013378:ATP1A1	0	0	0	0	0	0	0	0	0	0.80972834987749	0.962994007220377	0.9703847050905	1	0.942618051403642	0.992568389353873	0.998237697389594	1	0.99955707279479	0.99999844623175
ENSFCAG00000013850:MAP3K14	0	0	0	0	0	0	0	0	0	0.812605748062489	0.952968138530405	0.970601858608651	1	0.942618051403642	0.992568389353873	0.998237697389594	1	0.999563576716565	0.99999844623175
ENSFCAG00000010549:SNCAIP	0	0	0	0	0	0	0	0	0	0.810957659794831	0.960881410255053	0.970631290730134	1	0.942618051403642	0.992568389353873	0.998237697389594	1	0.999564454493253	0.99999844623175
ENSFCAG00000015377:EML4	0	0	0	0	0	0	0	0	0	0.810269072744394	0.966080061593812	0.97071449814386	1	0.942618051403642	0.992568389353873	0.998237697389594	1	0.99956693122372	0.99999844623175
ENSFCAG00000001740:NUTM1	0	0	0	0	0	0	0	0	0	0.811588704697809	0.960759183564836	0.970812602682252	1	0.942618051403642	0.992568389353873	0.998237697389594	1	0.999569842216134	0.99999844623175
ENSFCAG00000027650:EPS15	0	0	0	0	0	0	0	0	0	0.81066872523474	0.965833779705707	0.970821715001345	1	0.942618051403642	0.992568389353873	0.998237697389594	1	0.999570112096877	0.99999844623175
ENSFCAG00000044847:BCL11B	0	0	0	0	0	0	0	0	0	0.810923386318181	0.966966162499955	0.970956133967112	1	0.942618051403642	0.992568389353873	0.998237697389594	1	0.999574083264737	0.99999844623175
ENSFCAG00000031292:ATXN7	0	0	0	0	0	0	0	0	0	0.810821106816336	0.967975703652647	0.970975611925023	1	0.942618051403642	0.992568389353873	0.998237697389594	1	0.999574657162463	0.99999844623175
ENSFCAG00000002617:GTF2I	0	0	0	0	0	0	0	0	0	0.811970633693072	0.961967014044269	0.970997718298384	1	0.942618051403642	0.992568389353873	0.998237697389594	1	0.999575308030333	0.99999844623175
ENSFCAG00000026219:ETAA1	0	0	0	0	0	0	0	0	0	0.810880105207346	0.974618773263857	0.971284333301248	1	0.942618051403642	0.992568389353873	0.998237697389594	1	0.999583701145754	0.99999844623175
ENSFCAG00000007533:PPFIBP1	0	0	0	0	0	0	0	0	0	0.813304013528482	0.960505997758066	0.971306842578326	1	0.942618051403642	0.992568389353873	0.998237697389594	1	0.999584356715867	0.99999844623175
ENSFCAG00000001395:RBM10	1	0	0	0	0	0	0	0	0	0.816399172281117	0.950119971615261	0.971504275869097	1	0.942618051403642	0.992568389353873	0.998237697389594	1	0.999590084498063	0.99999844623175
ENSFCAG00000008249:KDM4C	0	0	0	0	0	0	0	0	0	0.813827045397256	0.961296418515135	0.971508465740833	1	0.942618051403642	0.992568389353873	0.998237697389594	1	0.999590205616581	0.99999844623175
ENSFCAG00000022711:EPHA5	0	0	0	0	0	0	0	0	0	0.813903263191356	0.962359272857215	0.971592924498519	1	0.942618051403642	0.992568389353873	0.998237697389594	1	0.999592643250847	0.99999844623175
ENSFCAG00000013369:RABEP1	0	0	0	0	0	0	0	0	0	0.816605019228004	0.950570712635451	0.971598265310435	1	0.942618051403642	0.992568389353873	0.998237697389594	1	0.999592797149631	0.99999844623175
ENSFCAG00000018470:BRIP1	0	0	0	0	0	0	0	0	0	0.812964890460703	0.970144332094546	0.971717001986403	1	0.942618051403642	0.992568389353873	0.998237697389594	1	0.999596211038748	0.99999844623175
ENSFCAG00000024012:GRM3	0	0	0	0	0	0	0	0	0	0.813696368075845	0.966803110346696	0.97177239896019	1	0.942618051403642	0.992568389353873	0.998237697389594	1	0.99959779883584	0.99999844623175
ENSFCAG00000003112:KIT	0	0	0	0	0	0	0	0	0	0.814466307805883	0.962984947933625	0.971794285943002	1	0.942618051403642	0.992568389353873	0.998237697389594	1	0.999598425293775	0.99999844623175
ENSFCAG00000013185:SETD1B	0	0	0	0	0	0	0	0	0	0.815688173185979	0.957322997630694	0.971807122228002	1	0.942618051403642	0.992568389353873	0.998237697389594	1	0.999598792469707	0.99999844623175
ENSFCAG00000004825:RASA1	0	0	0	0	0	0	0	0	0	0.814070158585403	0.965653046404117	0.971823244069353	1	0.942618051403642	0.992568389353873	0.998237697389594	1	0.999599253387241	0.99999844623175
ENSFCAG00000005777:PARP1	0	0	0	0	0	0	0	0	0	0.815476762749845	0.958645962831579	0.971830397834242	1	0.942618051403642	0.992568389353873	0.998237697389594	1	0.999599457825088	0.99999844623175
ENSFCAG00000014215:ECT2L	0	0	0	0	0	0	0	0	0	0.814746883468012	0.962768494862654	0.971864372310482	1	0.942618051403642	0.992568389353873	0.998237697389594	1	0.999600428017156	0.99999844623175
ENSFCAG00000006852:EPHB4	0	0	0	0	0	0	0	0	0	0.815884214575455	0.958392299293774	0.971933185423955	1	0.942618051403642	0.992568389353873	0.998237697389594	1	0.999602389439795	0.99999844623175
ENSFCAG00000008506:CYLD	0	0	0	0	0	0	0	0	0	0.81480709107814	0.964892773062122	0.971999463614749	1	0.942618051403642	0.992568389353873	0.998237697389594	1	0.999604274001883	0.99999844623175
ENSFCAG00000018481:EPHA7	0	0	0	0	0	0	0	0	0	0.815383478114363	0.962518073340238	0.972036481420707	1	0.942618051403642	0.992568389353873	0.998237697389594	1	0.999605324603661	0.99999844623175
ENSFCAG00000004050:ERCC4	0	0	0	0	0	0	0	0	0	0.815827442785875	0.963659694264423	0.972230521672056	1	0.942618051403642	0.992568389353873	0.998237697389594	1	0.999610808596088	0.99999844623175
ENSFCAG00000004737:CBL	0	0	0	0	0	0	0	0	0	0.816443316671747	0.962846026154399	0.972364088403131	1	0.942618051403642	0.992568389353873	0.998237697389594	1	0.999614560973443	0.99999844623175
ENSFCAG00000008085:MERTK	0	0	0	0	0	0	0	0	0	0.816220957519243	0.964356763825082	0.97238351172305	1	0.942618051403642	0.992568389353873	0.998237697389594	1	0.999615105117372	0.99999844623175
ENSFCAG00000013913:INPP4A	0	0	0	0	0	0	0	0	0	0.818173842884573	0.95640118294558	0.972466412165153	1	0.942618051403642	0.992568389353873	0.998237697389594	1	0.999617423209935	0.99999844623175
ENSFCAG00000024008:EPHA3	0	0	0	0	0	0	0	0	0	0.816918450993722	0.962428989631956	0.972478151377949	1	0.942618051403642	0.992568389353873	0.998237697389594	1	0.999617750894869	0.99999844623175
ENSFCAG00000000947:NFATC2	0	0	0	0	0	0	0	0	0	0.816997204947129	0.965498297961336	0.972670135151666	1	0.942618051403642	0.992568389353873	0.998237697389594	1	0.99962308976552	0.99999844623175
ENSFCAG00000010859:IL6ST	0	0	0	0	0	0	0	0	0	0.817313502306459	0.96478760583601	0.972723812629402	1	0.942618051403642	0.992568389353873	0.998237697389594	1	0.999624575701974	0.99999844623175
ENSFCAG00000024269:KIF5B	0	0	0	0	0	0	0	0	0	0.817300111279789	0.965620105996767	0.972764246118736	1	0.942618051403642	0.992568389353873	0.998237697389594	1	0.999625693053354	0.99999844623175
ENSFCAG00000011529:VAV2	0	0	0	0	0	0	0	0	0	0.819645342077834	0.954661002598017	0.972769545822794	1	0.942618051403642	0.992568389353873	0.998237697389594	1	0.999625839382412	0.99999844623175
ENSFCAG00000008289:SND1	0	0	0	0	0	0	0	0	0	0.819847270357645	0.956447116310068	0.972948659526915	1	0.942618051403642	0.992568389353873	0.998237697389594	1	0.999630767877927	0.99999844623175
ENSFCAG00000015491:PMS1	0	0	0	0	0	0	0	0	0	0.817290192246774	0.969561772857999	0.972956757528985	1	0.942618051403642	0.992568389353873	0.998237697389594	1	0.999630989923538	0.99999844623175
ENSFCAG00000008459:PMS2	0	0	0	0	0	0	0	0	0	0.817933053204869	0.968612106380856	0.973097523729073	1	0.942618051403642	0.992568389353873	0.998237697389594	1	0.999634838936582	0.99999844623175
ENSFCAG00000014965:NTRK3	0	0	0	0	0	0	0	0	0	0.820360361714388	0.957820384762104	0.9731848145759	1	0.942618051403642	0.992568389353873	0.998237697389594	1	0.999637215527754	0.99999844623175
ENSFCAG00000014491:PRKD1	0	0	0	0	0	0	0	0	0	0.818869804847008	0.966112455126523	0.973242039071119	1	0.942618051403642	0.992568389353873	0.998237697389594	1	0.999638769279909	0.99999844623175
ENSFCAG00000026268:INPP4B	0	0	0	0	0	0	0	0	0	0.818981846248417	0.965917645633401	0.973264025143872	1	0.942618051403642	0.992568389353873	0.998237697389594	1	0.999639365348221	0.99999844623175
ENSFCAG00000027154:BCL11A	0	0	0	0	0	0	0	0	0	0.819487665823843	0.969015679187918	0.973563021765396	1	0.942618051403642	0.992568389353873	0.998237697389594	1	0.999647422198671	0.99999844623175
ENSFCAG00000008135:TNFAIP3	0	0	0	0	0	0	0	0	0	0.820814154460477	0.962318728517564	0.973588666483197	1	0.942618051403642	0.992568389353873	0.998237697389594	1	0.999648108952636	0.99999844623175
ENSFCAG00000002782:AGO2	0	0	0	0	0	0	0	0	0	0.820701914169182	0.963940442948516	0.973648381239533	1	0.942618051403642	0.992568389353873	0.998237697389594	1	0.999649705469133	0.99999844623175
ENSFCAG00000010755:PRDM1	0	0	0	0	0	0	0	0	0	0.820505476015956	0.967866132458154	0.973797532307231	1	0.942618051403642	0.992568389353873	0.998237697389594	1	0.999653677131689	0.99999844623175
ENSFCAG00000028208:RBM15	0	0	0	0	0	0	0	0	0	0.819865016417856	0.972177355878074	0.973813037898901	1	0.942618051403642	0.992568389353873	0.998237697389594	1	0.999654088710687	0.99999844623175
ENSFCAG00000000544:EPHB1	0	0	0	0	0	0	0	0	0	0.822473772790148	0.96010310115762	0.973925378806288	1	0.942618051403642	0.992568389353873	0.998237697389594	1	0.999657063303331	0.99999844623175
ENSFCAG00000013448:MSH2	0	0	0	0	0	0	0	0	0	0.821145957976595	0.968417899602593	0.974006102579076	1	0.942618051403642	0.992568389353873	0.998237697389594	1	0.999659192727847	0.99999844623175
ENSFCAG00000010283:MIB1	0	0	0	0	0	0	0	0	0	0.822504443796774	0.963488981280374	0.974132158906542	1	0.942618051403642	0.992568389353873	0.998237697389594	1	0.999662504606046	0.99999844623175
ENSFCAG00000003098:PML	0	0	0	0	0	0	0	0	0	0.823327762617142	0.960222735861446	0.974171933410081	1	0.942618051403642	0.992568389353873	0.998237697389594	1	0.999663546216079	0.99999844623175
ENSFCAG00000013131:EZH1	0	0	0	0	0	0	0	0	0	0.823006381439303	0.961786296330795	0.974175455475418	1	0.942618051403642	0.992568389353873	0.998237697389594	1	0.999663638373244	0.99999844623175
ENSFCAG00000013582:PCSK7	0	0	0	0	0	0	0	0	0	0.823344319578535	0.960566106305151	0.974197399980662	1	0.942618051403642	0.992568389353873	0.998237697389594	1	0.99966421227888	0.99999844623175
ENSFCAG00000008145:CUL3	0	0	0	0	0	0	0	0	0	0.822086066320323	0.967071185957955	0.974205017404628	1	0.942618051403642	0.992568389353873	0.998237697389594	1	0.999664411378666	0.99999844623175
ENSFCAG00000001242:NFKB2	0	0	0	0	0	0	0	0	0	0.822475142810511	0.965691075324417	0.974243378836926	1	0.942618051403642	0.992568389353873	0.998237697389594	1	0.999665413142166	0.99999844623175
ENSFCAG00000028493:DIS3	0	0	0	0	0	0	0	0	0	0.821928128463782	0.969748570436266	0.974290060219032	1	0.942618051403642	0.992568389353873	0.998237697389594	1	0.9996666301339	0.99999844623175
ENSFCAG00000004892:DNM2	0	0	0	0	0	0	0	0	0	0.824508254466943	0.956944129548051	0.974292568438158	1	0.942618051403642	0.992568389353873	0.998237697389594	1	0.99966669546029	0.99999844623175
ENSFCAG00000013629:EPAS1	0	0	0	0	0	0	0	0	0	0.824514549191251	0.958003273600984	0.974363364105522	1	0.942618051403642	0.992568389353873	0.998237697389594	1	0.999668536665244	0.99999844623175
ENSFCAG00000045383:CDH1	0	0	0	0	0	0	0	0	0	0.824081242232029	0.963436879705546	0.974570088950383	1	0.942618051403642	0.992568389353873	0.998237697389594	1	0.999673883584057	0.99999844623175
ENSFCAG00000041663:PGR	1	0	0	0	0	0	0	0	0	0.824090004049845	0.963992616577123	0.974603430442676	1	0.942618051403642	0.992568389353873	0.998237697389594	1	0.999674741851885	0.99999844623175
ENSFCAG00000006091:FURIN	0	0	0	0	0	0	0	0	0	0.825179437670132	0.959532765395376	0.974644224359898	1	0.942618051403642	0.992568389353873	0.998237697389594	1	0.999675790406518	0.99999844623175
ENSFCAG00000001865:XPC	0	0	0	0	0	0	0	0	0	0.825265770345489	0.960547392213141	0.974730252612748	1	0.942618051403642	0.992568389353873	0.998237697389594	1	0.999677996053992	0.99999844623175
ENSFCAG00000007246:DDX10	0	0	0	0	0	0	0	0	0	0.824664221823102	0.963460069972902	0.974733366891127	1	0.942618051403642	0.992568389353873	0.998237697389594	1	0.999678075757447	0.99999844623175
ENSFCAG00000007325:AR	0	0	0	0	0	0	0	0	0	0.824520681089164	0.967352624660489	0.974899933705466	1	0.942618051403642	0.992568389353873	0.998237697389594	1	0.999682324190269	0.99999844623175
ENSFCAG00000015643:AXIN1	0	0	0	0	0	0	0	0	0	0.825692864910317	0.961994403319955	0.974934072538061	1	0.942618051403642	0.992568389353873	0.998237697389594	1	0.999683191416872	0.99999844623175
ENSFCAG00000014571:STAT6	0	0	0	0	0	0	0	0	0	0.82601822095837	0.960626166335761	0.974942507512743	1	0.942618051403642	0.992568389353873	0.998237697389594	1	0.999683405505827	0.99999844623175
ENSFCAG00000003692:FGFR2	0	0	0	0	0	0	0	0	0	0.82662172026049	0.961997243509871	0.97518962996961	1	0.942618051403642	0.992568389353873	0.998237697389594	1	0.999689645360254	0.99999844623175
ENSFCAG00000022869:PIK3C3	0	0	0	0	0	0	0	0	0	0.826398414442586	0.963607871144815	0.975220241392395	1	0.942618051403642	0.992568389353873	0.998237697389594	1	0.999690413940827	0.99999844623175
ENSFCAG00000008675:NUP93	0	0	0	0	0	0	0	0	0	0.82653875938741	0.963106764597303	0.975230601432619	1	0.942618051403642	0.992568389353873	0.998237697389594	1	0.999690673839357	0.99999844623175
ENSFCAG00000001719:CTNNA1	0	0	0	0	0	0	0	0	0	0.826120522955697	0.966265063555783	0.975286747542179	1	0.942618051403642	0.992568389353873	0.998237697389594	1	0.999692080441796	0.99999844623175
ENSFCAG00000007090:FBXO11	0	0	0	0	0	0	0	0	0	0.826560662189762	0.964627978590769	0.975320910789372	1	0.942618051403642	0.992568389353873	0.998237697389594	1	0.99969293473605	0.99999844623175
ENSFCAG00000013987:MALT1	0	0	0	0	0	0	0	0	0	0.826217462638471	0.967771604584945	0.975389601144455	1	0.942618051403642	0.992568389353873	0.998237697389594	1	0.999694648801475	0.99999844623175
ENSFCAG00000040223:TBX3	0	0	0	0	0	0	0	0	0	0.825762024660885	0.971866798589451	0.975453710907722	1	0.942618051403642	0.992568389353873	0.998237697389594	1	0.999696244200753	0.99999844623175
ENSFCAG00000009081:NTRK2	0	0	0	0	0	0	0	0	0	0.827237307231393	0.966075037628467	0.975583088377351	1	0.942618051403642	0.992568389353873	0.998237697389594	1	0.999699450984105	0.99999844623175
ENSFCAG00000006093:FES	0	0	0	0	0	0	0	0	0	0.82977472357495	0.958595327733476	0.975838862262243	1	0.942618051403642	0.992568389353873	0.998237697389594	1	0.999705740175199	0.99999844623175
ENSFCAG00000007779:DNMT3B	0	0	0	0	0	0	0	0	0	0.829780761112697	0.958935278128786	0.975862007569575	1	0.942618051403642	0.992568389353873	0.998237697389594	1	0.999706305984161	0.99999844623175
ENSFCAG00000006007:LZTR1	0	0	0	0	0	0	0	0	0	0.83013509141852	0.957588368110689	0.975870932803146	1	0.942618051403642	0.992568389353873	0.998237697389594	1	0.999706524023291	0.99999844623175
ENSFCAG00000009163:DDR2	0	0	0	0	0	0	0	0	0	0.830109018716475	0.958639430199782	0.975931528336573	1	0.942618051403642	0.992568389353873	0.998237697389594	1	0.999708002184434	0.99999844623175
ENSFCAG00000010530:DDR1	0	0	0	0	0	0	0	0	0	0.829524060089623	0.961366587297174	0.975941609606898	1	0.942618051403642	0.992568389353873	0.998237697389594	1	0.999708247740846	0.99999844623175
ENSFCAG00000013269:CSF3R	0	0	0	0	0	0	0	0	0	0.830461063202496	0.957472970982533	0.975950841340465	1	0.942618051403642	0.992568389353873	0.998237697389594	1	0.999708472513165	0.99999844623175
ENSFCAG00000009125:ARHGAP26	0	0	0	0	0	0	0	0	0	0.828940980740044	0.964479196907808	0.975961298013972	1	0.942618051403642	0.992568389353873	0.998237697389594	1	0.999708727004591	0.99999844623175
ENSFCAG00000026102:AXIN2	0	0	0	0	0	0	0	0	0	0.829572983175756	0.961622197713001	0.975969902972122	1	0.942618051403642	0.992568389353873	0.998237697389594	1	0.999708936345484	0.99999844623175
ENSFCAG00000008901:BACH2	0	0	0	0	0	0	0	0	0	0.830512614261924	0.961209119680587	0.976197914064197	1	0.942618051403642	0.992568389353873	0.998237697389594	1	0.999714455747674	0.99999844623175
ENSFCAG00000000746:AGO1	0	0	0	0	0	0	0	0	0	0.830234331748276	0.963385679128815	0.97624927984513	1	0.942618051403642	0.992568389353873	0.998237697389594	1	0.999715691794496	0.99999844623175
ENSFCAG00000009029:TOP1	0	0	0	0	0	0	0	0	0	0.82997414004378	0.964832301226624	0.976259090131157	1	0.942618051403642	0.992568389353873	0.998237697389594	1	0.999715927558145	0.99999844623175
ENSFCAG00000006989:ERCC3	0	0	0	0	0	0	0	0	0	0.830524967260506	0.963442739332073	0.976330431539106	1	0.942618051403642	0.992568389353873	0.998237697389594	1	0.999717639090554	0.99999844623175
ENSFCAG00000012847:BRAF	0	0	0	0	0	0	0	0	0	0.829897261085587	0.967536017203949	0.976378764705529	1	0.942618051403642	0.992568389353873	0.998237697389594	1	0.999718795676204	0.99999844623175
ENSFCAG00000042984:EXT1	0	0	0	0	0	0	0	0	0	0.83044653802221	0.966573979643749	0.976477633818749	1	0.942618051403642	0.992568389353873	0.998237697389594	1	0.999721154106008	0.99999844623175
ENSFCAG00000008898:CD22	0	0	0	0	0	0	0	0	0	0.832743887361275	0.957517085618565	0.976561252841151	1	0.942618051403642	0.992568389353873	0.998237697389594	1	0.99972314094565	0.99999844623175
ENSFCAG00000005619:EXT2	0	0	0	0	0	0	0	0	0	0.832474372263953	0.959179832373544	0.976596366752831	1	0.942618051403642	0.992568389353873	0.998237697389594	1	0.999723973139232	0.99999844623175
ENSFCAG00000014971:CBFA2T3	0	0	0	0	0	0	0	0	0	0.832242233546958	0.960692358828679	0.976627955513944	1	0.942618051403642	0.992568389353873	0.998237697389594	1	0.999724720708585	0.99999844623175
ENSFCAG00000003320:CDH11	0	0	0	0	0	0	0	0	0	0.830828967992329	0.96787316345451	0.976645441651031	1	0.942618051403642	0.992568389353873	0.998237697389594	1	0.999725134090486	0.99999844623175
ENSFCAG00000018385:FGFR3	0	0	0	0	0	0	0	0	0	0.832275087038946	0.960979471560117	0.976653940340304	1	0.942618051403642	0.992568389353873	0.998237697389594	1	0.999725334891117	0.99999844623175
ENSFCAG00000029266:CSDE1	0	0	0	0	0	0	0	0	0	0.830293959196459	0.97287264422927	0.976729462084636	1	0.942618051403642	0.992568389353873	0.998237697389594	1	0.999727116013575	0.99999844623175
ENSFCAG00000030250:CMTR2	0	0	0	0	0	0	0	0	0	0.829773276699773	0.977403592495329	0.976762355592908	1	0.942618051403642	0.992568389353873	0.998237697389594	1	0.99972788995617	0.99999844623175
ENSFCAG00000000814:HSP90AA1	0	0	0	0	0	0	0	0	0	0.832792831618128	0.960713936674322	0.976775011775051	1	0.942618051403642	0.992568389353873	0.998237697389594	1	0.999728187445007	0.99999844623175
ENSFCAG00000006882:ZNF384	0	0	0	0	0	0	0	0	0	0.832372289960052	0.963123424292503	0.976804691030567	1	0.942618051403642	0.992568389353873	0.998237697389594	1	0.999728884425102	0.99999844623175
ENSFCAG00000028112:STAT5B	0	0	0	0	0	0	0	0	0	0.833596439107702	0.958760098251184	0.976865970538313	1	0.942618051403642	0.992568389353873	0.998237697389594	1	0.999730320644389	0.99999844623175
ENSFCAG00000018634:STAT4	0	0	0	0	0	0	0	0	0	0.832694274138458	0.964271795658738	0.976953978007536	1	0.942618051403642	0.992568389353873	0.998237697389594	1	0.999732376567216	0.99999844623175
ENSFCAG00000014246:CUL4A	0	0	0	0	0	0	0	0	0	0.83285517285983	0.963957861308182	0.976979205266513	1	0.942618051403642	0.992568389353873	0.998237697389594	1	0.999732964433551	0.99999844623175
ENSFCAG00000006810:BCL6	0	0	0	0	0	0	0	0	0	0.832539247183732	0.965646887160179	0.976986977220776	1	0.942618051403642	0.992568389353873	0.998237697389594	1	0.999733145410765	0.99999844623175
ENSFCAG00000030995:AXL	0	0	0	0	0	0	0	0	0	0.833927381691097	0.959442321459873	0.97699579098634	1	0.942618051403642	0.992568389353873	0.998237697389594	1	0.999733350572714	0.99999844623175
ENSFCAG00000013612:FGFR1	0	0	0	0	0	0	0	0	0	0.83387587542376	0.961092494374651	0.977083041489641	1	0.942618051403642	0.992568389353873	0.998237697389594	1	0.999735377252178	0.99999844623175
ENSFCAG00000001812:MYB	0	0	0	0	0	0	0	0	0	0.832173809388653	0.969696692126226	0.977091214530284	1	0.942618051403642	0.992568389353873	0.998237697389594	1	0.999735566698779	0.99999844623175
ENSFCAG00000014042:CNOT3	0	0	0	0	0	0	0	0	0	0.833816027633267	0.962045499788415	0.977123613341458	1	0.942618051403642	0.992568389353873	0.998237697389594	1	0.999736317012817	0.99999844623175
ENSFCAG00000002153:STAT5A	0	0	0	0	0	0	0	0	0	0.834890865339342	0.957960311111622	0.977153802828949	1	0.942618051403642	0.992568389353873	0.998237697389594	1	0.999737015194938	0.99999844623175
ENSFCAG00000003427:HIF1A	0	0	0	0	0	0	0	0	0	0.832625914031185	0.970636623033154	0.977254114904834	1	0.942618051403642	0.992568389353873	0.998237697389594	1	0.999739328380254	0.99999844623175
ENSFCAG00000030357:NBN	0	0	0	0	0	0	0	0	0	0.832519714009598	0.971859523882672	0.977280004939324	1	0.942618051403642	0.992568389353873	0.998237697389594	1	0.999739923729816	0.99999844623175
ENSFCAG00000012620:TYRO3	0	0	0	0	0	0	0	0	0	0.834874032070471	0.960314714284074	0.977297317823192	1	0.942618051403642	0.992568389353873	0.998237697389594	1	0.999740321462396	0.99999844623175
ENSFCAG00000023797:SUZ12	0	0	0	0	0	0	0	0	0	0.832728529595007	0.972914779366212	0.977380039990504	1	0.942618051403642	0.992568389353873	0.998237697389594	1	0.999742217622845	0.99999844623175
ENSFCAG00000012784:STRN	0	0	0	0	0	0	0	0	0	0.833832275689581	0.966799514499657	0.977387806611404	1	0.942618051403642	0.992568389353873	0.998237697389594	1	0.999742395290066	0.99999844623175
ENSFCAG00000006913:NTRK1	0	0	0	0	0	0	0	0	0	0.835474353342392	0.95964500248598	0.977412461688939	1	0.942618051403642	0.992568389353873	0.998237697389594	1	0.999742958884352	0.99999844623175
ENSFCAG00000003694:TFRC	0	0	0	0	0	0	0	0	0	0.832999449217767	0.972801246024512	0.977446919032637	1	0.942618051403642	0.992568389353873	0.998237697389594	1	0.999743745508218	0.99999844623175
ENSFCAG00000001371:MLH1	0	0	0	0	0	0	0	0	0	0.834600456240706	0.96428813287652	0.977456128770247	1	0.942618051403642	0.992568389353873	0.998237697389594	1	0.999743955550839	0.99999844623175
ENSFCAG00000005710:BRD3	0	0	0	0	0	0	0	0	0	0.834735901961818	0.964366712787489	0.977495833014015	1	0.942618051403642	0.992568389353873	0.998237697389594	1	0.999744860075429	0.99999844623175
ENSFCAG00000023466:POT1	0	0	0	0	0	0	0	0	0	0.833158867775582	0.973595527824479	0.977521707750202	1	0.942618051403642	0.992568389353873	0.998237697389594	1	0.999745448674314	0.99999844623175
ENSFCAG00000025219:MRE11	0	0	0	0	0	0	0	0	0	0.833132306669138	0.973857721635024	0.977525281440247	1	0.942618051403642	0.992568389353873	0.998237697389594	1	0.999745529914839	0.99999844623175
ENSFCAG00000026041:SMO	0	0	0	0	0	0	0	0	0	0.835060272212533	0.964425898009496	0.977583719247513	1	0.942618051403642	0.992568389353873	0.998237697389594	1	0.999746856525176	0.99999844623175
ENSFCAG00000003644:ARNT	0	0	0	0	0	0	0	0	0	0.835230745220822	0.9637623898358	0.977591511805015	1	0.942618051403642	0.992568389353873	0.998237697389594	1	0.999747033161873	0.99999844623175
ENSFCAG00000025031:HOOK3	0	0	0	0	0	0	0	0	0	0.836048891797133	0.96132951021165	0.977663910434779	1	0.942618051403642	0.992568389353873	0.998237697389594	1	0.999748671278257	0.99999844623175
ENSFCAG00000012034:SETDB2	0	0	0	0	0	0	0	0	0	0.83529008158753	0.968922242706681	0.977873948674495	1	0.942618051403642	0.992568389353873	0.998237697389594	1	0.999753393338457	0.99999844623175
ENSFCAG00000011083:TSHR	0	0	0	0	0	0	0	0	0	0.835624463330896	0.969694418709747	0.977997364569228	1	0.942618051403642	0.992568389353873	0.998237697389594	1	0.999756146920165	0.99999844623175
ENSFCAG00000002154:STAT3	0	0	0	0	0	0	0	0	0	0.838076212429941	0.959001553658121	0.97804314184077	1	0.942618051403642	0.992568389353873	0.998237697389594	1	0.999757164315469	0.99999844623175
ENSFCAG00000002679:ERCC2	0	0	0	0	0	0	0	0	0	0.838421351689399	0.95840531730412	0.978093435608163	1	0.942618051403642	0.992568389353873	0.998237697389594	1	0.999758279619323	0.99999844623175
ENSFCAG00000027384:ARID3A	0	0	0	0	0	0	0	0	0	0.837849883654325	0.960766146764231	0.978094124525012	1	0.942618051403642	0.992568389353873	0.998237697389594	1	0.999758294878641	0.99999844623175
ENSFCAG00000016224:FGFR4	0	0	0	0	0	0	0	0	0	0.837718925104065	0.962159089798961	0.978143148956543	1	0.942618051403642	0.992568389353873	0.998237697389594	1	0.999759379510408	0.99999844623175
ENSFCAG00000023059:FOXP1	0	0	0	0	0	0	0	0	0	0.836293931322596	0.969235415290719	0.978149425055993	1	0.942618051403642	0.992568389353873	0.998237697389594	1	0.999759518187368	0.99999844623175
ENSFCAG00000013487:GPHN	0	0	0	0	0	0	0	0	0	0.836626315711416	0.968608161783492	0.978205374718506	1	0.942618051403642	0.992568389353873	0.998237697389594	1	0.999760752673873	0.99999844623175
ENSFCAG00000023537:MLLT1	0	0	0	0	0	0	0	0	0	0.837977316611127	0.963238417305493	0.978271289779282	1	0.942618051403642	0.992568389353873	0.998237697389594	1	0.999762202933436	0.99999844623175
ENSFCAG00000013778:IKBKE	0	0	0	0	0	0	0	0	0	0.839125307235701	0.958464065461055	0.978276458320424	1	0.942618051403642	0.992568389353873	0.998237697389594	1	0.999762316463612	0.99999844623175
ENSFCAG00000013314:TIPARP	0	0	0	0	0	0	0	0	0	0.836751726809687	0.969484499356801	0.978279464853398	1	0.942618051403642	0.992568389353873	0.998237697389594	1	0.99976238249139	0.99999844623175
ENSFCAG00000026883:PIK3R2	0	0	0	0	0	0	0	0	0	0.837844082136953	0.964365892596118	0.978299954605502	1	0.942618051403642	0.992568389353873	0.998237697389594	1	0.99976283222969	0.99999844623175
ENSFCAG00000029123:PICALM	0	0	0	0	0	0	0	0	0	0.836464282031575	0.972738847927766	0.978349785440907	1	0.942618051403642	0.992568389353873	0.998237697389594	1	0.999763924197018	0.99999844623175
ENSFCAG00000013696:IKBKB	0	0	0	0	0	0	0	0	0	0.839117255307589	0.960318015884633	0.97839028719295	1	0.942618051403642	0.992568389353873	0.998237697389594	1	0.999764809861804	0.99999844623175
ENSFCAG00000005955:PAK5	0	0	0	0	0	0	0	0	0	0.836669839875254	0.972618539283261	0.978397844869836	1	0.942618051403642	0.992568389353873	0.998237697389594	1	0.999764974942324	0.99999844623175
ENSFCAG00000012383:MPEG1	0	0	0	0	0	0	0	0	0	0.837726998686556	0.966859319520845	0.978401845228345	1	0.942618051403642	0.992568389353873	0.998237697389594	1	0.999765062297564	0.99999844623175
ENSFCAG00000012236:MEN1	0	0	0	0	0	0	0	0	0	0.838263036617668	0.964577752082193	0.978418745776522	1	0.942618051403642	0.992568389353873	0.998237697389594	1	0.999765431171834	0.99999844623175
ENSFCAG00000027102:GAB1	0	0	0	0	0	0	0	0	0	0.836425430296941	0.974916745117222	0.978427384062835	1	0.942618051403642	0.992568389353873	0.998237697389594	1	0.999765619599816	0.99999844623175
ENSFCAG00000000620:FBXW7	0	0	0	0	0	0	0	0	0	0.837726271064352	0.967640686589022	0.978441023656231	1	0.942618051403642	0.992568389353873	0.998237697389594	1	0.999765916966634	0.99999844623175
ENSFCAG00000003492:CTCF	0	0	0	0	0	0	0	0	0	0.838290659173822	0.964866437128837	0.978441474086625	1	0.942618051403642	0.992568389353873	0.998237697389594	1	0.999765926783555	0.99999844623175
ENSFCAG00000005630:BRSK1	0	0	0	0	0	0	0	0	0	0.839070228132888	0.962168200897937	0.978488694108534	1	0.942618051403642	0.992568389353873	0.998237697389594	1	0.999766954771742	0.99999844623175
ENSFCAG00000007469:GOLGA5	0	0	0	0	0	0	0	0	0	0.838234293587701	0.9670555973986	0.978541716673863	1	0.942618051403642	0.992568389353873	0.998237697389594	1	0.999768106366341	0.99999844623175
ENSFCAG00000011030:PIK3R1	0	0	0	0	0	0	0	0	0	0.838591496169315	0.967989404270031	0.978679596125939	1	0.942618051403642	0.992568389353873	0.998237697389594	1	0.999771087514722	0.99999844623175
ENSFCAG00000014440:COP1	0	0	0	0	0	0	0	0	0	0.840073786361836	0.965599692996885	0.978933805272667	1	0.942618051403642	0.992568389353873	0.998237697389594	1	0.999776532955398	0.99999844623175
ENSFCAG00000010312:BARD1	0	0	0	0	0	0	0	0	0	0.839245360914909	0.970195831842716	0.978950989718122	1	0.942618051403642	0.992568389353873	0.998237697389594	1	0.999776898682951	0.99999844623175
ENSFCAG00000004020:DAXX	0	0	0	0	0	0	0	0	0	0.83998998318492	0.96709738398472	0.978990201700111	1	0.942618051403642	0.992568389353873	0.998237697389594	1	0.999777732081555	0.99999844623175
ENSFCAG00000035160:FNBP1	0	0	0	0	0	0	0	0	0	0.840515038553507	0.965278041738466	0.979028031191363	1	0.942618051403642	0.992568389353873	0.998237697389594	1	0.99977853460866	0.99999844623175
ENSFCAG00000011776:LMNA	0	0	0	0	0	0	0	0	0	0.841366111030129	0.961616229760488	0.979035782217165	1	0.942618051403642	0.992568389353873	0.998237697389594	1	0.999778698861003	0.99999844623175
ENSFCAG00000026205:ZBTB16	0	0	0	0	0	0	0	0	0	0.840682101052203	0.966333272713387	0.979125654662921	1	0.942618051403642	0.992568389353873	0.998237697389594	1	0.999780598871483	0.99999844623175
ENSFCAG00000011809:ACSL3	0	0	0	0	0	0	0	0	0	0.839960060629981	0.970266024048323	0.979135378068851	1	0.942618051403642	0.992568389353873	0.998237697389594	1	0.999780803941316	0.99999844623175
ENSFCAG00000002630:PPM1F	0	0	0	0	0	0	0	0	0	0.840864169123441	0.965795653769046	0.979143368366902	1	0.942618051403642	0.992568389353873	0.998237697389594	1	0.999780972387057	0.99999844623175
ENSFCAG00000018774:TCF7L2	0	0	0	0	0	0	0	0	0	0.840543786165815	0.970070247822411	0.979273751962983	1	0.942618051403642	0.992568389353873	0.998237697389594	1	0.999783711828031	0.99999844623175
ENSFCAG00000002431:RXRA	0	0	0	0	0	0	0	0	0	0.841934260162983	0.966315512801952	0.979438666880425	1	0.942618051403642	0.992568389353873	0.998237697389594	1	0.999787151929054	0.99999844623175
ENSFCAG00000025772:MST1	0	0	0	0	0	0	0	0	0	0.843270244971454	0.960532119500891	0.979444949863784	1	0.942618051403642	0.992568389353873	0.998237697389594	1	0.99978728244203	0.99999844623175
ENSFCAG00000007459:GAB2	0	0	0	0	0	0	0	0	0	0.841469129368745	0.969084860101364	0.979460080227327	1	0.942618051403642	0.992568389353873	0.998237697389594	1	0.999787596571399	0.99999844623175
ENSFCAG00000026299:RAF1	0	0	0	0	0	0	0	0	0	0.841546334119265	0.970265487464009	0.979534542496165	1	0.942618051403642	0.992568389353873	0.998237697389594	1	0.999789139115881	0.99999844623175
ENSFCAG00000015711:BAP1	0	0	0	0	0	0	0	0	0	0.842290850451283	0.966594845207567	0.979542041174896	1	0.942618051403642	0.992568389353873	0.998237697389594	1	0.999789294143184	0.99999844623175
ENSFCAG00000015184:ALOX12B	0	0	0	0	0	0	0	0	0	0.844052976174361	0.959340724834865	0.979564620679964	1	0.942618051403642	0.992568389353873	0.998237697389594	1	0.999789760604057	0.99999844623175
ENSFCAG00000013266:SMAD2	0	0	0	0	0	0	0	0	0	0.841392427497832	0.97312672750213	0.979620677778642	1	0.942618051403642	0.992568389353873	0.998237697389594	1	0.999790916414987	0.99999844623175
ENSFCAG00000023085:CRTC3	0	0	0	0	0	0	0	0	0	0.842296563494603	0.968957607881158	0.979660725783805	1	0.942618051403642	0.992568389353873	0.998237697389594	1	0.999791740178642	0.99999844623175
ENSFCAG00000006532:GTSE1	0	0	0	0	0	0	0	0	0	0.842379221418419	0.968656139467627	0.979666832693751	1	0.942618051403642	0.992568389353873	0.998237697389594	1	0.99979186565029	0.99999844623175
ENSFCAG00000000790:TP63	0	0	0	0	0	0	0	0	0	0.842487289234361	0.968504096764885	0.979686377610972	1	0.942618051403642	0.992568389353873	0.998237697389594	1	0.999792266961316	0.99999844623175
ENSFCAG00000024086:NRG1	0	0	0	0	0	0	0	0	0	0.842529020058079	0.970099265147153	0.979772182407533	1	0.942618051403642	0.992568389353873	0.998237697389594	1	0.999794024156946	0.99999844623175
ENSFCAG00000011053:PLK2	0	0	0	0	0	0	0	0	0	0.84234413630534	0.971855780977336	0.979804665254022	1	0.942618051403642	0.992568389353873	0.998237697389594	1	0.999794687411999	0.99999844623175
ENSFCAG00000008554:HGF	0	0	0	0	0	0	0	0	0	0.842934721682121	0.969083665376867	0.979825421694773	1	0.942618051403642	0.992568389353873	0.998237697389594	1	0.999795110666053	0.99999844623175
ENSFCAG00000007992:EZR	0	0	0	0	0	0	0	0	0	0.845303807646034	0.960924364514175	0.979968673306598	1	0.942618051403642	0.992568389353873	0.998237697389594	1	0.999798019786451	0.99999844623175
ENSFCAG00000008744:SEPTIN6	0	0	0	0	0	0	0	0	0	0.84387498108448	0.96772130876575	0.979991710323278	1	0.942618051403642	0.992568389353873	0.998237697389594	1	0.999798485662196	0.99999844623175
ENSFCAG00000009638:HNF1A	0	0	0	0	0	0	0	0	0	0.84429265873024	0.96575673705506	0.979993888826115	1	0.942618051403642	0.992568389353873	0.998237697389594	1	0.999798529689857	0.99999844623175
ENSFCAG00000031674:TCF12	0	0	0	0	0	0	0	0	0	0.842693844793233	0.974802994733141	0.980012750155174	1	0.942618051403642	0.992568389353873	0.998237697389594	1	0.999798910675881	0.99999844623175
ENSFCAG00000003444:RAD54L	0	0	0	0	0	0	0	0	0	0.84463828537579	0.965012623425791	0.980039097261754	1	0.942618051403642	0.992568389353873	0.998237697389594	1	0.99979944226182	0.99999844623175
ENSFCAG00000042862:SFPQ	0	0	0	0	0	0	0	0	0	0.843399094948386	0.973697672655557	0.980143829861478	1	0.942618051403642	0.992568389353873	0.998237697389594	1	0.999801548369674	0.99999844623175
ENSFCAG00000029965:SLC34A2	0	0	0	0	0	0	0	0	0	0.844514820626532	0.967677027852444	0.980146977772319	1	0.942618051403642	0.992568389353873	0.998237697389594	1	0.99980161149897	0.99999844623175
ENSFCAG00000006991:SRC	0	0	0	0	0	0	0	0	0	0.845818443902373	0.962204315752123	0.980170002247684	1	0.942618051403642	0.992568389353873	0.998237697389594	1	0.999802072932387	0.99999844623175
ENSFCAG00000023514:TCF3	0	0	0	0	0	0	0	0	0	0.845667124924663	0.963744447136758	0.98022105486219	1	0.942618051403642	0.992568389353873	0.998237697389594	1	0.999803094148474	0.99999844623175
ENSFCAG00000003928:NCSTN	0	0	0	0	0	0	0	0	0	0.845523482835388	0.964670843622365	0.980237145056696	1	0.942618051403642	0.992568389353873	0.998237697389594	1	0.999803415452912	0.99999844623175
ENSFCAG00000027069:GATA6	0	0	0	0	0	0	0	0	0	0.84339316788939	0.976497288404784	0.980249755704826	1	0.942618051403642	0.992568389353873	0.998237697389594	1	0.999803667089812	0.99999844623175
ENSFCAG00000030862:NR4A3	0	0	0	0	0	0	0	0	0	0.843914203044727	0.973224282296043	0.9802517271992	1	0.942618051403642	0.992568389353873	0.998237697389594	1	0.999803706414977	0.99999844623175
ENSFCAG00000009752:CRTC1	0	0	0	0	0	0	0	0	0	0.845770506282341	0.966233290209304	0.98038056852671	1	0.942618051403642	0.992568389353873	0.998237697389594	1	0.999806267801208	0.99999844623175
ENSFCAG00000024456:MDM2	1	0	0	0	0	0	0	0	0	0.844642732190975	0.972845035705267	0.980415215707958	1	0.942618051403642	0.992568389353873	0.998237697389594	1	0.999806953703743	0.99999844623175
ENSFCAG00000004249:NF2	0	0	0	0	0	0	0	0	0	0.846986144677573	0.962304327570539	0.980458997617636	1	0.942618051403642	0.992568389353873	0.998237697389594	1	0.999807818693285	0.99999844623175
ENSFCAG00000030412:RUNX1T1	0	0	0	0	0	0	0	0	0	0.845976872422858	0.967695572234109	0.980505269540222	1	0.942618051403642	0.992568389353873	0.998237697389594	1	0.999808730752458	0.99999844623175
ENSFCAG00000045801:ZBTB7A	0	0	0	0	0	0	0	0	0	0.844349564705335	0.978646738277281	0.980559997220745	1	0.942618051403642	0.992568389353873	0.998237697389594	1	0.999809806663174	0.99999844623175
ENSFCAG00000045924:FBXO31	0	0	0	0	0	0	0	0	0	0.846722716062976	0.966393155349889	0.980620078204557	1	0.942618051403642	0.992568389353873	0.998237697389594	1	0.999810984299083	0.99999844623175
ENSFCAG00000015395:BTK	0	0	0	0	0	0	0	0	0	0.84734329239152	0.964424973641704	0.980664989072319	1	0.942618051403642	0.992568389353873	0.998237697389594	1	0.999811862184196	0.99999844623175
ENSFCAG00000001108:SETD3	0	0	0	0	0	0	0	0	0	0.846642376009005	0.970188989717894	0.980786202381658	1	0.942618051403642	0.992568389353873	0.998237697389594	1	0.999814221307698	0.99999844623175
ENSFCAG00000025248:ARAF	0	0	0	0	0	0	0	0	0	0.847489098334252	0.966625481162517	0.980817111390264	1	0.942618051403642	0.992568389353873	0.998237697389594	1	0.999814820479587	0.99999844623175
ENSFCAG00000011327:FAF1	0	0	0	0	0	0	0	0	0	0.846691089983032	0.972326842868371	0.980892735804733	1	0.942618051403642	0.992568389353873	0.998237697389594	1	0.99981628235373	0.99999844623175
ENSFCAG00000006344:CD276	0	0	0	0	0	0	0	0	0	0.846702959639517	0.972436988486492	0.980900300167302	1	0.942618051403642	0.992568389353873	0.998237697389594	1	0.999816428257509	0.99999844623175
ENSFCAG00000004893:CARM1	0	0	0	0	0	0	0	0	0	0.8478188450416	0.966906718402934	0.980910852156036	1	0.942618051403642	0.992568389353873	0.998237697389594	1	0.999816631690109	0.99999844623175
ENSFCAG00000041932:RUNX2	0	0	0	0	0	0	0	0	0	0.846246836852392	0.976379796423409	0.980945225925325	1	0.942618051403642	0.992568389353873	0.998237697389594	1	0.99981729359749	0.99999844623175
ENSFCAG00000030253:PATZ1	0	0	0	0	0	0	0	0	0	0.847016307762447	0.972429821736976	0.980975795330439	1	0.942618051403642	0.992568389353873	0.998237697389594	1	0.999817881235441	0.99999844623175
ENSFCAG00000000765:FOXO1	0	0	0	0	0	0	0	0	0	0.846936011603255	0.97406292224063	0.981023750205823	1	0.942618051403642	0.992568389353873	0.998237697389594	1	0.999818801156268	0.99999844623175
ENSFCAG00000015112:MPL	0	0	0	0	0	0	0	0	0	0.849362506267823	0.962816884935867	0.981058161307671	1	0.942618051403642	0.992568389353873	0.998237697389594	1	0.999819459821624	0.99999844623175
ENSFCAG00000012147:NFE2L2	0	0	0	0	0	0	0	0	0	0.847319440897147	0.974681300494213	0.981140780929364	1	0.942618051403642	0.992568389353873	0.998237697389594	1	0.999821036321919	0.99999844623175
ENSFCAG00000009182:LCP1	0	0	0	0	0	0	0	0	0	0.849293399612908	0.965471474039683	0.981188585759291	1	0.942618051403642	0.992568389353873	0.998237697389594	1	0.99982194532888	0.99999844623175
ENSFCAG00000030227:FOXO3	0	0	0	0	0	0	0	0	0	0.848077656995282	0.972021158210529	0.981213866481395	1	0.942618051403642	0.992568389353873	0.998237697389594	1	0.99982242509927	0.99999844623175
ENSFCAG00000014214:SYK	0	0	0	0	0	0	0	0	0	0.849803448982406	0.964392741228507	0.981251359756904	1	0.942618051403642	0.992568389353873	0.998237697389594	1	0.999823135436715	0.99999844623175
ENSFCAG00000010330:FUBP1	0	0	0	0	0	0	0	0	0	0.848574199751624	0.970247603630206	0.981253848081683	1	0.942618051403642	0.992568389353873	0.998237697389594	1	0.999823182529148	0.99999844623175
ENSFCAG00000013874:SGK1	0	0	0	0	0	0	0	0	0	0.848045242574513	0.974433930957975	0.981305709734919	1	0.942618051403642	0.992568389353873	0.998237697389594	1	0.999824162593169	0.99999844623175
ENSFCAG00000022073:DTX1	0	0	0	0	0	0	0	0	0	0.848964350037636	0.971459849093137	0.981401531004108	1	0.942618051403642	0.992568389353873	0.998237697389594	1	0.99982596618091	0.99999844623175
ENSFCAG00000006633:CLP1	0	0	0	0	0	0	0	0	0	0.848230896293021	0.976934816978294	0.981444029516268	1	0.942618051403642	0.992568389353873	0.998237697389594	1	0.999826763110616	0.99999844623175
ENSFCAG00000009399:SEPTIN9	0	0	0	0	0	0	0	0	0	0.849879484523153	0.969604702620641	0.981534795403498	1	0.942618051403642	0.992568389353873	0.998237697389594	1	0.999828458985244	0.99999844623175
ENSFCAG00000001436:PRDM14	0	0	0	0	0	0	0	0	0	0.849650561738567	0.971470819945895	0.981565317662192	1	0.942618051403642	0.992568389353873	0.998237697389594	1	0.999829027378882	0.99999844623175
ENSFCAG00000009739:ELL	0	0	0	0	0	0	0	0	0	0.850335173421625	0.969287455470109	0.98162768934326	1	0.942618051403642	0.992568389353873	0.998237697389594	1	0.999830185929602	0.99999844623175
ENSFCAG00000012963:SAMHD1	0	0	0	0	0	0	0	0	0	0.849756482488728	0.972380034632167	0.981629841549196	1	0.942618051403642	0.992568389353873	0.998237697389594	1	0.999830225835979	0.99999844623175
ENSFCAG00000030888:RECQL	0	0	0	0	0	0	0	0	0	0.850029271341871	0.972199934358527	0.981686806362398	1	0.942618051403642	0.992568389353873	0.998237697389594	1	0.999831280366907	0.99999844623175
ENSFCAG00000042003:ASPSCR1	0	0	0	0	0	0	0	0	0	0.851439696512727	0.965750836534857	0.981710403904706	1	0.942618051403642	0.992568389353873	0.998237697389594	1	0.999831716235628	0.99999844623175
ENSFCAG00000008547:EBF1	0	0	0	0	0	0	0	0	0	0.851171171186447	0.968104949740433	0.981767550946241	1	0.942618051403642	0.992568389353873	0.998237697389594	1	0.999832769444929	0.99999844623175
ENSFCAG00000003177:SH2B3	0	0	0	0	0	0	0	0	0	0.850699115379797	0.970956380877161	0.981790543278661	1	0.942618051403642	0.992568389353873	0.998237697389594	1	0.999833192250905	0.99999844623175
ENSFCAG00000024132:TNFRSF11A	0	0	0	0	0	0	0	0	0	0.851156167939048	0.969247363148515	0.98181925986867	1	0.942618051403642	0.992568389353873	0.998237697389594	1	0.999833719564026	0.99999844623175
ENSFCAG00000009978:WIF1	0	0	0	0	0	0	0	0	0	0.85051501344099	0.975376287978246	0.981930137902993	1	0.942618051403642	0.992568389353873	0.998237697389594	1	0.999835747698148	0.99999844623175
ENSFCAG00000007271:FLYWCH1	0	0	0	0	0	0	0	0	0	0.854409367286915	0.95780323035266	0.981930448620722	1	0.942618051403642	0.992568389353873	0.998237697389594	1	0.999835753364073	0.99999844623175
ENSFCAG00000004303:WDCP	0	0	0	0	0	0	0	0	0	0.850679147015244	0.976118824869254	0.981996656331916	1	0.942618051403642	0.992568389353873	0.998237697389594	1	0.999836958416392	0.99999844623175
ENSFCAG00000009580:PAX8	0	0	0	0	0	0	0	0	0	0.851925709024577	0.969680972768862	0.982020069502029	1	0.942618051403642	0.992568389353873	0.998237697389594	1	0.999837383493136	0.99999844623175
ENSFCAG00000012518:KEAP1	0	0	0	0	0	0	0	0	0	0.851724181685355	0.970819166065218	0.982025195949685	1	0.942618051403642	0.992568389353873	0.998237697389594	1	0.99983747649163	0.99999844623175
ENSFCAG00000028024:KDSR	0	0	0	0	0	0	0	0	0	0.851666622709688	0.976143347881079	0.982229659187148	1	0.942618051403642	0.992568389353873	0.998237697389594	1	0.999841163826134	0.99999844623175
ENSFCAG00000014426:ESCO2	0	0	0	0	0	0	0	0	0	0.851427791727242	0.978090952475275	0.982242452071548	1	0.942618051403642	0.992568389353873	0.998237697389594	1	0.999841393120894	0.99999844623175
ENSFCAG00000011854:ALB	0	0	0	0	0	0	0	0	0	0.852503600338163	0.972163520511675	0.98226635331787	1	0.942618051403642	0.992568389353873	0.998237697389594	1	0.999841821071236	0.99999844623175
ENSFCAG00000025339:DDX3X	0	0	0	0	0	0	0	0	0	0.852338082424534	0.97404896820334	0.982306069350678	1	0.942618051403642	0.992568389353873	0.998237697389594	1	0.99984253089824	0.99999844623175
ENSFCAG00000009952:ITK	0	0	0	0	0	0	0	0	0	0.85391967925407	0.96639306788825	0.9823207171661	1	0.942618051403642	0.992568389353873	0.998237697389594	1	0.999842792286804	0.99999844623175
ENSFCAG00000012180:AKT2	0	0	0	0	0	0	0	0	0	0.854271863815367	0.965407717917166	0.982349912101864	1	0.942618051403642	0.992568389353873	0.998237697389594	1	0.999843312615532	0.99999844623175
ENSFCAG00000014348:TEC	0	0	0	0	0	0	0	0	0	0.854182201877223	0.965923275979349	0.982356628964273	1	0.942618051403642	0.992568389353873	0.998237697389594	1	0.999843432204494	0.99999844623175
ENSFCAG00000041774:BIRC3	0	0	0	0	0	0	0	0	0	0.852985916784628	0.972058384739905	0.982373961472048	1	0.942618051403642	0.992568389353873	0.998237697389594	1	0.999843740585318	0.99999844623175
ENSFCAG00000024950:ARID5A	0	0	0	0	0	0	0	0	0	0.853579869491804	0.969797869180957	0.982410049753831	1	0.942618051403642	0.992568389353873	0.998237697389594	1	0.999844381688566	0.99999844623175
ENSFCAG00000044781:ELN	0	0	0	0	0	0	0	0	0	0.853789674467077	0.969544521317447	0.982446640684691	1	0.942618051403642	0.992568389353873	0.998237697389594	1	0.999845030367796	0.99999844623175
ENSFCAG00000026908:PRKCI	0	0	0	0	0	0	0	0	0	0.853144986903728	0.972933021156018	0.982448009393321	1	0.942618051403642	0.992568389353873	0.998237697389594	1	0.999845054605641	0.99999844623175
ENSFCAG00000022148:FIP1L1	0	0	0	0	0	0	0	0	0	0.853398556344926	0.972055735593788	0.982469488061367	1	0.942618051403642	0.992568389353873	0.998237697389594	1	0.999845434711957	0.99999844623175
ENSFCAG00000014980:PLAG1	0	0	0	0	0	0	0	0	0	0.853109953420248	0.976135925059841	0.982565828209526	1	0.942618051403642	0.992568389353873	0.998237697389594	1	0.9998471338596	0.99999844623175
ENSFCAG00000003706:FANCC	0	0	0	0	0	0	0	0	0	0.854347659672483	0.970557000321744	0.982622012317369	1	0.942618051403642	0.992568389353873	0.998237697389594	1	0.999848120415834	0.99999844623175
ENSFCAG00000012781:SHQ1	0	0	0	0	0	0	0	0	0	0.855170639737623	0.967564900403612	0.982667666210653	1	0.942618051403642	0.992568389353873	0.998237697389594	1	0.999848919702608	0.99999844623175
ENSFCAG00000004384:TGFBR2	0	0	0	0	0	0	0	0	0	0.854078636319958	0.973443315589883	0.982684923350308	1	0.942618051403642	0.992568389353873	0.998237697389594	1	0.999849221280036	0.99999844623175
ENSFCAG00000023460:ELF4	0	0	0	0	0	0	0	0	0	0.854895197967116	0.969412484291268	0.982694591341188	1	0.942618051403642	0.992568389353873	0.998237697389594	1	0.99984939010072	0.99999844623175
ENSFCAG00000001964:PDPK1	0	0	0	0	0	0	0	0	0	0.854633051630535	0.970864244533199	0.982701465125854	1	0.942618051403642	0.992568389353873	0.998237697389594	1	0.999849510071634	0.99999844623175
ENSFCAG00000028455:PRF1	0	0	0	0	0	0	0	0	0	0.855355863945669	0.968220327547764	0.982742490325634	1	0.942618051403642	0.992568389353873	0.998237697389594	1	0.999850225101043	0.99999844623175
ENSFCAG00000004287:PTPN6	0	0	0	0	0	0	0	0	0	0.856010802758281	0.96531728296544	0.98274257710221	1	0.942618051403642	0.992568389353873	0.998237697389594	1	0.999850226611659	0.99999844623175
ENSFCAG00000006814:LPP	0	0	0	0	0	0	0	0	0	0.854457236154425	0.972778899974878	0.982744434137476	1	0.942618051403642	0.992568389353873	0.998237697389594	1	0.999850258937301	0.99999844623175
ENSFCAG00000044523:SOX9	0	0	0	0	0	0	0	0	0	0.855181211825281	0.96961502396888	0.982769571864529	1	0.942618051403642	0.992568389353873	0.998237697389594	1	0.999850696167561	0.99999844623175
ENSFCAG00000013473:RAD21	0	0	0	0	0	0	0	0	0	0.855159513495852	0.970043903645731	0.982784602784817	1	0.942618051403642	0.992568389353873	0.998237697389594	1	0.999850957299022	0.99999844623175
ENSFCAG00000009695:PTPN11	0	0	0	0	0	0	0	0	0	0.855308212395169	0.969658991704855	0.98280065098054	1	0.942618051403642	0.992568389353873	0.998237697389594	1	0.99985123584981	0.99999844623175
ENSFCAG00000027549:NCOA4	0	0	0	0	0	0	0	0	0	0.856177844501975	0.966256250784995	0.982830154359884	1	0.942618051403642	0.992568389353873	0.998237697389594	1	0.999851747260393	0.99999844623175
ENSFCAG00000043801:ZNF703	0	0	0	0	0	0	0	0	0	0.854185115447899	0.979408958452423	0.982926647532207	1	0.942618051403642	0.992568389353873	0.998237697389594	1	0.999853413684826	0.99999844623175
ENSFCAG00000002807:SOX10	0	0	0	0	0	0	0	0	0	0.856551181268032	0.967629133855821	0.982984913375478	1	0.942618051403642	0.992568389353873	0.998237697389594	1	0.999854415341344	0.99999844623175
ENSFCAG00000004243:EWSR1	0	0	0	0	0	0	0	0	0	0.856957929813265	0.96615306792954	0.983001317511633	1	0.942618051403642	0.992568389353873	0.998237697389594	1	0.999854696724157	0.99999844623175
ENSFCAG00000029143:MAPKAP1	0	0	0	0	0	0	0	0	0	0.856443372680164	0.968501468176833	0.983003552842829	1	0.942618051403642	0.992568389353873	0.998237697389594	1	0.999854735045963	0.99999844623175
ENSFCAG00000015088:KLHL6	0	0	0	0	0	0	0	0	0	0.856762873613163	0.967559090766162	0.983029289887437	1	0.942618051403642	0.992568389353873	0.998237697389594	1	0.999855175907476	0.99999844623175
ENSFCAG00000028670:ETV5	0	0	0	0	0	0	0	0	0	0.855852107950317	0.972498920981202	0.983051538305692	1	0.942618051403642	0.992568389353873	0.998237697389594	1	0.999855556467709	0.99999844623175
ENSFCAG00000002126:TRAF5	0	0	0	0	0	0	0	0	0	0.856574005175064	0.969112186211693	0.983062576108469	1	0.942618051403642	0.992568389353873	0.998237697389594	1	0.999855745082969	0.99999844623175
ENSFCAG00000006864:GPC3	0	0	0	0	0	0	0	0	0	0.856264608327498	0.970755536877213	0.983068822914192	1	0.942618051403642	0.992568389353873	0.998237697389594	1	0.999855851774196	0.99999844623175
ENSFCAG00000032199:EGR1	0	0	0	0	0	0	0	0	0	0.855327813989343	0.977102203290988	0.983111232730351	1	0.942618051403642	0.992568389353873	0.998237697389594	1	0.999856575055729	0.99999844623175
ENSFCAG00000040324:ZNF331	0	0	0	0	0	0	0	0	0	0.856362963101219	0.972007785698056	0.98314650936013	1	0.942618051403642	0.992568389353873	0.998237697389594	1	0.999857175289974	0.99999844623175
ENSFCAG00000003915:PPP2R1A	0	0	0	0	0	0	0	0	0	0.856986877311228	0.970060499988237	0.98320047165201	1	0.942618051403642	0.992568389353873	0.998237697389594	1	0.999858091012998	0.99999844623175
ENSFCAG00000000308:WT1	0	0	0	0	0	0	0	0	0	0.857811765518675	0.971043934069371	0.983430875622711	1	0.942618051403642	0.992568389353873	0.998237697389594	1	0.999861967578186	0.99999844623175
ENSFCAG00000008222:RPN1	0	0	0	0	0	0	0	0	0	0.857774014938367	0.97208871285106	0.983468326079875	1	0.942618051403642	0.992568389353873	0.998237697389594	1	0.999862592584642	0.99999844623175
ENSFCAG00000013821:MSN	0	0	0	0	0	0	0	0	0	0.859209390545863	0.965532706898035	0.983472664498009	1	0.942618051403642	0.992568389353873	0.998237697389594	1	0.999862664895839	0.99999844623175
ENSFCAG00000028662:PSIP1	0	0	0	0	0	0	0	0	0	0.8567951952146	0.978206749535781	0.983482829055328	1	0.942618051403642	0.992568389353873	0.998237697389594	1	0.999862834240088	0.99999844623175
ENSFCAG00000031492:ESR1	0	0	0	0	0	0	0	0	0	0.85833187087607	0.971236795896287	0.983555974166583	1	0.942618051403642	0.992568389353873	0.998237697389594	1	0.999864049759291	0.99999844623175
ENSFCAG00000010997:PRKAR1A	0	0	0	0	0	0	0	0	0	0.8587203010628	0.96972545235813	0.983573712421134	1	0.942618051403642	0.992568389353873	0.998237697389594	1	0.99986434371254	0.99999844623175
ENSFCAG00000002012:ARID3B	0	0	0	0	0	0	0	0	0	0.858023681122978	0.973579907274509	0.983586941952744	1	0.942618051403642	0.992568389353873	0.998237697389594	1	0.999864562740264	0.99999844623175
ENSFCAG00000008473:NFIB	0	0	0	0	0	0	0	0	0	0.858387535068318	0.972417263316463	0.983619834446641	1	0.942618051403642	0.992568389353873	0.998237697389594	1	0.999865106536209	0.99999844623175
ENSFCAG00000030907:MAP3K7	0	0	0	0	0	0	0	0	0	0.858760381711421	0.970747495779971	0.983629682394045	1	0.942618051403642	0.992568389353873	0.998237697389594	1	0.999865269133676	0.99999844623175
ENSFCAG00000038609:FCRL4	0	0	0	0	0	0	0	0	0	0.859717599513315	0.967453696813182	0.983684887473682	1	0.942618051403642	0.992568389353873	0.998237697389594	1	0.999866178788095	0.99999844623175
ENSFCAG00000000648:CREB3L2	0	0	0	0	0	0	0	0	0	0.859009954497148	0.97090242025762	0.983692246449798	1	0.942618051403642	0.992568389353873	0.998237697389594	1	0.999866299813294	0.99999844623175
ENSFCAG00000008018:REL	0	0	0	0	0	0	0	0	0	0.858163872298624	0.975576274059099	0.983696798808488	1	0.942618051403642	0.992568389353873	0.998237697389594	1	0.9998663746535	0.99999844623175
ENSFCAG00000029740:SHOC2	0	0	0	0	0	0	0	0	0	0.857684042097546	0.979107287497813	0.983712859115781	1	0.942618051403642	0.992568389353873	0.998237697389594	1	0.999866638514673	0.99999844623175
ENSFCAG00000036602:IKZF2	0	0	0	0	0	0	0	0	0	0.858868243603445	0.97223902772956	0.983719457703444	1	0.942618051403642	0.992568389353873	0.998237697389594	1	0.999866746849496	0.99999844623175
ENSFCAG00000002574:TFE3	0	0	0	0	0	0	0	0	0	0.859654913104898	0.96893263949797	0.983743763860006	1	0.942618051403642	0.992568389353873	0.998237697389594	1	0.999867145523267	0.99999844623175
ENSFCAG00000022796:PGBD5	0	0	0	0	0	0	0	0	0	0.858970791063838	0.972666519547521	0.983760497989743	1	0.942618051403642	0.992568389353873	0.998237697389594	1	0.999867419650286	0.99999844623175
ENSFCAG00000023350:FYN	0	0	0	0	0	0	0	0	0	0.86026011543666	0.967318444431674	0.983797897440568	1	0.942618051403642	0.992568389353873	0.998237697389594	1	0.999868031273415	0.99999844623175
ENSFCAG00000042921:IKZF1	0	0	0	0	0	0	0	0	0	0.859085860740093	0.973719038462293	0.983829726255019	1	0.942618051403642	0.992568389353873	0.998237697389594	1	0.999868550675599	0.99999844623175
ENSFCAG00000013705:NT5C2	0	0	0	0	0	0	0	0	0	0.860131443240867	0.968708958775896	0.983838315061352	1	0.942618051403642	0.992568389353873	0.998237697389594	1	0.999868690656604	0.99999844623175
ENSFCAG00000003512:DDX5	0	0	0	0	0	0	0	0	0	0.859363235979025	0.972964957944692	0.983860264310527	1	0.942618051403642	0.992568389353873	0.998237697389594	1	0.999869048046451	0.99999844623175
ENSFCAG00000014365:CHEK2	0	0	0	0	0	0	0	0	0	0.860229464718498	0.969358426694229	0.983891046271206	1	0.942618051403642	0.992568389353873	0.998237697389594	1	0.999869548430509	0.99999844623175
ENSFCAG00000028305:FOXA1	0	0	0	0	0	0	0	0	0	0.858722374185482	0.977941274330704	0.983906566719246	1	0.942618051403642	0.992568389353873	0.998237697389594	1	0.999869800361932	0.99999844623175
ENSFCAG00000010003:TRAF3	0	0	0	0	0	0	0	0	0	0.861460459679246	0.968081316427908	0.984099491064478	1	0.942618051403642	0.992568389353873	0.998237697389594	1	0.999872911518841	0.99999844623175
ENSFCAG00000004957:AKT1	0	0	0	0	0	0	0	0	0	0.862106099384006	0.966871802514872	0.98417938679007	1	0.942618051403642	0.992568389353873	0.998237697389594	1	0.999874188866616	0.99999844623175
ENSFCAG00000024419:MITF	0	0	0	0	0	0	0	0	0	0.861048441934692	0.973488958703471	0.984253716535061	1	0.942618051403642	0.992568389353873	0.998237697389594	1	0.999875371403322	0.99999844623175
ENSFCAG00000000389:TRAF2	0	0	0	0	0	0	0	0	0	0.862832341798394	0.966394886090058	0.984312297330401	1	0.942618051403642	0.992568389353873	0.998237697389594	1	0.99987629942943	0.99999844623175
ENSFCAG00000011506:PAK3	0	0	0	0	0	0	0	0	0	0.861576801666896	0.972927588508639	0.984346071469885	1	0.942618051403642	0.992568389353873	0.998237697389594	1	0.999876832888617	0.99999844623175
ENSFCAG00000006154:GATA2	0	0	0	0	0	0	0	0	0	0.861015269385699	0.976090507738241	0.984347898846017	1	0.942618051403642	0.992568389353873	0.998237697389594	1	0.999876861718796	0.99999844623175
ENSFCAG00000041799:E2F3	0	0	0	0	0	0	0	0	0	0.861176643364264	0.975156780760688	0.984348062423261	1	0.942618051403642	0.992568389353873	0.998237697389594	1	0.999876864299359	0.99999844623175
ENSFCAG00000006761:RUNX1	0	0	0	0	0	0	0	0	0	0.860567003401485	0.9798894743388	0.984378747886657	1	0.942618051403642	0.992568389353873	0.998237697389594	1	0.999877347906434	0.99999844623175
ENSFCAG00000005890:SLC1A2	0	0	0	0	0	0	0	0	0	0.861961588241077	0.973572191535069	0.984456674929937	1	0.942618051403642	0.992568389353873	0.998237697389594	1	0.999878571748218	0.99999844623175
ENSFCAG00000009924:IL21R	0	0	0	0	0	0	0	0	0	0.863048638839442	0.968509300273038	0.984465573440161	1	0.942618051403642	0.992568389353873	0.998237697389594	1	0.999878711106626	0.99999844623175
ENSFCAG00000012482:LCK	0	0	0	0	0	0	0	0	0	0.864364895949711	0.963292381477146	0.984473100869651	1	0.942618051403642	0.992568389353873	0.998237697389594	1	0.999878828929919	0.99999844623175
ENSFCAG00000029098:RAP1GDS1	0	0	0	0	0	0	0	0	0	0.86208949834166	0.973522104363051	0.984482470922079	1	0.942618051403642	0.992568389353873	0.998237697389594	1	0.999878975514504	0.99999844623175
ENSFCAG00000004158:PAK1	0	0	0	0	0	0	0	0	0	0.8623538597887	0.973740006326163	0.984548831055842	1	0.942618051403642	0.992568389353873	0.998237697389594	1	0.999880011096498	0.99999844623175
ENSFCAG00000044117:FANCG	0	0	0	0	0	0	0	0	0	0.864563804748401	0.964613442410547	0.98458934486041	1	0.942618051403642	0.992568389353873	0.998237697389594	1	0.999880641135089	0.99999844623175
ENSFCAG00000008765:PAX7	0	0	0	0	0	0	0	0	0	0.863843881329057	0.968427339715718	0.984632857299081	1	0.942618051403642	0.992568389353873	0.998237697389594	1	0.999881315949358	0.99999844623175
ENSFCAG00000002457:TBL1XR1	0	0	0	0	0	0	0	0	0	0.863327180488525	0.970800019015504	0.984633276854772	1	0.942618051403642	0.992568389353873	0.998237697389594	1	0.999881322446694	0.99999844623175
ENSFCAG00000026512:CRBN	0	0	0	0	0	0	0	0	0	0.863091624694955	0.972528534386743	0.984658251891047	1	0.942618051403642	0.992568389353873	0.998237697389594	1	0.999881708893737	0.99999844623175
ENSFCAG00000012902:FANCE	0	0	0	0	0	0	0	0	0	0.86357471331402	0.97022040475997	0.984660138238124	1	0.942618051403642	0.992568389353873	0.998237697389594	1	0.999881738056082	0.99999844623175
ENSFCAG00000010770:CSF1	0	0	0	0	0	0	0	0	0	0.863846660302037	0.969194329995662	0.984670485989706	1	0.942618051403642	0.992568389353873	0.998237697389594	1	0.999881897964857	0.99999844623175
ENSFCAG00000034591:FRS2	0	0	0	0	0	0	0	0	0	0.861839870995383	0.980909584420997	0.9846885190856	1	0.942618051403642	0.992568389353873	0.998237697389594	1	0.999882176379067	0.99999844623175
ENSFCAG00000022556:HLF	0	0	0	0	0	0	0	0	0	0.863010080664775	0.974066180097305	0.98470417898816	1	0.942618051403642	0.992568389353873	0.998237697389594	1	0.999882417885464	0.99999844623175
ENSFCAG00000006925:PARP2	0	0	0	0	0	0	0	0	0	0.863625062521229	0.970990212966167	0.9847059981487	1	0.942618051403642	0.992568389353873	0.998237697389594	1	0.999882445924341	0.99999844623175
ENSFCAG00000008618:EZH2	0	0	0	0	0	0	0	0	0	0.863081183450379	0.973762893847002	0.984707298738983	1	0.942618051403642	0.992568389353873	0.998237697389594	1	0.999882465968389	0.99999844623175
ENSFCAG00000018794:CREB3L1	0	0	0	0	0	0	0	0	0	0.864211771225503	0.96853573412541	0.984717043947643	1	0.942618051403642	0.992568389353873	0.998237697389594	1	0.999882616102025	0.99999844623175
ENSFCAG00000009235:YES1	0	0	0	0	0	0	0	0	0	0.863174100056117	0.973995123185495	0.984736752119573	1	0.942618051403642	0.992568389353873	0.998237697389594	1	0.99988291942926	0.99999844623175
ENSFCAG00000009623:TP53	0	0	0	0	0	0	0	0	0	0.863782210910649	0.973123037284367	0.984832040098936	1	0.942618051403642	0.992568389353873	0.998237697389594	1	0.999884380436907	0.99999844623175
ENSFCAG00000006724:SLC45A3	0	0	0	0	0	0	0	0	0	0.864020212011841	0.972432245743415	0.984854030573107	1	0.942618051403642	0.992568389353873	0.998237697389594	1	0.99988471629754	0.99999844623175
ENSFCAG00000009146:PARP3	0	0	0	0	0	0	0	0	0	0.865374366014199	0.966527804916596	0.984863998965095	1	0.942618051403642	0.992568389353873	0.998237697389594	1	0.999884868383107	0.99999844623175
ENSFCAG00000042373:FLI1	0	0	0	0	0	0	0	0	0	0.86491708850383	0.969245142210345	0.984901876152168	1	0.942618051403642	0.992568389353873	0.998237697389594	1	0.999885445346982	0.99999844623175
ENSFCAG00000009499:KBTBD4	0	0	0	0	0	0	0	0	0	0.864694703477379	0.970340190330456	0.984905672830795	1	0.942618051403642	0.992568389353873	0.998237697389594	1	0.999885503099527	0.99999844623175
ENSFCAG00000001254:CYP17A1	0	0	0	0	0	0	0	0	0	0.864540386736135	0.971189613324789	0.984911167150271	1	0.942618051403642	0.992568389353873	0.998237697389594	1	0.999885586649537	0.99999844623175
ENSFCAG00000031995:SESN1	0	0	0	0	0	0	0	0	0	0.86346015581433	0.977176976096664	0.984918671224942	1	0.942618051403642	0.992568389353873	0.998237697389594	1	0.999885700711607	0.99999844623175
ENSFCAG00000026440:TRIM27	0	0	0	0	0	0	0	0	0	0.865417496084147	0.967587926619536	0.984927235663031	1	0.942618051403642	0.992568389353873	0.998237697389594	1	0.999885830821358	0.99999844623175
ENSFCAG00000004785:CBLC	0	0	0	0	0	0	0	0	0	0.865058800012749	0.969430620644731	0.984940858270045	1	0.942618051403642	0.992568389353873	0.998237697389594	1	0.999886037620671	0.99999844623175
ENSFCAG00000041254:CCDC6	0	0	0	0	0	0	0	0	0	0.864702141048678	0.972694605034469	0.98501108663583	1	0.942618051403642	0.992568389353873	0.998237697389594	1	0.999887100739904	0.99999844623175
ENSFCAG00000003395:RPS6KB2	0	0	0	0	0	0	0	0	0	0.865209432509102	0.970360353111873	0.985016239541378	1	0.942618051403642	0.992568389353873	0.998237697389594	1	0.999887178547575	0.99999844623175
ENSFCAG00000023614:LYN	0	0	0	0	0	0	0	0	0	0.86547976594259	0.969705716887805	0.985043274689276	1	0.942618051403642	0.992568389353873	0.998237697389594	1	0.999887586330283	0.99999844623175
ENSFCAG00000023859:CYP19A1	0	0	0	0	0	0	0	0	0	0.865125805821522	0.971594888474564	0.985053933798309	1	0.942618051403642	0.992568389353873	0.998237697389594	1	0.999887746902242	0.99999844623175
ENSFCAG00000001845:GAS7	0	0	0	0	0	0	0	0	0	0.866276433170123	0.966798370815152	0.985068825797743	1	0.942618051403642	0.992568389353873	0.998237697389594	1	0.999887971046569	0.99999844623175
ENSFCAG00000018167:TAF15	0	0	0	0	0	0	0	0	0	0.864470858429969	0.975948653804503	0.985091041298287	1	0.942618051403642	0.992568389353873	0.998237697389594	1	0.999888305000866	0.99999844623175
ENSFCAG00000030101:ERF	0	0	0	0	0	0	0	0	0	0.865332980562588	0.972053217740794	0.985117971320515	1	0.942618051403642	0.992568389353873	0.998237697389594	1	0.999888709154405	0.99999844623175
ENSFCAG00000002222:MUTYH	0	0	0	0	0	0	0	0	0	0.867199287420948	0.964661201655168	0.985149272912606	1	0.942618051403642	0.992568389353873	0.998237697389594	1	0.999889177989341	0.99999844623175
ENSFCAG00000013396:SESN2	0	0	0	0	0	0	0	0	0	0.866343077617822	0.968354047140886	0.98516100375647	1	0.942618051403642	0.992568389353873	0.998237697389594	1	0.999889353437594	0.99999844623175
ENSFCAG00000029172:KMT5A	0	0	0	0	0	0	0	0	0	0.864809273571682	0.977149865462553	0.985206923220703	1	0.942618051403642	0.992568389353873	0.998237697389594	1	0.999890038872402	0.99999844623175
ENSFCAG00000030557:FOXF1	1	0	0	0	0	0	0	0	0	0.865361001757612	0.974195085524164	0.985213058122693	1	0.942618051403642	0.992568389353873	0.998237697389594	1	0.999890130285338	0.99999844623175
ENSFCAG00000029278:ETV1	0	0	0	0	0	0	0	0	0	0.86518509776499	0.975165465346572	0.985213716414818	1	0.942618051403642	0.992568389353873	0.998237697389594	1	0.999890140091932	0.99999844623175
ENSFCAG00000030732:IKZF3	0	0	0	0	0	0	0	0	0	0.865531629449385	0.973433000423026	0.985218373950947	1	0.942618051403642	0.992568389353873	0.998237697389594	1	0.999890209462796	0.99999844623175
ENSFCAG00000009461:SMARCD1	0	0	0	0	0	0	0	0	0	0.866806919848654	0.969166806523827	0.985297927957249	1	0.942618051403642	0.992568389353873	0.998237697389594	1	0.999891390966299	0.99999844623175
ENSFCAG00000009909:ETV4	0	0	0	0	0	0	0	0	0	0.866726718981926	0.969674047375989	0.985305104104697	1	0.942618051403642	0.992568389353873	0.998237697389594	1	0.999891497227655	0.99999844623175
ENSFCAG00000005262:STK40	0	0	0	0	0	0	0	0	0	0.866469743842513	0.97138315840036	0.985329058975309	1	0.942618051403642	0.992568389353873	0.998237697389594	1	0.999891851562818	0.99999844623175
ENSFCAG00000018598:ETS1	0	0	0	0	0	0	0	0	0	0.866338573145241	0.97214201086994	0.985334608610966	1	0.942618051403642	0.992568389353873	0.998237697389594	1	0.999891933568715	0.99999844623175
ENSFCAG00000027895:BMPR1A	0	0	0	0	0	0	0	0	0	0.866555856827981	0.971772821276525	0.985364342476559	1	0.942618051403642	0.992568389353873	0.998237697389594	1	0.999892372407961	0.99999844623175
ENSFCAG00000009216:ATIC	0	0	0	0	0	0	0	0	0	0.866003179633041	0.974814639514386	0.985373585618884	1	0.942618051403642	0.992568389353873	0.998237697389594	1	0.999892508643793	0.99999844623175
ENSFCAG00000006231:PPARG	0	0	0	0	0	0	0	0	0	0.866053782059791	0.975328772334038	0.985404127782196	1	0.942618051403642	0.992568389353873	0.998237697389594	1	0.999892958191982	0.99999844623175
ENSFCAG00000028016:KLF4	0	0	0	0	0	0	0	0	0	0.866078195109456	0.976420259739896	0.985450065478738	1	0.942618051403642	0.992568389353873	0.998237697389594	1	0.999893632563396	0.99999844623175
ENSFCAG00000000348:CDC73	0	0	0	0	0	0	0	0	0	0.867103786603757	0.971608656500202	0.98547222571523	1	0.942618051403642	0.992568389353873	0.998237697389594	1	0.999893957112896	0.99999844623175
ENSFCAG00000003700:AKT3	0	0	0	0	0	0	0	0	0	0.866354332683814	0.975471451188929	0.985472997593799	1	0.942618051403642	0.992568389353873	0.998237697389594	1	0.999893968408524	0.99999844623175
ENSFCAG00000039893:CHN1	0	0	0	0	0	0	0	0	0	0.86684534860003	0.973066294382198	0.985480463019913	1	0.942618051403642	0.992568389353873	0.998237697389594	1	0.999894077625952	0.99999844623175
ENSFCAG00000043511:NONO	0	0	0	0	0	0	0	0	0	0.867344552242965	0.97178131372301	0.985530213280797	1	0.942618051403642	0.992568389353873	0.998237697389594	1	0.999894804016368	0.99999844623175
ENSFCAG00000041539:MYC	0	0	0	0	0	0	0	0	0	0.866832627021313	0.975016239600706	0.985556194866583	1	0.942618051403642	0.992568389353873	0.998237697389594	1	0.999895182368369	0.99999844623175
ENSFCAG00000005257:SMAD4	0	0	0	0	0	0	0	0	0	0.866246512216526	0.978652166193498	0.985563248380175	1	0.942618051403642	0.992568389353873	0.998237697389594	1	0.999895284965631	0.99999844623175
ENSFCAG00000018967:PAX3	0	0	0	0	0	0	0	0	0	0.867501556948651	0.97192486673883	0.985569300552415	1	0.942618051403642	0.992568389353873	0.998237697389594	1	0.999895372957589	0.99999844623175
ENSFCAG00000031216:CA5B	0	0	0	0	0	0	0	0	0	0.868472668049404	0.96783603139516	0.985580641483913	1	0.942618051403642	0.992568389353873	0.998237697389594	1	0.999895537742244	0.99999844623175
ENSFCAG00000031608:KLF5	0	0	0	0	0	0	0	0	0	0.867121441979881	0.97522772688555	0.985624945518424	1	0.942618051403642	0.992568389353873	0.998237697389594	1	0.999896180232794	0.99999844623175
ENSFCAG00000025854:CASP8	0	0	0	0	0	0	0	0	0	0.867818417358424	0.972503265363725	0.985660332069981	1	0.942618051403642	0.992568389353873	0.998237697389594	1	0.999896691972771	0.99999844623175
ENSFCAG00000042993:GATA3	0	0	0	0	0	0	0	0	0	0.867011366254834	0.977365429745766	0.985680350473549	1	0.942618051403642	0.992568389353873	0.998237697389594	1	0.999896980904791	0.99999844623175
ENSFCAG00000005490:FH	0	0	0	0	0	0	0	0	0	0.866847421511812	0.978538065588681	0.985685980170247	1	0.942618051403642	0.992568389353873	0.998237697389594	1	0.999897062086759	0.99999844623175
ENSFCAG00000008071:TMPRSS2	0	0	0	0	0	0	0	0	0	0.868701346935206	0.969229010307589	0.985695950308353	1	0.942618051403642	0.992568389353873	0.998237697389594	1	0.99989720578034	0.99999844623175
ENSFCAG00000007485:ERG	0	0	0	0	0	0	0	0	0	0.868400095544092	0.970714795572058	0.985702643883418	1	0.942618051403642	0.992568389353873	0.998237697389594	1	0.999897302194216	0.99999844623175
ENSFCAG00000013654:PHF1	0	0	0	0	0	0	0	0	0	0.868793729643525	0.969255975387997	0.985716354565775	1	0.942618051403642	0.992568389353873	0.998237697389594	1	0.999897499540202	0.99999844623175
ENSFCAG00000010727:PIGA	0	0	0	0	0	0	0	0	0	0.867582095048268	0.975598678094848	0.985735457285669	1	0.942618051403642	0.992568389353873	0.998237697389594	1	0.99989777417903	0.99999844623175
ENSFCAG00000004375:ERRFI1	0	0	0	0	0	0	0	0	0	0.866989608240426	0.979312181745985	0.985741100846744	1	0.942618051403642	0.992568389353873	0.998237697389594	1	0.99989785524538	0.99999844623175
ENSFCAG00000029939:SPRTN	0	0	0	0	0	0	0	0	0	0.868072569897644	0.97344065367154	0.98575251662629	1	0.942618051403642	0.992568389353873	0.998237697389594	1	0.999898019127385	0.99999844623175
ENSFCAG00000040498:YY1	0	0	0	0	0	0	0	0	0	0.867410363427168	0.977057947294698	0.985753074917762	1	0.942618051403642	0.992568389353873	0.998237697389594	1	0.999898027138683	0.99999844623175
ENSFCAG00000005081:SESN3	0	0	0	0	0	0	0	0	0	0.867514835677633	0.977079719907587	0.985775690217014	1	0.942618051403642	0.992568389353873	0.998237697389594	1	0.999898351394941	0.99999844623175
ENSFCAG00000030898:NADK	0	0	0	0	0	0	0	0	0	0.869918099112621	0.965962013262722	0.985782572242522	1	0.942618051403642	0.992568389353873	0.998237697389594	1	0.999898449965878	0.99999844623175
ENSFCAG00000013380:ATP6V1B2	0	0	0	0	0	0	0	0	0	0.868655103386243	0.972785778718426	0.985846169511886	1	0.942618051403642	0.992568389353873	0.998237697389594	1	0.999899358593237	0.99999844623175
ENSFCAG00000029721:PPP2R2A	0	0	0	0	0	0	0	0	0	0.868322775712683	0.974474838905798	0.985846256479123	1	0.942618051403642	0.992568389353873	0.998237697389594	1	0.999899359832947	0.99999844623175
ENSFCAG00000005528:NUF2	0	0	0	0	0	0	0	0	0	0.869353220502961	0.9701415434513	0.985873442089941	1	0.942618051403642	0.992568389353873	0.998237697389594	1	0.999899746985275	0.99999844623175
ENSFCAG00000028288:PRCC	0	0	0	0	0	0	0	0	0	0.8692278193574	0.971258093171975	0.985898298651615	1	0.942618051403642	0.992568389353873	0.998237697389594	1	0.999900100313376	0.99999844623175
ENSFCAG00000011521:TFEB	0	0	0	0	0	0	0	0	0	0.869771197587076	0.968883717749	0.985899967112176	1	0.942618051403642	0.992568389353873	0.998237697389594	1	0.999900124007566	0.99999844623175
ENSFCAG00000022519:NAB2	0	0	0	0	0	0	0	0	0	0.869087285243154	0.972305261958372	0.985915096697955	1	0.942618051403642	0.992568389353873	0.998237697389594	1	0.999900338737387	0.99999844623175
ENSFCAG00000043374:MYCN	0	0	0	0	0	0	0	0	0	0.868272097324374	0.977759401308391	0.985957269077921	1	0.942618051403642	0.992568389353873	0.998237697389594	1	0.999900936052207	0.99999844623175
ENSFCAG00000013972:RASGEF1A	0	0	0	0	0	0	0	0	0	0.870183837878321	0.968881325351982	0.985984440390734	1	0.942618051403642	0.992568389353873	0.998237697389594	1	0.999901319941664	0.99999844623175
ENSFCAG00000001249:SUFU	0	0	0	0	0	0	0	0	0	0.86957994007006	0.971821379515467	0.985995657398618	1	0.942618051403642	0.992568389353873	0.998237697389594	1	0.999901478202617	0.99999844623175
ENSFCAG00000011595:MEF2C	0	0	0	0	0	0	0	0	0	0.867996039860312	0.980760190106738	0.985996266177255	1	0.942618051403642	0.992568389353873	0.998237697389594	1	0.999901486788234	0.99999844623175
ENSFCAG00000035050:YAP1	0	0	0	0	0	0	0	0	0	0.869213288933387	0.97538541252455	0.986065942389364	1	0.942618051403642	0.992568389353873	0.998237697389594	1	0.999902466949928	0.99999844623175
ENSFCAG00000014851:MDM4	0	0	0	0	0	0	0	0	0	0.869249055028617	0.97643526361715	0.986112511244485	1	0.942618051403642	0.992568389353873	0.998237697389594	1	0.999903119306701	0.99999844623175
ENSFCAG00000003944:PTPN1	0	0	0	0	0	0	0	0	0	0.870931734647906	0.968955901566343	0.986140657920929	1	0.942618051403642	0.992568389353873	0.998237697389594	1	0.999903512531272	0.99999844623175
ENSFCAG00000011397:ATP6AP1	0	0	0	0	0	0	0	0	0	0.870053000774409	0.974609408875711	0.986208515120741	1	0.942618051403642	0.992568389353873	0.998237697389594	1	0.999904457230713	0.99999844623175
ENSFCAG00000022789:CCT6B	0	0	0	0	0	0	0	0	0	0.869618601464405	0.977714599453893	0.986234063958275	1	0.942618051403642	0.992568389353873	0.998237697389594	1	0.999904811708519	0.99999844623175
ENSFCAG00000029360:DDX6	0	0	0	0	0	0	0	0	0	0.870079496224213	0.977234072949342	0.986311897400265	1	0.942618051403642	0.992568389353873	0.998237697389594	1	0.999905887530627	0.99999844623175
ENSFCAG00000008054:ACVR1	0	0	0	0	0	0	0	0	0	0.871289138704505	0.971451541767369	0.986328574252198	1	0.942618051403642	0.992568389353873	0.998237697389594	1	0.999906117240826	0.99999844623175
ENSFCAG00000028515:RARA	0	0	0	0	0	0	0	0	0	0.87148965083218	0.972118510288012	0.986398410759933	1	0.942618051403642	0.992568389353873	0.998237697389594	1	0.999907076119743	0.99999844623175
ENSFCAG00000000479:CALR	0	0	0	0	0	0	0	0	0	0.872442338593813	0.968440631179836	0.986421202218354	1	0.942618051403642	0.992568389353873	0.998237697389594	1	0.999907387984055	0.99999844623175
ENSFCAG00000023845:ACVR2A	0	0	0	0	0	0	0	0	0	0.871038319956945	0.977462990431353	0.986515671937275	1	0.942618051403642	0.992568389353873	0.998237697389594	1	0.999908675034712	0.99999844623175
ENSFCAG00000012483:HDAC1	0	0	0	0	0	0	0	0	0	0.871131645252466	0.977133619386035	0.9865230537577	1	0.942618051403642	0.992568389353873	0.998237697389594	1	0.999908775223185	0.99999844623175
ENSFCAG00000027219:IDH2	0	0	0	0	0	0	0	0	0	0.87273743656491	0.969717858727296	0.986541720200173	1	0.942618051403642	0.992568389353873	0.998237697389594	1	0.999909028323791	0.99999844623175
ENSFCAG00000027073:CDK8	0	0	0	0	0	0	0	0	0	0.871611762755355	0.975611933937279	0.986564701175274	1	0.942618051403642	0.992568389353873	0.998237697389594	1	0.999909339440603	0.99999844623175
ENSFCAG00000031493:FOXO4	0	0	0	0	0	0	0	0	0	0.871686440691435	0.975746688088516	0.986584897037319	1	0.942618051403642	0.992568389353873	0.998237697389594	1	0.999909612410574	0.99999844623175
ENSFCAG00000024268:CD36	0	0	0	0	0	0	0	0	0	0.871441734366876	0.977477870279406	0.986598108939071	1	0.942618051403642	0.992568389353873	0.998237697389594	1	0.999909790760713	0.99999844623175
ENSFCAG00000009292:SETD4	0	0	0	0	0	0	0	0	0	0.872148138034266	0.973705923348793	0.986598166997556	1	0.942618051403642	0.992568389353873	0.998237697389594	1	0.999909791544066	0.99999844623175
ENSFCAG00000009200:IL7R	0	0	0	0	0	0	0	0	0	0.872702955242635	0.972499876983125	0.986659456954546	1	0.942618051403642	0.992568389353873	0.998237697389594	1	0.999910616591925	0.99999844623175
ENSFCAG00000027261:TGFBR1	0	0	0	0	0	0	0	0	0	0.87179757345722	0.977192830367078	0.986660134052235	1	0.942618051403642	0.992568389353873	0.998237697389594	1	0.999910625685337	0.99999844623175
ENSFCAG00000028952:HOXA3	0	0	0	0	0	0	0	0	0	0.871969146545177	0.977263257015874	0.986697284410946	1	0.942618051403642	0.992568389353873	0.998237697389594	1	0.99991112390193	0.99999844623175
ENSFCAG00000044486:MNX1	0	0	0	0	0	0	0	0	0	0.872218990059198	0.97609819635868	0.986705549633795	1	0.942618051403642	0.992568389353873	0.998237697389594	1	0.999911234555089	0.99999844623175
ENSFCAG00000046322:IRF8	0	0	0	0	0	0	0	0	0	0.874136008583934	0.967597449566761	0.986717631652387	1	0.942618051403642	0.992568389353873	0.998237697389594	1	0.999911396182176	0.99999844623175
ENSFCAG00000004913:EPOR	0	0	0	0	0	0	0	0	0	0.872991966871044	0.972619035676036	0.986722464528216	1	0.942618051403642	0.992568389353873	0.998237697389594	1	0.999911460792501	0.99999844623175
ENSFCAG00000026263:ACVR1B	0	0	0	0	0	0	0	0	0	0.87388687799054	0.969443749199392	0.986758327431005	1	0.942618051403642	0.992568389353873	0.998237697389594	1	0.999911939501198	0.99999844623175
ENSFCAG00000005533:PBX1	0	0	0	0	0	0	0	0	0	0.873338136174619	0.972244930424598	0.986775687584382	1	0.942618051403642	0.992568389353873	0.998237697389594	1	0.999912170761508	0.99999844623175
ENSFCAG00000033150:PTK6	0	0	0	0	0	0	0	0	0	0.874271120402781	0.968514421973692	0.986789864685159	1	0.942618051403642	0.992568389353873	0.998237697389594	1	0.999912359392778	0.99999844623175
ENSFCAG00000015103:CHEK1	0	0	0	0	0	0	0	0	0	0.872076182029351	0.979777297537408	0.986802616906255	1	0.942618051403642	0.992568389353873	0.998237697389594	1	0.999912528891524	0.99999844623175
ENSFCAG00000011007:MSI1	0	0	0	0	0	0	0	0	0	0.872650255800204	0.97707472535456	0.986827755348128	1	0.942618051403642	0.992568389353873	0.998237697389594	1	0.999912862541624	0.99999844623175
ENSFCAG00000024841:ETV6	0	0	0	0	0	0	0	0	0	0.873015996606128	0.975335971498528	0.986836929479955	1	0.942618051403642	0.992568389353873	0.998237697389594	1	0.999912984145841	0.99999844623175
ENSFCAG00000027081:SMAD3	0	0	0	0	0	0	0	0	0	0.873510225088826	0.973352272391099	0.986856748703286	1	0.942618051403642	0.992568389353873	0.998237697389594	1	0.999913246560877	0.99999844623175
ENSFCAG00000006604:SETD6	0	0	0	0	0	0	0	0	0	0.87431597761977	0.970077607136652	0.986873216026496	1	0.942618051403642	0.992568389353873	0.998237697389594	1	0.999913464292564	0.99999844623175
ENSFCAG00000012114:OMD	0	0	0	0	0	0	0	0	0	0.872360188727341	0.983157751201252	0.986956991933973	1	0.942618051403642	0.992568389353873	0.998237697389594	1	0.999914567726635	0.99999844623175
ENSFCAG00000018126:WAS	0	0	0	0	0	0	0	0	0	0.87427869919164	0.972642888756651	0.986979809583388	1	0.942618051403642	0.992568389353873	0.998237697389594	1	0.999914867031573	0.99999844623175
ENSFCAG00000013722:STK11	0	0	0	0	0	0	0	0	0	0.874942627799326	0.970534669792011	0.987018106319222	1	0.942618051403642	0.992568389353873	0.998237697389594	1	0.99991536819397	0.99999844623175
ENSFCAG00000043446:GNA12	0	0	0	0	0	0	0	0	0	0.873530616463141	0.977551034046867	0.987020688235419	1	0.942618051403642	0.992568389353873	0.998237697389594	1	0.999915401928221	0.99999844623175
ENSFCAG00000027801:BCL3	0	0	0	0	0	0	0	0	0	0.873656016167565	0.978078369794894	0.987063828691955	1	0.942618051403642	0.992568389353873	0.998237697389594	1	0.99991596458441	0.99999844623175
ENSFCAG00000029513:ABI1	0	0	0	0	0	0	0	0	0	0.87436558982663	0.974359859011284	0.987067607954572	1	0.942618051403642	0.992568389353873	0.998237697389594	1	0.999916013785337	0.99999844623175
ENSFCAG00000038120:SMYD3	0	0	0	0	0	0	0	0	0	0.875659820910721	0.969831448089549	0.987126527969284	1	0.942618051403642	0.992568389353873	0.998237697389594	1	0.999916778973562	0.99999844623175
ENSFCAG00000012037:XIAP	0	0	0	0	0	0	0	0	0	0.873779954524706	0.979254552775173	0.98712742790234	1	0.942618051403642	0.992568389353873	0.998237697389594	1	0.999916790633633	0.99999844623175
ENSFCAG00000029481:PPP4R2	0	0	0	0	0	0	0	0	0	0.874365057631267	0.976697526086117	0.98715624791227	1	0.942618051403642	0.992568389353873	0.998237697389594	1	0.999917163609054	0.99999844623175
ENSFCAG00000018503:ABRAXAS1	0	0	0	0	0	0	0	0	0	0.874464682996514	0.97618787094352	0.987157348584525	1	0.942618051403642	0.992568389353873	0.998237697389594	1	0.999917177836772	0.99999844623175
ENSFCAG00000026462:VEGFA	0	0	0	0	0	0	0	0	0	0.875261466043429	0.972463037565935	0.987166156069576	1	0.942618051403642	0.992568389353873	0.998237697389594	1	0.999917291641546	0.99999844623175
ENSFCAG00000042273:MAF	0	0	0	0	0	0	0	0	0	0.874151103539558	0.978555181764063	0.987178303577212	1	0.942618051403642	0.992568389353873	0.998237697389594	1	0.999917448475059	0.99999844623175
ENSFCAG00000015036:GATA4	0	0	0	0	0	0	0	0	0	0.874919510060125	0.977585982683162	0.987297340105379	1	0.942618051403642	0.992568389353873	0.998237697389594	1	0.999918977417715	0.99999844623175
ENSFCAG00000038081:PRKN	0	0	0	0	0	0	0	0	0	0.877194338874275	0.967862119290122	0.987330135945939	1	0.942618051403642	0.992568389353873	0.998237697389594	1	0.999919396135978	0.99999844623175
ENSFCAG00000033222:TUSC3	0	0	0	0	0	0	0	0	0	0.875385389723006	0.976291317168855	0.987342716762437	1	0.942618051403642	0.992568389353873	0.998237697389594	1	0.999919556471441	0.99999844623175
ENSFCAG00000003212:NDRG1	0	0	0	0	0	0	0	0	0	0.877299709907535	0.967733306489431	0.987344078127625	1	0.942618051403642	0.992568389353873	0.998237697389594	1	0.999919573811666	0.99999844623175
ENSFCAG00000030336:IFNGR1	0	0	0	0	0	0	0	0	0	0.875597570322349	0.977045166664267	0.987411658076809	1	0.942618051403642	0.992568389353873	0.998237697389594	1	0.999920432243803	0.99999844623175
ENSFCAG00000010809:GABRA6	0	0	0	0	0	0	0	0	0	0.875634270405665	0.977488968104459	0.987434509847902	1	0.942618051403642	0.992568389353873	0.998237697389594	1	0.999920721471241	0.99999844623175
ENSFCAG00000015151:PAG1	0	0	0	0	0	0	0	0	0	0.875940781063215	0.977534577874426	0.987496125053135	1	0.942618051403642	0.992568389353873	0.998237697389594	1	0.999921498679559	0.99999844623175
ENSFCAG00000001593:EED	0	0	0	0	0	0	0	0	0	0.876192135567292	0.976468983812826	0.987507204612728	1	0.942618051403642	0.992568389353873	0.998237697389594	1	0.999921638028247	0.99999844623175
ENSFCAG00000041347:HOXA13	0	0	0	0	0	0	0	0	0	0.876199247665883	0.976735620937288	0.987518274448091	1	0.942618051403642	0.992568389353873	0.998237697389594	1	0.999921777130487	0.99999844623175
ENSFCAG00000040420:GSK3B	0	0	0	0	0	0	0	0	0	0.87565051756787	0.980259772545209	0.987528522602036	1	0.942618051403642	0.992568389353873	0.998237697389594	1	0.999921905796959	0.99999844623175
ENSFCAG00000004268:DEK	0	0	0	0	0	0	0	0	0	0.876921078187168	0.97401827365898	0.987554886928778	1	0.942618051403642	0.992568389353873	0.998237697389594	1	0.999922236314671	0.99999844623175
ENSFCAG00000025016:DDB2	0	0	0	0	0	0	0	0	0	0.877110150341922	0.973718370097862	0.98757937400301	1	0.942618051403642	0.992568389353873	0.998237697389594	1	0.999922542667666	0.99999844623175
ENSFCAG00000022941:IRF4	0	0	0	0	0	0	0	0	0	0.878004707246744	0.970140704818397	0.987596095920841	1	0.942618051403642	0.992568389353873	0.998237697389594	1	0.999922751523426	0.99999844623175
ENSFCAG00000003665:EIF3E	0	0	0	0	0	0	0	0	0	0.876425780831737	0.978639201502713	0.987628362581279	1	0.942618051403642	0.992568389353873	0.998237697389594	1	0.999923153731829	0.99999844623175
ENSFCAG00000009681:RRAGC	0	0	0	0	0	0	0	0	0	0.876961824555705	0.975925476719091	0.987636880569412	1	0.942618051403642	0.992568389353873	0.998237697389594	1	0.999923259733854	0.99999844623175
ENSFCAG00000031620:PDK1	0	0	0	0	0	0	0	0	0	0.876663732994291	0.977794764937707	0.987646127817683	1	0.942618051403642	0.992568389353873	0.998237697389594	1	0.999923374727983	0.99999844623175
ENSFCAG00000037388:RAD52	0	0	0	0	0	0	0	0	0	0.878281388428501	0.970248670403153	0.98765422252328	1	0.942618051403642	0.992568389353873	0.998237697389594	1	0.999923475318604	0.99999844623175
ENSFCAG00000010866:INHBA	0	0	0	0	0	0	0	0	0	0.877666064653554	0.973160680579136	0.987663813230955	1	0.942618051403642	0.992568389353873	0.998237697389594	1	0.999923594413753	0.99999844623175
ENSFCAG00000019200:PTEN	0	0	0	0	0	0	0	0	0	0.876578061707526	0.979394018536882	0.987682592731995	1	0.942618051403642	0.992568389353873	0.998237697389594	1	0.999923827343457	0.99999844623175
ENSFCAG00000039437:WWTR1	0	0	0	0	0	0	0	0	0	0.876800103816582	0.979660514321029	0.987734227253134	1	0.942618051403642	0.992568389353873	0.998237697389594	1	0.999924465946641	0.99999844623175
ENSFCAG00000023383:GNA13	0	0	0	0	0	0	0	0	0	0.876897576252005	0.979836126241374	0.987758671887495	1	0.942618051403642	0.992568389353873	0.998237697389594	1	0.999924767330507	0.99999844623175
ENSFCAG00000012557:ACKR3	0	0	0	0	0	0	0	0	0	0.877481117233381	0.97682804612665	0.987770480971454	1	0.942618051403642	0.992568389353873	0.998237697389594	1	0.999924912710871	0.99999844623175
ENSFCAG00000028312:AURKB	0	0	0	0	0	0	0	0	0	0.878417166764155	0.972473920726131	0.987779200841556	1	0.942618051403642	0.992568389353873	0.998237697389594	1	0.999925019969643	0.99999844623175
ENSFCAG00000043468:KLF2	0	0	0	0	0	0	0	0	0	0.876618077525609	0.983513076412064	0.98780893634344	1	0.942618051403642	0.992568389353873	0.998237697389594	1	0.9999253851524	0.99999844623175
ENSFCAG00000035352:KCNJ5	0	0	0	0	0	0	0	0	0	0.878321474663457	0.973969346751274	0.987823032109838	1	0.942618051403642	0.992568389353873	0.998237697389594	1	0.999925557950277	0.99999844623175
ENSFCAG00000027928:FUS	0	0	0	0	0	0	0	0	0	0.87889671031081	0.971714793510942	0.987838009867149	1	0.942618051403642	0.992568389353873	0.998237697389594	1	0.999925741339936	0.99999844623175
ENSFCAG00000007999:MKNK1	0	0	0	0	0	0	0	0	0	0.878749371598995	0.973807457519294	0.987898383408341	1	0.942618051403642	0.992568389353873	0.998237697389594	1	0.999926478259047	0.99999844623175
ENSFCAG00000027765:HNRNPA2B1	0	0	0	0	0	0	0	0	0	0.878170302387177	0.97767821073145	0.987933230498641	1	0.942618051403642	0.992568389353873	0.998237697389594	1	0.999926901923021	0.99999844623175
ENSFCAG00000015575:CXCR4	0	0	0	0	0	0	0	0	0	0.878266906754931	0.977484555597406	0.987945035159195	1	0.942618051403642	0.992568389353873	0.998237697389594	1	0.99992704516301	0.99999844623175
ENSFCAG00000038251:MAP2K4	0	0	0	0	0	0	0	0	0	0.878566907708116	0.97700263279129	0.987985503338502	1	0.942618051403642	0.992568389353873	0.998237697389594	1	0.999927535140981	0.99999844623175
ENSFCAG00000002211:NTHL1	0	0	0	0	0	0	0	0	0	0.878859740661804	0.975720190809837	0.987994415528321	1	0.942618051403642	0.992568389353873	0.998237697389594	1	0.999927642824687	0.99999844623175
ENSFCAG00000025137:PRKACA	0	0	0	0	0	0	0	0	0	0.878981949111424	0.975462616373912	0.988007975221096	1	0.942618051403642	0.992568389353873	0.998237697389594	1	0.999927806508774	0.99999844623175
ENSFCAG00000009538:TRIP13	0	0	0	0	0	0	0	0	0	0.879884323159839	0.971328909680784	0.988008647544186	1	0.942618051403642	0.992568389353873	0.998237697389594	1	0.999927814619794	0.99999844623175
ENSFCAG00000027039:LEF1	0	0	0	0	0	0	0	0	0	0.878709644452899	0.977148734186848	0.988018008459725	1	0.942618051403642	0.992568389353873	0.998237697389594	1	0.99992792750393	0.99999844623175
ENSFCAG00000004068:SMARCB1	0	0	0	0	0	0	0	0	0	0.880301325785876	0.970300838566807	0.988040831868793	1	0.942618051403642	0.992568389353873	0.998237697389594	1	0.999928202361777	0.99999844623175
ENSFCAG00000010347:MAX	0	0	0	0	0	0	0	0	0	0.878853201859215	0.977379396277898	0.988053580616274	1	0.942618051403642	0.992568389353873	0.998237697389594	1	0.999928355662951	0.99999844623175
ENSFCAG00000024493:AURKA	0	0	0	0	0	0	0	0	0	0.878894658741528	0.977554866996851	0.988067634856793	1	0.942618051403642	0.992568389353873	0.998237697389594	1	0.999928524471797	0.99999844623175
ENSFCAG00000041373:CEBPA	0	0	0	0	0	0	0	0	0	0.878352846991301	0.981562895211064	0.988091168084509	1	0.942618051403642	0.992568389353873	0.998237697389594	1	0.999928806687408	0.99999844623175
ENSFCAG00000045851:SOX17	0	0	0	0	0	0	0	0	0	0.879241677090166	0.978670168223498	0.988171687570036	1	0.942618051403642	0.992568389353873	0.998237697389594	1	0.99992976805514	0.99999844623175
ENSFCAG00000028649:DUSP4	0	0	0	0	0	0	0	0	0	0.880184038316864	0.974551552034258	0.988200747173236	1	0.942618051403642	0.992568389353873	0.998237697389594	1	0.999930113402948	0.99999844623175
ENSFCAG00000030098:SS18	0	0	0	0	0	0	0	0	0	0.880294112228501	0.974608564982616	0.988223772938233	1	0.942618051403642	0.992568389353873	0.998237697389594	1	0.999930386437087	0.99999844623175
ENSFCAG00000031618:FANCL	0	0	0	0	0	0	0	0	0	0.880208034412463	0.976357495188757	0.988274124494368	1	0.942618051403642	0.992568389353873	0.998237697389594	1	0.99993098162474	0.99999844623175
ENSFCAG00000044642:GNA11	0	0	0	0	0	0	0	0	0	0.881013888790299	0.973605713114541	0.988318809434553	1	0.942618051403642	0.992568389353873	0.998237697389594	1	0.999931507680815	0.99999844623175
ENSFCAG00000012379:SPRED1	0	0	0	0	0	0	0	0	0	0.879861009382677	0.979686246454042	0.988322126897594	1	0.942618051403642	0.992568389353873	0.998237697389594	1	0.999931546655278	0.99999844623175
ENSFCAG00000023667:HERPUD1	0	0	0	0	0	0	0	0	0	0.880271542375551	0.978323611562527	0.988355304385534	1	0.942618051403642	0.992568389353873	0.998237697389594	1	0.999931935820922	0.99999844623175
ENSFCAG00000038026:NKX2-1	0	0	0	0	0	0	0	0	0	0.880686709639339	0.977705325139484	0.988412400228384	1	0.942618051403642	0.992568389353873	0.998237697389594	1	0.999932602936877	0.99999844623175
ENSFCAG00000003976:IDH1	0	0	0	0	0	0	0	0	0	0.881054190839949	0.976196059677331	0.988427359287551	1	0.942618051403642	0.992568389353873	0.998237697389594	1	0.999932777175391	0.99999844623175
ENSFCAG00000001624:CCNE1	0	0	0	0	0	0	0	0	0	0.880943881734918	0.977792873291792	0.988463733967238	1	0.942618051403642	0.992568389353873	0.998237697389594	1	0.999933199911909	0.99999844623175
ENSFCAG00000018839:SS18L1	0	0	0	0	0	0	0	0	0	0.883687989660959	0.966142998547539	0.988465087611317	1	0.942618051403642	0.992568389353873	0.998237697389594	1	0.999933215617754	0.99999844623175
ENSFCAG00000022444:TENT5C	0	0	0	0	0	0	0	0	0	0.881156701670606	0.977424727827548	0.988490826523489	1	0.942618051403642	0.992568389353873	0.998237697389594	1	0.999933513904361	0.99999844623175
ENSFCAG00000025659:TFG	0	0	0	0	0	0	0	0	0	0.880801156156797	0.979561004598622	0.988495497433643	1	0.942618051403642	0.992568389353873	0.998237697389594	1	0.999933567963391	0.99999844623175
ENSFCAG00000045414:TAL1	0	0	0	0	0	0	0	0	0	0.881507334025101	0.977940206603316	0.988574273366474	1	0.942618051403642	0.992568389353873	0.998237697389594	1	0.99993447635593	0.99999844623175
ENSFCAG00000022640:MYCL	0	0	0	0	0	0	0	0	0	0.881814527208595	0.977006229261122	0.988598878973477	1	0.942618051403642	0.992568389353873	0.998237697389594	1	0.999934758805092	0.99999844623175
ENSFCAG00000003156:ARID3C	0	0	0	0	0	0	0	0	0	0.882827009084221	0.972611619655231	0.988614614539563	1	0.942618051403642	0.992568389353873	0.998237697389594	1	0.999934939113493	0.99999844623175
ENSFCAG00000030830:PTPN2	0	0	0	0	0	0	0	0	0	0.882328651831745	0.975879326352633	0.988653178837219	1	0.942618051403642	0.992568389353873	0.998237697389594	1	0.999935379949352	0.99999844623175
ENSFCAG00000046742:TLX1	0	0	0	0	0	0	0	0	0	0.882063152853914	0.977631753838725	0.988667179156579	1	0.942618051403642	0.992568389353873	0.998237697389594	1	0.999935539617493	0.99999844623175
ENSFCAG00000009522:TNFRSF14	0	0	0	0	0	0	0	0	0	0.883245640884219	0.972562884229861	0.988689683549577	1	0.942618051403642	0.992568389353873	0.998237697389594	1	0.999935795855786	0.99999844623175
ENSFCAG00000045474:CRLF2	0	0	0	0	0	0	0	0	0	0.884028950806617	0.96942828292012	0.988691966388495	1	0.942618051403642	0.992568389353873	0.998237697389594	1	0.999935821819905	0.99999844623175
ENSFCAG00000002637:SPOP	0	0	0	0	0	0	0	0	0	0.882778053045776	0.974983257974418	0.988702140477578	1	0.942618051403642	0.992568389353873	0.998237697389594	1	0.999935937471933	0.99999844623175
ENSFCAG00000025662:SH3GL1	0	0	0	0	0	0	0	0	0	0.883824151449118	0.971104167820521	0.988731972862775	1	0.942618051403642	0.992568389353873	0.998237697389594	1	0.999936275982354	0.99999844623175
ENSFCAG00000030144:IRF2	0	0	0	0	0	0	0	0	0	0.882775528749781	0.976510191475094	0.988759219493102	1	0.942618051403642	0.992568389353873	0.998237697389594	1	0.999936584365544	0.99999844623175
ENSFCAG00000035960:TLX3	0	0	0	0	0	0	0	0	0	0.88243808902437	0.979206210764817	0.988789546975954	1	0.942618051403642	0.992568389353873	0.998237697389594	1	0.999936926735518	0.99999844623175
ENSFCAG00000006788:ACTB	0	0	0	0	0	0	0	0	0	0.883627542023922	0.9741850221197	0.988826944302057	1	0.942618051403642	0.992568389353873	0.998237697389594	1	0.999937347636938	0.99999844623175
ENSFCAG00000010904:GATA1	0	0	0	0	0	0	0	0	0	0.882645870374522	0.979283870688596	0.988830513946062	1	0.942618051403642	0.992568389353873	0.998237697389594	1	0.999937387738812	0.99999844623175
ENSFCAG00000025160:HSD3B2	0	0	0	0	0	0	0	0	0	0.884135160018006	0.972274343462802	0.988840309957099	1	0.942618051403642	0.992568389353873	0.998237697389594	1	0.999937497722349	0.99999844623175
ENSFCAG00000007945:HOXA11	0	0	0	0	0	0	0	0	0	0.883077589931411	0.978525762487895	0.988885360001253	1	0.942618051403642	0.992568389353873	0.998237697389594	1	0.999938002266972	0.99999844623175
ENSFCAG00000014173:MAPK3	0	0	0	0	0	0	0	0	0	0.884474867885911	0.972667797586005	0.988919063168493	1	0.942618051403642	0.992568389353873	0.998237697389594	1	0.999938378388533	0.99999844623175
ENSFCAG00000045245:PHF6	0	0	0	0	0	0	0	0	0	0.883334403028394	0.979160554913978	0.988953497490465	1	0.942618051403642	0.992568389353873	0.998237697389594	1	0.999938761483376	0.99999844623175
ENSFCAG00000010841:MAFB	0	0	0	0	0	0	0	0	0	0.883011937774345	0.981243893102599	0.988958219243927	1	0.942618051403642	0.992568389353873	0.998237697389594	1	0.999938813921192	0.99999844623175
ENSFCAG00000024972:JUN	0	0	0	0	0	0	0	0	0	0.883588137545571	0.978300557929329	0.988971669639069	1	0.942618051403642	0.992568389353873	0.998237697389594	1	0.999938963172068	0.99999844623175
ENSFCAG00000004034:DUSP9	0	0	0	0	0	0	0	0	0	0.884212624620046	0.975986894938264	0.989003725948432	1	0.942618051403642	0.992568389353873	0.998237697389594	1	0.999939318143972	0.99999844623175
ENSFCAG00000045890:FOXL2	0	0	0	0	0	0	0	0	0	0.882891287040548	0.984711819018034	0.989027685707041	1	0.942618051403642	0.992568389353873	0.998237697389594	1	0.999939582781111	0.99999844623175
ENSFCAG00000028389:MAP2K1	0	0	0	0	0	0	0	0	0	0.885295463388445	0.971831031357679	0.989031774101324	1	0.942618051403642	0.992568389353873	0.998237697389594	1	0.999939627879728	0.99999844623175
ENSFCAG00000015075:SETD7	0	0	0	0	0	0	0	0	0	0.884265208808582	0.977406640978552	0.989064740665708	1	0.942618051403642	0.992568389353873	0.998237697389594	1	0.999939990912627	0.99999844623175
ENSFCAG00000009646:SMARCE1	0	0	0	0	0	0	0	0	0	0.88541550565029	0.972103443859652	0.989065325636841	1	0.942618051403642	0.992568389353873	0.998237697389594	1	0.999939997344498	0.99999844623175
ENSFCAG00000004033:CCNQ	0	0	0	0	0	0	0	0	0	0.883521199259821	0.983317062538081	0.989108996001373	1	0.942618051403642	0.992568389353873	0.998237697389594	1	0.999940476531594	0.99999844623175
ENSFCAG00000013883:EIF4A2	0	0	0	0	0	0	0	0	0	0.885132498590466	0.975455806762889	0.989150829834075	1	0.942618051403642	0.992568389353873	0.998237697389594	1	0.999940933758577	0.99999844623175
ENSFCAG00000032144:ACTG1	0	0	0	0	0	0	0	0	0	0.88504169144839	0.976816031403661	0.989184850531135	1	0.942618051403642	0.992568389353873	0.998237697389594	1	0.999941304286659	0.99999844623175
ENSFCAG00000000449:ELF3	0	0	0	0	0	0	0	0	0	0.886366343853414	0.971907655820767	0.98922771258034	1	0.942618051403642	0.992568389353873	0.998237697389594	1	0.999941769442474	0.99999844623175
ENSFCAG00000001078:POU5F1	0	0	0	0	0	0	0	0	0	0.885331308095009	0.976849890020357	0.989238461165429	1	0.942618051403642	0.992568389353873	0.998237697389594	1	0.999941885799087	0.99999844623175
ENSFCAG00000001628:PAX5	0	0	0	0	0	0	0	0	0	0.885822162860592	0.974994871220332	0.989257509568244	1	0.942618051403642	0.992568389353873	0.998237697389594	1	0.999942091716803	0.99999844623175
ENSFCAG00000022622:ETNK1	0	0	0	0	0	0	0	0	0	0.88578954779817	0.976059889204298	0.98929216499714	1	0.942618051403642	0.992568389353873	0.998237697389594	1	0.999942465409477	0.99999844623175
ENSFCAG00000038352:HOXC11	0	0	0	0	0	0	0	0	0	0.885040310419602	0.981992392880948	0.989350325346907	1	0.942618051403642	0.992568389353873	0.998237697389594	1	0.999943089829582	0.99999844623175
ENSFCAG00000029868:SOCS2	0	0	0	0	0	0	0	0	0	0.886429996249976	0.974655329136173	0.989353260355472	1	0.942618051403642	0.992568389353873	0.998237697389594	1	0.999943121249744	0.99999844623175
ENSFCAG00000008090:TTL	0	0	0	0	0	0	0	0	0	0.88653762003993	0.97436004233081	0.989360800932894	1	0.942618051403642	0.992568389353873	0.998237697389594	1	0.999943201934004	0.99999844623175
ENSFCAG00000033201:NEGR1	0	0	0	0	0	0	0	0	0	0.886061114674411	0.979005985256592	0.989443883882281	1	0.942618051403642	0.992568389353873	0.998237697389594	1	0.999944087117442	0.99999844623175
ENSFCAG00000009769:NFKBIE	0	0	0	0	0	0	0	0	0	0.887739951966808	0.972225066241537	0.989485870707448	1	0.942618051403642	0.992568389353873	0.998237697389594	1	0.999944531800329	0.99999844623175
ENSFCAG00000024503:GNAQ	0	0	0	0	0	0	0	0	0	0.887624466459526	0.975295886249946	0.989590763289592	1	0.942618051403642	0.992568389353873	0.998237697389594	1	0.999945634933752	0.99999844623175
ENSFCAG00000024636:RAD51C	0	0	0	0	0	0	0	0	0	0.886691147777415	0.980595549092466	0.9896066015205	1	0.942618051403642	0.992568389353873	0.998237697389594	1	0.999945800534958	0.99999844623175
ENSFCAG00000045230:PHOX2B	0	0	0	0	0	0	0	0	0	0.886587130160556	0.981905190984201	0.989626202985017	1	0.942618051403642	0.992568389353873	0.998237697389594	1	0.99994600513276	0.99999844623175
ENSFCAG00000033551:DNAJB1	0	0	0	0	0	0	0	0	0	0.887208745813979	0.978875510366307	0.989644594372234	1	0.942618051403642	0.992568389353873	0.998237697389594	1	0.999946196746882	0.99999844623175
ENSFCAG00000038036:ZNF24	0	0	0	0	0	0	0	0	0	0.887928086086701	0.97574198490315	0.98966142337543	1	0.942618051403642	0.992568389353873	0.998237697389594	1	0.999946371783551	0.99999844623175
ENSFCAG00000028366:XBP1	0	0	0	0	0	0	0	0	0	0.88788540344762	0.976386805284028	0.98967789207492	1	0.942618051403642	0.992568389353873	0.998237697389594	1	0.999946542795689	0.99999844623175
ENSFCAG00000006305:CCN6	0	0	0	0	0	0	0	0	0	0.888051753402942	0.976341935690217	0.989705600450152	1	0.942618051403642	0.992568389353873	0.998237697389594	1	0.999946829902995	0.99999844623175
ENSFCAG00000022485:TMEM30A	0	0	0	0	0	0	0	0	0	0.8872205444974	0.981927157156989	0.989739697583228	1	0.942618051403642	0.992568389353873	0.998237697389594	1	0.999947182144372	0.99999844623175
ENSFCAG00000004973:MYOD1	0	0	0	0	0	0	0	0	0	0.887553262671916	0.980407675995921	0.98975423216843	1	0.942618051403642	0.992568389353873	0.998237697389594	1	0.999947331937219	0.99999844623175
ENSFCAG00000002791:P2RY8	0	0	0	0	0	0	0	0	0	0.887326356335022	0.982526689914287	0.989775061883825	1	0.942618051403642	0.992568389353873	0.998237697389594	1	0.999947546235298	0.99999844623175
ENSFCAG00000036087:LMO2	0	0	0	0	0	0	0	0	0	0.887650552285866	0.981187661484099	0.989794754055846	1	0.942618051403642	0.992568389353873	0.998237697389594	1	0.999947748427119	0.99999844623175
ENSFCAG00000030694:HOXD13	0	0	0	0	0	0	0	0	0	0.888597350101361	0.976403377566738	0.989803838899349	1	0.942618051403642	0.992568389353873	0.998237697389594	1	0.999947841574812	0.99999844623175
ENSFCAG00000039431:PNRC1	0	0	0	0	0	0	0	0	0	0.887683132098074	0.982048321489754	0.98982512451861	1	0.942618051403642	0.992568389353873	0.998237697389594	1	0.999948059491568	0.99999844623175
ENSFCAG00000007838:FSTL3	0	0	0	0	0	0	0	0	0	0.889227866093911	0.975760316157576	0.989890242090865	1	0.942618051403642	0.992568389353873	0.998237697389594	1	0.99994872330665	0.99999844623175
ENSFCAG00000045118:CDK6	0	0	0	0	0	0	0	0	0	0.888447309072822	0.980554008912043	0.989916435467038	1	0.942618051403642	0.992568389353873	0.998237697389594	1	0.999948989116462	0.99999844623175
ENSFCAG00000030278:MCL1	0	0	0	0	0	0	0	0	0	0.888912385183995	0.983059168936219	0.990068897627547	1	0.942618051403642	0.992568389353873	0.998237697389594	1	0.999950522541903	0.99999844623175
ENSFCAG00000006667:INHA	0	0	0	0	0	0	0	0	0	0.889949323515516	0.977617370261637	0.990083066061473	1	0.942618051403642	0.992568389353873	0.998237697389594	1	0.999950663852046	0.99999844623175
ENSFCAG00000026744:GNB1	0	0	0	0	0	0	0	0	0	0.88977323032209	0.979268321994736	0.990107887264641	1	0.942618051403642	0.992568389353873	0.998237697389594	1	0.999950910919807	0.99999844623175
ENSFCAG00000019399:QKI	0	0	0	0	0	0	0	0	0	0.889807356880095	0.979221815318003	0.990112310299529	1	0.942618051403642	0.992568389353873	0.998237697389594	1	0.999950954880931	0.99999844623175
ENSFCAG00000009774:MEF2B	0	0	0	0	0	0	0	0	0	0.889913929286409	0.98138768628685	0.990197168382232	1	0.942618051403642	0.992568389353873	0.998237697389594	1	0.999951794470705	0.99999844623175
ENSFCAG00000012089:MOB3B	0	0	0	0	0	0	0	0	0	0.890321468467404	0.97971733743884	0.990217171879466	1	0.942618051403642	0.992568389353873	0.998237697389594	1	0.999951991327022	0.99999844623175
ENSFCAG00000025247:SFRP4	0	0	0	0	0	0	0	0	0	0.891540078249848	0.975244685390485	0.990269784371528	1	0.942618051403642	0.992568389353873	0.998237697389594	1	0.999952507162449	0.99999844623175
ENSFCAG00000025542:HEY1	0	0	0	0	0	0	0	0	0	0.890339387680576	0.982215262234807	0.990294244339369	1	0.942618051403642	0.992568389353873	0.998237697389594	1	0.999952746026595	0.99999844623175
ENSFCAG00000042983:CRKL	0	0	0	0	0	0	0	0	0	0.892228246371213	0.97379245063927	0.990329356654056	1	0.942618051403642	0.992568389353873	0.998237697389594	1	0.999953087860269	0.99999844623175
ENSFCAG00000026699:CDX2	0	0	0	0	0	0	0	0	0	0.891468127984088	0.978627885454264	0.990378928321103	1	0.942618051403642	0.992568389353873	0.998237697389594	1	0.999953568342587	0.99999844623175
ENSFCAG00000014712:RAD51	0	0	0	0	0	0	0	0	0	0.891367917315408	0.980407028851239	0.990418501139209	1	0.942618051403642	0.992568389353873	0.998237697389594	1	0.999953950128269	0.99999844623175
ENSFCAG00000028964:SIX1	0	0	0	0	0	0	0	0	0	0.891570775201177	0.980787262577046	0.990464662685226	1	0.942618051403642	0.992568389353873	0.998237697389594	1	0.999954393481901	0.99999844623175
ENSFCAG00000022323:PPP1CB	0	0	0	0	0	0	0	0	0	0.891970746755106	0.980642250853775	0.990528497623472	1	0.942618051403642	0.992568389353873	0.998237697389594	1	0.999955003033151	0.99999844623175
ENSFCAG00000013003:S1PR2	0	0	0	0	0	0	0	0	0	0.892056667481208	0.980858466758767	0.990549590215845	1	0.942618051403642	0.992568389353873	0.998237697389594	1	0.999955203539234	0.99999844623175
ENSFCAG00000040666:CYSLTR2	0	0	0	0	0	0	0	0	0	0.891980070681965	0.981365434311134	0.990551465303182	1	0.942618051403642	0.992568389353873	0.998237697389594	1	0.999955221342066	0.99999844623175
ENSFCAG00000031745:KLF6	0	0	0	0	0	0	0	0	0	0.893076817128752	0.975876388827555	0.990554443351915	1	0.942618051403642	0.992568389353873	0.998237697389594	1	0.999955249609562	0.99999844623175
ENSFCAG00000033716:FGF14	0	0	0	0	0	0	0	0	0	0.89232452248362	0.979766340261877	0.990561609644811	1	0.942618051403642	0.992568389353873	0.998237697389594	1	0.999955317594976	0.99999844623175
ENSFCAG00000048115:FANCF	0	0	0	0	0	0	0	0	0	0.892956214095682	0.976765756907968	0.990566907959551	1	0.942618051403642	0.992568389353873	0.998237697389594	1	0.999955367825859	0.99999844623175
ENSFCAG00000041686:MSI2	0	0	0	0	0	0	0	0	0	0.89260423479725	0.980091393572273	0.99061914161087	1	0.942618051403642	0.992568389353873	0.998237697389594	1	0.999955861512234	0.99999844623175
ENSFCAG00000008220:CREB1	0	0	0	0	0	0	0	0	0	0.892965779048169	0.978246111173988	0.990620357489625	1	0.942618051403642	0.992568389353873	0.998237697389594	1	0.999955872971311	0.99999844623175
ENSFCAG00000006671:NFKBIA	0	0	0	0	0	0	0	0	0	0.893544716674775	0.977238767436701	0.990682778929738	1	0.942618051403642	0.992568389353873	0.998237697389594	1	0.999956459258619	0.99999844623175
ENSFCAG00000007657:RAD51B	0	0	0	0	0	0	0	0	0	0.893733878637856	0.976399456063289	0.990684172031862	1	0.942618051403642	0.992568389353873	0.998237697389594	1	0.999956472298327	0.99999844623175
ENSFCAG00000022176:MLF1	0	0	0	0	0	0	0	0	0	0.892318739678284	0.985800533264751	0.990722325818956	1	0.942618051403642	0.992568389353873	0.998237697389594	1	0.999956828663689	0.99999844623175
ENSFCAG00000040513:TPM3	0	0	0	0	0	0	0	0	0	0.895279744189324	0.971278817616508	0.990732342925726	1	0.942618051403642	0.992568389353873	0.998237697389594	1	0.999956921982298	0.99999844623175
ENSFCAG00000030589:APH1A	0	0	0	0	0	0	0	0	0	0.893029090003652	0.981590255961899	0.990735568367748	1	0.942618051403642	0.992568389353873	0.998237697389594	1	0.999956952008716	0.99999844623175
ENSFCAG00000025666:NFE2	0	0	0	0	0	0	0	0	0	0.89361810195807	0.979367876643729	0.990766996634453	1	0.942618051403642	0.992568389353873	0.998237697389594	1	0.999957244032391	0.99999844623175
ENSFCAG00000022238:PCBP1	0	0	0	0	0	0	0	0	0	0.893909886249612	0.979816341647931	0.990830065773585	1	0.942618051403642	0.992568389353873	0.998237697389594	1	0.999957827047548	0.99999844623175
ENSFCAG00000023702:PIM1	0	0	0	0	0	0	0	0	0	0.894328391112826	0.977839121572275	0.990834671853782	1	0.942618051403642	0.992568389353873	0.998237697389594	1	0.999957869469144	0.99999844623175
ENSFCAG00000010694:DUSP2	0	0	0	0	0	0	0	0	0	0.894496796509989	0.977071185812663	0.990835715718012	1	0.942618051403642	0.992568389353873	0.998237697389594	1	0.999957879080066	0.99999844623175
ENSFCAG00000008358:CCND1	0	0	0	0	0	0	0	0	0	0.894823287121637	0.978506058102262	0.990939503276275	1	0.942618051403642	0.992568389353873	0.998237697389594	1	0.999958829168265	0.99999844623175
ENSFCAG00000009155:RSPO3	0	0	0	0	0	0	0	0	0	0.895347438424511	0.978475702889539	0.991025085059786	1	0.942618051403642	0.992568389353873	0.998237697389594	1	0.999959604420415	0.99999844623175
ENSFCAG00000002606:PRSS8	0	0	0	0	0	0	0	0	0	0.896832177123827	0.97246265396056	0.991038248068949	1	0.942618051403642	0.992568389353873	0.998237697389594	1	0.999959723003214	0.99999844623175
ENSFCAG00000009048:PDCD1LG2	0	0	0	0	0	0	0	0	0	0.895455811240087	0.978416820968372	0.991040959286762	1	0.942618051403642	0.992568389353873	0.998237697389594	1	0.999959747406294	0.99999844623175
ENSFCAG00000013318:IRF1	0	0	0	0	0	0	0	0	0	0.896534455334538	0.974438491417979	0.991071538626453	1	0.942618051403642	0.992568389353873	0.998237697389594	1	0.99996002213067	0.99999844623175
ENSFCAG00000009373:BTLA	0	0	0	0	0	0	0	0	0	0.896713028555771	0.976207212614157	0.991168592926441	1	0.942618051403642	0.992568389353873	0.998237697389594	1	0.999960887815836	0.99999844623175
ENSFCAG00000033129:FAS	0	0	0	0	0	0	0	0	0	0.896372205553004	0.97889691651391	0.991207120003683	1	0.942618051403642	0.992568389353873	0.998237697389594	1	0.999961228826708	0.99999844623175
ENSFCAG00000003608:TFPT	0	0	0	0	0	0	0	0	0	0.89826820194055	0.971968265184294	0.991248439711667	1	0.942618051403642	0.992568389353873	0.998237697389594	1	0.999961592891458	0.99999844623175
ENSFCAG00000006857:XRCC2	0	0	0	0	0	0	0	0	0	0.89671895302654	0.981475294664573	0.991343184111446	1	0.942618051403642	0.992568389353873	0.998237697389594	1	0.999962421174589	0.99999844623175
ENSFCAG00000036921:SDHB	0	0	0	0	0	0	0	0	0	0.898000936212644	0.976979524522589	0.991404891592918	1	0.942618051403642	0.992568389353873	0.998237697389594	1	0.999962955770027	0.99999844623175
ENSFCAG00000013445:EPCAM	0	0	0	0	0	0	0	0	0	0.897394501042768	0.98074161241355	0.991431105396735	1	0.942618051403642	0.992568389353873	0.998237697389594	1	0.999963181707824	0.99999844623175
ENSFCAG00000031909:ATG5	0	0	0	0	0	0	0	0	0	0.898427173390078	0.982014581464206	0.991634045836491	1	0.942618051403642	0.992568389353873	0.998237697389594	1	0.999964907407475	0.99999844623175
ENSFCAG00000045844:XPA	0	0	0	0	0	0	0	0	0	0.898599445580203	0.983267231592493	0.991695456528373	1	0.942618051403642	0.992568389353873	0.998237697389594	1	0.999965421426106	0.99999844623175
ENSFCAG00000008999:TPM4	0	0	0	0	0	0	0	0	0	0.900820895805506	0.973287967851295	0.991708370054454	1	0.942618051403642	0.992568389353873	0.998237697389594	1	0.999965529030742	0.99999844623175
ENSFCAG00000030268:NPM1	0	0	0	0	0	0	0	0	0	0.899195545050213	0.980398807955828	0.991709156002926	1	0.942618051403642	0.992568389353873	0.998237697389594	1	0.999965535574392	0.99999844623175
ENSFCAG00000002120:HOXB13	0	0	0	0	0	0	0	0	0	0.89974942782467	0.977983649520489	0.991718503096589	1	0.942618051403642	0.992568389353873	0.998237697389594	1	0.999965613348676	0.99999844623175
ENSFCAG00000025024:PRRX1	0	0	0	0	0	0	0	0	0	0.899589211248304	0.981628518085126	0.991807899711306	1	0.942618051403642	0.992568389353873	0.998237697389594	1	0.999966352739923	0.99999844623175
ENSFCAG00000037922:PPP6C	0	0	0	0	0	0	0	0	0	0.899657290090848	0.981354267031287	0.991810749065926	1	0.942618051403642	0.992568389353873	0.998237697389594	1	0.999966376174165	0.99999844623175
ENSFCAG00000014287:PDCD1	0	0	0	0	0	0	0	0	0	0.900958381310086	0.976955444866288	0.991872044401618	1	0.942618051403642	0.992568389353873	0.998237697389594	1	0.999966878309659	0.99999844623175
ENSFCAG00000006923:CCNB1IP1	0	0	0	0	0	0	0	0	0	0.899915721268465	0.982867664139384	0.991893718067393	1	0.942618051403642	0.992568389353873	0.998237697389594	1	0.999967054955279	0.99999844623175
ENSFCAG00000014272:CTLA4	0	0	0	0	0	0	0	0	0	0.900311398153252	0.982246209005784	0.991939054309319	1	0.942618051403642	0.992568389353873	0.998237697389594	1	0.99996742292523	0.99999844623175
ENSFCAG00000014436:TCEA1	0	0	0	0	0	0	0	0	0	0.900597449973881	0.981158256161555	0.991952861132935	1	0.942618051403642	0.992568389353873	0.998237697389594	1	0.999967534576198	0.99999844623175
ENSFCAG00000009047:CD274	0	0	0	0	0	0	0	0	0	0.900551873026327	0.982385254575668	0.991980586134505	1	0.942618051403642	0.992568389353873	0.998237697389594	1	0.999967758198215	0.99999844623175
ENSFCAG00000009419:SCG5	0	0	0	0	0	0	0	0	0	0.901773758891023	0.977951265894705	0.992033646735629	1	0.942618051403642	0.992568389353873	0.998237697389594	1	0.999968184009434	0.99999844623175
ENSFCAG00000036644:CCND3	0	0	0	0	0	0	0	0	0	0.902661847664906	0.976328564807049	0.992112505731088	1	0.942618051403642	0.992568389353873	0.998237697389594	1	0.999968811609468	0.99999844623175
ENSFCAG00000032259:DCUN1D1	0	0	0	0	0	0	0	0	0	0.902482377911494	0.977294068351781	0.992119890936612	1	0.942618051403642	0.992568389353873	0.998237697389594	1	0.999968870063688	0.99999844623175
ENSFCAG00000025748:BCL2L1	0	0	0	0	0	0	0	0	0	0.902928854465779	0.975908791438446	0.992137726528057	1	0.942618051403642	0.992568389353873	0.998237697389594	1	0.999969011006465	0.99999844623175
ENSFCAG00000038221:MTAP	0	0	0	0	0	0	0	0	0	0.902014584105901	0.981038593373384	0.992169531986573	1	0.942618051403642	0.992568389353873	0.998237697389594	1	0.999969261548097	0.99999844623175
ENSFCAG00000040786:LASP1	0	0	0	0	0	0	0	0	0	0.903496951099823	0.974525543104478	0.992170810352764	1	0.942618051403642	0.992568389353873	0.998237697389594	1	0.999969271596877	0.99999844623175
ENSFCAG00000034951:MYD88	0	0	0	0	0	0	0	0	0	0.903009162913598	0.976735908774119	0.992180528958638	1	0.942618051403642	0.992568389353873	0.998237697389594	1	0.999969347937508	0.99999844623175
ENSFCAG00000027426:RAD51D	0	0	0	0	0	0	0	0	0	0.90353179283404	0.97586549688625	0.992227932037853	1	0.942618051403642	0.992568389353873	0.998237697389594	1	0.99996971892896	0.99999844623175
ENSFCAG00000023035:JAZF1	0	0	0	0	0	0	0	0	0	0.903294244597164	0.977968996917604	0.992267533333633	1	0.942618051403642	0.992568389353873	0.998237697389594	1	0.999970027124952	0.99999844623175
ENSFCAG00000025224:FGF12	0	0	0	0	0	0	0	0	0	0.902612727813142	0.983851029261901	0.992338495467977	1	0.942618051403642	0.992568389353873	0.998237697389594	1	0.999970575432368	0.99999844623175
ENSFCAG00000039688:NKX3-1	0	0	0	0	0	0	0	0	0	0.904313663378663	0.980145836471924	0.992492985681304	1	0.942618051403642	0.992568389353873	0.998237697389594	1	0.999971751592189	0.99999844623175
ENSFCAG00000004500:LTB	0	0	0	0	0	0	0	0	0	0.904374897152309	0.980917666797448	0.992525639691323	1	0.942618051403642	0.992568389353873	0.998237697389594	1	0.999971997113885	0.99999844623175
ENSFCAG00000045613:FEV	0	0	0	0	0	0	0	0	0	0.904029375080043	0.983722548759089	0.992550867874651	1	0.942618051403642	0.992568389353873	0.998237697389594	1	0.999972186066024	0.99999844623175
ENSFCAG00000009689:VTCN1	0	0	0	0	0	0	0	0	0	0.904207267235319	0.983132402760919	0.992562467611872	1	0.942618051403642	0.992568389353873	0.998237697389594	1	0.999972272729657	0.99999844623175
ENSFCAG00000046021:EXOSC6	0	0	0	0	0	0	0	0	0	0.904765847586685	0.981525617603705	0.992602172029507	1	0.942618051403642	0.992568389353873	0.998237697389594	1	0.999972568342071	0.99999844623175
ENSFCAG00000036433:POU2AF1	0	0	0	0	0	0	0	0	0	0.90638203314539	0.975179216507204	0.992628060880293	1	0.942618051403642	0.992568389353873	0.998237697389594	1	0.999972760237658	0.99999844623175
ENSFCAG00000011605:EGFL7	0	0	0	0	0	0	0	0	0	0.907385740415179	0.973135723397045	0.992692730808949	1	0.942618051403642	0.992568389353873	0.998237697389594	1	0.999973236639795	0.99999844623175
ENSFCAG00000008129:CD79A	0	0	0	0	0	0	0	0	0	0.905940089238809	0.979226700132098	0.992706738484549	1	0.942618051403642	0.992568389353873	0.998237697389594	1	0.999973339274632	0.99999844623175
ENSFCAG00000014271:CD28	0	0	0	0	0	0	0	0	0	0.905760000871717	0.980790171449717	0.992728808235073	1	0.942618051403642	0.992568389353873	0.998237697389594	1	0.999973500579603	0.99999844623175
ENSFCAG00000025776:RAC2	0	0	0	0	0	0	0	0	0	0.905848024205038	0.980571669074082	0.99273527426904	1	0.942618051403642	0.992568389353873	0.998237697389594	1	0.999973547746081	0.99999844623175
ENSFCAG00000013892:ATF1	0	0	0	0	0	0	0	0	0	0.905911415171277	0.981746608134053	0.992779196552964	1	0.942618051403642	0.992568389353873	0.998237697389594	1	0.99997386702247	0.99999844623175
ENSFCAG00000027677:SOCS3	0	0	0	0	0	0	0	0	0	0.906299783211587	0.982393879775148	0.992854698434132	1	0.942618051403642	0.992568389353873	0.998237697389594	1	0.99997441131365	0.99999844623175
ENSFCAG00000036364:BCL10	0	0	0	0	0	0	0	0	0	0.905601275296965	0.988045874427374	0.99288159050467	1	0.942618051403642	0.992568389353873	0.998237697389594	1	0.999974603791192	0.99999844623175
ENSFCAG00000022142:SBDS	0	0	0	0	0	0	0	0	0	0.906684495130962	0.981781710088596	0.992894215052826	1	0.942618051403642	0.992568389353873	0.998237697389594	1	0.999974693899015	0.99999844623175
ENSFCAG00000045399:FGF23	0	0	0	0	0	0	0	0	0	0.906468655622379	0.984232098413578	0.992927434487143	1	0.942618051403642	0.992568389353873	0.998237697389594	1	0.999974930236119	0.99999844623175
ENSFCAG00000040177:CD79B	0	0	0	0	0	0	0	0	0	0.907667834719038	0.978460176313845	0.992934853608192	1	0.942618051403642	0.992568389353873	0.998237697389594	1	0.999974982867057	0.99999844623175
ENSFCAG00000043691:RYBP	0	0	0	0	0	0	0	0	0	0.907049195294358	0.981627486349755	0.992943273755171	1	0.942618051403642	0.992568389353873	0.998237697389594	1	0.999975042532073	0.99999844623175
ENSFCAG00000029945:PAFAH1B2	0	0	0	0	0	0	0	0	0	0.90733631132262	0.981199994564175	0.992972816747478	1	0.942618051403642	0.992568389353873	0.998237697389594	1	0.999975251308452	0.99999844623175
ENSFCAG00000036606:FGF10	0	0	0	0	0	0	0	0	0	0.90797406547973	0.979530885120083	0.993014370097291	1	0.942618051403642	0.992568389353873	0.998237697389594	1	0.999975543472829	0.99999844623175
ENSFCAG00000005782:RSPO2	0	0	0	0	0	0	0	0	0	0.907616945406372	0.981613987099068	0.993025693337797	1	0.942618051403642	0.992568389353873	0.998237697389594	1	0.999975622785812	0.99999844623175
ENSFCAG00000037118:DUSP22	0	0	0	0	0	0	0	0	0	0.908357838509005	0.97870795992673	0.993043020393523	1	0.942618051403642	0.992568389353873	0.998237697389594	1	0.999975743902218	0.99999844623175
ENSFCAG00000030239:TMEM127	0	0	0	0	0	0	0	0	0	0.907770684523473	0.98229432219057	0.993067184989583	1	0.942618051403642	0.992568389353873	0.998237697389594	1	0.999975912308317	0.99999844623175
ENSFCAG00000015580:PDGFB	0	0	0	0	0	0	0	0	0	0.908881052654333	0.979492309581659	0.993143843493417	1	0.942618051403642	0.992568389353873	0.998237697389594	1	0.999976442659657	0.99999844623175
ENSFCAG00000032546:IGF2	0	0	0	0	0	0	0	0	0	0.908377784135044	0.982016294793302	0.993147279228457	1	0.942618051403642	0.992568389353873	0.998237697389594	1	0.999976466290774	0.99999844623175
ENSFCAG00000013046:GADD45B	0	0	0	0	0	0	0	0	0	0.90974788538526	0.977546274639383	0.993202302296228	1	0.942618051403642	0.992568389353873	0.998237697389594	1	0.999976843122176	0.99999844623175
ENSFCAG00000043034:FGF3	0	0	0	0	0	0	0	0	0	0.909438943651514	0.982568634875998	0.993314673582069	1	0.942618051403642	0.992568389353873	0.998237697389594	1	0.999977603239674	0.99999844623175
ENSFCAG00000027163:FGF19	0	0	0	0	0	0	0	0	0	0.910637067217598	0.982136086221664	0.993472386682052	1	0.942618051403642	0.992568389353873	0.998237697389594	1	0.999978648623645	0.99999844623175
ENSFCAG00000029552:BCL2	0	0	0	0	0	0	0	0	0	0.911102226828326	0.982157869740142	0.993538238274625	1	0.942618051403642	0.992568389353873	0.998237697389594	1	0.999979077704058	0.99999844623175
ENSFCAG00000036639:FGF4	0	0	0	0	0	0	0	0	0	0.911071891185893	0.984380693749555	0.99359204827722	1	0.942618051403642	0.992568389353873	0.998237697389594	1	0.99997942508259	0.99999844623175
ENSFCAG00000043547:CDKN1B	0	0	0	0	0	0	0	0	0	0.912241684442466	0.979966985191317	0.99363183704426	1	0.942618051403642	0.992568389353873	0.998237697389594	1	0.999979680070828	0.99999844623175
ENSFCAG00000024840:RRAS	0	0	0	0	0	0	0	0	0	0.912377686872986	0.982767057733573	0.993732064561726	1	0.942618051403642	0.992568389353873	0.998237697389594	1	0.999980315322151	0.99999844623175
ENSFCAG00000011361:RAC1	0	0	0	0	0	0	0	0	0	0.913096640708876	0.982407569537804	0.993821012671443	1	0.942618051403642	0.992568389353873	0.998237697389594	1	0.999980870617032	0.99999844623175
ENSFCAG00000000062:MAD2L2	0	0	0	0	0	0	0	0	0	0.913613879098022	0.980079500526285	0.993823340197458	1	0.942618051403642	0.992568389353873	0.998237697389594	1	0.999980885040677	0.99999844623175
ENSFCAG00000040323:BCL7A	0	0	0	0	0	0	0	0	0	0.913381127592322	0.982377228225087	0.993859016634007	1	0.942618051403642	0.992568389353873	0.998237697389594	1	0.9999811054449	0.99999844623175
ENSFCAG00000045823:CBFB	0	0	0	0	0	0	0	0	0	0.915536911779163	0.975546114502603	0.993924674068935	1	0.942618051403642	0.992568389353873	0.998237697389594	1	0.999981507720514	0.99999844623175
ENSFCAG00000041934:SOCS1	0	0	0	0	0	0	0	0	0	0.915345512637993	0.986464661533908	0.994223168693584	1	0.942618051403642	0.992568389353873	0.998237697389594	1	0.999983281886376	0.99999844623175
ENSFCAG00000000142:FGF6	0	0	0	0	0	0	0	0	0	0.915968880515786	0.983076024599575	0.994225282354034	1	0.942618051403642	0.992568389353873	0.998237697389594	1	0.999983294129793	0.99999844623175
ENSFCAG00000044777:ARFRP1	0	0	0	0	0	0	0	0	0	0.917709031477863	0.978403862982603	0.994312354237366	1	0.942618051403642	0.992568389353873	0.998237697389594	1	0.999983794590094	0.99999844623175
ENSFCAG00000013515:IL10	0	0	0	0	0	0	0	0	0	0.917499234548134	0.981675014579338	0.994387182614899	1	0.942618051403642	0.992568389353873	0.998237697389594	1	0.999984218586744	0.99999844623175
ENSFCAG00000036350:BCL2L11	0	0	0	0	0	0	0	0	0	0.917528566136313	0.983008483695061	0.994427779285098	1	0.942618051403642	0.992568389353873	0.998237697389594	1	0.999984446261631	0.99999844623175
ENSFCAG00000000258:BAX	0	0	0	0	0	0	0	0	0	0.917904264743607	0.981546248147458	0.994435921654638	1	0.942618051403642	0.992568389353873	0.998237697389594	1	0.999984491726257	0.99999844623175
ENSFCAG00000028989:CD70	0	0	0	0	0	0	0	0	0	0.917913215846039	0.984375692878965	0.994512407965302	1	0.942618051403642	0.992568389353873	0.998237697389594	1	0.999984915549092	0.99999844623175
ENSFCAG00000024009:IGF1	0	0	0	0	0	0	0	0	0	0.918375452924773	0.983442072147106	0.994548460003961	1	0.942618051403642	0.992568389353873	0.998237697389594	1	0.999985113279343	0.99999844623175
ENSFCAG00000002990:HRAS	0	0	0	0	0	0	0	0	0	0.919320583243344	0.979451520148147	0.9945534135397	1	0.942618051403642	0.992568389353873	0.998237697389594	1	0.999985140345282	0.99999844623175
ENSFCAG00000012862:RHEB	0	0	0	0	0	0	0	0	0	0.919095130460655	0.983564353237713	0.994643618904752	1	0.942618051403642	0.992568389353873	0.998237697389594	1	0.999985628908803	0.99999844623175
ENSFCAG00000012394:RHOH	0	0	0	0	0	0	0	0	0	0.918871096854993	0.985253513475131	0.994656219791737	1	0.942618051403642	0.992568389353873	0.998237697389594	1	0.999985696505551	0.99999844623175
ENSFCAG00000033306:CDKN2C	0	0	0	0	0	0	0	0	0	0.918198824866976	0.990960213120022	0.994676106055991	1	0.942618051403642	0.993172177881451	0.998237697389594	1	0.999985802859535	0.99999844623175
ENSFCAG00000040792:BBC3	0	0	0	0	0	0	0	0	0	0.919903282089215	0.981794718752513	0.994698057133266	1	0.942618051403642	0.992568389353873	0.998237697389594	1	0.999985919794727	0.99999844623175
ENSFCAG00000040747:BCL2L2	0	0	0	0	0	0	0	0	0	0.920856435023912	0.98076152926319	0.994787196281427	1	0.942618051403642	0.992568389353873	0.998237697389594	1	0.999986389668771	0.99999844623175
ENSFCAG00000013688:IL2	0	0	0	0	0	0	0	0	0	0.920308393207317	0.985287169202043	0.994838813894794	1	0.942618051403642	0.992568389353873	0.998237697389594	1	0.999986658105869	0.99999844623175
ENSFCAG00000046660:TNFRSF17	0	0	0	0	0	0	0	0	0	0.920588658540616	0.984932323944248	0.994865629212661	1	0.942618051403642	0.992568389353873	0.998237697389594	1	0.999986796501707	0.99999844623175
ENSFCAG00000045270:CHIC2	0	0	0	0	0	0	0	0	0	0.921068101758891	0.983337848345026	0.994885800078657	1	0.942618051403642	0.992568389353873	0.998237697389594	1	0.999986900128715	0.99999844623175
ENSFCAG00000002084:DDIT3	0	0	0	0	0	0	0	0	0	0.92162432135242	0.982727476998071	0.994938427363136	1	0.942618051403642	0.992568389353873	0.998237697389594	1	0.999987168573849	0.99999844623175
ENSFCAG00000027456:RHOA	0	0	0	0	0	0	0	0	0	0.921666618532449	0.982730053488365	0.994943709984201	1	0.942618051403642	0.992568389353873	0.998237697389594	1	0.999987195366094	0.99999844623175
ENSFCAG00000022046:SDC4	0	0	0	0	0	0	0	0	0	0.921255041977414	0.985875405251136	0.994970042857069	1	0.942618051403642	0.992568389353873	0.998237697389594	1	0.99998732850202	0.99999844623175
ENSFCAG00000022826:CDKN2A	0	0	0	0	0	0	0	0	0	0.920945324794158	0.98884379734301	0.994990250193432	1	0.942618051403642	0.992568389353873	0.998237697389594	1	0.999987430195345	0.99999844623175
ENSFCAG00000024623:LMO1	0	0	0	0	0	0	0	0	0	0.922560613001667	0.983608557435023	0.995076349598375	1	0.942618051403642	0.992568389353873	0.998237697389594	1	0.99998785889078	0.99999844623175
ENSFCAG00000037994:NRAS	0	0	0	0	0	0	0	0	0	0.922990264161799	0.983282287844436	0.995120093602899	1	0.942618051403642	0.992568389353873	0.998237697389594	1	0.999988073841451	0.99999844623175
ENSFCAG00000027886:CDKN1A	0	0	0	0	0	0	0	0	0	0.922637911125558	0.985416433331714	0.995129535667092	1	0.942618051403642	0.992568389353873	0.998237697389594	1	0.999988119985837	0.99999844623175
ENSFCAG00000043871:BTG1	0	0	0	0	0	0	0	0	0	0.923100642108448	0.98604646455607	0.995199732091456	1	0.942618051403642	0.992568389353873	0.998237697389594	1	0.999988460234542	0.99999844623175
ENSFCAG00000001199:PTP4A1	0	0	0	0	0	0	0	0	0	0.923147298289946	0.987306586362885	0.995231624010209	1	0.942618051403642	0.992568389353873	0.998237697389594	1	0.999988613181918	0.99999844623175
ENSFCAG00000033312:FHIT	0	0	0	0	0	0	0	0	0	0.925591811043134	0.982795774772098	0.995416969678832	1	0.942618051403642	0.992568389353873	0.998237697389594	1	0.999989481835883	0.99999844623175
ENSFCAG00000023293:MLLT3	0	0	0	0	0	0	0	0	0	0.925127323137244	0.986776040485523	0.995457147912942	1	0.942618051403642	0.992568389353873	0.998237697389594	1	0.999989665586346	0.99999844623175
ENSFCAG00000042197:CNBP	0	0	0	0	0	0	0	0	0	0.925780924435888	0.984974972409308	0.995493996178666	1	0.942618051403642	0.992568389353873	0.998237697389594	1	0.999989832681964	0.99999844623175
ENSFCAG00000043254:BTG2	0	0	0	0	0	0	0	0	0	0.927922447038775	0.982656374628059	0.995681656094352	1	0.942618051403642	0.992568389353873	0.998237697389594	1	0.999990662502421	0.99999844623175
ENSFCAG00000037105:RPL22	0	0	0	0	0	0	0	0	0	0.927289070138816	0.987640948737736	0.995725349948372	1	0.942618051403642	0.992568389353873	0.998237697389594	1	0.999990850637387	0.99999844623175
ENSFCAG00000043152:RMI2	0	0	0	0	0	0	0	0	0	0.927901642551482	0.985293193636473	0.995745403209804	1	0.942618051403642	0.992568389353873	0.998237697389594	1	0.99999093633987	0.99999844623175
ENSFCAG00000000499:SDHC	0	0	0	0	0	0	0	0	0	0.929900784940055	0.978343078837503	0.995771189898045	1	0.943560344492847	0.992568389353873	0.998237697389594	1	0.999991045951991	0.99999844623175
ENSFCAG00000012230:B2M	0	0	0	0	0	0	0	0	0	0.933312031294344	0.98739121870996	0.996380648109525	1	0.944107171053751	0.992568389353873	0.998237697389594	1	0.99999344222954	0.99999844623175
ENSFCAG00000022679:YPEL5	0	0	0	0	0	0	0	0	0	0.933916419723888	0.987509416507826	0.996446059838572	1	0.944107171053751	0.992568389353873	0.998237697389594	1	0.999993677260007	0.99999844623175
ENSFCAG00000035249:EIF1AX	0	0	0	0	0	0	0	0	0	0.935368174644309	0.986601711337253	0.996576854846051	1	0.944107171053751	0.992568389353873	0.998237697389594	1	0.999994134341803	0.99999844623175
ENSFCAG00000008354:SH2D1A	0	0	0	0	0	0	0	0	0	0.937917956135208	0.985018102561078	0.996795650300164	1	0.944107171053751	0.992568389353873	0.998237697389594	1	0.999994860579064	0.99999844623175
ENSFCAG00000029629:MTCP1	0	0	0	0	0	0	0	0	0	0.938284062890322	0.985526488491838	0.996843002791127	1	0.944107171053751	0.992568389353873	0.998237697389594	1	0.999995011431913	0.99999844623175
ENSFCAG00000019293:CENPA	0	0	0	0	0	0	0	0	0	0.937635860438575	0.989252459322625	0.996853362205224	1	0.944107171053751	0.992568389353873	0.998237697389594	1	0.999995044134459	0.99999844623175
ENSFCAG00000045832:ID3	0	0	0	0	0	0	0	0	0	0.938772684863941	0.986361410716768	0.996908603287659	1	0.944107171053751	0.992568389353873	0.998237697389594	1	0.999995216701616	0.99999844623175
ENSFCAG00000044104:HMGA1	0	0	0	0	0	0	0	0	0	0.939229206378219	0.985407667190169	0.996931296067156	1	0.944107171053751	0.992568389353873	0.998237697389594	1	0.999995286704381	0.99999844623175
ENSFCAG00000018336:TCL1B	0	0	0	0	0	0	0	0	0	0.939901793899837	0.984710147833502	0.996978870969885	1	0.944107171053751	0.992568389353873	0.998237697389594	1	0.999995431786985	0.99999844623175
ENSFCAG00000027874:MLLT11	0	0	0	0	0	0	0	0	0	0.941407605901166	0.983986139380461	0.997101592442044	1	0.944200667634169	0.992568389353873	0.998237697389594	1	0.999995795552782	0.99999844623175
ENSFCAG00000032943:CHCHD7	0	0	0	0	0	0	0	0	0	0.942097770824294	0.983246647224151	0.997145800421905	1	0.944200667634169	0.992568389353873	0.998237697389594	1	0.999995922891576	0.99999844623175
ENSFCAG00000032392:CKS1B	0	0	0	0	0	0	0	0	0	0.943210668084631	0.992413351378083	0.997420908192006	1	0.944262184994424	0.993519720777612	0.998237697389594	1	0.9999966712798	0.99999844623175
ENSFCAG00000042068:PMAIP1	0	0	0	0	0	0	0	0	0	0.953039658441981	0.993836489748003	0.998237697389594	1	0.953039658441981	0.993836489748003	0.998237697389594	1	0.99999844623175	0.99999844623175
