gene_name	n_syn	n_mis	n_non	n_spl	n_ind	wmis_cv	wnon_cv	wspl_cv	wind_cv	pmis_cv	ptrunc_cv	pallsubs_cv	pind_cv	qmis_cv	qtrunc_cv	qallsubs_cv	qind_cv	pglobal_cv	qglobal_cv
ENSFCAG00000003470:CTNNB1	0	15	0	0	1	304.855258084064	0	0	40.9273490646259	0	0.930205459158814	0	0.0237593689040015	0	0.980709829197611	0	1	0	0
ENSFCAG00000009623:TP53	0	7	1	0	1	221.854873190106	368.837945797261	368.837945797261	61.8247430956969	4.21884749357559e-15	0.00172255629967677	3.33066907387547e-16	0.0158764024342559	1.89426252461544e-12	0.625462243762082	1.49547041417009e-13	1	2.22044604925031e-16	9.96980276113391e-14
ENSFCAG00000019200:PTEN	0	2	0	0	0	95.3657711186505	0	0	0	0.000158862098839085	0.944889962871218	0.000797145167501956	1	0.0475527215858329	0.980709829197611	0.238612120138919	1	0.00648435644265322	0.999993700653303
ENSFCAG00000001124:MYH9	0	1	0	0	2	7.84982074866335	0	0	32.37844769593	0.123364505152082	0.869925181796344	0.301052089264643	0.00383926797505024	0.907819053133206	0.980709829197611	0.995977750976488	1	0.00897256495604015	0.999993700653303
ENSFCAG00000006065:NF1	0	0	1	0	1	0	61.2247096563643	61.2247096563643	11.2310261346401	0.565716437840452	0.0123520442848186	0.0370634852795161	0.0807197327222144	0.907819053133206	0.980709829197611	0.995977750976488	1	0.0203795190701287	0.999993700653303
ENSFCAG00000018737:PIK3CA	0	2	0	0	0	33.8848769190497	0	0	0	0.00140320499550806	0.904218335076354	0.00604780100757973	1	0.315019521491559	0.980709829197611	0.995977750976488	1	0.0369403347052979	0.999993700653303
ENSFCAG00000043547:CDKN1B	0	0	0	0	1	0	0	0	161.241415410385	0.877462175955308	0.966851330690335	0.987330606379054	0.00615748933583469	0.907819053133206	0.980709829197611	0.995977750976488	1	0.0371020582521264	0.999993700653303
ENSFCAG00000013874:SGK1	0	0	1	0	0	0	388.273146655094	388.273146655094	0	0.790201469236069	0.00162928058382605	0.00674704012537586	1	0.907819053133206	0.625462243762082	0.995977750976488	1	0.040473141492956	0.999993700653303
ENSFCAG00000027261:TGFBR1	0	0	1	0	0	0	308.726686242861	308.726686242861	0	0.81399577983229	0.00208951751813613	0.00854565243748584	1	0.907819053133206	0.625462243762082	0.995977750976488	1	0.0492428917330554	0.999993700653303
ENSFCAG00000043468:KLF2	0	0	0	0	1	0	0	0	88.3940541781451	0.817557060819944	0.962583391024292	0.972671549665183	0.0111661759868719	0.907819053133206	0.980709829197611	0.995977750976488	1	0.0599808057214894	0.999993700653303
ENSFCAG00000025666:NFE2	0	0	0	0	1	0	0	0	85.7942290552584	0.836095511268503	0.956892586111193	0.977396747782508	0.0115000256747346	0.907819053133206	0.980709829197611	0.995977750976488	1	0.0616886207180933	0.999993700653303
ENSFCAG00000028366:XBP1	0	0	0	0	1	0	0	0	83.5600043402778	0.831812713967641	0.948858804516438	0.97569141475509	0.0118032980120872	0.907819053133206	0.980709829197611	0.995977750976488	1	0.0629253110663057	0.999993700653303
ENSFCAG00000038026:NKX2-1	0	0	0	0	1	0	0	0	80.2176041666667	0.810407629185252	0.960234226833057	0.970427128966255	0.0122880839470251	0.907819053133206	0.980709829197611	0.995977750976488	1	0.0647408621192922	0.999993700653303
ENSFCAG00000044486:MNX1	0	0	0	0	1	0	0	0	77.3181726907631	0.802467617674043	0.963806226871542	0.968198436118019	0.0127420687431862	0.907819053133206	0.980709829197611	0.995977750976488	1	0.0665593404356679	0.999993700653303
ENSFCAG00000027039:LEF1	0	0	0	0	1	0	0	0	77.1323116987179	0.824642800379042	0.946121396421939	0.973525191408164	0.0127723171431449	0.907819053133206	0.980709829197611	0.995977750976488	1	0.0669867014024053	0.999993700653303
ENSFCAG00000041932:RUNX2	0	0	0	0	1	0	0	0	54.8496438746439	0.791476560229798	0.945004372171699	0.963357160264783	0.0178535289634115	0.907819053133206	0.980709829197611	0.995977750976488	1	0.0870782068118302	0.999993700653303
ENSFCAG00000031492:ESR1	0	0	0	0	1	0	0	0	53.8373182326622	0.781172647561639	0.944793699307196	0.95984709458667	0.0181821525011889	0.907819053133206	0.980709829197611	0.995977750976488	1	0.088103298638194	0.999993700653303
ENSFCAG00000028024:KDSR	0	0	0	0	1	0	0	0	50.0577873114925	0.775194543491273	0.940672928785159	0.957385487944276	0.0195238631624357	0.907819053133206	0.980709829197611	0.995977750976488	1	0.0930792540773941	0.999993700653303
ENSFCAG00000026041:SMO	0	0	0	0	1	0	0	0	40.3103538525963	0.758601714922589	0.931824900755556	0.950391797991058	0.0241128625010993	0.907819053133206	0.980709829197611	0.995977750976488	1	0.109447498516614	0.999993700653303
ENSFCAG00000005552:KAT6B	0	0	1	0	0	0	100.678182907073	100.678182907073	0	0.622132428983636	0.00712354233897294	0.0236951943542956	1	0.907819053133206	0.980709829197611	0.995977750976488	1	0.112374056910764	0.999993700653303
ENSFCAG00000006007:LZTR1	0	0	0	0	1	0	0	0	38.1988591269841	0.747632548329198	0.91598544396847	0.94428313697415	0.0254064630679475	0.907819053133206	0.980709829197611	0.995977750976488	1	0.113478872784847	0.999993700653303
ENSFCAG00000005305:ABL2	0	0	0	0	1	0	0	0	27.6374174562159	0.710445465883639	0.915470411598478	0.928162632189806	0.0347246148667306	0.907819053133206	0.980709829197611	0.995977750976488	1	0.142935768823961	0.999993700653303
ENSFCAG00000005323:INPPL1	0	0	0	0	1	0	0	0	25.3652503293808	0.694617780984124	0.903390672806661	0.919035003534449	0.0376993536784013	0.907819053133206	0.980709829197611	0.995977750976488	1	0.151149152940153	0.999993700653303
ENSFCAG00000023627:GID4	0	1	0	0	0	55.2120608629188	0	0	0	0.013855594266312	0.952173444642754	0.048314307616392	1	0.907819053133206	0.980709829197611	0.995977750976488	1	0.194707990185416	0.999993700653303
ENSFCAG00000012814:ARID1A	0	0	0	0	1	0	0	0	14.0424690007294	0.591698824914431	0.894569991277644	0.858449005487841	0.0657851299284527	0.907819053133206	0.980709829197611	0.995977750976488	1	0.218776501346788	0.999993700653303
ENSFCAG00000023517:NOTCH1	0	0	0	0	1	0	0	0	12.6128308438155	0.565043438178493	0.890375964845511	0.839441759982763	0.0726168814289813	0.907819053133206	0.980709829197611	0.995977750976488	1	0.231491283391955	0.999993700653303
ENSFCAG00000018332:PTPN13	0	0	0	0	1	0	0	0	12.8760199304441	0.593669170662227	0.871318296813899	0.856037955410398	0.0712545868537814	0.907819053133206	0.980709829197611	0.995977750976488	1	0.23160034308028	0.999993700653303
ENSFCAG00000028312:AURKB	0	1	0	0	0	38.8174424743641	0	0	0	0.020519373387843	0.943436269911409	0.0681460582020754	1	0.907819053133206	0.980709829197611	0.995977750976488	1	0.251193318878079	0.999993700653303
ENSFCAG00000000787:APC	0	0	0	0	1	0	0	0	11.1607101449275	0.568533918025311	0.876736157478988	0.839796418969325	0.0811807125862967	0.907819053133206	0.980709829197611	0.995977750976488	1	0.251271783103289	0.999993700653303
ENSFCAG00000008765:PAX7	0	1	0	0	0	31.919117668369	0	0	0	0.0255386114460529	0.945879730053508	0.0824302018345444	1	0.907819053133206	0.980709829197611	0.995977750976488	1	0.288159778360642	0.999993700653303
ENSFCAG00000012147:NFE2L2	0	1	0	0	0	30.7257796604381	0	0	0	0.0266518888061157	0.945218947615919	0.0855224403594331	1	0.907819053133206	0.980709829197611	0.995977750976488	1	0.295820109470192	0.999993700653303
ENSFCAG00000038609:FCRL4	0	1	0	0	0	29.9374756712501	0	0	0	0.0274392651996919	0.939723702030166	0.0876552550857459	1	0.907819053133206	0.980709829197611	0.995977750976488	1	0.301038274308927	0.999993700653303
ENSFCAG00000004249:NF2	0	1	0	0	0	27.9485696605496	0	0	0	0.0296368971673781	0.9274249621701	0.0935487267687565	1	0.907819053133206	0.980709829197611	0.995977750976488	1	0.315191183993278	0.999993700653303
ENSFCAG00000000093:KMT2D	0	0	0	0	1	0	0	0	6.06102033748898	0.419884419475643	0.826447859827519	0.705153767474478	0.13861087083547	0.907819053133206	0.980709829197611	0.995977750976488	1	0.325033533602396	0.999993700653303
ENSFCAG00000014304:ASMTL	0	1	0	0	0	25.3500801931586	0	0	0	0.033064930672474	0.933445947036259	0.102827606861538	1	0.907819053133206	0.980709829197611	0.995977750976488	1	0.336729709461979	0.999993700653303
ENSFCAG00000030357:NBN	0	1	0	0	0	23.9301999860816	0	0	0	0.0352747935794825	0.928396850972887	0.10861365650665	1	0.907819053133206	0.980709829197611	0.995977750976488	1	0.349731426174512	0.999993700653303
ENSFCAG00000008554:HGF	0	1	0	0	0	23.8475759069489	0	0	0	0.0354120309169126	0.918478136022566	0.108843158541889	1	0.907819053133206	0.980709829197611	0.995977750976488	1	0.350240668783476	0.999993700653303
ENSFCAG00000003320:CDH11	0	1	0	0	0	22.3612927816175	0	0	0	0.038065775959598	0.938749356357896	0.11601927889031	1	0.907819053133206	0.980709829197611	0.995977750976488	1	0.365924678504068	0.999993700653303
ENSFCAG00000024086:NRG1	0	1	0	0	0	22.3125220418452	0	0	0	0.03815924674195	0.937692917582441	0.116249493373621	1	0.907819053133206	0.980709829197611	0.995977750976488	1	0.366420331995062	0.999993700653303
ENSFCAG00000014937:KEL	0	1	0	0	0	20.7951980169395	0	0	0	0.0413012417242068	0.919194473798075	0.124063379447642	1	0.907819053133206	0.980709829197611	0.995977750976488	1	0.382979027195044	0.999993700653303
ENSFCAG00000009163:DDR2	0	1	0	0	0	18.9835743607476	0	0	0	0.0457571188746608	0.919389610436177	0.135282720060314	1	0.907819053133206	0.980709829197611	0.995977750976488	1	0.405900713148355	0.999993700653303
ENSFCAG00000004737:CBL	0	1	0	0	0	18.3920613338746	0	0	0	0.0474150544963837	0.920445275614333	0.139415412855932	1	0.907819053133206	0.980709829197611	0.995977750976488	1	0.414105213382621	0.999993700653303
ENSFCAG00000013063:BUB1B	0	1	0	0	0	16.3710029292257	0	0	0	0.0540473314282821	0.897152501599992	0.155052775476567	1	0.907819053133206	0.980709829197611	0.995977750976488	1	0.444069557048868	0.999993700653303
ENSFCAG00000001395:RBM10	0	1	0	0	0	16.2634354874624	0	0	0	0.0544495979238658	0.908883595223541	0.156297569715006	1	0.907819053133206	0.980709829197611	0.995977750976488	1	0.446384857320523	0.999993700653303
ENSFCAG00000004047:HIP1	0	1	0	0	0	16.0155399316148	0	0	0	0.0553985379922418	0.902604212341521	0.158416471745747	1	0.907819053133206	0.980709829197611	0.995977750976488	1	0.450303227563032	0.999993700653303
ENSFCAG00000038306:TRIM33	0	1	0	0	0	15.5305099080164	0	0	0	0.0573485195063839	0.916513046471315	0.163371002777769	1	0.907819053133206	0.980709829197611	0.995977750976488	1	0.459355406767468	0.999993700653303
ENSFCAG00000012003:EMSY	0	1	0	0	0	13.7483744770677	0	0	0	0.0657759238160732	0.916869308151475	0.183019556198484	1	0.907819053133206	0.980709829197611	0.995977750976488	1	0.493816460726966	0.999993700653303
ENSFCAG00000010606:CLIP1	0	1	0	0	0	12.4945497957822	0	0	0	0.0732441151181059	0.901921423748839	0.199488548679488	1	0.907819053133206	0.980709829197611	0.995977750976488	1	0.521063778826932	0.999993700653303
ENSFCAG00000003009:IRS1	0	1	0	0	0	12.0858650979072	0	0	0	0.0760344799838587	0.944960113899118	0.20675237574949	1	0.907819053133206	0.980709829197611	0.995977750976488	1	0.532642387144421	0.999993700653303
ENSFCAG00000011205:PTCH1	0	1	0	0	0	11.6545028576297	0	0	0	0.0792049673518523	0.909359244128622	0.212872063471501	1	0.907819053133206	0.980709829197611	0.995977750976488	1	0.542198755575268	0.999993700653303
ENSFCAG00000014299:GRIN2A	0	1	0	0	0	11.5309410480259	0	0	0	0.0801594533197668	0.917061349767179	0.215183089497082	1	0.907819053133206	0.980709829197611	0.995977750976488	1	0.545761561022656	0.999993700653303
ENSFCAG00000001147:BCL9L	0	1	0	0	0	11.1969958762929	0	0	0	0.0828507655882117	0.924287258464626	0.2212280771877	1	0.907819053133206	0.980709829197611	0.995977750976488	1	0.55496414559923	0.999993700653303
ENSFCAG00000012246:DNMT1	0	1	0	0	0	9.84975801057833	0	0	0	0.0956775903205737	0.887251132313811	0.247053838021	1	0.907819053133206	0.980709829197611	0.995977750976488	1	0.592471914203237	0.999993700653303
ENSFCAG00000004858:BCOR	1	1	0	0	0	9.59547029643041	0	0	0	0.0985261860759941	0.908936993384841	0.25380879122451	1	0.907819053133206	0.980709829197611	0.995977750976488	1	0.601824828527015	0.999993700653303
ENSFCAG00000024678:TET3	0	1	0	0	0	9.19586351318527	0	0	0	0.103339322093953	0.908017115989061	0.263604326754892	1	0.907819053133206	0.980709829197611	0.995977750976488	1	0.615069573690895	0.999993700653303
ENSFCAG00000013232:MYH11	0	1	0	0	0	8.12040915157604	0	0	0	0.118778804194695	0.875516112029676	0.292593947762614	1	0.907819053133206	0.980709829197611	0.995977750976488	1	0.652182978117494	0.999993700653303
ENSFCAG00000009906:PTPRB	0	1	0	0	0	7.86339518141616	0	0	0	0.123126579269642	0.882913094720004	0.301371317936183	1	0.907819053133206	0.980709829197611	0.995977750976488	1	0.662839741375528	0.999993700653303
ENSFCAG00000005621:CACNA1D	1	1	0	0	0	7.64600352328955	0	0	0	0.127042987944495	0.873675764792433	0.308264072765574	1	0.907819053133206	0.980709829197611	0.995977750976488	1	0.671028766341465	0.999993700653303
ENSFCAG00000030040:ATRX	0	1	0	0	0	7.24219113336098	0	0	0	0.134972430941157	0.868798560207815	0.322758963607168	1	0.907819053133206	0.980709829197611	0.995977750976488	1	0.687750768812123	0.999993700653303
ENSFCAG00000023397:POLQ	0	1	0	0	0	6.94489484287	0	0	0	0.14142629976758	0.871841930027522	0.334799897206319	1	0.907819053133206	0.980709829197611	0.995977750976488	1	0.701145393155693	0.999993700653303
ENSFCAG00000025587:BRCA2	0	1	0	0	0	5.52622227626316	0	0	0	0.182218932923084	0.867046913532629	0.405045750670985	1	0.907819053133206	0.980709829197611	0.995977750976488	1	0.771107975802786	0.999993700653303
ENSFCAG00000000945:RNF213	0	0	0	0	0	0	0	0	0	0.42475741718487	0.825613389325109	0.70977075049756	1	0.907819053133206	0.980709829197611	0.995977750976488	1	0.953089566604511	0.999993700653303
ENSFCAG00000002901:PCLO	1	0	0	0	0	0	0	0	0	0.440750975701355	0.847298828767223	0.729284131835568	1	0.907819053133206	0.980709829197611	0.995977750976488	1	0.959513201210001	0.999993700653303
ENSFCAG00000008632:KMT2C	0	0	0	0	0	0	0	0	0	0.447598212203996	0.83392654612654	0.73320517380238	1	0.907819053133206	0.980709829197611	0.995977750976488	1	0.96074052024659	0.999993700653303
ENSFCAG00000029544:FAT4	0	0	0	0	0	0	0	0	0	0.447123642099571	0.862075580816128	0.737825176659372	1	0.907819053133206	0.980709829197611	0.995977750976488	1	0.962159719291882	0.999993700653303
ENSFCAG00000026584:LRP1B	0	0	0	0	0	0	0	0	0	0.464745805359957	0.816772982666662	0.745241933892288	1	0.907819053133206	0.980709829197611	0.995977750976488	1	0.964377619206413	0.999993700653303
ENSFCAG00000025616:FAT1	0	0	0	0	0	0	0	0	0	0.468188709102022	0.861048480018914	0.756967977167729	1	0.907819053133206	0.980709829197611	0.995977750976488	1	0.96773384775886	0.999993700653303
ENSFCAG00000011374:PRKDC	0	0	0	0	0	0	0	0	0	0.500174755870887	0.822165862203695	0.776833965319342	1	0.907819053133206	0.980709829197611	0.995977750976488	1	0.973006788763883	0.999993700653303
ENSFCAG00000015061:TRRAP	0	0	0	0	0	0	0	0	0	0.497064278229906	0.838949699519567	0.777834527576362	1	0.907819053133206	0.980709829197611	0.995977750976488	1	0.973258815302483	0.999993700653303
ENSFCAG00000010626:SMG1	0	0	0	0	0	0	0	0	0	0.516160006087037	0.833490669122223	0.792258956855244	1	0.907819053133206	0.980709829197611	0.995977750976488	1	0.976749903462116	0.999993700653303
ENSFCAG00000000639:RELN	0	0	0	0	0	0	0	0	0	0.518773860030048	0.835754010260434	0.794813649892968	1	0.907819053133206	0.980709829197611	0.995977750976488	1	0.977340692630692	0.999993700653303
ENSFCAG00000023839:ZFHX3	0	0	0	0	0	0	0	0	0	0.510778146846019	0.877918737591172	0.79610165693587	1	0.907819053133206	0.980709829197611	0.995977750976488	1	0.977635437295968	0.999993700653303
ENSFCAG00000010165:SPEN	0	0	0	0	0	0	0	0	0	0.512300816266866	0.872979283415445	0.796557186235649	1	0.907819053133206	0.980709829197611	0.995977750976488	1	0.977739180607448	0.999993700653303
ENSFCAG00000007347:MGA	0	0	0	0	0	0	0	0	0	0.544359447145492	0.872302982516686	0.821459864698663	1	0.907819053133206	0.980709829197611	0.995977750976488	1	0.9830181825287	0.999993700653303
ENSFCAG00000012430:ATM	0	0	0	0	0	0	0	0	0	0.554541006260612	0.845677720793987	0.824023159379245	1	0.907819053133206	0.980709829197611	0.995977750976488	1	0.98351831621304	0.999993700653303
ENSFCAG00000043012:ANKRD11	0	0	0	0	0	0	0	0	0	0.5497675773819	0.895018921563954	0.828971400893866	1	0.907819053133206	0.980709829197611	0.995977750976488	1	0.984461253838805	0.999993700653303
ENSFCAG00000011214:UBR5	0	0	0	0	0	0	0	0	0	0.565033783389438	0.852645635256647	0.832955056288689	1	0.907819053133206	0.980709829197611	0.995977750976488	1	0.985198910066176	0.999993700653303
ENSFCAG00000043897:RANBP2	0	0	0	0	0	0	0	0	0	0.564199201759037	0.863759450739885	0.83446959950719	1	0.907819053133206	0.980709829197611	0.995977750976488	1	0.98547435550407	0.999993700653303
ENSFCAG00000024379:MGAM	0	0	0	0	0	0	0	0	0	0.572885623096278	0.851959439018574	0.838327682967521	1	0.907819053133206	0.980709829197611	0.995977750976488	1	0.986163605287615	0.999993700653303
ENSFCAG00000000053:MTOR	0	0	0	0	0	0	0	0	0	0.574810339150174	0.857824886643205	0.840809135442767	1	0.907819053133206	0.980709829197611	0.995977750976488	1	0.986597531129307	0.999993700653303
ENSFCAG00000031193:NCOR2	0	0	0	0	0	0	0	0	0	0.571979778229562	0.875320619492127	0.841982848773991	1	0.907819053133206	0.980709829197611	0.995977750976488	1	0.986800223149603	0.999993700653303
ENSFCAG00000001531:NSD1	0	0	0	0	0	0	0	0	0	0.579007989857288	0.878701880075635	0.847417102894435	1	0.907819053133206	0.980709829197611	0.995977750976488	1	0.987717392091588	0.999993700653303
ENSFCAG00000018078:ATR	0	0	0	0	0	0	0	0	0	0.5863506830456	0.859195652318112	0.848937534061954	1	0.907819053133206	0.980709829197611	0.995977750976488	1	0.987967754949467	0.999993700653303
ENSFCAG00000009649:NOTCH2	0	0	0	0	0	0	0	0	0	0.580729298791826	0.881450977508626	0.849043644762404	1	0.907819053133206	0.980709829197611	0.995977750976488	1	0.987985126032762	0.999993700653303
ENSFCAG00000009998:NCOR1	0	0	0	0	0	0	0	0	0	0.583860528746025	0.871947644754203	0.849588256137682	1	0.907819053133206	0.980709829197611	0.995977750976488	1	0.988074074159972	0.999993700653303
ENSFCAG00000000914:NOTCH3	0	0	0	0	0	0	0	0	0	0.584399741385772	0.887105514023434	0.852431994589821	1	0.907819053133206	0.980709829197611	0.995977750976488	1	0.988532859368714	0.999993700653303
ENSFCAG00000005002:EP300	0	0	0	0	0	0	0	0	0	0.58489099058541	0.886146804468116	0.852617636879856	1	0.907819053133206	0.980709829197611	0.995977750976488	1	0.98856247914612	0.999993700653303
ENSFCAG00000012737:CIC	0	0	0	0	0	0	0	0	0	0.582170444451765	0.901798724141885	0.853013952471025	1	0.907819053133206	0.980709829197611	0.995977750976488	1	0.988625577230588	0.999993700653303
ENSFCAG00000019287:SETD2	0	0	0	0	0	0	0	0	0	0.588504201204011	0.877382306184597	0.8536433856629	1	0.907819053133206	0.980709829197611	0.995977750976488	1	0.988725411955701	0.999993700653303
ENSFCAG00000006278:ARID1B	0	0	0	0	0	0	0	0	0	0.58480348681177	0.894074139251671	0.853740333528938	1	0.907819053133206	0.980709829197611	0.995977750976488	1	0.988740747651077	0.999993700653303
ENSFCAG00000006262:CREBBP	0	0	0	0	0	0	0	0	0	0.586635157158636	0.886726728358806	0.85388630745684	1	0.907819053133206	0.980709829197611	0.995977750976488	1	0.988763817765441	0.999993700653303
ENSFCAG00000001819:LRRK2	1	0	0	0	0	0	0	0	0	0.594568901571636	0.860789366520566	0.854699701852407	1	0.907819053133206	0.980709829197611	0.995977750976488	1	0.988891911997408	0.999993700653303
ENSFCAG00000002498:POLE	0	0	0	0	0	0	0	0	0	0.597028704209499	0.867899490734727	0.857633528534079	1	0.907819053133206	0.980709829197611	0.995977750976488	1	0.989347508193419	0.999993700653303
ENSFCAG00000030516:TPR	0	0	0	0	0	0	0	0	0	0.598441981705787	0.864105038650951	0.857856960745253	1	0.907819053133206	0.980709829197611	0.995977750976488	1	0.989381793451551	0.999993700653303
ENSFCAG00000014803:MED12	0	0	0	0	0	0	0	0	0	0.596140764257621	0.872850571410906	0.857932230384067	1	0.907819053133206	0.980709829197611	0.995977750976488	1	0.989393330332907	0.999993700653303
ENSFCAG00000015145:CAD	0	0	0	0	0	0	0	0	0	0.59898777951116	0.8786875138012	0.860787585177153	1	0.907819053133206	0.980709829197611	0.995977750976488	1	0.989826110520151	0.999993700653303
ENSFCAG00000005317:NUMA1	0	0	0	0	0	0	0	0	0	0.602060466289489	0.869271498282254	0.861147433032984	1	0.907819053133206	0.980709829197611	0.995977750976488	1	0.989879979211154	0.999993700653303
ENSFCAG00000006448:ROS1	0	0	0	0	0	0	0	0	0	0.6067854614804	0.863472038274749	0.863102889513984	1	0.907819053133206	0.980709829197611	0.995977750976488	1	0.990170081024907	0.999993700653303
ENSFCAG00000006381:KMT2B	1	0	0	0	0	0	0	0	0	0.603181172108026	0.883642047164323	0.864314296767316	1	0.907819053133206	0.980709829197611	0.995977750976488	1	0.990347576325406	0.999993700653303
ENSFCAG00000053177:CNTRL	0	0	0	0	0	0	0	0	0	0.609849991765121	0.862232815425519	0.864806802321999	1	0.907819053133206	0.980709829197611	0.995977750976488	1	0.990419252604113	0.999993700653303
ENSFCAG00000007047:MYO18A	0	0	0	0	0	0	0	0	0	0.607838243849214	0.873018432428257	0.865510450031881	1	0.907819053133206	0.980709829197611	0.995977750976488	1	0.990521170650782	0.999993700653303
ENSFCAG00000022076:NIN	0	0	0	0	0	0	0	0	0	0.62253451775495	0.865087379934362	0.873200480193707	1	0.907819053133206	0.980709829197611	0.995977750976488	1	0.99159782444995	0.999993700653303
ENSFCAG00000000496:PCM1	0	0	0	0	0	0	0	0	0	0.620331292015684	0.87629136702298	0.873877796505988	1	0.907819053133206	0.980709829197611	0.995977750976488	1	0.991689399220006	0.999993700653303
ENSFCAG00000007234:PTPRS	0	0	0	0	0	0	0	0	0	0.623198699950966	0.889245650477758	0.877750776401488	1	0.907819053133206	0.980709829197611	0.995977750976488	1	0.992202964205049	0.999993700653303
ENSFCAG00000029985:KAT6A	0	0	0	0	0	0	0	0	0	0.62680385329626	0.886651481279504	0.879530970022183	1	0.907819053133206	0.980709829197611	0.995977750976488	1	0.992433284229264	0.999993700653303
ENSFCAG00000022265:TP53BP1	0	0	0	0	0	0	0	0	0	0.629824758728904	0.886626723480529	0.881341346878302	1	0.907819053133206	0.980709829197611	0.995977750976488	1	0.992663814062295	0.999993700653303
ENSFCAG00000025470:KNL1	0	0	0	0	0	0	0	0	0	0.627560894886964	0.896260852704333	0.881447779309829	1	0.907819053133206	0.980709829197611	0.995977750976488	1	0.992677251145673	0.999993700653303
ENSFCAG00000000864:AFDN	0	0	0	0	0	0	0	0	0	0.629641234959762	0.88856408207132	0.881537037722104	1	0.907819053133206	0.980709829197611	0.995977750976488	1	0.992688510102686	0.999993700653303
ENSFCAG00000007696:MDC1	0	0	0	0	0	0	0	0	0	0.627806445963689	0.899515833991231	0.882061123439341	1	0.907819053133206	0.980709829197611	0.995977750976488	1	0.992754435402391	0.999993700653303
ENSFCAG00000012673:TET1	0	0	0	0	0	0	0	0	0	0.629765825956906	0.896215130273429	0.88276623359218	1	0.907819053133206	0.980709829197611	0.995977750976488	1	0.992842640688962	0.999993700653303
ENSFCAG00000006877:CHD4	0	0	0	0	0	0	0	0	0	0.6358488240642	0.875401142582831	0.883029606550265	1	0.907819053133206	0.980709829197611	0.995977750976488	1	0.992875442656959	0.999993700653303
ENSFCAG00000051264:WDR90	0	0	0	0	0	0	0	0	0	0.634489731960865	0.883901435163886	0.883671658657153	1	0.907819053133206	0.980709829197611	0.995977750976488	1	0.992955078361659	0.999993700653303
ENSFCAG00000008606:DOT1L	0	0	0	0	0	0	0	0	0	0.630241591311109	0.900832126484784	0.883708075105011	1	0.907819053133206	0.980709829197611	0.995977750976488	1	0.992959581222928	0.999993700653303
ENSFCAG00000003535:DICER1	0	0	0	0	0	0	0	0	0	0.635176366702217	0.895120310477987	0.885821044528376	1	0.907819053133206	0.980709829197611	0.995977750976488	1	0.993218280396882	0.999993700653303
ENSFCAG00000011746:TSC2	0	0	0	0	0	0	0	0	0	0.638481497125238	0.890658499022084	0.887085736541899	1	0.907819053133206	0.980709829197611	0.995977750976488	1	0.993370709699262	0.999993700653303
ENSFCAG00000003741:NUP98	1	0	0	0	0	0	0	0	0	0.640383856967456	0.890580438768392	0.888180150809731	1	0.907819053133206	0.980709829197611	0.995977750976488	1	0.993501160636692	0.999993700653303
ENSFCAG00000024457:PTPRD	0	0	0	0	0	0	0	0	0	0.642773476203182	0.885193136101038	0.88870651556148	1	0.907819053133206	0.980709829197611	0.995977750976488	1	0.99356342138928	0.999993700653303
ENSFCAG00000022277:TRIP11	0	0	0	0	0	0	0	0	0	0.644283064135669	0.881661776725526	0.888989774884351	1	0.907819053133206	0.980709829197611	0.995977750976488	1	0.993596797517353	0.999993700653303
ENSFCAG00000012577:MYO5A	0	0	0	0	0	0	0	0	0	0.647319043846528	0.876814188168437	0.889888091198556	1	0.907819053133206	0.980709829197611	0.995977750976488	1	0.993702048272078	0.999993700653303
ENSFCAG00000002384:PDCD11	0	0	0	0	0	0	0	0	0	0.645057764955421	0.889748645066922	0.890742529765945	1	0.907819053133206	0.980709829197611	0.995977750976488	1	0.993801316633766	0.999993700653303
ENSFCAG00000012280:SLX4	0	0	0	0	0	0	0	0	0	0.643171613407166	0.904862620952193	0.891856545323577	1	0.907819053133206	0.980709829197611	0.995977750976488	1	0.993929511742113	0.999993700653303
ENSFCAG00000002588:SETD1A	1	0	0	0	0	0	0	0	0	0.645341694604786	0.899148026417668	0.892310404389446	1	0.907819053133206	0.980709829197611	0.995977750976488	1	0.993981340441327	0.999993700653303
ENSFCAG00000013146:BRCA1	0	0	0	0	0	0	0	0	0	0.64656726728503	0.894789505286935	0.892373762085645	1	0.907819053133206	0.980709829197611	0.995977750976488	1	0.993988557245251	0.999993700653303
ENSFCAG00000004894:SMARCA4	0	0	0	0	0	0	0	0	0	0.64868885523149	0.8926179458809	0.893250748664647	1	0.907819053133206	0.980709829197611	0.995977750976488	1	0.994087989107252	0.999993700653303
ENSFCAG00000012831:ARID2	0	0	0	0	0	0	0	0	0	0.646696262394049	0.903493435883297	0.893691721002182	1	0.907819053133206	0.980709829197611	0.995977750976488	1	0.994137660737966	0.999993700653303
ENSFCAG00000031869:BCORL1	0	0	0	0	0	0	0	0	0	0.645312685370727	0.910917316583243	0.893876408758032	1	0.907819053133206	0.980709829197611	0.995977750976488	1	0.994158399524227	0.999993700653303
ENSFCAG00000013540:ARHGEF28	0	0	0	0	0	0	0	0	0	0.650927717708895	0.890630969463652	0.894206955794092	1	0.907819053133206	0.980709829197611	0.995977750976488	1	0.994195421746265	0.999993700653303
ENSFCAG00000008083:RICTOR	0	0	0	0	0	0	0	0	0	0.654316679232647	0.885992116525604	0.895362329892789	1	0.907819053133206	0.980709829197611	0.995977750976488	1	0.99432386732098	0.999993700653303
ENSFCAG00000003208:CHD2	0	0	0	0	0	0	0	0	0	0.65799554384207	0.878752359763277	0.896177136929161	1	0.907819053133206	0.980709829197611	0.995977750976488	1	0.994413554701991	0.999993700653303
ENSFCAG00000014002:COL2A1	0	0	0	0	0	0	0	0	0	0.654008113487763	0.894998170402636	0.896596071235759	1	0.907819053133206	0.980709829197611	0.995977750976488	1	0.994459379198694	0.999993700653303
ENSFCAG00000034298:CUX1	0	0	0	0	0	0	0	0	0	0.654621492042859	0.900518101205632	0.897741438677576	1	0.907819053133206	0.980709829197611	0.995977750976488	1	0.994583664588857	0.999993700653303
ENSFCAG00000025265:CAMTA1	0	0	0	0	0	0	0	0	0	0.655311544659031	0.903747580547934	0.89857532379286	1	0.907819053133206	0.980709829197611	0.995977750976488	1	0.994673231264363	0.999993700653303
ENSFCAG00000014850:PIK3C2B	0	0	0	0	0	0	0	0	0	0.65859513908663	0.891914689559848	0.898662936129496	1	0.907819053133206	0.980709829197611	0.995977750976488	1	0.994682596672204	0.999993700653303
ENSFCAG00000014340:KDM5A	0	0	0	0	0	0	0	0	0	0.661022823861287	0.884145612815615	0.898744880345883	1	0.907819053133206	0.980709829197611	0.995977750976488	1	0.994691348450206	0.999993700653303
ENSFCAG00000002747:CLTCL1	0	0	0	0	0	0	0	0	0	0.660332034427335	0.891411115982235	0.899535320346413	1	0.907819053133206	0.980709829197611	0.995977750976488	1	0.99477538522393	0.999993700653303
ENSFCAG00000015718:PBRM1	0	0	0	0	0	0	0	0	0	0.660936429892603	0.890895721266082	0.899784528113883	1	0.907819053133206	0.980709829197611	0.995977750976488	1	0.994801736067546	0.999993700653303
ENSFCAG00000001568:SMARCA2	0	0	0	0	0	0	0	0	0	0.664314117119929	0.887102895583762	0.901010438449687	1	0.907819053133206	0.980709829197611	0.995977750976488	1	0.994930357405929	0.999993700653303
ENSFCAG00000027260:CLTC	0	0	0	0	0	0	0	0	0	0.665219690582655	0.885359332593386	0.901212674920176	1	0.907819053133206	0.980709829197611	0.995977750976488	1	0.994951415524508	0.999993700653303
ENSFCAG00000007256:KDM5C	0	0	0	0	0	0	0	0	0	0.664914895375121	0.88808592690793	0.901492129456831	1	0.907819053133206	0.980709829197611	0.995977750976488	1	0.994980439387206	0.999993700653303
ENSFCAG00000004564:COL1A1	0	0	0	0	0	0	0	0	0	0.661424234579326	0.901410980950644	0.901612494864144	1	0.907819053133206	0.980709829197611	0.995977750976488	1	0.994992913722303	0.999993700653303
ENSFCAG00000005120:NUP214	0	0	0	0	0	0	0	0	0	0.658566818363253	0.919165082953863	0.902322632837841	1	0.907819053133206	0.980709829197611	0.995977750976488	1	0.99506618344739	0.999993700653303
ENSFCAG00000008986:PREX2	0	0	0	0	0	0	0	0	0	0.66723914954269	0.889249096805051	0.902922825147572	1	0.907819053133206	0.980709829197611	0.995977750976488	1	0.995127673526827	0.999993700653303
ENSFCAG00000004770:PTPRT	0	0	0	0	0	0	0	0	0	0.665696229983026	0.895581685053283	0.903075002529682	1	0.907819053133206	0.980709829197611	0.995977750976488	1	0.995143200783118	0.999993700653303
ENSFCAG00000000959:PASK	0	0	0	0	0	0	0	0	0	0.664469379614439	0.90618303354574	0.903921030920532	1	0.907819053133206	0.980709829197611	0.995977750976488	1	0.995229056929159	0.999993700653303
ENSFCAG00000001908:ASXL1	0	0	0	0	0	0	0	0	0	0.663558995344071	0.913292351570408	0.904347608214607	1	0.907819053133206	0.980709829197611	0.995977750976488	1	0.995272046260692	0.999993700653303
ENSFCAG00000014501:ROBO1	0	0	0	0	0	0	0	0	0	0.671351243987644	0.892664024571156	0.905638935137452	1	0.907819053133206	0.980709829197611	0.995977750976488	1	0.995400956657188	0.999993700653303
ENSFCAG00000004031:ATP2B3	0	0	0	0	0	0	0	0	0	0.666928321692691	0.909548063411661	0.905688155430148	1	0.907819053133206	0.980709829197611	0.995977750976488	1	0.995405833768258	0.999993700653303
ENSFCAG00000003795:FANCA	0	0	0	0	0	0	0	0	0	0.672234997941099	0.892049105185869	0.906008615705052	1	0.907819053133206	0.980709829197611	0.995977750976488	1	0.995437521949618	0.999993700653303
ENSFCAG00000024512:ZNF521	0	0	0	0	0	0	0	0	0	0.666821282904675	0.921441876564354	0.907072255586461	1	0.907819053133206	0.980709829197611	0.995977750976488	1	0.995541885976544	0.999993700653303
ENSFCAG00000026560:ARHGEF12	0	0	0	0	0	0	0	0	0	0.67609315830256	0.888601267405895	0.907477016765465	1	0.907819053133206	0.980709829197611	0.995977750976488	1	0.995581273321993	0.999993700653303
ENSFCAG00000009679:KDR	1	0	0	0	0	0	0	0	0	0.674757141805515	0.898197871296763	0.908258382719921	1	0.907819053133206	0.980709829197611	0.995977750976488	1	0.995656797535223	0.999993700653303
ENSFCAG00000014104:MAP3K1	0	0	0	0	0	0	0	0	0	0.671981088876016	0.908700280760572	0.908263284875983	1	0.907819053133206	0.980709829197611	0.995977750976488	1	0.995657269238718	0.999993700653303
ENSFCAG00000005610:SETD5	0	0	0	0	0	0	0	0	0	0.67383177132597	0.903005272890977	0.908463585337131	1	0.907819053133206	0.980709829197611	0.995977750976488	1	0.995676520260969	0.999993700653303
ENSFCAG00000009445:KDM6A	0	0	0	0	0	0	0	0	0	0.67664077143934	0.895121618412438	0.908778962626408	1	0.907819053133206	0.980709829197611	0.995977750976488	1	0.995706741894269	0.999993700653303
ENSFCAG00000027460:CPS1	0	0	0	0	0	0	0	0	0	0.677345556482207	0.89420254663609	0.909003891772231	1	0.907819053133206	0.980709829197611	0.995977750976488	1	0.995728229293811	0.999993700653303
ENSFCAG00000001882:FLT4	0	0	0	0	0	0	0	0	0	0.67737576222198	0.898900632241354	0.909721472698345	1	0.907819053133206	0.980709829197611	0.995977750976488	1	0.995796407590433	0.999993700653303
ENSFCAG00000009873:PTPRK	0	0	0	0	0	0	0	0	0	0.680301791036354	0.890779878441079	0.909992045668036	1	0.907819053133206	0.980709829197611	0.995977750976488	1	0.995821968105613	0.999993700653303
ENSFCAG00000032000:NCOA2	0	0	0	0	0	0	0	0	0	0.675704652684648	0.908031469252974	0.910126167722531	1	0.907819053133206	0.980709829197611	0.995977750976488	1	0.995834608536557	0.999993700653303
ENSFCAG00000015033:NCOA3	0	0	0	0	0	0	0	0	0	0.676269151712534	0.910721432623807	0.910771533031966	1	0.907819053133206	0.980709829197611	0.995977750976488	1	0.995895155148	0.999993700653303
ENSFCAG00000025791:NCOA1	0	0	0	0	0	0	0	0	0	0.676401450968398	0.911724747169292	0.910968802659054	1	0.907819053133206	0.980709829197611	0.995977750976488	1	0.995913571236267	0.999993700653303
ENSFCAG00000007864:MAP3K6	0	0	0	0	0	0	0	0	0	0.680439356520643	0.897138578412975	0.911038137098138	1	0.907819053133206	0.980709829197611	0.995977750976488	1	0.995920033800401	0.999993700653303
ENSFCAG00000015191:PER1	0	0	0	0	0	0	0	0	0	0.676916425099857	0.913640911153043	0.911477710005929	1	0.907819053133206	0.980709829197611	0.995977750976488	1	0.995960883007476	0.999993700653303
ENSFCAG00000004831:ARHGAP35	0	0	0	0	0	0	0	0	0	0.676286357660625	0.917920824344901	0.911670066780933	1	0.907819053133206	0.980709829197611	0.995977750976488	1	0.99597869190314	0.999993700653303
ENSFCAG00000015536:ADGRA2	0	0	0	0	0	0	0	0	0	0.677124634352695	0.915331500368589	0.911794357435629	1	0.907819053133206	0.980709829197611	0.995977750976488	1	0.995990177473263	0.999993700653303
ENSFCAG00000018164:IGF1R	0	0	0	0	0	0	0	0	0	0.678344000390861	0.911637505774444	0.911964386203786	1	0.907819053133206	0.980709829197611	0.995977750976488	1	0.996005862213419	0.999993700653303
ENSFCAG00000009032:PLCG1	0	0	0	0	0	0	0	0	0	0.684339794814596	0.891725350133998	0.912193115151014	1	0.907819053133206	0.980709829197611	0.995977750976488	1	0.996026911897313	0.999993700653303
ENSFCAG00000041416:IRS2	0	0	0	0	0	0	0	0	0	0.672310400184209	0.947529364409362	0.912451131769148	1	0.907819053133206	0.980709829197611	0.995977750976488	1	0.996050588056685	0.999993700653303
ENSFCAG00000011228:FANCD2	0	0	0	0	0	0	0	0	0	0.68617235217421	0.889836332967994	0.912815834304002	1	0.907819053133206	0.980709829197611	0.995977750976488	1	0.996083929500901	0.999993700653303
ENSFCAG00000007346:SETBP1	0	0	0	0	0	0	0	0	0	0.676226895182059	0.929313591380013	0.912893576244245	1	0.907819053133206	0.980709829197611	0.995977750976488	1	0.996091017898384	0.999993700653303
ENSFCAG00000009897:CDK12	0	0	0	0	0	0	0	0	0	0.68054896048516	0.912767673530207	0.913242756424492	1	0.907819053133206	0.980709829197611	0.995977750976488	1	0.996122774000956	0.999993700653303
ENSFCAG00000003030:INSR	0	0	0	0	0	0	0	0	0	0.681740659464436	0.910936880905206	0.913619304597518	1	0.907819053133206	0.980709829197611	0.995977750976488	1	0.996156869464028	0.999993700653303
ENSFCAG00000009543:TERT	0	0	0	0	0	0	0	0	0	0.679081427369977	0.925875527852532	0.914015444820101	1	0.907819053133206	0.980709829197611	0.995977750976488	1	0.996192571421018	0.999993700653303
ENSFCAG00000011453:RPTOR	0	0	0	0	0	0	0	0	0	0.686210231467472	0.899798781204919	0.914355993733303	1	0.907819053133206	0.980709829197611	0.995977750976488	1	0.996223125993953	0.999993700653303
ENSFCAG00000000349:BCL9	0	0	0	0	0	0	0	0	0	0.678570007481393	0.934816878121661	0.914649957305657	1	0.907819053133206	0.980709829197611	0.995977750976488	1	0.996249398859403	0.999993700653303
ENSFCAG00000014806:ZMYM3	0	0	0	0	0	0	0	0	0	0.685881453360758	0.906023386924455	0.915067502066434	1	0.907819053133206	0.980709829197611	0.995977750976488	1	0.996286554342197	0.999993700653303
ENSFCAG00000003836:ASXL2	0	0	0	0	0	0	0	0	0	0.683533133173083	0.915747560438135	0.915135806938388	1	0.907819053133206	0.980709829197611	0.995977750976488	1	0.99629261435879	0.999993700653303
ENSFCAG00000000247:PIK3C2G	0	0	0	0	0	0	0	0	0	0.689963319354194	0.895608567162191	0.915605986011719	1	0.907819053133206	0.980709829197611	0.995977750976488	1	0.996334190392602	0.999993700653303
ENSFCAG00000014859:ERBB3	0	0	0	0	0	0	0	0	0	0.687708665945582	0.904796542305103	0.915815947635655	1	0.907819053133206	0.980709829197611	0.995977750976488	1	0.996352678459403	0.999993700653303
ENSFCAG00000013609:NSD3	0	0	0	0	0	0	0	0	0	0.690205882685126	0.900124174976088	0.91639701328715	1	0.907819053133206	0.980709829197611	0.995977750976488	1	0.99640359299647	0.999993700653303
ENSFCAG00000018200:PDS5B	0	0	0	0	0	0	0	0	0	0.69029431758469	0.901729714863385	0.916672184134738	1	0.907819053133206	0.980709829197611	0.995977750976488	1	0.996427575639717	0.999993700653303
ENSFCAG00000000360:DROSHA	0	0	0	0	0	0	0	0	0	0.69266149643602	0.893985830548831	0.916688534730147	1	0.907819053133206	0.980709829197611	0.995977750976488	1	0.996428998083302	0.999993700653303
ENSFCAG00000013481:PRDM16	0	0	0	0	0	0	0	0	0	0.685059471981559	0.924441776824627	0.916915896772793	1	0.907819053133206	0.980709829197611	0.995977750976488	1	0.996448747550358	0.999993700653303
ENSFCAG00000006087:BLM	0	0	0	0	0	0	0	0	0	0.688515552701244	0.910677332522964	0.917007100727349	1	0.907819053133206	0.980709829197611	0.995977750976488	1	0.9964566540024	0.999993700653303
ENSFCAG00000024759:WRN	0	0	0	0	0	0	0	0	0	0.693807424720492	0.893902559899243	0.917237182941256	1	0.907819053133206	0.980709829197611	0.995977750976488	1	0.996476559477939	0.999993700653303
ENSFCAG00000013299:FLT1	1	0	0	0	0	0	0	0	0	0.691852704097242	0.902398315588929	0.917537763315861	1	0.907819053133206	0.980709829197611	0.995977750976488	1	0.996502477127788	0.999993700653303
ENSFCAG00000007089:MSH6	0	0	0	0	0	0	0	0	0	0.690994398370683	0.905439100269217	0.917539011099602	1	0.907819053133206	0.980709829197611	0.995977750976488	1	0.996502584513131	0.999993700653303
ENSFCAG00000009903:ERBB2	0	0	0	0	0	0	0	0	0	0.692115297635488	0.903228873926512	0.917784672711505	1	0.907819053133206	0.980709829197611	0.995977750976488	1	0.99652369331218	0.999993700653303
ENSFCAG00000000916:BRD4	0	0	0	0	0	0	0	0	0	0.690971075034462	0.90847573443691	0.917938423337041	1	0.907819053133206	0.980709829197611	0.995977750976488	1	0.996536871081502	0.999993700653303
ENSFCAG00000037938:NSD2	0	0	0	0	0	0	0	0	0	0.691474583788367	0.909239732237684	0.918288720527739	1	0.907819053133206	0.980709829197611	0.995977750976488	1	0.996566798436629	0.999993700653303
ENSFCAG00000030408:ZMYM2	0	0	0	0	0	0	0	0	0	0.693636956176251	0.901900733663585	0.91834380425323	1	0.907819053133206	0.980709829197611	0.995977750976488	1	0.996571492310115	0.999993700653303
ENSFCAG00000004987:PLCG2	0	0	0	0	0	0	0	0	0	0.695732359019689	0.896740265845793	0.918608866799157	1	0.907819053133206	0.980709829197611	0.995977750976488	1	0.9965940330017	0.999993700653303
ENSFCAG00000002050:BCR	1	0	0	0	0	0	0	0	0	0.692204485007401	0.910523458444397	0.918817309356493	1	0.907819053133206	0.980709829197611	0.995977750976488	1	0.996611705055125	0.999993700653303
ENSFCAG00000009534:MET	0	0	0	0	0	0	0	0	0	0.694122344757264	0.90958541566693	0.919636829818112	1	0.907819053133206	0.980709829197611	0.995977750976488	1	0.996680726819658	0.999993700653303
ENSFCAG00000001563:SEC31A	0	0	0	0	0	0	0	0	0	0.695281967501527	0.906887764769134	0.919842711669049	1	0.907819053133206	0.980709829197611	0.995977750976488	1	0.996697951823613	0.999993700653303
ENSFCAG00000012455:KDM2B	0	0	0	0	0	0	0	0	0	0.696220817861328	0.905785205796491	0.920149088142883	1	0.907819053133206	0.980709829197611	0.995977750976488	1	0.996723499353766	0.999993700653303
ENSFCAG00000009655:SETDB1	0	0	0	0	0	0	0	0	0	0.69713519025651	0.907305653519004	0.920800043051934	1	0.907819053133206	0.980709829197611	0.995977750976488	1	0.996777441338085	0.999993700653303
ENSFCAG00000029975:AFF3	0	0	0	0	0	0	0	0	0	0.696003192676786	0.913060081375211	0.921004205246401	1	0.907819053133206	0.980709829197611	0.995977750976488	1	0.996794264613583	0.999993700653303
ENSFCAG00000027902:ERBB4	0	0	0	0	0	0	0	0	0	0.699281627864133	0.903410802189126	0.921297495003277	1	0.907819053133206	0.980709829197611	0.995977750976488	1	0.996818352932706	0.999993700653303
ENSFCAG00000000760:IRS4	0	0	0	0	0	0	0	0	0	0.691419107390989	0.938110052104327	0.921464909019719	1	0.907819053133206	0.980709829197611	0.995977750976488	1	0.99683206103171	0.999993700653303
ENSFCAG00000011110:JARID2	0	0	0	0	0	0	0	0	0	0.698857755035192	0.91171870502036	0.922215282372008	1	0.907819053133206	0.980709829197611	0.995977750976488	1	0.996893129063993	0.999993700653303
ENSFCAG00000008561:CARD11	0	0	0	0	0	0	0	0	0	0.700039020491422	0.908197868740873	0.922320073332683	1	0.907819053133206	0.980709829197611	0.995977750976488	1	0.996901608724958	0.999993700653303
ENSFCAG00000007517:JAK3	0	0	0	0	0	0	0	0	0	0.699471531834939	0.91055915722069	0.922360216052915	1	0.907819053133206	0.980709829197611	0.995977750976488	1	0.996904853910755	0.999993700653303
ENSFCAG00000024874:SOS1	0	0	0	0	0	0	0	0	0	0.702964691850827	0.898938761884774	0.922409039073922	1	0.907819053133206	0.980709829197611	0.995977750976488	1	0.996908798467919	0.999993700653303
ENSFCAG00000005038:SF3B1	0	0	0	0	0	0	0	0	0	0.703076903428388	0.899499534237659	0.922544985482031	1	0.907819053133206	0.980709829197611	0.995977750976488	1	0.996919768367396	0.999993700653303
ENSFCAG00000012141:STIL	0	0	0	0	0	0	0	0	0	0.699325569867188	0.914143844526891	0.922748934200586	1	0.907819053133206	0.980709829197611	0.995977750976488	1	0.996936187995591	0.999993700653303
ENSFCAG00000030096:ARID4B	0	0	0	0	0	0	0	0	0	0.701979527228515	0.904850704616022	0.922789934929078	1	0.907819053133206	0.980709829197611	0.995977750976488	1	0.996939483465052	0.999993700653303
ENSFCAG00000013897:SMC1A	0	0	0	0	0	0	0	0	0	0.704305286163225	0.898336041780984	0.922953543449612	1	0.907819053133206	0.980709829197611	0.995977750976488	1	0.996952615505609	0.999993700653303
ENSFCAG00000004091:TRIM24	0	0	0	0	0	0	0	0	0	0.700345353229147	0.913341717223229	0.923137732910385	1	0.907819053133206	0.980709829197611	0.995977750976488	1	0.99696736477173	0.999993700653303
ENSFCAG00000007401:PC	0	0	0	0	0	0	0	0	0	0.7002188781245	0.916031244266866	0.923412336216076	1	0.907819053133206	0.980709829197611	0.995977750976488	1	0.996989285835614	0.999993700653303
ENSFCAG00000000325:POLD1	0	0	0	0	0	0	0	0	0	0.702571848679586	0.907888830823469	0.923487983738427	1	0.907819053133206	0.980709829197611	0.995977750976488	1	0.996995310287018	0.999993700653303
ENSFCAG00000015690:PTPRC	0	0	0	0	0	0	0	0	0	0.704325911935543	0.902886714594132	0.923625978787777	1	0.907819053133206	0.980709829197611	0.995977750976488	1	0.997006284037073	0.999993700653303
ENSFCAG00000014494:MLLT6	0	0	0	0	0	0	0	0	0	0.700083497543925	0.918942900763465	0.923698321597338	1	0.907819053133206	0.980709829197611	0.995977750976488	1	0.997012028700927	0.999993700653303
ENSFCAG00000023047:STAG1	0	0	0	0	0	0	0	0	0	0.705698711248007	0.898976850819257	0.923704536729452	1	0.907819053133206	0.980709829197611	0.995977750976488	1	0.997012521973515	0.999993700653303
ENSFCAG00000003633:CSF1R	0	0	0	0	0	0	0	0	0	0.701970342346652	0.912628674454456	0.923823933639501	1	0.907819053133206	0.980709829197611	0.995977750976488	1	0.997021989957127	0.999993700653303
ENSFCAG00000009436:TYK2	0	0	0	0	0	0	0	0	0	0.703604449602678	0.907415387475263	0.923913951346681	1	0.907819053133206	0.980709829197611	0.995977750976488	1	0.997029118014214	0.999993700653303
ENSFCAG00000015468:EGFR	0	0	0	0	0	0	0	0	0	0.704006312308106	0.907029559290645	0.924051720344504	1	0.907819053133206	0.980709829197611	0.995977750976488	1	0.997040010277012	0.999993700653303
ENSFCAG00000009757:UPF1	0	0	0	0	0	0	0	0	0	0.703786383352675	0.911701148995296	0.924567621471083	1	0.907819053133206	0.980709829197611	0.995977750976488	1	0.997080615892423	0.999993700653303
ENSFCAG00000027633:STAG2	0	0	0	0	0	0	0	0	0	0.708014362992936	0.898637681984314	0.92473684805529	1	0.907819053133206	0.980709829197611	0.995977750976488	1	0.99709387269282	0.999993700653303
ENSFCAG00000007834:KTN1	0	0	0	0	0	0	0	0	0	0.712994501318554	0.884578938985647	0.924791170377769	1	0.907819053133206	0.980709829197611	0.995977750976488	1	0.997098121605585	0.999993700653303
ENSFCAG00000019223:ARID4A	0	0	0	0	0	0	0	0	0	0.708641689900584	0.900542358397141	0.92530945402503	1	0.907819053133206	0.980709829197611	0.995977750976488	1	0.997138499614929	0.999993700653303
ENSFCAG00000010710:ALPK1	0	0	0	0	0	0	0	0	0	0.706813756393947	0.910297055877665	0.925810460205893	1	0.907819053133206	0.980709829197611	0.995977750976488	1	0.997177255638331	0.999993700653303
ENSFCAG00000002750:HIRA	0	0	0	0	0	0	0	0	0	0.707729926472978	0.907959156500185	0.925927225569396	1	0.907819053133206	0.980709829197611	0.995977750976488	1	0.997186249221121	0.999993700653303
ENSFCAG00000028848:CIITA	0	0	0	0	0	0	0	0	0	0.704919838031754	0.9193972666829	0.926055271776552	1	0.907819053133206	0.980709829197611	0.995977750976488	1	0.997196094757482	0.999993700653303
ENSFCAG00000004555:CBLB	0	0	0	0	0	0	0	0	0	0.706923026424754	0.913300519700458	0.926250088977584	1	0.907819053133206	0.980709829197611	0.995977750976488	1	0.997211040388584	0.999993700653303
ENSFCAG00000011321:INPP5D	0	0	0	0	0	0	0	0	0	0.709408370255008	0.905580097569242	0.926382537857853	1	0.907819053133206	0.980709829197611	0.995977750976488	1	0.997221177961291	0.999993700653303
ENSFCAG00000001740:NUTM1	0	0	0	0	0	0	0	0	0	0.705115986591876	0.924900835311276	0.926775272921187	1	0.907819053133206	0.980709829197611	0.995977750976488	1	0.997251126397444	0.999993700653303
ENSFCAG00000029806:AFF1	0	0	0	0	0	0	0	0	0	0.705246697481173	0.925911977782022	0.926947418591743	1	0.907819053133206	0.980709829197611	0.995977750976488	1	0.997264201084761	0.999993700653303
ENSFCAG00000014232:HDAC4	0	0	0	0	0	0	0	0	0	0.708247331214293	0.91463157408935	0.927037001690574	1	0.907819053133206	0.980709829197611	0.995977750976488	1	0.997270992389977	0.999993700653303
ENSFCAG00000002830:TEK	0	0	0	0	0	0	0	0	0	0.709304278219491	0.913116646659371	0.927337397972531	1	0.907819053133206	0.980709829197611	0.995977750976488	1	0.997293702287796	0.999993700653303
ENSFCAG00000012425:AFF4	0	0	0	0	0	0	0	0	0	0.708748603853302	0.918869143551762	0.927788200216706	1	0.907819053133206	0.980709829197611	0.995977750976488	1	0.997327600267299	0.999993700653303
ENSFCAG00000012999:RET	0	0	0	0	0	0	0	0	0	0.711064722348292	0.912036563653133	0.928013690779584	1	0.907819053133206	0.980709829197611	0.995977750976488	1	0.99734447379244	0.999993700653303
ENSFCAG00000012665:MECOM	0	0	0	0	0	0	0	0	0	0.710417992246088	0.917374694119784	0.92838366105599	1	0.907819053133206	0.980709829197611	0.995977750976488	1	0.997372040087312	0.999993700653303
ENSFCAG00000008747:PTPRO	0	0	0	0	0	0	0	0	0	0.71523686501279	0.901937326771289	0.928540812798292	1	0.907819053133206	0.980709829197611	0.995977750976488	1	0.997383704765159	0.999993700653303
ENSFCAG00000003634:PDGFRB	0	0	0	0	0	0	0	0	0	0.710891496961164	0.916990834555916	0.928555935681415	1	0.907819053133206	0.980709829197611	0.995977750976488	1	0.997384825866833	0.999993700653303
ENSFCAG00000003178:ATXN2	0	0	0	0	0	0	0	0	0	0.710956238253587	0.917875552386607	0.928693150205012	1	0.907819053133206	0.980709829197611	0.995977750976488	1	0.997394986708592	0.999993700653303
ENSFCAG00000007112:TSC1	0	0	0	0	0	0	0	0	0	0.713271365791379	0.911523297493696	0.928961225709338	1	0.907819053133206	0.980709829197611	0.995977750976488	1	0.997414779414809	0.999993700653303
ENSFCAG00000018749:MLLT10	0	0	0	0	0	0	0	0	0	0.711507075395583	0.918601698640003	0.92903460429894	1	0.907819053133206	0.980709829197611	0.995977750976488	1	0.997420183658762	0.999993700653303
ENSFCAG00000005115:ABL1	0	0	0	0	0	0	0	0	0	0.710255283517804	0.924846887397904	0.929173814369791	1	0.907819053133206	0.980709829197611	0.995977750976488	1	0.997430420384139	0.999993700653303
ENSFCAG00000000407:CTR9	0	0	0	0	0	0	0	0	0	0.716062006851803	0.906128338168413	0.929507364071387	1	0.907819053133206	0.980709829197611	0.995977750976488	1	0.997454862904118	0.999993700653303
ENSFCAG00000001953:JAK1	0	0	0	0	0	0	0	0	0	0.716067982280678	0.906833033614368	0.929607171682559	1	0.907819053133206	0.980709829197611	0.995977750976488	1	0.997462153536988	0.999993700653303
ENSFCAG00000006191:ERC1	0	0	0	0	0	0	0	0	0	0.716094342682778	0.906878039463702	0.929625282042901	1	0.907819053133206	0.980709829197611	0.995977750976488	1	0.997463475293337	0.999993700653303
ENSFCAG00000013999:HDAC7	0	0	0	0	0	0	0	0	0	0.715014118396479	0.910970884712521	0.929684180086476	1	0.907819053133206	0.980709829197611	0.995977750976488	1	0.997467771435542	0.999993700653303
ENSFCAG00000003659:DNMT3A	0	0	0	0	0	0	0	0	0	0.715748293155565	0.908677264228084	0.929712957060154	1	0.907819053133206	0.980709829197611	0.995977750976488	1	0.99746986912916	0.999993700653303
ENSFCAG00000005090:AMER1	0	0	0	0	0	0	0	0	0	0.713121053536974	0.922323399574431	0.930211874145275	1	0.907819053133206	0.980709829197611	0.995977750976488	1	0.997506096056986	0.999993700653303
ENSFCAG00000022680:ZNRF3	0	0	0	0	0	0	0	0	0	0.711168597978111	0.931824306748641	0.930330770245591	1	0.907819053133206	0.980709829197611	0.995977750976488	1	0.997514689747242	0.999993700653303
ENSFCAG00000002081:GLI1	0	0	0	0	0	0	0	0	0	0.711937896451699	0.929939247721396	0.930494602959636	1	0.907819053133206	0.980709829197611	0.995977750976488	1	0.997526506516538	0.999993700653303
ENSFCAG00000012942:PALB2	0	0	0	0	0	0	0	0	0	0.716871201180636	0.914875556950178	0.931026857108955	1	0.907819053133206	0.980709829197611	0.995977750976488	1	0.99756469737595	0.999993700653303
ENSFCAG00000035450:ARID5B	0	0	0	0	0	0	0	0	0	0.713436675860615	0.928446547612051	0.931028286023376	1	0.907819053133206	0.980709829197611	0.995977750976488	1	0.997564799495301	0.999993700653303
ENSFCAG00000010557:SMC3	0	0	0	0	0	0	0	0	0	0.723841114554315	0.895715348994497	0.931452335261708	1	0.907819053133206	0.980709829197611	0.995977750976488	1	0.997595007882146	0.999993700653303
ENSFCAG00000011119:LATS2	0	0	0	0	0	0	0	0	0	0.715035223591417	0.928045335110687	0.931716593080723	1	0.907819053133206	0.980709829197611	0.995977750976488	1	0.997613735416507	0.999993700653303
ENSFCAG00000006634:LRIG3	0	0	0	0	0	0	0	0	0	0.717531227146159	0.920752987828694	0.93203662654037	1	0.907819053133206	0.980709829197611	0.995977750976488	1	0.997636315335931	0.999993700653303
ENSFCAG00000028588:JAK2	0	0	0	0	0	0	0	0	0	0.721772549051001	0.906904230617904	0.932172537969093	1	0.907819053133206	0.980709829197611	0.995977750976488	1	0.997645871303653	0.999993700653303
ENSFCAG00000013185:SETD1B	0	0	0	0	0	0	0	0	0	0.717112172612471	0.924167476961619	0.932237440549773	1	0.907819053133206	0.980709829197611	0.995977750976488	1	0.997650427629872	0.999993700653303
ENSFCAG00000012287:MAML2	0	0	0	0	0	0	0	0	0	0.714927057642011	0.934048893962699	0.932276253085587	1	0.907819053133206	0.980709829197611	0.995977750976488	1	0.997653150209547	0.999993700653303
ENSFCAG00000005686:MSH3	0	0	0	0	0	0	0	0	0	0.720408126293143	0.913271872838739	0.932411418564644	1	0.907819053133206	0.980709829197611	0.995977750976488	1	0.99766261903939	0.999993700653303
ENSFCAG00000013378:ATP1A1	0	0	0	0	0	0	0	0	0	0.720154400782985	0.916861284886949	0.932748121333503	1	0.907819053133206	0.980709829197611	0.995977750976488	1	0.99768612109211	0.999993700653303
ENSFCAG00000018250:LIFR	0	0	0	0	0	0	0	0	0	0.723033281247694	0.907327010790614	0.932788085087744	1	0.907819053133206	0.980709829197611	0.995977750976488	1	0.997688902515802	0.999993700653303
ENSFCAG00000023857:LATS1	0	0	0	0	0	0	0	0	0	0.719664894232846	0.919749471131586	0.93287739848214	1	0.907819053133206	0.980709829197611	0.995977750976488	1	0.997695112419297	0.999993700653303
ENSFCAG00000029436:TET2	0	0	0	0	0	0	0	0	0	0.717635352080179	0.929574603086966	0.933056254566854	1	0.907819053133206	0.980709829197611	0.995977750976488	1	0.997707522462489	0.999993700653303
ENSFCAG00000026305:PIK3CD	0	0	0	0	0	0	0	0	0	0.723060458676245	0.91082120324589	0.933269718415022	1	0.907819053133206	0.980709829197611	0.995977750976488	1	0.997722288910595	0.999993700653303
ENSFCAG00000009141:PDGFRA	0	0	0	0	0	0	0	0	0	0.722295923322799	0.914420051508938	0.933396397582126	1	0.907819053133206	0.980709829197611	0.995977750976488	1	0.997731028907559	0.999993700653303
ENSFCAG00000004554:PIK3CG	0	0	0	0	0	0	0	0	0	0.721450451921187	0.922746245047314	0.934022255118554	1	0.907819053133206	0.980709829197611	0.995977750976488	1	0.99777395655213	0.999993700653303
ENSFCAG00000009719:PTK7	0	0	0	0	0	0	0	0	0	0.724213988038498	0.913151900936061	0.934081081490486	1	0.907819053133206	0.980709829197611	0.995977750976488	1	0.997777969894472	0.999993700653303
ENSFCAG00000018496:SMARCA1	0	0	0	0	0	0	0	0	0	0.727816978628781	0.902138977150381	0.934147166964292	1	0.907819053133206	0.980709829197611	0.995977750976488	1	0.997782474059625	0.999993700653303
ENSFCAG00000008249:KDM4C	0	0	0	0	0	0	0	0	0	0.725555791689982	0.910714866126491	0.934351834490041	1	0.907819053133206	0.980709829197611	0.995977750976488	1	0.997796393855611	0.999993700653303
ENSFCAG00000010283:MIB1	0	0	0	0	0	0	0	0	0	0.725606686608546	0.912729584482117	0.934637272173944	1	0.907819053133206	0.980709829197611	0.995977750976488	1	0.997815732111529	0.999993700653303
ENSFCAG00000028243:MAP3K13	0	0	0	0	0	0	0	0	0	0.723946250230863	0.919925847585317	0.934799113357557	1	0.907819053133206	0.980709829197611	0.995977750976488	1	0.997826658041311	0.999993700653303
ENSFCAG00000022711:EPHA5	0	0	0	0	0	0	0	0	0	0.72484171426306	0.918146110371244	0.934979744355364	1	0.907819053133206	0.980709829197611	0.995977750976488	1	0.997838819387417	0.999993700653303
ENSFCAG00000007143:TLL2	0	0	0	0	0	0	0	0	0	0.726814816412109	0.913037140730973	0.935203975941201	1	0.907819053133206	0.980709829197611	0.995977750976488	1	0.997853867683673	0.999993700653303
ENSFCAG00000002828:PIK3CB	0	0	0	0	0	0	0	0	0	0.72985637978871	0.905028557061298	0.935439833603885	1	0.907819053133206	0.980709829197611	0.995977750976488	1	0.997869638195061	0.999993700653303
ENSFCAG00000004802:MRTFA	0	0	0	0	0	0	0	0	0	0.724215807757059	0.926068736039582	0.935616942785588	1	0.907819053133206	0.980709829197611	0.995977750976488	1	0.997881441422128	0.999993700653303
ENSFCAG00000013913:INPP4A	1	0	0	0	0	0	0	0	0	0.728886409542777	0.914340822349599	0.936268836621202	1	0.907819053133206	0.980709829197611	0.995977750976488	1	0.997924597341541	0.999993700653303
ENSFCAG00000002822:SALL4	0	0	0	0	0	0	0	0	0	0.72149705005873	0.945680724923335	0.936269367516562	1	0.907819053133206	0.980709829197611	0.995977750976488	1	0.997924632302244	0.999993700653303
ENSFCAG00000004825:RASA1	0	0	0	0	0	0	0	0	0	0.730241025052644	0.910005512312711	0.936287727844741	1	0.907819053133206	0.980709829197611	0.995977750976488	1	0.997925841187619	0.999993700653303
ENSFCAG00000028208:RBM15	0	0	0	0	0	0	0	0	0	0.724270658489912	0.937385707468514	0.936782789598124	1	0.907819053133206	0.980709829197611	0.995977750976488	1	0.997958301456066	0.999993700653303
ENSFCAG00000013369:RABEP1	0	0	0	0	0	0	0	0	0	0.732087617680224	0.90851222744213	0.93687667496085	1	0.907819053133206	0.980709829197611	0.995977750976488	1	0.997964427826129	0.999993700653303
ENSFCAG00000025193:USP8	0	0	0	0	0	0	0	0	0	0.730869860701077	0.913015912105829	0.936952583336611	1	0.907819053133206	0.980709829197611	0.995977750976488	1	0.99796937425212	0.999993700653303
ENSFCAG00000007533:PPFIBP1	0	0	0	0	0	0	0	0	0	0.732852939395631	0.908491084517587	0.937199530193424	1	0.907819053133206	0.980709829197611	0.995977750976488	1	0.997985423533909	0.999993700653303
ENSFCAG00000002702:XPO1	0	0	0	0	0	0	0	0	0	0.733682871724585	0.906960044217809	0.937341782587998	1	0.907819053133206	0.980709829197611	0.995977750976488	1	0.997994639097133	0.999993700653303
ENSFCAG00000010549:SNCAIP	0	0	0	0	0	0	0	0	0	0.727620058189843	0.929171003086227	0.937438571307615	1	0.907819053133206	0.980709829197611	0.995977750976488	1	0.998000897036942	0.999993700653303
ENSFCAG00000006852:EPHB4	0	0	0	0	0	0	0	0	0	0.730197618372321	0.919817842239589	0.937507052072978	1	0.907819053133206	0.980709829197611	0.995977750976488	1	0.99800531867031	0.999993700653303
ENSFCAG00000008085:MERTK	0	0	0	0	0	0	0	0	0	0.731816642369647	0.915584217486485	0.937684172691658	1	0.907819053133206	0.980709829197611	0.995977750976488	1	0.998016731710368	0.999993700653303
ENSFCAG00000029845:ZNF217	0	0	0	0	0	0	0	0	0	0.725597027252835	0.943531594820101	0.937906822514212	1	0.907819053133206	0.980709829197611	0.995977750976488	1	0.998031031033573	0.999993700653303
ENSFCAG00000046155:REST	0	0	0	0	0	0	0	0	0	0.728133772276639	0.931602744300206	0.937912314682471	1	0.907819053133206	0.980709829197611	0.995977750976488	1	0.998031383091133	0.999993700653303
ENSFCAG00000001242:NFKB2	0	0	0	0	0	0	0	0	0	0.730176420957887	0.92376222329737	0.937955205305715	1	0.907819053133206	0.980709829197611	0.995977750976488	1	0.998034131348603	0.999993700653303
ENSFCAG00000010530:DDR1	0	0	0	0	0	0	0	0	0	0.73127902239345	0.920341081258819	0.938033142292171	1	0.907819053133206	0.980709829197611	0.995977750976488	1	0.998039120215252	0.999993700653303
ENSFCAG00000004539:FLT3	0	0	0	0	0	0	0	0	0	0.733869634756375	0.912343486440382	0.938143414010329	1	0.907819053133206	0.980709829197611	0.995977750976488	1	0.998046167815491	0.999993700653303
ENSFCAG00000015377:EML4	0	0	0	0	0	0	0	0	0	0.73571757721339	0.908244128852276	0.938376498204623	1	0.907819053133206	0.980709829197611	0.995977750976488	1	0.998061021859155	0.999993700653303
ENSFCAG00000012184:NOD1	0	0	0	0	0	0	0	0	0	0.729379271599404	0.931945728389213	0.938486304668614	1	0.907819053133206	0.980709829197611	0.995977750976488	1	0.998067999568013	0.999993700653303
ENSFCAG00000005777:PARP1	0	0	0	0	0	0	0	0	0	0.73343192918815	0.916676081849209	0.938507894650988	1	0.907819053133206	0.980709829197611	0.995977750976488	1	0.998069370003228	0.999993700653303
ENSFCAG00000013582:PCSK7	0	0	0	0	0	0	0	0	0	0.731793676749753	0.9237402379954	0.938646418471325	1	0.907819053133206	0.980709829197611	0.995977750976488	1	0.998078151057927	0.999993700653303
ENSFCAG00000003112:KIT	0	0	0	0	0	0	0	0	0	0.734040651150942	0.918495013200491	0.938988624475366	1	0.907819053133206	0.980709829197611	0.995977750976488	1	0.99809975594552	0.999993700653303
ENSFCAG00000001865:XPC	0	0	0	0	0	0	0	0	0	0.734553073895527	0.918790418958686	0.939241165456704	1	0.907819053133206	0.980709829197611	0.995977750976488	1	0.998115619926346	0.999993700653303
ENSFCAG00000000544:EPHB1	0	0	0	0	0	0	0	0	0	0.732666558555704	0.926423245705107	0.93931727359288	1	0.907819053133206	0.980709829197611	0.995977750976488	1	0.998120387529191	0.999993700653303
ENSFCAG00000031292:ATXN7	0	0	0	0	0	0	0	0	0	0.73127460521214	0.934590655881759	0.939563754564874	1	0.907819053133206	0.980709829197611	0.995977750976488	1	0.998135785388154	0.999993700653303
ENSFCAG00000013850:MAP3K14	0	0	0	0	0	0	0	0	0	0.735816076938154	0.918229163377027	0.939705814759307	1	0.907819053133206	0.980709829197611	0.995977750976488	1	0.998144630625112	0.999993700653303
ENSFCAG00000018481:EPHA7	0	0	0	0	0	0	0	0	0	0.736878421728908	0.917090129270285	0.940012277938488	1	0.907819053133206	0.980709829197611	0.995977750976488	1	0.998163639117218	0.999993700653303
ENSFCAG00000002273:KSR2	0	0	0	0	0	0	0	0	0	0.736191261532041	0.919761123180861	0.940047985734951	1	0.907819053133206	0.980709829197611	0.995977750976488	1	0.998165847406942	0.999993700653303
ENSFCAG00000008289:SND1	0	0	0	0	0	0	0	0	0	0.739301437461135	0.912016799335306	0.940376819178468	1	0.907819053133206	0.980709829197611	0.995977750976488	1	0.998186119815861	0.999993700653303
ENSFCAG00000044847:BCL11B	0	0	0	0	0	0	0	0	0	0.729858758218385	0.953241829645634	0.940503830525897	1	0.907819053133206	0.980709829197611	0.995977750976488	1	0.998193919212273	0.999993700653303
ENSFCAG00000007090:FBXO11	0	0	0	0	0	0	0	0	0	0.739363581848276	0.914151082061889	0.940678790617419	1	0.907819053133206	0.980709829197611	0.995977750976488	1	0.998204634914114	0.999993700653303
ENSFCAG00000014215:ECT2L	0	0	0	0	0	0	0	0	0	0.742096228532169	0.906547277292764	0.940789073789114	1	0.907819053133206	0.980709829197611	0.995977750976488	1	0.998211372656769	0.999993700653303
ENSFCAG00000006093:FES	0	0	0	0	0	0	0	0	0	0.739303672584214	0.917777071470107	0.941107598321749	1	0.907819053133206	0.980709829197611	0.995977750976488	1	0.998230760305078	0.999993700653303
ENSFCAG00000041663:PGR	1	0	0	0	0	0	0	0	0	0.73675814256252	0.933524047141272	0.941786595576751	1	0.907819053133206	0.980709829197611	0.995977750976488	1	0.998271729060441	0.999993700653303
ENSFCAG00000018470:BRIP1	0	0	0	0	0	0	0	0	0	0.742250798838864	0.913604981597351	0.941798699847909	1	0.907819053133206	0.980709829197611	0.995977750976488	1	0.998272454955372	0.999993700653303
ENSFCAG00000024012:GRM3	0	0	0	0	0	0	0	0	0	0.737339237978226	0.932370609230485	0.941915316398552	1	0.907819053133206	0.980709829197611	0.995977750976488	1	0.998279440498136	0.999993700653303
ENSFCAG00000002617:GTF2I	0	0	0	0	0	0	0	0	0	0.74488908159101	0.906916297052434	0.941977995824928	1	0.907819053133206	0.980709829197611	0.995977750976488	1	0.998283189143682	0.999993700653303
ENSFCAG00000003098:PML	0	0	0	0	0	0	0	0	0	0.737110474018871	0.934292089094448	0.942009859265992	1	0.907819053133206	0.980709829197611	0.995977750976488	1	0.998285093189831	0.999993700653303
ENSFCAG00000006091:FURIN	0	0	0	0	0	0	0	0	0	0.740182131226426	0.922753068427988	0.942062193529584	1	0.907819053133206	0.980709829197611	0.995977750976488	1	0.998288218160854	0.999993700653303
ENSFCAG00000024008:EPHA3	0	0	0	0	0	0	0	0	0	0.740292759023699	0.923771073418732	0.942224262099475	1	0.907819053133206	0.980709829197611	0.995977750976488	1	0.998297877118731	0.999993700653303
ENSFCAG00000005052:VAV1	0	0	0	0	0	0	0	0	0	0.745457652679063	0.908396442893924	0.942412128704842	1	0.907819053133206	0.980709829197611	0.995977750976488	1	0.998309038701349	0.999993700653303
ENSFCAG00000024529:RB1	0	0	0	0	0	0	0	0	0	0.744842354339764	0.910374482032602	0.942430697859514	1	0.907819053133206	0.980709829197611	0.995977750976488	1	0.99831013990318	0.999993700653303
ENSFCAG00000012620:TYRO3	0	0	0	0	0	0	0	0	0	0.743654424002507	0.914593813287181	0.942498933177908	1	0.907819053133206	0.980709829197611	0.995977750976488	1	0.998314183302398	0.999993700653303
ENSFCAG00000008506:CYLD	0	0	0	0	0	0	0	0	0	0.742424322205131	0.91875970941395	0.942513884448316	1	0.907819053133206	0.980709829197611	0.995977750976488	1	0.998315068605392	0.999993700653303
ENSFCAG00000004050:ERCC4	0	0	0	0	0	0	0	0	0	0.741149467426285	0.92422192206426	0.942628968166946	1	0.907819053133206	0.980709829197611	0.995977750976488	1	0.998321875068428	0.999993700653303
ENSFCAG00000007325:AR	0	0	0	0	0	0	0	0	0	0.740363538510513	0.929359706988351	0.942864532241636	1	0.907819053133206	0.980709829197611	0.995977750976488	1	0.998335763359174	0.999993700653303
ENSFCAG00000000947:NFATC2	0	0	0	0	0	0	0	0	0	0.73873021678227	0.937132635899227	0.942958408637511	1	0.907819053133206	0.980709829197611	0.995977750976488	1	0.998341281684269	0.999993700653303
ENSFCAG00000027650:EPS15	0	0	0	0	0	0	0	0	0	0.743815050016543	0.919825415093981	0.943210428770071	1	0.907819053133206	0.980709829197611	0.995977750976488	1	0.998356049933467	0.999993700653303
ENSFCAG00000014491:PRKD1	0	0	0	0	0	0	0	0	0	0.744495777226764	0.918179948382243	0.94328861000094	1	0.907819053133206	0.980709829197611	0.995977750976488	1	0.998360617627313	0.999993700653303
ENSFCAG00000024269:KIF5B	0	0	0	0	0	0	0	0	0	0.745811757596286	0.914488659791584	0.943360798447421	1	0.907819053133206	0.980709829197611	0.995977750976488	1	0.998364829442354	0.999993700653303
ENSFCAG00000026268:INPP4B	0	0	0	0	0	0	0	0	0	0.74525010500774	0.917246494464756	0.943479989448891	1	0.907819053133206	0.980709829197611	0.995977750976488	1	0.998371771518601	0.999993700653303
ENSFCAG00000028493:DIS3	0	0	0	0	0	0	0	0	0	0.745327404546884	0.917917069543629	0.943593782897822	1	0.907819053133206	0.980709829197611	0.995977750976488	1	0.998378385173427	0.999993700653303
ENSFCAG00000030995:AXL	0	0	0	0	0	0	0	0	0	0.746735537500229	0.914021775950216	0.943673453342049	1	0.907819053133206	0.980709829197611	0.995977750976488	1	0.998383007437879	0.999993700653303
ENSFCAG00000011529:VAV2	0	0	0	0	0	0	0	0	0	0.748360258081338	0.909640741163006	0.943747631232417	1	0.907819053133206	0.980709829197611	0.995977750976488	1	0.998387304992487	0.999993700653303
ENSFCAG00000008459:PMS2	0	0	0	0	0	0	0	0	0	0.741810425779268	0.932609343205856	0.943795410616315	1	0.907819053133206	0.980709829197611	0.995977750976488	1	0.998390070041582	0.999993700653303
ENSFCAG00000013612:FGFR1	0	0	0	0	0	0	0	0	0	0.745208806027349	0.922335508452895	0.944072418242845	1	0.907819053133206	0.980709829197611	0.995977750976488	1	0.998406053139189	0.999993700653303
ENSFCAG00000001719:CTNNA1	0	0	0	0	0	0	0	0	0	0.744698439785703	0.925892789246666	0.944268025595847	1	0.907819053133206	0.980709829197611	0.995977750976488	1	0.998417290549052	0.999993700653303
ENSFCAG00000045383:CDH1	0	0	0	0	0	0	0	0	0	0.744205797909739	0.929245025081776	0.944429717932206	1	0.907819053133206	0.980709829197611	0.995977750976488	1	0.998426548989945	0.999993700653303
ENSFCAG00000006348:TRAF7	0	0	0	0	0	0	0	0	0	0.745821666187664	0.925385097474342	0.944667079417845	1	0.907819053133206	0.980709829197611	0.995977750976488	1	0.998440090071848	0.999993700653303
ENSFCAG00000015643:AXIN1	0	0	0	0	0	0	0	0	0	0.7448350097456	0.92930919910449	0.944692457752481	1	0.907819053133206	0.980709829197611	0.995977750976488	1	0.998441534334553	0.999993700653303
ENSFCAG00000014571:STAT6	0	0	0	0	0	0	0	0	0	0.748405741400187	0.917346340441642	0.944762217403384	1	0.907819053133206	0.980709829197611	0.995977750976488	1	0.998445500793313	0.999993700653303
ENSFCAG00000014965:NTRK3	0	0	0	0	0	0	0	0	0	0.747005212469748	0.923568506984462	0.944939790432988	1	0.907819053133206	0.980709829197611	0.995977750976488	1	0.998455574162032	0.999993700653303
ENSFCAG00000007779:DNMT3B	0	0	0	0	0	0	0	0	0	0.748541063514886	0.918800404981307	0.944994353117016	1	0.907819053133206	0.980709829197611	0.995977750976488	1	0.998458662693506	0.999993700653303
ENSFCAG00000002782:AGO2	0	0	0	0	0	0	0	0	0	0.747357753455982	0.925096625995974	0.94525425304661	1	0.907819053133206	0.980709829197611	0.995977750976488	1	0.998473331140315	0.999993700653303
ENSFCAG00000004892:DNM2	0	0	0	0	0	0	0	0	0	0.747843012842591	0.924353037556238	0.94536549445665	1	0.907819053133206	0.980709829197611	0.995977750976488	1	0.998479587634995	0.999993700653303
ENSFCAG00000000512:RPS6KA4	0	0	0	0	0	0	0	0	0	0.748648258704982	0.924223708129887	0.945673317616834	1	0.907819053133206	0.980709829197611	0.995977750976488	1	0.998496832156506	0.999993700653303
ENSFCAG00000013448:MSH2	0	0	0	0	0	0	0	0	0	0.749951747483321	0.919987261162432	0.945699600582926	1	0.907819053133206	0.980709829197611	0.995977750976488	1	0.998498299907812	0.999993700653303
ENSFCAG00000016224:FGFR4	0	0	0	0	0	0	0	0	0	0.748960547587108	0.925240954662785	0.945912505303032	1	0.907819053133206	0.980709829197611	0.995977750976488	1	0.998510162480014	0.999993700653303
ENSFCAG00000000746:AGO1	0	0	0	0	0	0	0	0	0	0.750127459070783	0.92155977148955	0.945955712608807	1	0.907819053133206	0.980709829197611	0.995977750976488	1	0.998512564044241	0.999993700653303
ENSFCAG00000013269:CSF3R	0	0	0	0	0	0	0	0	0	0.750917778727083	0.918956042812719	0.945958523103969	1	0.907819053133206	0.980709829197611	0.995977750976488	1	0.998512720189846	0.999993700653303
ENSFCAG00000027154:BCL11A	0	0	0	0	0	0	0	0	0	0.74445046374881	0.946731663587354	0.946146002596407	1	0.907819053133206	0.980709829197611	0.995977750976488	1	0.998523117327602	0.999993700653303
ENSFCAG00000009081:NTRK2	0	0	0	0	0	0	0	0	0	0.750603163625064	0.924003205608352	0.946426667594664	1	0.907819053133206	0.980709829197611	0.995977750976488	1	0.998538612864494	0.999993700653303
ENSFCAG00000022869:PIK3C3	0	0	0	0	0	0	0	0	0	0.754370358917525	0.912433401888611	0.946491237988794	1	0.907819053133206	0.980709829197611	0.995977750976488	1	0.998542166023275	0.999993700653303
ENSFCAG00000003692:FGFR2	0	0	0	0	0	0	0	0	0	0.750951570208243	0.924919113754923	0.946668210449021	1	0.907819053133206	0.980709829197611	0.995977750976488	1	0.998551881825992	0.999993700653303
ENSFCAG00000008901:BACH2	0	0	0	0	0	0	0	0	0	0.747254515648294	0.940542641238045	0.946761916834134	1	0.907819053133206	0.980709829197611	0.995977750976488	1	0.998557012917264	0.999993700653303
ENSFCAG00000018385:FGFR3	0	0	0	0	0	0	0	0	0	0.75085825790411	0.927308476474955	0.946895277065005	1	0.907819053133206	0.980709829197611	0.995977750976488	1	0.998564299346715	0.999993700653303
ENSFCAG00000015491:PMS1	0	0	0	0	0	0	0	0	0	0.752095073268017	0.924082661562132	0.947025480489068	1	0.907819053133206	0.980709829197611	0.995977750976488	1	0.998571395176322	0.999993700653303
ENSFCAG00000013629:EPAS1	1	0	0	0	0	0	0	0	0	0.750968077624842	0.928166224657282	0.947031483451393	1	0.907819053133206	0.980709829197611	0.995977750976488	1	0.998571721894211	0.999993700653303
ENSFCAG00000026102:AXIN2	0	0	0	0	0	0	0	0	0	0.74967552905684	0.933452413654856	0.947064720249554	1	0.907819053133206	0.980709829197611	0.995977750976488	1	0.998573530155284	0.999993700653303
ENSFCAG00000013987:MALT1	0	0	0	0	0	0	0	0	0	0.753170877993298	0.922091033082444	0.947219159464939	1	0.907819053133206	0.980709829197611	0.995977750976488	1	0.998581917179877	0.999993700653303
ENSFCAG00000006913:NTRK1	0	0	0	0	0	0	0	0	0	0.751606795349766	0.928001352448681	0.947266432979699	1	0.907819053133206	0.980709829197611	0.995977750976488	1	0.998584479396537	0.999993700653303
ENSFCAG00000010859:IL6ST	0	0	0	0	0	0	0	0	0	0.754742719023451	0.917854428747062	0.947325655002011	1	0.907819053133206	0.980709829197611	0.995977750976488	1	0.998587685891348	0.999993700653303
ENSFCAG00000008145:CUL3	0	0	0	0	0	0	0	0	0	0.755963796164006	0.91683056709269	0.947673090512736	1	0.907819053133206	0.980709829197611	0.995977750976488	1	0.998606422744351	0.999993700653303
ENSFCAG00000014971:CBFA2T3	0	0	0	0	0	0	0	0	0	0.75124935006219	0.933559269164394	0.947700468755952	1	0.907819053133206	0.980709829197611	0.995977750976488	1	0.998607893811105	0.999993700653303
ENSFCAG00000013487:GPHN	0	0	0	0	0	0	0	0	0	0.754636907299958	0.922380527832816	0.947826148199147	1	0.907819053133206	0.980709829197611	0.995977750976488	1	0.998614636573965	0.999993700653303
ENSFCAG00000008898:CD22	0	0	0	0	0	0	0	0	0	0.755056798817731	0.922628704043406	0.948018512017916	1	0.907819053133206	0.980709829197611	0.995977750976488	1	0.998624924712696	0.999993700653303
ENSFCAG00000005630:BRSK1	0	0	0	0	0	0	0	0	0	0.754548141252254	0.924376912481243	0.948020681912181	1	0.907819053133206	0.980709829197611	0.995977750976488	1	0.99862504054188	0.999993700653303
ENSFCAG00000007246:DDX10	0	0	0	0	0	0	0	0	0	0.755511797999193	0.921198578554473	0.948028046524437	1	0.907819053133206	0.980709829197611	0.995977750976488	1	0.998625433628621	0.999993700653303
ENSFCAG00000005619:EXT2	0	0	0	0	0	0	0	0	0	0.756168733317532	0.919133000876222	0.948035586349062	1	0.907819053133206	0.980709829197611	0.995977750976488	1	0.998625836008068	0.999993700653303
ENSFCAG00000002153:STAT5A	0	0	0	0	0	0	0	0	0	0.757287628645479	0.918149752666388	0.94834776862491	1	0.907819053133206	0.980709829197611	0.995977750976488	1	0.998642443671285	0.999993700653303
ENSFCAG00000027384:ARID3A	0	0	0	0	0	0	0	0	0	0.753007086133304	0.933459417285107	0.94838389633278	1	0.907819053133206	0.980709829197611	0.995977750976488	1	0.998644358979983	0.999993700653303
ENSFCAG00000008675:NUP93	0	0	0	0	0	0	0	0	0	0.756012434139292	0.922649441273721	0.948392065718174	1	0.907819053133206	0.980709829197611	0.995977750976488	1	0.998644791888768	0.999993700653303
ENSFCAG00000002679:ERCC2	0	0	0	0	0	0	0	0	0	0.756994751464623	0.920908465510573	0.948567797433793	1	0.907819053133206	0.980709829197611	0.995977750976488	1	0.998654087156241	0.999993700653303
ENSFCAG00000013131:EZH1	0	0	0	0	0	0	0	0	0	0.757931401860171	0.918960379043189	0.948694523693789	1	0.907819053133206	0.980709829197611	0.995977750976488	1	0.998660770093165	0.999993700653303
ENSFCAG00000012236:MEN1	0	0	0	0	0	0	0	0	0	0.754266722739142	0.93211595659791	0.948742443489909	1	0.907819053133206	0.980709829197611	0.995977750976488	1	0.998663292743129	0.999993700653303
ENSFCAG00000012847:BRAF	0	0	0	0	0	0	0	0	0	0.757169949377952	0.92354459803426	0.94894285106415	1	0.907819053133206	0.980709829197611	0.995977750976488	1	0.998673816606784	0.999993700653303
ENSFCAG00000013266:SMAD2	0	0	0	0	0	0	0	0	0	0.753103314940436	0.939640797852229	0.949008607028236	1	0.907819053133206	0.980709829197611	0.995977750976488	1	0.99867726038183	0.999993700653303
ENSFCAG00000026219:ETAA1	0	0	0	0	0	0	0	0	0	0.754419372367012	0.935151524938073	0.949103749986981	1	0.907819053133206	0.980709829197611	0.995977750976488	1	0.998682235148826	0.999993700653303
ENSFCAG00000011776:LMNA	0	0	0	0	0	0	0	0	0	0.755364842006401	0.932260255237919	0.949185351043368	1	0.907819053133206	0.980709829197611	0.995977750976488	1	0.998686494248521	0.999993700653303
ENSFCAG00000010119:SNX29	0	0	0	0	0	0	0	0	0	0.758679968793493	0.922157094825839	0.949362826920192	1	0.907819053133206	0.980709829197611	0.995977750976488	1	0.998695733235325	0.999993700653303
ENSFCAG00000044781:ELN	0	0	0	0	0	0	0	0	0	0.759182861116348	0.921392725851246	0.949465581428725	1	0.907819053133206	0.980709829197611	0.995977750976488	1	0.998701067233397	0.999993700653303
ENSFCAG00000006989:ERCC3	0	0	0	0	0	0	0	0	0	0.758618284730071	0.925141434926246	0.949681083677435	1	0.907819053133206	0.980709829197611	0.995977750976488	1	0.998712217863037	0.999993700653303
ENSFCAG00000010755:PRDM1	0	0	0	0	0	0	0	0	0	0.754566826653776	0.943370561538825	0.949908764446299	1	0.907819053133206	0.980709829197611	0.995977750976488	1	0.998723945514904	0.999993700653303
ENSFCAG00000029266:CSDE1	0	0	0	0	0	0	0	0	0	0.759172313349274	0.926938127531465	0.950092684679555	1	0.907819053133206	0.980709829197611	0.995977750976488	1	0.998733379249584	0.999993700653303
ENSFCAG00000040223:TBX3	0	0	0	0	0	0	0	0	0	0.75465737321811	0.948511912497353	0.95036019358424	1	0.907819053133206	0.980709829197611	0.995977750976488	1	0.99874703690845	0.999993700653303
ENSFCAG00000004020:DAXX	0	0	0	0	0	0	0	0	0	0.757811080843353	0.934853352462109	0.950390583803671	1	0.907819053133206	0.980709829197611	0.995977750976488	1	0.998748583716722	0.999993700653303
ENSFCAG00000025772:MST1	0	0	0	0	0	0	0	0	0	0.762215947689278	0.919973694663069	0.950448564565958	1	0.907819053133206	0.980709829197611	0.995977750976488	1	0.998751532139081	0.999993700653303
ENSFCAG00000003644:ARNT	0	0	0	0	0	0	0	0	0	0.762204097091287	0.920683952650929	0.950529135490416	1	0.907819053133206	0.980709829197611	0.995977750976488	1	0.998755623437812	0.999993700653303
ENSFCAG00000003694:TFRC	0	0	0	0	0	0	0	0	0	0.76081954725629	0.925399319946686	0.950550101602848	1	0.907819053133206	0.980709829197611	0.995977750976488	1	0.998756686953009	0.999993700653303
ENSFCAG00000028112:STAT5B	0	0	0	0	0	0	0	0	0	0.763637810566413	0.917270209102578	0.950652539548791	1	0.907819053133206	0.980709829197611	0.995977750976488	1	0.998761876513242	0.999993700653303
ENSFCAG00000002154:STAT3	0	0	0	0	0	0	0	0	0	0.765380080077699	0.913957130495557	0.950882366393135	1	0.907819053133206	0.980709829197611	0.995977750976488	1	0.99877347950022	0.999993700653303
ENSFCAG00000013696:IKBKB	0	0	0	0	0	0	0	0	0	0.765825489265385	0.914158502681125	0.951073877235725	1	0.907819053133206	0.980709829197611	0.995977750976488	1	0.99878310564408	0.999993700653303
ENSFCAG00000014042:CNOT3	0	0	0	0	0	0	0	0	0	0.761675183734625	0.927303191356106	0.951085140833741	1	0.907819053133206	0.980709829197611	0.995977750976488	1	0.998783670599284	0.999993700653303
ENSFCAG00000006882:ZNF384	0	0	0	0	0	0	0	0	0	0.759277752846951	0.936889159298612	0.951149603673153	1	0.907819053133206	0.980709829197611	0.995977750976488	1	0.998786901335262	0.999993700653303
ENSFCAG00000008135:TNFAIP3	0	0	0	0	0	0	0	0	0	0.760125103779126	0.936161073197701	0.951404066103629	1	0.907819053133206	0.980709829197611	0.995977750976488	1	0.998799611775156	0.999993700653303
ENSFCAG00000025327:GMPS	0	0	0	0	0	0	0	0	0	0.762239957610416	0.928697697425925	0.951449509329645	1	0.907819053133206	0.980709829197611	0.995977750976488	1	0.998801874508776	0.999993700653303
ENSFCAG00000012784:STRN	0	0	0	0	0	0	0	0	0	0.763909836888017	0.923495602576366	0.951499839493181	1	0.907819053133206	0.980709829197611	0.995977750976488	1	0.9988043780423	0.999993700653303
ENSFCAG00000003427:HIF1A	0	0	0	0	0	0	0	0	0	0.763934823819069	0.927451723404583	0.951952508654365	1	0.907819053133206	0.980709829197611	0.995977750976488	1	0.998826775174133	0.999993700653303
ENSFCAG00000003444:RAD54L	0	0	0	0	0	0	0	0	0	0.765189438767706	0.924018102232055	0.952037896548272	1	0.907819053133206	0.980709829197611	0.995977750976488	1	0.998830975855809	0.999993700653303
ENSFCAG00000025491:ELP2	1	0	0	0	0	0	0	0	0	0.768101146718884	0.915420513319621	0.952076217067533	1	0.907819053133206	0.980709829197611	0.995977750976488	1	0.998832858554892	0.999993700653303
ENSFCAG00000015184:ALOX12B	0	0	0	0	0	0	0	0	0	0.765096603429548	0.925064484257027	0.952122075209195	1	0.907819053133206	0.980709829197611	0.995977750976488	1	0.998835109552431	0.999993700653303
ENSFCAG00000023466:POT1	0	0	0	0	0	0	0	0	0	0.766074871175199	0.922788658342203	0.95222546940952	1	0.907819053133206	0.980709829197611	0.995977750976488	1	0.998840176667216	0.999993700653303
ENSFCAG00000025031:HOOK3	0	0	0	0	0	0	0	0	0	0.770835049478422	0.90995675126944	0.952355153269349	1	0.907819053133206	0.980709829197611	0.995977750976488	1	0.998846516307128	0.999993700653303
ENSFCAG00000010312:BARD1	0	0	0	0	0	0	0	0	0	0.76312526296111	0.934865359159201	0.95241548818169	1	0.907819053133206	0.980709829197611	0.995977750976488	1	0.998849459780676	0.999993700653303
ENSFCAG00000000620:FBXW7	0	0	0	0	0	0	0	0	0	0.767204228672967	0.92133302964537	0.95247273854746	1	0.907819053133206	0.980709829197611	0.995977750976488	1	0.998852249238766	0.999993700653303
ENSFCAG00000018634:STAT4	0	0	0	0	0	0	0	0	0	0.769125857314436	0.917002954678319	0.952651751124197	1	0.907819053133206	0.980709829197611	0.995977750976488	1	0.998860949218969	0.999993700653303
ENSFCAG00000026883:PIK3R2	0	0	0	0	0	0	0	0	0	0.76585828377482	0.927283496164215	0.952652072557402	1	0.907819053133206	0.980709829197611	0.995977750976488	1	0.99886096481031	0.999993700653303
ENSFCAG00000000814:HSP90AA1	0	0	0	0	0	0	0	0	0	0.76533556072574	0.929958457567938	0.952744774544047	1	0.907819053133206	0.980709829197611	0.995977750976488	1	0.998865456858925	0.999993700653303
ENSFCAG00000024456:MDM2	0	0	0	0	0	0	0	0	0	0.765397484325713	0.92988125515717	0.952759708808678	1	0.907819053133206	0.980709829197611	0.995977750976488	1	0.998866179683104	0.999993700653303
ENSFCAG00000001812:MYB	0	0	0	0	0	0	0	0	0	0.766978439012344	0.925370224245327	0.952855199662454	1	0.907819053133206	0.980709829197611	0.995977750976488	1	0.998870795943771	0.999993700653303
ENSFCAG00000042984:EXT1	0	0	0	0	0	0	0	0	0	0.767213698397461	0.924900085408962	0.952889155262612	1	0.907819053133206	0.980709829197611	0.995977750976488	1	0.998872435133759	0.999993700653303
ENSFCAG00000015711:BAP1	0	0	0	0	0	0	0	0	0	0.766277801908871	0.928632575990122	0.952954107925532	1	0.907819053133206	0.980709829197611	0.995977750976488	1	0.99887556732084	0.999993700653303
ENSFCAG00000042003:ASPSCR1	0	0	0	0	0	0	0	0	0	0.764730708216898	0.935044726761471	0.95303530638281	1	0.907819053133206	0.980709829197611	0.995977750976488	1	0.998879476696041	0.999993700653303
ENSFCAG00000009125:ARHGAP26	0	0	0	0	0	0	0	0	0	0.768494024936215	0.923676375562671	0.953221157704015	1	0.907819053133206	0.980709829197611	0.995977750976488	1	0.998888398642931	0.999993700653303
ENSFCAG00000013778:IKBKE	0	0	0	0	0	0	0	0	0	0.76919222248994	0.923439010693523	0.953449808057928	1	0.907819053133206	0.980709829197611	0.995977750976488	1	0.998899325480126	0.999993700653303
ENSFCAG00000003928:NCSTN	0	0	0	0	0	0	0	0	0	0.768512893498901	0.926190273454175	0.953512339342852	1	0.907819053133206	0.980709829197611	0.995977750976488	1	0.998902304201881	0.999993700653303
ENSFCAG00000007469:GOLGA5	0	0	0	0	0	0	0	0	0	0.768124509639336	0.928294604541531	0.953600132973018	1	0.907819053133206	0.980709829197611	0.995977750976488	1	0.998906479392784	0.999993700653303
ENSFCAG00000011809:ACSL3	0	0	0	0	0	0	0	0	0	0.767840013404622	0.93045972679108	0.953725591600973	1	0.907819053133206	0.980709829197611	0.995977750976488	1	0.998912431785485	0.999993700653303
ENSFCAG00000022073:DTX1	0	0	0	0	0	0	0	0	0	0.765463245755711	0.941532959446595	0.953910830738397	1	0.907819053133206	0.980709829197611	0.995977750976488	1	0.998921190296019	0.999993700653303
ENSFCAG00000004243:EWSR1	0	0	0	0	0	0	0	0	0	0.768874914279577	0.929311676102814	0.953984907981539	1	0.907819053133206	0.980709829197611	0.995977750976488	1	0.998924682760507	0.999993700653303
ENSFCAG00000006532:GTSE1	0	0	0	0	0	0	0	0	0	0.766120271223254	0.93993601159473	0.954013115832598	1	0.907819053133206	0.980709829197611	0.995977750976488	1	0.998926011142775	0.999993700653303
ENSFCAG00000006810:BCL6	0	0	0	0	0	0	0	0	0	0.765010245088187	0.945354936339238	0.954066693136668	1	0.907819053133206	0.980709829197611	0.995977750976488	1	0.998928531943141	0.999993700653303
ENSFCAG00000002630:PPM1F	0	0	0	0	0	0	0	0	0	0.769151316945805	0.929298105947624	0.954084794059524	1	0.907819053133206	0.980709829197611	0.995977750976488	1	0.998929382907616	0.999993700653303
ENSFCAG00000029123:PICALM	0	0	0	0	0	0	0	0	0	0.769312383749909	0.930320495860077	0.954251893051118	1	0.907819053133206	0.980709829197611	0.995977750976488	1	0.998937222384149	0.999993700653303
ENSFCAG00000005710:BRD3	0	0	0	0	0	0	0	0	0	0.768175282459197	0.934444889458147	0.95425438096721	1	0.907819053133206	0.980709829197611	0.995977750976488	1	0.998937338884055	0.999993700653303
ENSFCAG00000023797:SUZ12	0	0	0	0	0	0	0	0	0	0.769766760918138	0.929099325509289	0.954288765491159	1	0.907819053133206	0.980709829197611	0.995977750976488	1	0.998938948319784	0.999993700653303
ENSFCAG00000014440:COP1	0	0	0	0	0	0	0	0	0	0.770238818688312	0.928797573257215	0.954428746835083	1	0.907819053133206	0.980709829197611	0.995977750976488	1	0.998945487635676	0.999993700653303
ENSFCAG00000030250:CMTR2	0	0	0	0	0	0	0	0	0	0.767544592645315	0.939255369706829	0.954479064062469	1	0.907819053133206	0.980709829197611	0.995977750976488	1	0.998947833219972	0.999993700653303
ENSFCAG00000045924:FBXO31	0	0	0	0	0	0	0	0	0	0.766913014142617	0.942474165876136	0.954531816128815	1	0.907819053133206	0.980709829197611	0.995977750976488	1	0.998950289458337	0.999993700653303
ENSFCAG00000014246:CUL4A	0	0	0	0	0	0	0	0	0	0.772665057694352	0.92242099375721	0.954592870336502	1	0.907819053133206	0.980709829197611	0.995977750976488	1	0.998953128620827	0.999993700653303
ENSFCAG00000042862:SFPQ	0	0	0	0	0	0	0	0	0	0.767970800337772	0.939314395613248	0.954641745971664	1	0.907819053133206	0.980709829197611	0.995977750976488	1	0.998955398637159	0.999993700653303
ENSFCAG00000026205:ZBTB16	0	0	0	0	0	0	0	0	0	0.767354405188759	0.942023565956617	0.954656050208041	1	0.907819053133206	0.980709829197611	0.995977750976488	1	0.998956062520401	0.999993700653303
ENSFCAG00000023514:TCF3	0	0	0	0	0	0	0	0	0	0.770129159136029	0.93155235970281	0.954678619802943	1	0.907819053133206	0.980709829197611	0.995977750976488	1	0.99895710957671	0.999993700653303
ENSFCAG00000011083:TSHR	0	0	0	0	0	0	0	0	0	0.767199153309389	0.943061861304837	0.954688380272757	1	0.907819053133206	0.980709829197611	0.995977750976488	1	0.998957562222471	0.999993700653303
ENSFCAG00000001371:MLH1	0	0	0	0	0	0	0	0	0	0.772410955691226	0.92543603512732	0.954847262397427	1	0.907819053133206	0.980709829197611	0.995977750976488	1	0.998964916413394	0.999993700653303
ENSFCAG00000023059:FOXP1	0	0	0	0	0	0	0	0	0	0.772130366599456	0.927707600771522	0.954997511273109	1	0.907819053133206	0.980709829197611	0.995977750976488	1	0.998971846674813	0.999993700653303
ENSFCAG00000002431:RXRA	0	0	0	0	0	0	0	0	0	0.768042730698665	0.9431847655032	0.955010513924439	1	0.907819053133206	0.980709829197611	0.995977750976488	1	0.998972445313458	0.999993700653303
ENSFCAG00000025219:MRE11	0	0	0	0	0	0	0	0	0	0.774251440470422	0.921953622748749	0.955107573631222	1	0.907819053133206	0.980709829197611	0.995977750976488	1	0.998976908324048	0.999993700653303
ENSFCAG00000006344:CD276	0	0	0	0	0	0	0	0	0	0.769062304353768	0.94055785161067	0.955155666034613	1	0.907819053133206	0.980709829197611	0.995977750976488	1	0.998979116059991	0.999993700653303
ENSFCAG00000009029:TOP1	0	0	0	0	0	0	0	0	0	0.776913410659108	0.915953893027541	0.955319162585736	1	0.907819053133206	0.980709829197611	0.995977750976488	1	0.99898660344492	0.999993700653303
ENSFCAG00000012383:MPEG1	0	0	0	0	0	0	0	0	0	0.768061961101341	0.947113225074025	0.955341900393783	1	0.907819053133206	0.980709829197611	0.995977750976488	1	0.99898764251482	0.999993700653303
ENSFCAG00000031674:TCF12	0	0	0	0	0	0	0	0	0	0.771222155009582	0.934431206858048	0.955367239558224	1	0.907819053133206	0.980709829197611	0.995977750976488	1	0.998988799823635	0.999993700653303
ENSFCAG00000011030:PIK3R1	0	0	0	0	0	0	0	0	0	0.776430918132286	0.917839448085753	0.955385403175604	1	0.907819053133206	0.980709829197611	0.995977750976488	1	0.998989628992085	0.999993700653303
ENSFCAG00000015395:BTK	0	0	0	0	0	0	0	0	0	0.776331857286928	0.918910127992995	0.955482394287421	1	0.907819053133206	0.980709829197611	0.995977750976488	1	0.998994050787571	0.999993700653303
ENSFCAG00000027102:GAB1	0	0	0	0	0	0	0	0	0	0.771933938471253	0.934488009807182	0.955630959231242	1	0.907819053133206	0.980709829197611	0.995977750976488	1	0.999000804728452	0.999993700653303
ENSFCAG00000000765:FOXO1	0	0	0	0	0	0	0	0	0	0.767618502211807	0.953161082937998	0.955631902952635	1	0.907819053133206	0.980709829197611	0.995977750976488	1	0.999000847557334	0.999993700653303
ENSFCAG00000029965:SLC34A2	0	0	0	0	0	0	0	0	0	0.771475080188956	0.936373527910715	0.955648185853783	1	0.907819053133206	0.980709829197611	0.995977750976488	1	0.99900158637703	0.999993700653303
ENSFCAG00000010330:FUBP1	0	0	0	0	0	0	0	0	0	0.774187350389894	0.927116287972742	0.955672775806391	1	0.907819053133206	0.980709829197611	0.995977750976488	1	0.999002701594691	0.999993700653303
ENSFCAG00000003492:CTCF	0	0	0	0	0	0	0	0	0	0.772645840684721	0.933648981569829	0.955804853649762	1	0.907819053133206	0.980709829197611	0.995977750976488	1	0.999008680839281	0.999993700653303
ENSFCAG00000030253:PATZ1	0	0	0	0	0	0	0	0	0	0.769966641186961	0.949343614302632	0.95621527699229	1	0.907819053133206	0.980709829197611	0.995977750976488	1	0.999027144490611	0.999993700653303
ENSFCAG00000030227:FOXO3	0	0	0	0	0	0	0	0	0	0.769093749136027	0.954913512501459	0.956296766993823	1	0.907819053133206	0.980709829197611	0.995977750976488	1	0.999030789505511	0.999993700653303
ENSFCAG00000025339:DDX3X	0	0	0	0	0	0	0	0	0	0.775039367743514	0.932069771421291	0.956503816187789	1	0.907819053133206	0.980709829197611	0.995977750976488	1	0.999040019497793	0.999993700653303
ENSFCAG00000023537:MLLT1	0	0	0	0	0	0	0	0	0	0.773946375720178	0.936278459975048	0.956530799983714	1	0.907819053133206	0.980709829197611	0.995977750976488	1	0.999041219100085	0.999993700653303
ENSFCAG00000005955:PAK5	0	0	0	0	0	0	0	0	0	0.773971048405904	0.937204490744007	0.956628036107985	1	0.907819053133206	0.980709829197611	0.995977750976488	1	0.999045535554009	0.999993700653303
ENSFCAG00000007271:FLYWCH1	0	0	0	0	0	0	0	0	0	0.773407291572225	0.939470678833985	0.956636272091508	1	0.907819053133206	0.980709829197611	0.995977750976488	1	0.999045900707336	0.999993700653303
ENSFCAG00000008744:SEPTIN6	0	0	0	0	0	0	0	0	0	0.77298853007456	0.942206486321654	0.956729533106263	1	0.907819053133206	0.980709829197611	0.995977750976488	1	0.999050030611719	0.999993700653303
ENSFCAG00000015112:MPL	0	0	0	0	0	0	0	0	0	0.778160896198531	0.925666790127072	0.956921446375299	1	0.907819053133206	0.980709829197611	0.995977750976488	1	0.999058500561295	0.999993700653303
ENSFCAG00000024132:TNFRSF11A	0	0	0	0	0	0	0	0	0	0.774686242241934	0.938619019077505	0.957016781116077	1	0.907819053133206	0.980709829197611	0.995977750976488	1	0.999062693780026	0.999993700653303
ENSFCAG00000007992:EZR	0	0	0	0	0	0	0	0	0	0.778181507267298	0.926622764492633	0.957035425132774	1	0.907819053133206	0.980709829197611	0.995977750976488	1	0.999063512711224	0.999993700653303
ENSFCAG00000027069:GATA6	0	0	0	0	0	0	0	0	0	0.772097229966086	0.952402520452293	0.957217308481015	1	0.907819053133206	0.980709829197611	0.995977750976488	1	0.999071482812811	0.999993700653303
ENSFCAG00000007459:GAB2	0	0	0	0	0	0	0	0	0	0.775101074554484	0.93969602087183	0.957263926026407	1	0.907819053133206	0.980709829197611	0.995977750976488	1	0.999073520022412	0.999993700653303
ENSFCAG00000004303:WDCP	0	0	0	0	0	0	0	0	0	0.773543689459613	0.948186373806425	0.95742371567054	1	0.907819053133206	0.980709829197611	0.995977750976488	1	0.99908048568184	0.999993700653303
ENSFCAG00000006991:SRC	0	0	0	0	0	0	0	0	0	0.779163927963968	0.927718038725266	0.957500634973163	1	0.907819053133206	0.980709829197611	0.995977750976488	1	0.999083829291817	0.999993700653303
ENSFCAG00000009752:CRTC1	0	0	0	0	0	0	0	0	0	0.776865500739108	0.936333804252226	0.95757662040277	1	0.907819053133206	0.980709829197611	0.995977750976488	1	0.999087126240094	0.999993700653303
ENSFCAG00000011053:PLK2	0	0	0	0	0	0	0	0	0	0.778064756653098	0.93291345734784	0.957662143235021	1	0.907819053133206	0.980709829197611	0.995977750976488	1	0.999090829796534	0.999993700653303
ENSFCAG00000012781:SHQ1	0	0	0	0	0	0	0	0	0	0.780450104363184	0.927419992347257	0.957916783370243	1	0.907819053133206	0.980709829197611	0.995977750976488	1	0.999101811736768	0.999993700653303
ENSFCAG00000012034:SETDB2	0	0	0	0	0	0	0	0	0	0.779945013382099	0.929697851031589	0.957987003432111	1	0.907819053133206	0.980709829197611	0.995977750976488	1	0.999104828230395	0.999993700653303
ENSFCAG00000000790:TP63	0	0	0	0	0	0	0	0	0	0.777700061630036	0.938012002666102	0.958030839538615	1	0.907819053133206	0.980709829197611	0.995977750976488	1	0.999106708719956	0.999993700653303
ENSFCAG00000018167:TAF15	0	0	0	0	0	0	0	0	0	0.779275925713593	0.933180690911167	0.958114313340086	1	0.907819053133206	0.980709829197611	0.995977750976488	1	0.99911028404861	0.999993700653303
ENSFCAG00000026299:RAF1	0	0	0	0	0	0	0	0	0	0.778936691764577	0.934605005668747	0.958137819331219	1	0.907819053133206	0.980709829197611	0.995977750976488	1	0.999111289538923	0.999993700653303
ENSFCAG00000018774:TCF7L2	0	0	0	0	0	0	0	0	0	0.779225785442035	0.93439841109894	0.958218657610316	1	0.907819053133206	0.980709829197611	0.995977750976488	1	0.999114743068709	0.999993700653303
ENSFCAG00000025248:ARAF	0	0	0	0	0	0	0	0	0	0.780029363828756	0.932040786229842	0.958261393860395	1	0.907819053133206	0.980709829197611	0.995977750976488	1	0.999116566068232	0.999993700653303
ENSFCAG00000044117:FANCG	0	0	0	0	0	0	0	0	0	0.782994382612604	0.924540246871558	0.958473846401079	1	0.907819053133206	0.980709829197611	0.995977750976488	1	0.99912560036599	0.999993700653303
ENSFCAG00000030412:RUNX1T1	0	0	0	0	0	0	0	0	0	0.780524728839439	0.933545794410891	0.958586953903574	1	0.907819053133206	0.980709829197611	0.995977750976488	1	0.999130390921286	0.999993700653303
ENSFCAG00000006633:CLP1	0	0	0	0	0	0	0	0	0	0.777612564332996	0.945131451911935	0.95862834395133	1	0.907819053133206	0.980709829197611	0.995977750976488	1	0.999132140619873	0.999993700653303
ENSFCAG00000004893:CARM1	0	0	0	0	0	0	0	0	0	0.780199575086931	0.936301852051922	0.958744960605241	1	0.907819053133206	0.980709829197611	0.995977750976488	1	0.999137060793391	0.999993700653303
ENSFCAG00000013314:TIPARP	0	0	0	0	0	0	0	0	0	0.779705617886488	0.938693738760843	0.958798587874241	1	0.907819053133206	0.980709829197611	0.995977750976488	1	0.999139318620234	0.999993700653303
ENSFCAG00000009978:WIF1	0	0	0	0	0	0	0	0	0	0.777860670471075	0.947161909767511	0.95888108118837	1	0.907819053133206	0.980709829197611	0.995977750976488	1	0.999142785915806	0.999993700653303
ENSFCAG00000014214:SYK	0	0	0	0	0	0	0	0	0	0.782206895826765	0.932062262805555	0.959019167284068	1	0.907819053133206	0.980709829197611	0.995977750976488	1	0.9991485739622	0.999993700653303
ENSFCAG00000006814:LPP	0	0	0	0	0	0	0	0	0	0.779277197317798	0.943427017518575	0.959070386183978	1	0.907819053133206	0.980709829197611	0.995977750976488	1	0.999150715809276	0.999993700653303
ENSFCAG00000004287:PTPN6	0	0	0	0	0	0	0	0	0	0.783635515625764	0.928506325834355	0.959135236539163	1	0.907819053133206	0.980709829197611	0.995977750976488	1	0.999153423765765	0.999993700653303
ENSFCAG00000003177:SH2B3	0	0	0	0	0	0	0	0	0	0.779463039302256	0.945407997534036	0.959301899159394	1	0.907819053133206	0.980709829197611	0.995977750976488	1	0.999160362983798	0.999993700653303
ENSFCAG00000035160:FNBP1	0	0	0	0	0	0	0	0	0	0.784351472796804	0.928388115140818	0.959367404084025	1	0.907819053133206	0.980709829197611	0.995977750976488	1	0.999163082440804	0.999993700653303
ENSFCAG00000012963:SAMHD1	0	0	0	0	0	0	0	0	0	0.783585872716919	0.932512993769884	0.959539878983338	1	0.907819053133206	0.980709829197611	0.995977750976488	1	0.999170221397875	0.999993700653303
ENSFCAG00000023085:CRTC3	0	0	0	0	0	0	0	0	0	0.782521810503493	0.936238674406742	0.959544081530659	1	0.907819053133206	0.980709829197611	0.995977750976488	1	0.999170394959769	0.999993700653303
ENSFCAG00000002807:SOX10	0	0	0	0	0	0	0	0	0	0.780021879896371	0.946092398883546	0.959553439574241	1	0.907819053133206	0.980709829197611	0.995977750976488	1	0.999170781373472	0.999993700653303
ENSFCAG00000030862:NR4A3	0	0	0	0	0	0	0	0	0	0.779751696754917	0.948058196610229	0.959616281673918	1	0.907819053133206	0.980709829197611	0.995977750976488	1	0.999173373894449	0.999993700653303
ENSFCAG00000030888:RECQL	0	0	0	0	0	0	0	0	0	0.78451338733306	0.930818836245921	0.959681928948207	1	0.907819053133206	0.980709829197611	0.995977750976488	1	0.999176077746603	0.999993700653303
ENSFCAG00000009182:LCP1	0	0	0	0	0	0	0	0	0	0.785870131751844	0.927165067165921	0.959750388939188	1	0.907819053133206	0.980709829197611	0.995977750976488	1	0.9991788926644	0.999993700653303
ENSFCAG00000009638:HNF1A	0	0	0	0	0	0	0	0	0	0.782673410437201	0.939295929519547	0.959884315965346	1	0.907819053133206	0.980709829197611	0.995977750976488	1	0.99918438531593	0.999993700653303
ENSFCAG00000015088:KLHL6	0	0	0	0	0	0	0	0	0	0.783646870572837	0.936748253506095	0.959980029889559	1	0.907819053133206	0.980709829197611	0.995977750976488	1	0.999188299311993	0.999993700653303
ENSFCAG00000011327:FAF1	0	0	0	0	0	0	0	0	0	0.787085275075888	0.927627069897692	0.960212083261955	1	0.907819053133206	0.980709829197611	0.995977750976488	1	0.999197748976203	0.999993700653303
ENSFCAG00000012518:KEAP1	0	0	0	0	0	0	0	0	0	0.782568760242765	0.944024850256896	0.960265735663849	1	0.907819053133206	0.980709829197611	0.995977750976488	1	0.999199925823775	0.999993700653303
ENSFCAG00000026908:PRKCI	0	0	0	0	0	0	0	0	0	0.787682080054633	0.927657147472772	0.960416290618076	1	0.907819053133206	0.980709829197611	0.995977750976488	1	0.999206018306507	0.999993700653303
ENSFCAG00000045801:ZBTB7A	0	0	0	0	0	0	0	0	0	0.779411666980816	0.962745438222004	0.960487043707054	1	0.907819053133206	0.980709829197611	0.995977750976488	1	0.99920887330818	0.999993700653303
ENSFCAG00000001108:SETD3	0	0	0	0	0	0	0	0	0	0.786745817873557	0.931960823749459	0.960558861311672	1	0.907819053133206	0.980709829197611	0.995977750976488	1	0.999211765934631	0.999993700653303
ENSFCAG00000009580:PAX8	0	0	0	0	0	0	0	0	0	0.783993308520841	0.942053408435855	0.960585573933086	1	0.907819053133206	0.980709829197611	0.995977750976488	1	0.999212840479534	0.999993700653303
ENSFCAG00000022148:FIP1L1	0	0	0	0	0	0	0	0	0	0.788155347028284	0.927804849989057	0.960591392818009	1	0.907819053133206	0.980709829197611	0.995977750976488	1	0.999213074452118	0.999993700653303
ENSFCAG00000004384:TGFBR2	0	0	0	0	0	0	0	0	0	0.784476656868422	0.941592201418627	0.960710369844258	1	0.907819053133206	0.980709829197611	0.995977750976488	1	0.999217850692453	0.999993700653303
ENSFCAG00000002574:TFE3	0	0	0	0	0	0	0	0	0	0.785116322857048	0.940733991862191	0.960852220327547	1	0.907819053133206	0.980709829197611	0.995977750976488	1	0.999223525914304	0.999993700653303
ENSFCAG00000010997:PRKAR1A	0	0	0	0	0	0	0	0	0	0.787601985219139	0.933390614087655	0.960993485095608	1	0.907819053133206	0.980709829197611	0.995977750976488	1	0.999229156890735	0.999993700653303
ENSFCAG00000013473:RAD21	0	0	0	0	0	0	0	0	0	0.789545594911745	0.928892667252933	0.961174402176718	1	0.907819053133206	0.980709829197611	0.995977750976488	1	0.999236338127418	0.999993700653303
ENSFCAG00000023460:ELF4	0	0	0	0	0	0	0	0	0	0.785184731536457	0.945123045696326	0.961254942523632	1	0.907819053133206	0.980709829197611	0.995977750976488	1	0.999239524103069	0.999993700653303
ENSFCAG00000009739:ELL	0	0	0	0	0	0	0	0	0	0.787001426576833	0.938879553925743	0.961322538042717	1	0.907819053133206	0.980709829197611	0.995977750976488	1	0.999242192805067	0.999993700653303
ENSFCAG00000012902:FANCE	0	0	0	0	0	0	0	0	0	0.786550611280561	0.940936144866073	0.961357452196803	1	0.907819053133206	0.980709829197611	0.995977750976488	1	0.999243569370294	0.999993700653303
ENSFCAG00000013654:PHF1	0	0	0	0	0	0	0	0	0	0.788315515403607	0.935079345535088	0.96140162465463	1	0.907819053133206	0.980709829197611	0.995977750976488	1	0.999245309147024	0.999993700653303
ENSFCAG00000028670:ETV5	0	0	0	0	0	0	0	0	0	0.788563088190004	0.934800872413823	0.961457127973124	1	0.907819053133206	0.980709829197611	0.995977750976488	1	0.999247492323899	0.999993700653303
ENSFCAG00000002012:ARID3B	0	0	0	0	0	0	0	0	0	0.785726100297196	0.946357113695356	0.961540640104255	1	0.907819053133206	0.980709829197611	0.995977750976488	1	0.999250771166745	0.999993700653303
ENSFCAG00000003915:PPP2R1A	0	0	0	0	0	0	0	0	0	0.788250710842685	0.936899443056036	0.961556585126236	1	0.907819053133206	0.980709829197611	0.995977750976488	1	0.999251396373546	0.999993700653303
ENSFCAG00000023350:FYN	0	0	0	0	0	0	0	0	0	0.790641691910517	0.92908368127565	0.961559218711834	1	0.907819053133206	0.980709829197611	0.995977750976488	1	0.999251499611406	0.999993700653303
ENSFCAG00000009952:ITK	0	0	0	0	0	0	0	0	0	0.793807964863345	0.920707365907302	0.961644078553073	1	0.907819053133206	0.980709829197611	0.995977750976488	1	0.99925482229858	0.999993700653303
ENSFCAG00000014348:TEC	0	0	0	0	0	0	0	0	0	0.792935319783791	0.923910883801632	0.961737296147106	1	0.907819053133206	0.980709829197611	0.995977750976488	1	0.999258463602572	0.999993700653303
ENSFCAG00000005890:SLC1A2	0	0	0	0	0	0	0	0	0	0.787633270465433	0.943185217546944	0.961920486418175	1	0.907819053133206	0.980709829197611	0.995977750976488	1	0.999265593132218	0.999993700653303
ENSFCAG00000009216:ATIC	0	0	0	0	0	0	0	0	0	0.790249719415223	0.935817455647748	0.962119628607572	1	0.907819053133206	0.980709829197611	0.995977750976488	1	0.999273303913911	0.999993700653303
ENSFCAG00000001436:PRDM14	0	0	0	0	0	0	0	0	0	0.787540452345683	0.945948229105539	0.962121396781714	1	0.907819053133206	0.980709829197611	0.995977750976488	1	0.999273372192951	0.999993700653303
ENSFCAG00000012180:AKT2	0	0	0	0	0	0	0	0	0	0.791605093898117	0.933113420301487	0.962299416441465	1	0.907819053133206	0.980709829197611	0.995977750976488	1	0.999280229890453	0.999993700653303
ENSFCAG00000008547:EBF1	0	0	0	0	0	0	0	0	0	0.790849877838303	0.93704947240726	0.962437641602771	1	0.907819053133206	0.980709829197611	0.995977750976488	1	0.999285531905789	0.999993700653303
ENSFCAG00000009399:SEPTIN9	0	0	0	0	0	0	0	0	0	0.789391110851967	0.94316763826968	0.962508442635729	1	0.907819053133206	0.980709829197611	0.995977750976488	1	0.99928823999019	0.999993700653303
ENSFCAG00000043801:ZNF703	0	0	0	0	0	0	0	0	0	0.784732467789061	0.967169725412418	0.962564379196471	1	0.907819053133206	0.980709829197611	0.995977750976488	1	0.999290375837377	0.999993700653303
ENSFCAG00000003512:DDX5	0	0	0	0	0	0	0	0	0	0.789694789853703	0.942651173461297	0.962565037641957	1	0.907819053133206	0.980709829197611	0.995977750976488	1	0.999290400959696	0.999993700653303
ENSFCAG00000024950:ARID5A	0	0	0	0	0	0	0	0	0	0.787312029669807	0.953116762192825	0.96259266772765	1	0.907819053133206	0.980709829197611	0.995977750976488	1	0.999291454751584	0.999993700653303
ENSFCAG00000027928:FUS	0	0	0	0	0	0	0	0	0	0.792409001675433	0.935292599727513	0.962781966346522	1	0.907819053133206	0.980709829197611	0.995977750976488	1	0.999298653137902	0.999993700653303
ENSFCAG00000008222:RPN1	0	0	0	0	0	0	0	0	0	0.790479827956797	0.942942993703232	0.962851602330693	1	0.907819053133206	0.980709829197611	0.995977750976488	1	0.999301291794405	0.999993700653303
ENSFCAG00000030907:MAP3K7	0	0	0	0	0	0	0	0	0	0.794888133075292	0.929069696117974	0.962950412911774	1	0.907819053133206	0.980709829197611	0.995977750976488	1	0.99930502729569	0.999993700653303
ENSFCAG00000010770:CSF1	0	0	0	0	0	0	0	0	0	0.792367867363375	0.940594071337405	0.963268089183338	1	0.907819053133206	0.980709829197611	0.995977750976488	1	0.999316968247829	0.999993700653303
ENSFCAG00000009695:PTPN11	0	0	0	0	0	0	0	0	0	0.794528529454487	0.934432987410162	0.963390042747926	1	0.907819053133206	0.980709829197611	0.995977750976488	1	0.999321524459468	0.999993700653303
ENSFCAG00000041774:BIRC3	0	0	0	0	0	0	0	0	0	0.792365410163414	0.941983305698891	0.963391140196965	1	0.907819053133206	0.980709829197611	0.995977750976488	1	0.999321565390312	0.999993700653303
ENSFCAG00000011506:PAK3	0	0	0	0	0	0	0	0	0	0.794388557259628	0.937000988126153	0.963595393741244	1	0.907819053133206	0.980709829197611	0.995977750976488	1	0.999329161534917	0.999993700653303
ENSFCAG00000013821:MSN	0	0	0	0	0	0	0	0	0	0.7973472434465	0.928360160052764	0.963666608485604	1	0.907819053133206	0.980709829197611	0.995977750976488	1	0.99933179981593	0.999993700653303
ENSFCAG00000000648:CREB3L2	0	0	0	0	0	0	0	0	0	0.79314278092385	0.942395989052417	0.963682680165377	1	0.907819053133206	0.980709829197611	0.995977750976488	1	0.999332394492948	0.999993700653303
ENSFCAG00000003706:FANCC	0	0	0	0	0	0	0	0	0	0.796829913061804	0.930239291601086	0.963702709336891	1	0.907819053133206	0.980709829197611	0.995977750976488	1	0.999333135228124	0.999993700653303
ENSFCAG00000028455:PRF1	0	0	0	0	0	0	0	0	0	0.790645139636029	0.95329471242595	0.963721404030033	1	0.907819053133206	0.980709829197611	0.995977750976488	1	0.999333826234933	0.999993700653303
ENSFCAG00000028305:FOXA1	0	0	0	0	0	0	0	0	0	0.789788785018593	0.957509220762717	0.963721434978459	1	0.907819053133206	0.980709829197611	0.995977750976488	1	0.999333827378571	0.999993700653303
ENSFCAG00000022519:NAB2	0	0	0	0	0	0	0	0	0	0.793107780289193	0.943223924455577	0.963743124145824	1	0.907819053133206	0.980709829197611	0.995977750976488	1	0.99933462861418	0.999993700653303
ENSFCAG00000022796:PGBD5	0	0	0	0	0	0	0	0	0	0.790938922324932	0.953063041920394	0.963802455304695	1	0.907819053133206	0.980709829197611	0.995977750976488	1	0.999336817916595	0.999993700653303
ENSFCAG00000027549:NCOA4	0	0	0	0	0	0	0	0	0	0.79783116880529	0.929941404981385	0.963992039114586	1	0.907819053133206	0.980709829197611	0.995977750976488	1	0.999343789023564	0.999993700653303
ENSFCAG00000006864:GPC3	0	0	0	0	0	0	0	0	0	0.793717007907661	0.944875316077124	0.964082939413492	1	0.907819053133206	0.980709829197611	0.995977750976488	1	0.999347118255758	0.999993700653303
ENSFCAG00000029740:SHOC2	0	0	0	0	0	0	0	0	0	0.794702714548311	0.941653817497605	0.96412666365366	1	0.907819053133206	0.980709829197611	0.995977750976488	1	0.999348716607385	0.999993700653303
ENSFCAG00000014365:CHEK2	0	0	0	0	0	0	0	0	0	0.797149566362203	0.93461413897682	0.964255153413108	1	0.907819053133206	0.980709829197611	0.995977750976488	1	0.99935340211069	0.999993700653303
ENSFCAG00000006925:PARP2	0	0	0	0	0	0	0	0	0	0.799316431336796	0.928452303203794	0.964304698398145	1	0.907819053133206	0.980709829197611	0.995977750976488	1	0.99935520424249	0.999993700653303
ENSFCAG00000012482:LCK	0	0	0	0	0	0	0	0	0	0.797900942031699	0.934038045259013	0.964438362602784	1	0.907819053133206	0.980709829197611	0.995977750976488	1	0.999360053399967	0.999993700653303
ENSFCAG00000002222:MUTYH	0	0	0	0	0	0	0	0	0	0.800719484891456	0.926481727711439	0.964530601970623	1	0.907819053133206	0.980709829197611	0.995977750976488	1	0.999363388917189	0.999993700653303
ENSFCAG00000008473:NFIB	0	0	0	0	0	0	0	0	0	0.796597693464047	0.939669410480197	0.96456102240939	1	0.907819053133206	0.980709829197611	0.995977750976488	1	0.999364487032649	0.999993700653303
ENSFCAG00000029172:KMT5A	0	0	0	0	0	0	0	0	0	0.793920185465084	0.950036532992452	0.964561298079505	1	0.907819053133206	0.980709829197611	0.995977750976488	1	0.999364496979389	0.999993700653303
ENSFCAG00000009146:PARP3	0	0	0	0	0	0	0	0	0	0.796980888028469	0.938484296396428	0.964574517693368	1	0.907819053133206	0.980709829197611	0.995977750976488	1	0.999364973877511	0.999993700653303
ENSFCAG00000006724:SLC45A3	0	0	0	0	0	0	0	0	0	0.793481073353665	0.953714706406166	0.964686483806048	1	0.907819053133206	0.980709829197611	0.995977750976488	1	0.999369005794282	0.999993700653303
ENSFCAG00000030101:ERF	0	0	0	0	0	0	0	0	0	0.794759292996222	0.948254216230113	0.964697184968184	1	0.907819053133206	0.980709829197611	0.995977750976488	1	0.999369390464369	0.999993700653303
ENSFCAG00000000389:TRAF2	0	0	0	0	0	0	0	0	0	0.796553942891045	0.941646663303222	0.96472536306034	1	0.907819053133206	0.980709829197611	0.995977750976488	1	0.999370402802353	0.999993700653303
ENSFCAG00000029098:RAP1GDS1	0	0	0	0	0	0	0	0	0	0.798035424702375	0.937237850622487	0.964794756798144	1	0.907819053133206	0.980709829197611	0.995977750976488	1	0.999372892361774	0.999993700653303
ENSFCAG00000022789:CCT6B	0	0	0	0	0	0	0	0	0	0.798579145313946	0.93623567466003	0.964871860222141	1	0.907819053133206	0.980709829197611	0.995977750976488	1	0.999375652658966	0.999993700653303
ENSFCAG00000041799:E2F3	0	0	0	0	0	0	0	0	0	0.795691634727579	0.946945443284779	0.964895571077006	1	0.907819053133206	0.980709829197611	0.995977750976488	1	0.99937650026718	0.999993700653303
ENSFCAG00000022556:HLF	1	0	0	0	0	0	0	0	0	0.794907375804519	0.951315589322082	0.964978933796646	1	0.907819053133206	0.980709829197611	0.995977750976488	1	0.99937947566633	0.999993700653303
ENSFCAG00000026263:ACVR1B	0	0	0	0	0	0	0	0	0	0.799346884144439	0.935050412926031	0.965000013517749	1	0.907819053133206	0.980709829197611	0.995977750976488	1	0.99938022690724	0.999993700653303
ENSFCAG00000013396:SESN2	0	0	0	0	0	0	0	0	0	0.799397660553052	0.935378973460547	0.965048540936548	1	0.907819053133206	0.980709829197611	0.995977750976488	1	0.99938195458139	0.999993700653303
ENSFCAG00000004913:EPOR	0	0	0	0	0	0	0	0	0	0.797783108149179	0.941843053506101	0.965137643176935	1	0.907819053133206	0.980709829197611	0.995977750976488	1	0.999385120447628	0.999993700653303
ENSFCAG00000009924:IL21R	0	0	0	0	0	0	0	0	0	0.798290362916029	0.940168752621106	0.965149595987679	1	0.907819053133206	0.980709829197611	0.995977750976488	1	0.999385544513752	0.999993700653303
ENSFCAG00000027765:HNRNPA2B1	0	0	0	0	0	0	0	0	0	0.798579637898357	0.94051934934336	0.965273749512994	1	0.907819053133206	0.980709829197611	0.995977750976488	1	0.999389940523449	0.999993700653303
ENSFCAG00000039893:CHN1	0	0	0	0	0	0	0	0	0	0.80092659712835	0.933729467983443	0.965367577333291	1	0.907819053133206	0.980709829197611	0.995977750976488	1	0.999393252170693	0.999993700653303
ENSFCAG00000008018:REL	0	0	0	0	0	0	0	0	0	0.798461160785205	0.942412906390056	0.965404609392285	1	0.907819053133206	0.980709829197611	0.995977750976488	1	0.999394556704997	0.999993700653303
ENSFCAG00000002457:TBL1XR1	0	0	0	0	0	0	0	0	0	0.801642840849662	0.933024788272464	0.965521195031084	1	0.907819053133206	0.980709829197611	0.995977750976488	1	0.999398654410611	0.999993700653303
ENSFCAG00000030898:NADK	0	0	0	0	0	0	0	0	0	0.800237957313634	0.937630829812584	0.965532458701958	1	0.907819053133206	0.980709829197611	0.995977750976488	1	0.999399049555865	0.999993700653303
ENSFCAG00000032199:EGR1	0	0	0	0	0	0	0	0	0	0.794150903172186	0.9639082993787	0.965543205929774	1	0.907819053133206	0.980709829197611	0.995977750976488	1	0.999399426461077	0.999993700653303
ENSFCAG00000009235:YES1	0	0	0	0	0	0	0	0	0	0.8042550029101	0.925844827193588	0.96556250410648	1	0.907819053133206	0.980709829197611	0.995977750976488	1	0.999400102947757	0.999993700653303
ENSFCAG00000042921:IKZF1	0	0	0	0	0	0	0	0	0	0.797491530079862	0.94891345727687	0.965631602768632	1	0.907819053133206	0.980709829197611	0.995977750976488	1	0.999402521999392	0.999993700653303
ENSFCAG00000005257:SMAD4	0	0	0	0	0	0	0	0	0	0.800032029847057	0.939692822030295	0.965659893295725	1	0.907819053133206	0.980709829197611	0.995977750976488	1	0.999403510986217	0.999993700653303
ENSFCAG00000010003:TRAF3	0	0	0	0	0	0	0	0	0	0.80018165438647	0.939529778657935	0.965692248962866	1	0.907819053133206	0.980709829197611	0.995977750976488	1	0.99940464106714	0.999993700653303
ENSFCAG00000001964:PDPK1	0	0	0	0	0	0	0	0	0	0.801441154863399	0.935700663552742	0.965725469968175	1	0.907819053133206	0.980709829197611	0.995977750976488	1	0.999405800243624	0.999993700653303
ENSFCAG00000013705:NT5C2	0	0	0	0	0	0	0	0	0	0.803193721258963	0.931899631860263	0.965889990544316	1	0.907819053133206	0.980709829197611	0.995977750976488	1	0.999411523997187	0.999993700653303
ENSFCAG00000036602:IKZF2	0	0	0	0	0	0	0	0	0	0.799314520674486	0.945384868930028	0.965930161503062	1	0.907819053133206	0.980709829197611	0.995977750976488	1	0.999412917308339	0.999993700653303
ENSFCAG00000004158:PAK1	0	0	0	0	0	0	0	0	0	0.800174283932363	0.942378724101111	0.965946039209211	1	0.907819053133206	0.980709829197611	0.995977750976488	1	0.999413467558584	0.999993700653303
ENSFCAG00000029143:MAPKAP1	0	0	0	0	0	0	0	0	0	0.803708378635861	0.933368094060572	0.966200773914664	1	0.907819053133206	0.980709829197611	0.995977750976488	1	0.999422259844203	0.999993700653303
ENSFCAG00000031995:SESN1	0	0	0	0	0	0	0	0	0	0.803057116876589	0.935885551393899	0.966249125826185	1	0.907819053133206	0.980709829197611	0.995977750976488	1	0.999423921148414	0.999993700653303
ENSFCAG00000011854:ALB	0	0	0	0	0	0	0	0	0	0.804116919674775	0.933295800136091	0.9663201101546	1	0.907819053133206	0.980709829197611	0.995977750976488	1	0.999426355687476	0.999993700653303
ENSFCAG00000034591:FRS2	0	0	0	0	0	0	0	0	0	0.801479921891079	0.942512924515456	0.966369543733579	1	0.907819053133206	0.980709829197611	0.995977750976488	1	0.999428048023553	0.999993700653303
ENSFCAG00000044523:SOX9	0	0	0	0	0	0	0	0	0	0.798945104518503	0.952688396665963	0.966378973036465	1	0.907819053133206	0.980709829197611	0.995977750976488	1	0.999428370544266	0.999993700653303
ENSFCAG00000014426:ESCO2	0	0	0	0	0	0	0	0	0	0.8024263344655	0.939410203212434	0.966387173798978	1	0.907819053133206	0.980709829197611	0.995977750976488	1	0.99942865096907	0.999993700653303
ENSFCAG00000024419:MITF	0	0	0	0	0	0	0	0	0	0.802239594062458	0.940579545863706	0.966435662873197	1	0.907819053133206	0.980709829197611	0.995977750976488	1	0.999430307629161	0.999993700653303
ENSFCAG00000023614:LYN	0	0	0	0	0	0	0	0	0	0.804021112013839	0.93533534564066	0.966494696164322	1	0.907819053133206	0.980709829197611	0.995977750976488	1	0.999432321255225	0.999993700653303
ENSFCAG00000031493:FOXO4	0	0	0	0	0	0	0	0	0	0.799184231165968	0.953705072145309	0.966527530437401	1	0.907819053133206	0.980709829197611	0.995977750976488	1	0.999433439672059	0.999993700653303
ENSFCAG00000003395:RPS6KB2	0	0	0	0	0	0	0	0	0	0.803693619892753	0.936902807291916	0.966545746487918	1	0.907819053133206	0.980709829197611	0.995977750976488	1	0.999434059674879	0.999993700653303
ENSFCAG00000023845:ACVR2A	0	0	0	0	0	0	0	0	0	0.805648548576605	0.931786809610585	0.966637349986253	1	0.907819053133206	0.980709829197611	0.995977750976488	1	0.999437172294313	0.999993700653303
ENSFCAG00000000308:WT1	0	0	0	0	0	0	0	0	0	0.803051421569425	0.94049717583791	0.966681783725984	1	0.907819053133206	0.980709829197611	0.995977750976488	1	0.999438678993391	0.999993700653303
ENSFCAG00000026440:TRIM27	0	0	0	0	0	0	0	0	0	0.803020202884724	0.940968754467227	0.966714645706629	1	0.907819053133206	0.980709829197611	0.995977750976488	1	0.999439791993064	0.999993700653303
ENSFCAG00000013380:ATP6V1B2	0	0	0	0	0	0	0	0	0	0.804082974753823	0.938585713765946	0.966826279951667	1	0.907819053133206	0.980709829197611	0.995977750976488	1	0.999443564581131	0.999993700653303
ENSFCAG00000004957:AKT1	0	0	0	0	0	0	0	0	0	0.805082348566591	0.935751284291416	0.966863642451345	1	0.907819053133206	0.980709829197611	0.995977750976488	1	0.999444824337245	0.999993700653303
ENSFCAG00000018126:WAS	0	0	0	0	0	0	0	0	0	0.802706275883955	0.944218967985819	0.966900995755125	1	0.907819053133206	0.980709829197611	0.995977750976488	1	0.999446082340034	0.999993700653303
ENSFCAG00000035050:YAP1	0	0	0	0	0	0	0	0	0	0.803300575642377	0.942497404280814	0.966937742282041	1	0.907819053133206	0.980709829197611	0.995977750976488	1	0.999447318499435	0.999993700653303
ENSFCAG00000002126:TRAF5	0	0	0	0	0	0	0	0	0	0.805856267193839	0.935068527652968	0.96703446443689	1	0.907819053133206	0.980709829197611	0.995977750976488	1	0.99945056557388	0.999993700653303
ENSFCAG00000006154:GATA2	0	0	0	0	0	0	0	0	0	0.799722287849512	0.95897335029543	0.967048581724322	1	0.907819053133206	0.980709829197611	0.995977750976488	1	0.999451038698454	0.999993700653303
ENSFCAG00000008071:TMPRSS2	0	0	0	0	0	0	0	0	0	0.804981825143707	0.938837113196798	0.967127752490968	1	0.907819053133206	0.980709829197611	0.995977750976488	1	0.999453688196616	0.999993700653303
ENSFCAG00000009499:KBTBD4	0	0	0	0	0	0	0	0	0	0.803570931424135	0.945433189414302	0.967272584799642	1	0.907819053133206	0.980709829197611	0.995977750976488	1	0.999458518326049	0.999993700653303
ENSFCAG00000000348:CDC73	0	0	0	0	0	0	0	0	0	0.808769571635475	0.928947714047214	0.96728645920714	1	0.907819053133206	0.980709829197611	0.995977750976488	1	0.999458979896568	0.999993700653303
ENSFCAG00000004785:CBLC	0	0	0	0	0	0	0	0	0	0.805252004710875	0.940060053400833	0.96732399148185	1	0.907819053133206	0.980709829197611	0.995977750976488	1	0.999460227514113	0.999993700653303
ENSFCAG00000029939:SPRTN	0	0	0	0	0	0	0	0	0	0.804912064742132	0.941962078384372	0.967390240522485	1	0.907819053133206	0.980709829197611	0.995977750976488	1	0.999462426157389	0.999993700653303
ENSFCAG00000012483:HDAC1	0	0	0	0	0	0	0	0	0	0.806434181629454	0.937144013086705	0.967413967934629	1	0.907819053133206	0.980709829197611	0.995977750976488	1	0.999463212508586	0.999993700653303
ENSFCAG00000002211:NTHL1	0	0	0	0	0	0	0	0	0	0.802951171908044	0.950497254360875	0.967481013463731	1	0.907819053133206	0.980709829197611	0.995977750976488	1	0.999465431321971	0.999993700653303
ENSFCAG00000001249:SUFU	0	0	0	0	0	0	0	0	0	0.806260297368663	0.940400728225636	0.9676649276707	1	0.907819053133206	0.980709829197611	0.995977750976488	1	0.999471493950196	0.999993700653303
ENSFCAG00000005262:STK40	0	0	0	0	0	0	0	0	0	0.805556678582451	0.943317717069515	0.967707517437664	1	0.907819053133206	0.980709829197611	0.995977750976488	1	0.999472892913077	0.999993700653303
ENSFCAG00000001845:GAS7	0	0	0	0	0	0	0	0	0	0.808039023367205	0.935261567774108	0.967719858793654	1	0.907819053133206	0.980709829197611	0.995977750976488	1	0.99947329794419	0.999993700653303
ENSFCAG00000005081:SESN3	0	0	0	0	0	0	0	0	0	0.806205402414587	0.941271772803962	0.96772671592328	1	0.907819053133206	0.980709829197611	0.995977750976488	1	0.999473522920391	0.999993700653303
ENSFCAG00000006761:RUNX1	0	0	0	0	0	0	0	0	0	0.802661289830841	0.955519043505732	0.967749932117365	1	0.907819053133206	0.980709829197611	0.995977750976488	1	0.999474284261922	0.999993700653303
ENSFCAG00000018598:ETS1	0	0	0	0	0	0	0	0	0	0.808116607015843	0.936233176363862	0.967838709906079	1	0.907819053133206	0.980709829197611	0.995977750976488	1	0.999477190464352	0.999993700653303
ENSFCAG00000043511:NONO	0	0	0	0	0	0	0	0	0	0.807617241400908	0.939843533311874	0.968028450684043	1	0.907819053133206	0.980709829197611	0.995977750976488	1	0.999483374459938	0.999993700653303
ENSFCAG00000009909:ETV4	0	0	0	0	0	0	0	0	0	0.807100335873602	0.9419764252529	0.968063254380926	1	0.907819053133206	0.980709829197611	0.995977750976488	1	0.999484504738692	0.999993700653303
ENSFCAG00000009461:SMARCD1	0	0	0	0	0	0	0	0	0	0.80759777258112	0.940398532679166	0.968073246835912	1	0.907819053133206	0.980709829197611	0.995977750976488	1	0.999484829020709	0.999993700653303
ENSFCAG00000005490:FH	0	0	0	0	0	0	0	0	0	0.805795262853103	0.946862839915214	0.968077778901577	1	0.907819053133206	0.980709829197611	0.995977750976488	1	0.999484976064421	0.999993700653303
ENSFCAG00000027801:BCL3	0	0	0	0	0	0	0	0	0	0.804267354313777	0.953695711207466	0.9681239593747	1	0.907819053133206	0.980709829197611	0.995977750976488	1	0.999486473188882	0.999993700653303
ENSFCAG00000018794:CREB3L1	0	0	0	0	0	0	0	0	0	0.807135397606803	0.942807651481015	0.968147022950833	1	0.907819053133206	0.980709829197611	0.995977750976488	1	0.999487220062003	0.999993700653303
ENSFCAG00000009522:TNFRSF14	0	0	0	0	0	0	0	0	0	0.806846622958853	0.944311593395962	0.968188336111844	1	0.907819053133206	0.980709829197611	0.995977750976488	1	0.999488556542106	0.999993700653303
ENSFCAG00000026512:CRBN	0	0	0	0	0	0	0	0	0	0.809697921341105	0.935432411656991	0.968237981051209	1	0.907819053133206	0.980709829197611	0.995977750976488	1	0.999490160223124	0.999993700653303
ENSFCAG00000018967:PAX3	0	0	0	0	0	0	0	0	0	0.807096422444919	0.946027392911421	0.968408185957951	1	0.907819053133206	0.980709829197611	0.995977750976488	1	0.999495639031371	0.999993700653303
ENSFCAG00000027895:BMPR1A	0	0	0	0	0	0	0	0	0	0.810360441203387	0.935373908199355	0.968431157408705	1	0.907819053133206	0.980709829197611	0.995977750976488	1	0.999496376179265	0.999993700653303
ENSFCAG00000030732:IKZF3	0	0	0	0	0	0	0	0	0	0.808067944326251	0.942943183209248	0.96844272828509	1	0.907819053133206	0.980709829197611	0.995977750976488	1	0.999496747279329	0.999993700653303
ENSFCAG00000015036:GATA4	0	0	0	0	0	0	0	0	0	0.80404920059033	0.961080640989237	0.968535796306617	1	0.907819053133206	0.980709829197611	0.995977750976488	1	0.999499727120402	0.999993700653303
ENSFCAG00000011007:MSI1	0	0	0	0	0	0	0	0	0	0.807932056300798	0.94497449811747	0.968575188320361	1	0.907819053133206	0.980709829197611	0.995977750976488	1	0.999500985675571	0.999993700653303
ENSFCAG00000023859:CYP19A1	0	0	0	0	0	0	0	0	0	0.808060754742316	0.94453196636722	0.968576978219637	1	0.907819053133206	0.980709829197611	0.995977750976488	1	0.999501042823908	0.999993700653303
ENSFCAG00000029513:ABI1	0	0	0	0	0	0	0	0	0	0.808739838541746	0.942922307885953	0.968644581970227	1	0.907819053133206	0.980709829197611	0.995977750976488	1	0.999503198871096	0.999993700653303
ENSFCAG00000029360:DDX6	0	0	0	0	0	0	0	0	0	0.80907259840007	0.942171750011034	0.96867934256147	1	0.907819053133206	0.980709829197611	0.995977750976488	1	0.999504305633727	0.999993700653303
ENSFCAG00000008054:ACVR1	0	0	0	0	0	0	0	0	0	0.809402266138158	0.941941863913694	0.968758484725136	1	0.907819053133206	0.980709829197611	0.995977750976488	1	0.999506820834072	0.999993700653303
ENSFCAG00000007485:ERG	0	0	0	0	0	0	0	0	0	0.809346252459749	0.942559400794477	0.968796049892296	1	0.907819053133206	0.980709829197611	0.995977750976488	1	0.999508012421906	0.999993700653303
ENSFCAG00000026462:VEGFA	0	0	0	0	0	0	0	0	0	0.808999776408968	0.944799543951947	0.968884078681892	1	0.907819053133206	0.980709829197611	0.995977750976488	1	0.9995107990378	0.999993700653303
ENSFCAG00000013972:RASGEF1A	0	0	0	0	0	0	0	0	0	0.811138293151904	0.937757465973854	0.9688948844955	1	0.907819053133206	0.980709829197611	0.995977750976488	1	0.999511140552596	0.999993700653303
ENSFCAG00000043374:MYCN	0	0	0	0	0	0	0	0	0	0.804837882656993	0.963449117456049	0.968916459469435	1	0.907819053133206	0.980709829197611	0.995977750976488	1	0.999511822063253	0.999993700653303
ENSFCAG00000042373:FLI1	0	0	0	0	0	0	0	0	0	0.809761150739883	0.9425649430983	0.968921530894122	1	0.907819053133206	0.980709829197611	0.995977750976488	1	0.999511982189769	0.999993700653303
ENSFCAG00000011521:TFEB	0	0	0	0	0	0	0	0	0	0.808982349797131	0.945921426867682	0.96897239465939	1	0.907819053133206	0.980709829197611	0.995977750976488	1	0.999513586707726	0.999993700653303
ENSFCAG00000001254:CYP17A1	0	0	0	0	0	0	0	0	0	0.809123467275506	0.945963583943012	0.969018514415826	1	0.907819053133206	0.980709829197611	0.995977750976488	1	0.99951503926597	0.999993700653303
ENSFCAG00000041254:CCDC6	0	0	0	0	0	0	0	0	0	0.809791661518273	0.943805771304379	0.969038371050595	1	0.907819053133206	0.980709829197611	0.995977750976488	1	0.999515663981808	0.999993700653303
ENSFCAG00000011397:ATP6AP1	0	0	0	0	0	0	0	0	0	0.810265481536192	0.94259551801548	0.969075776485498	1	0.907819053133206	0.980709829197611	0.995977750976488	1	0.999516839700806	0.999993700653303
ENSFCAG00000028288:PRCC	0	0	0	0	0	0	0	0	0	0.808063292728935	0.950775957080274	0.969076560225621	1	0.907819053133206	0.980709829197611	0.995977750976488	1	0.999516864319702	0.999993700653303
ENSFCAG00000040498:YY1	0	0	0	0	0	0	0	0	0	0.807947785077577	0.952832675353487	0.969192703537434	1	0.907819053133206	0.980709829197611	0.995977750976488	1	0.999520505614425	0.999993700653303
ENSFCAG00000014851:MDM4	0	0	0	0	0	0	0	0	0	0.812159575214968	0.938008140788485	0.969222774876181	1	0.907819053133206	0.980709829197611	0.995977750976488	1	0.999521446134787	0.999993700653303
ENSFCAG00000003665:EIF3E	0	0	0	0	0	0	0	0	0	0.812332230392788	0.938118363198492	0.969284454023467	1	0.907819053133206	0.980709829197611	0.995977750976488	1	0.999523372311242	0.999993700653303
ENSFCAG00000040324:ZNF331	0	0	0	0	0	0	0	0	0	0.809779122765899	0.947266689551543	0.969322435194561	1	0.907819053133206	0.980709829197611	0.995977750976488	1	0.999524556471629	0.999993700653303
ENSFCAG00000027081:SMAD3	0	0	0	0	0	0	0	0	0	0.809991224168463	0.947035174065406	0.969367562743289	1	0.907819053133206	0.980709829197611	0.995977750976488	1	0.99952596150407	0.999993700653303
ENSFCAG00000028016:KLF4	0	0	0	0	0	0	0	0	0	0.808399568122347	0.954327928434471	0.969435854454937	1	0.907819053133206	0.980709829197611	0.995977750976488	1	0.999528083750498	0.999993700653303
ENSFCAG00000014980:PLAG1	0	0	0	0	0	0	0	0	0	0.807362695223459	0.960315203357713	0.969510166599062	1	0.907819053133206	0.980709829197611	0.995977750976488	1	0.999530387623409	0.999993700653303
ENSFCAG00000006604:SETD6	0	0	0	0	0	0	0	0	0	0.813607921513308	0.936837742700628	0.969539154071595	1	0.907819053133206	0.980709829197611	0.995977750976488	1	0.999531284767379	0.999993700653303
ENSFCAG00000011595:MEF2C	0	0	0	0	0	0	0	0	0	0.809929830569777	0.951089126398049	0.969664415659416	1	0.907819053133206	0.980709829197611	0.995977750976488	1	0.999535151570491	0.999993700653303
ENSFCAG00000042273:MAF	0	0	0	0	0	0	0	0	0	0.807706178641529	0.961669754051288	0.969695509876603	1	0.907819053133206	0.980709829197611	0.995977750976488	1	0.999536108936477	0.999993700653303
ENSFCAG00000038081:PRKN	0	0	0	0	0	0	0	0	0	0.813813192184836	0.938862361479133	0.969792017087941	1	0.907819053133206	0.980709829197611	0.995977750976488	1	0.999539073966535	0.999993700653303
ENSFCAG00000028515:RARA	0	0	0	0	0	0	0	0	0	0.810428420639359	0.951858635551686	0.969871252035137	1	0.907819053133206	0.980709829197611	0.995977750976488	1	0.999541501154464	0.999993700653303
ENSFCAG00000028662:PSIP1	0	0	0	0	0	0	0	0	0	0.815714516722888	0.935752930374191	0.970050372085232	1	0.907819053133206	0.980709829197611	0.995977750976488	1	0.999546964246075	0.999993700653303
ENSFCAG00000029278:ETV1	0	0	0	0	0	0	0	0	0	0.814633437987545	0.940549836687118	0.970188498769738	1	0.907819053133206	0.980709829197611	0.995977750976488	1	0.999551154469138	0.999993700653303
ENSFCAG00000008618:EZH2	0	0	0	0	0	0	0	0	0	0.815809379421681	0.940507253415179	0.970528091304102	1	0.907819053133206	0.980709829197611	0.995977750976488	1	0.999561372776054	0.999993700653303
ENSFCAG00000030557:FOXF1	1	0	0	0	0	0	0	0	0	0.81050049386176	0.962434950597561	0.970584925690037	1	0.907819053133206	0.980709829197611	0.995977750976488	1	0.999563071308736	0.999993700653303
ENSFCAG00000010727:PIGA	0	0	0	0	0	0	0	0	0	0.813252475859697	0.95093302727837	0.970643523101114	1	0.907819053133206	0.980709829197611	0.995977750976488	1	0.999564819046077	0.999993700653303
ENSFCAG00000027219:IDH2	0	0	0	0	0	0	0	0	0	0.814976272313535	0.945282861123915	0.970702124289122	1	0.907819053133206	0.980709829197611	0.995977750976488	1	0.999566563358222	0.999993700653303
ENSFCAG00000029721:PPP2R2A	0	0	0	0	0	0	0	0	0	0.817073348753985	0.938947391652228	0.970750874837922	1	0.907819053133206	0.980709829197611	0.995977750976488	1	0.999568011762343	0.999993700653303
ENSFCAG00000045414:TAL1	0	0	0	0	0	0	0	0	0	0.811436515624201	0.961716319880874	0.97082357765684	1	0.907819053133206	0.980709829197611	0.995977750976488	1	0.999570167252859	0.999993700653303
ENSFCAG00000001593:EED	0	0	0	0	0	0	0	0	0	0.818372303312441	0.935937455353629	0.970836631660879	1	0.907819053133206	0.980709829197611	0.995977750976488	1	0.999570553700924	0.999993700653303
ENSFCAG00000006231:PPARG	0	0	0	0	0	0	0	0	0	0.813981830880306	0.952688975246865	0.970987986073867	1	0.907819053133206	0.980709829197611	0.995977750976488	1	0.999575021550898	0.999993700653303
ENSFCAG00000003700:AKT3	0	0	0	0	0	0	0	0	0	0.81809538259867	0.939374145811795	0.971085212816183	1	0.907819053133206	0.980709829197611	0.995977750976488	1	0.99957787915368	0.999993700653303
ENSFCAG00000030098:SS18	0	0	0	0	0	0	0	0	0	0.817907166375395	0.940299026645214	0.971116281810426	1	0.907819053133206	0.980709829197611	0.995977750976488	1	0.999578790253796	0.999993700653303
ENSFCAG00000033150:PTK6	0	0	0	0	0	0	0	0	0	0.817352477451982	0.94357118655962	0.971247255938711	1	0.907819053133206	0.980709829197611	0.995977750976488	1	0.999582620150973	0.999993700653303
ENSFCAG00000031608:KLF5	0	0	0	0	0	0	0	0	0	0.815208929335596	0.952776135709614	0.971354300722978	1	0.907819053133206	0.980709829197611	0.995977750976488	1	0.99958573719851	0.999993700653303
ENSFCAG00000022941:IRF4	0	0	0	0	0	0	0	0	0	0.819240822064633	0.939373513730439	0.971413323845282	1	0.907819053133206	0.980709829197611	0.995977750976488	1	0.999587450853041	0.999993700653303
ENSFCAG00000015103:CHEK1	0	0	0	0	0	0	0	0	0	0.819151687751995	0.940139104379906	0.971458504782501	1	0.907819053133206	0.980709829197611	0.995977750976488	1	0.999588760195614	0.999993700653303
ENSFCAG00000004375:ERRFI1	0	0	0	0	0	0	0	0	0	0.814149161771881	0.960006134929773	0.97152549492016	1	0.907819053133206	0.980709829197611	0.995977750976488	1	0.999590697700804	0.999993700653303
ENSFCAG00000031216:CA5B	0	0	0	0	0	0	0	0	0	0.821272499519608	0.934642693224197	0.971533454573252	1	0.907819053133206	0.980709829197611	0.995977750976488	1	0.999590927604807	0.999993700653303
ENSFCAG00000041347:HOXA13	0	0	0	0	0	0	0	0	0	0.813799187022379	0.963120129152218	0.971605343211683	1	0.907819053133206	0.980709829197611	0.995977750976488	1	0.99959300105848	0.999993700653303
ENSFCAG00000013722:STK11	0	0	0	0	0	0	0	0	0	0.81792296570794	0.946638322497632	0.971669459437908	1	0.907819053133206	0.980709829197611	0.995977750976488	1	0.999594845848254	0.999993700653303
ENSFCAG00000030336:IFNGR1	0	0	0	0	0	0	0	0	0	0.818311709483914	0.945831053377648	0.971714803840013	1	0.907819053133206	0.980709829197611	0.995977750976488	1	0.999596147969975	0.999993700653303
ENSFCAG00000000479:CALR	0	0	0	0	0	0	0	0	0	0.821932139491976	0.93489859866969	0.971744835690715	1	0.907819053133206	0.980709829197611	0.995977750976488	1	0.999597009207665	0.999993700653303
ENSFCAG00000031620:PDK1	0	0	0	0	0	0	0	0	0	0.818448483787086	0.945880670582374	0.971758189273301	1	0.907819053133206	0.980709829197611	0.995977750976488	1	0.999597391856615	0.999993700653303
ENSFCAG00000028952:HOXA3	0	0	0	0	0	0	0	0	0	0.814154749988004	0.964531142937931	0.971788102051447	1	0.907819053133206	0.980709829197611	0.995977750976488	1	0.999598248345932	0.999993700653303
ENSFCAG00000005533:PBX1	0	0	0	0	0	0	0	0	0	0.819022503062436	0.944779894614409	0.971830527466365	1	0.907819053133206	0.980709829197611	0.995977750976488	1	0.999599461529185	0.999993700653303
ENSFCAG00000025016:DDB2	0	0	0	0	0	0	0	0	0	0.818876885686011	0.945637293756235	0.971860789125018	1	0.907819053133206	0.980709829197611	0.995977750976488	1	0.999600325749952	0.999993700653303
ENSFCAG00000025854:CASP8	0	0	0	0	0	0	0	0	0	0.818933672847112	0.945581901019283	0.971872432832207	1	0.907819053133206	0.980709829197611	0.995977750976488	1	0.999600658023111	0.999993700653303
ENSFCAG00000003212:NDRG1	0	0	0	0	0	0	0	0	0	0.820499400685647	0.941440822630163	0.971960239966266	1	0.907819053133206	0.980709829197611	0.995977750976488	1	0.999603159257815	0.999993700653303
ENSFCAG00000010347:MAX	0	0	0	0	0	0	0	0	0	0.818355675461876	0.948905077289088	0.971975124044719	1	0.907819053133206	0.980709829197611	0.995977750976488	1	0.99960358245271	0.999993700653303
ENSFCAG00000010866:INHBA	0	0	0	0	0	0	0	0	0	0.816936858622487	0.955174512404211	0.972026032767191	1	0.907819053133206	0.980709829197611	0.995977750976488	1	0.999605028203388	0.999993700653303
ENSFCAG00000018839:SS18L1	0	0	0	0	0	0	0	0	0	0.821588176004021	0.939119977277928	0.972055644298813	1	0.907819053133206	0.980709829197611	0.995977750976488	1	0.999605867911227	0.999993700653303
ENSFCAG00000009292:SETD4	0	0	0	0	0	0	0	0	0	0.821593711054706	0.939161905835919	0.972061115263665	1	0.907819053133206	0.980709829197611	0.995977750976488	1	0.999606022955169	0.999993700653303
ENSFCAG00000042993:GATA3	0	0	0	0	0	0	0	0	0	0.816392417159146	0.959386541745306	0.972143328387965	1	0.907819053133206	0.980709829197611	0.995977750976488	1	0.999608349119111	0.999993700653303
ENSFCAG00000041539:MYC	0	0	0	0	0	0	0	0	0	0.81664150411374	0.959260031846516	0.972207797646884	1	0.907819053133206	0.980709829197611	0.995977750976488	1	0.999610168368788	0.999993700653303
ENSFCAG00000045851:SOX17	0	0	0	0	0	0	0	0	0	0.815892064794202	0.963276878809209	0.972227767943861	1	0.907819053133206	0.980709829197611	0.995977750976488	1	0.999610731040758	0.999993700653303
ENSFCAG00000003156:ARID3C	0	0	0	0	0	0	0	0	0	0.819229443418637	0.949834882055234	0.972297580176303	1	0.907819053133206	0.980709829197611	0.995977750976488	1	0.999612694807924	0.999993700653303
ENSFCAG00000024841:ETV6	0	0	0	0	0	0	0	0	0	0.820153169992181	0.948190185029208	0.972432505429771	1	0.907819053133206	0.980709829197611	0.995977750976488	1	0.999616475951526	0.999993700653303
ENSFCAG00000038120:SMYD3	0	0	0	0	0	0	0	0	0	0.822678582075968	0.94191684450299	0.972617029957011	1	0.907819053133206	0.980709829197611	0.995977750976488	1	0.999621616756371	0.999993700653303
ENSFCAG00000009200:IL7R	0	0	0	0	0	0	0	0	0	0.822275043636662	0.943785644844559	0.972667571042083	1	0.907819053133206	0.980709829197611	0.995977750976488	1	0.999623018709964	0.999993700653303
ENSFCAG00000010809:GABRA6	0	0	0	0	0	0	0	0	0	0.822439857135755	0.943865165280982	0.972720679528926	1	0.907819053133206	0.980709829197611	0.995977750976488	1	0.999624489050757	0.999993700653303
ENSFCAG00000024268:CD36	0	0	0	0	0	0	0	0	0	0.823092544308224	0.942147220987308	0.972753328943524	1	0.907819053133206	0.980709829197611	0.995977750976488	1	0.999625391530435	0.999993700653303
ENSFCAG00000027073:CDK8	0	0	0	0	0	0	0	0	0	0.823737662506016	0.940581325498039	0.972792470103254	1	0.907819053133206	0.980709829197611	0.995977750976488	1	0.999626472007528	0.999993700653303
ENSFCAG00000046322:IRF8	0	0	0	0	0	0	0	0	0	0.823159697859465	0.942499936205349	0.972803284934615	1	0.907819053133206	0.980709829197611	0.995977750976488	1	0.999626770269217	0.999993700653303
ENSFCAG00000007838:FSTL3	0	0	0	0	0	0	0	0	0	0.817717567207518	0.96694493556747	0.972953023719009	1	0.907819053133206	0.980709829197611	0.995977750976488	1	0.999630887551583	0.999993700653303
ENSFCAG00000009538:TRIP13	0	0	0	0	0	0	0	0	0	0.823347570532481	0.943854903514162	0.972973798564324	1	0.907819053133206	0.980709829197611	0.995977750976488	1	0.999631456965198	0.999993700653303
ENSFCAG00000035352:KCNJ5	0	0	0	0	0	0	0	0	0	0.819838814283485	0.957080133774778	0.972987871664451	1	0.907819053133206	0.980709829197611	0.995977750976488	1	0.999631842439988	0.999993700653303
ENSFCAG00000046742:TLX1	0	0	0	0	0	0	0	0	0	0.819866488717351	0.957150962630641	0.973000410208667	1	0.907819053133206	0.980709829197611	0.995977750976488	1	0.999632185710452	0.999993700653303
ENSFCAG00000004033:CCNQ	1	0	0	0	0	0	0	0	0	0.821006092843261	0.954265444713065	0.973128366576648	1	0.907819053133206	0.980709829197611	0.995977750976488	1	0.999635679562226	0.999993700653303
ENSFCAG00000033222:TUSC3	0	0	0	0	0	0	0	0	0	0.822551453185976	0.948474093583701	0.973132283563426	1	0.907819053133206	0.980709829197611	0.995977750976488	1	0.99963578625023	0.999993700653303
ENSFCAG00000005528:NUF2	0	0	0	0	0	0	0	0	0	0.825471184186355	0.939181120229374	0.973143481525323	1	0.907819053133206	0.980709829197611	0.995977750976488	1	0.999636091165113	0.999993700653303
ENSFCAG00000012037:XIAP	0	0	0	0	0	0	0	0	0	0.825607482298065	0.939470916483108	0.973208007652038	1	0.907819053133206	0.980709829197611	0.995977750976488	1	0.999637845668693	0.999993700653303
ENSFCAG00000028649:DUSP4	0	0	0	0	0	0	0	0	0	0.820041412630806	0.960420216703394	0.973256560165755	1	0.907819053133206	0.980709829197611	0.995977750976488	1	0.999639163019566	0.999993700653303
ENSFCAG00000007999:MKNK1	0	0	0	0	0	0	0	0	0	0.82494282191456	0.942798139701794	0.973325110385302	1	0.907819053133206	0.980709829197611	0.995977750976488	1	0.999641018834138	0.999993700653303
ENSFCAG00000004068:SMARCB1	0	0	0	0	0	0	0	0	0	0.823715541658368	0.94698062285163	0.973338003326258	1	0.907819053133206	0.980709829197611	0.995977750976488	1	0.999641367336747	0.999993700653303
ENSFCAG00000031618:FANCL	0	0	0	0	0	0	0	0	0	0.827415035830582	0.93669393169584	0.973439110981673	1	0.907819053133206	0.980709829197611	0.995977750976488	1	0.999644094406124	0.999993700653303
ENSFCAG00000037388:RAD52	0	0	0	0	0	0	0	0	0	0.825252178135208	0.943187191736698	0.973444599958268	1	0.907819053133206	0.980709829197611	0.995977750976488	1	0.999644242153913	0.999993700653303
ENSFCAG00000039437:WWTR1	0	0	0	0	0	0	0	0	0	0.822246953834279	0.956794674094179	0.97365076399215	1	0.907819053133206	0.980709829197611	0.995977750976488	1	0.999649769097735	0.999993700653303
ENSFCAG00000015151:PAG1	0	0	0	0	0	0	0	0	0	0.822640578465207	0.955764672022795	0.973692295209703	1	0.907819053133206	0.980709829197611	0.995977750976488	1	0.999650877203401	0.999993700653303
ENSFCAG00000029868:SOCS2	0	0	0	0	0	0	0	0	0	0.824873108597492	0.948517236748194	0.973782553330256	1	0.907819053133206	0.980709829197611	0.995977750976488	1	0.999653279296645	0.999993700653303
ENSFCAG00000003944:PTPN1	0	0	0	0	0	0	0	0	0	0.827063401768966	0.941717895823131	0.973812113345449	1	0.907819053133206	0.980709829197611	0.995977750976488	1	0.999654064176347	0.999993700653303
ENSFCAG00000001624:CCNE1	0	0	0	0	0	0	0	0	0	0.828662613583072	0.937700238663006	0.973874752222213	1	0.907819053133206	0.980709829197611	0.995977750976488	1	0.99965572440318	0.999993700653303
ENSFCAG00000003608:TFPT	0	0	0	0	0	0	0	0	0	0.826973976606306	0.94539533189205	0.974106284906474	1	0.907819053133206	0.980709829197611	0.995977750976488	1	0.999661826148923	0.999993700653303
ENSFCAG00000048115:FANCF	0	0	0	0	0	0	0	0	0	0.824216429640746	0.955898535197024	0.974141386237623	1	0.907819053133206	0.980709829197611	0.995977750976488	1	0.999662746394984	0.999993700653303
ENSFCAG00000043446:GNA12	0	0	0	0	0	0	0	0	0	0.823769367491487	0.959455041965091	0.974247702729416	1	0.907819053133206	0.980709829197611	0.995977750976488	1	0.999665525960788	0.999993700653303
ENSFCAG00000012379:SPRED1	0	0	0	0	0	0	0	0	0	0.828643504152838	0.942965328665657	0.974352056918577	1	0.907819053133206	0.980709829197611	0.995977750976488	1	0.999668242940897	0.999993700653303
ENSFCAG00000010904:GATA1	0	0	0	0	0	0	0	0	0	0.824950817964022	0.956398516916142	0.974378710536614	1	0.907819053133206	0.980709829197611	0.995977750976488	1	0.999668935106263	0.999993700653303
ENSFCAG00000006788:ACTB	0	0	0	0	0	0	0	0	0	0.824311815240594	0.95931797711734	0.974390139628775	1	0.907819053133206	0.980709829197611	0.995977750976488	1	0.999669231683961	0.999993700653303
ENSFCAG00000023667:HERPUD1	0	0	0	0	0	0	0	0	0	0.827455823773908	0.947357235403635	0.974399281811072	1	0.907819053133206	0.980709829197611	0.995977750976488	1	0.999669468821293	0.999993700653303
ENSFCAG00000036087:LMO2	0	0	0	0	0	0	0	0	0	0.825234081570715	0.956335659804107	0.974452845905102	1	0.907819053133206	0.980709829197611	0.995977750976488	1	0.999670856486667	0.999993700653303
ENSFCAG00000028389:MAP2K1	0	0	0	0	0	0	0	0	0	0.827303082983218	0.949386347002667	0.974518418275486	1	0.907819053133206	0.980709829197611	0.995977750976488	1	0.999672551237642	0.999993700653303
ENSFCAG00000030830:PTPN2	0	0	0	0	0	0	0	0	0	0.830419785051648	0.939862232308305	0.974550811828861	1	0.907819053133206	0.980709829197611	0.995977750976488	1	0.999673386837122	0.999993700653303
ENSFCAG00000009769:NFKBIE	0	0	0	0	0	0	0	0	0	0.826026030552982	0.955904398381796	0.974642159374086	1	0.907819053133206	0.980709829197611	0.995977750976488	1	0.999675737369769	0.999993700653303
ENSFCAG00000040420:GSK3B	0	0	0	0	0	0	0	0	0	0.829434987353726	0.944338857057674	0.974684586559518	1	0.907819053133206	0.980709829197611	0.995977750976488	1	0.999676826183982	0.999993700653303
ENSFCAG00000041373:CEBPA	0	0	0	0	0	0	0	0	0	0.8231171354125	0.972384369143775	0.97474079507796	1	0.907819053133206	0.980709829197611	0.995977750976488	1	0.999678265826214	0.999993700653303
ENSFCAG00000045890:FOXL2	0	0	0	0	0	0	0	0	0	0.822944848293052	0.973702565963647	0.974746975794539	1	0.907819053133206	0.980709829197611	0.995977750976488	1	0.999678423932183	0.999993700653303
ENSFCAG00000013883:EIF4A2	0	0	0	0	0	0	0	0	0	0.830432326546701	0.943158859831643	0.974850431123701	1	0.907819053133206	0.980709829197611	0.995977750976488	1	0.999681064555775	0.999993700653303
ENSFCAG00000018503:ABRAXAS1	0	0	0	0	0	0	0	0	0	0.830679664943942	0.942532079988408	0.974861553644756	1	0.907819053133206	0.980709829197611	0.995977750976488	1	0.999681347796547	0.999993700653303
ENSFCAG00000015075:SETD7	0	0	0	0	0	0	0	0	0	0.828722036383717	0.949763320530776	0.97493318388703	1	0.907819053133206	0.980709829197611	0.995977750976488	1	0.99968316885768	0.999993700653303
ENSFCAG00000014173:MAPK3	0	0	0	0	0	0	0	0	0	0.828848496181375	0.949763465415168	0.974967402798168	1	0.907819053133206	0.980709829197611	0.995977750976488	1	0.999684036950068	0.999993700653303
ENSFCAG00000032144:ACTG1	0	0	0	0	0	0	0	0	0	0.826026008284701	0.961077753711446	0.974971547708039	1	0.907819053133206	0.980709829197611	0.995977750976488	1	0.999684142019869	0.999993700653303
ENSFCAG00000004034:DUSP9	0	0	0	0	0	0	0	0	0	0.825817455506219	0.962756066219796	0.97501215717393	1	0.907819053133206	0.980709829197611	0.995977750976488	1	0.999685170501885	0.999993700653303
ENSFCAG00000029481:PPP4R2	0	0	0	0	0	0	0	0	0	0.830966398351825	0.94408152701991	0.975073113738649	1	0.907819053133206	0.980709829197611	0.995977750976488	1	0.999686711123004	0.999993700653303
ENSFCAG00000022640:MYCL	0	0	0	0	0	0	0	0	0	0.827760219198875	0.955280638016247	0.975074234017273	1	0.907819053133206	0.980709829197611	0.995977750976488	1	0.999686739401355	0.999993700653303
ENSFCAG00000025662:SH3GL1	0	0	0	0	0	0	0	0	0	0.830509567415739	0.946335862851078	0.975140796146957	1	0.907819053133206	0.980709829197611	0.995977750976488	1	0.99968841726906	0.999993700653303
ENSFCAG00000009681:RRAGC	0	0	0	0	0	0	0	0	0	0.829918954971278	0.950770838498827	0.975332884311954	1	0.907819053133206	0.980709829197611	0.995977750976488	1	0.999693233865591	0.999993700653303
ENSFCAG00000001628:PAX5	0	0	0	0	0	0	0	0	0	0.831080911264087	0.94722015197328	0.975365775413458	1	0.907819053133206	0.980709829197611	0.995977750976488	1	0.99969405481384	0.999993700653303
ENSFCAG00000012557:ACKR3	0	0	0	0	0	0	0	0	0	0.827747815165484	0.961438425911821	0.975464365867146	1	0.907819053133206	0.980709829197611	0.995977750976488	1	0.999696508945704	0.999993700653303
ENSFCAG00000038251:MAP2K4	0	0	0	0	0	0	0	0	0	0.831977350557286	0.946744662857413	0.975565525761322	1	0.907819053133206	0.980709829197611	0.995977750976488	1	0.999699016679077	0.999993700653303
ENSFCAG00000003976:IDH1	0	0	0	0	0	0	0	0	0	0.83208914897262	0.94823894360992	0.975715767391522	1	0.907819053133206	0.980709829197611	0.995977750976488	1	0.999702721780608	0.999993700653303
ENSFCAG00000015575:CXCR4	0	0	0	0	0	0	0	0	0	0.829373071516651	0.959694433764635	0.975799364416253	1	0.907819053133206	0.980709829197611	0.995977750976488	1	0.999704773345167	0.999993700653303
ENSFCAG00000026744:GNB1	0	0	0	0	0	0	0	0	0	0.832055371868939	0.949484522699276	0.9758047018926	1	0.907819053133206	0.980709829197611	0.995977750976488	1	0.999704904089575	0.999993700653303
ENSFCAG00000024493:AURKA	0	0	0	0	0	0	0	0	0	0.832544626626398	0.948986062484544	0.975895392179825	1	0.907819053133206	0.980709829197611	0.995977750976488	1	0.999707121135631	0.999993700653303
ENSFCAG00000044642:GNA11	0	0	0	0	0	0	0	0	0	0.832513495196766	0.951663760828895	0.976091599573463	1	0.907819053133206	0.980709829197611	0.995977750976488	1	0.999711888849397	0.999993700653303
ENSFCAG00000030278:MCL1	0	0	0	0	0	0	0	0	0	0.830960350063121	0.959020191842115	0.976183420896025	1	0.907819053133206	0.980709829197611	0.995977750976488	1	0.999714106500646	0.999993700653303
ENSFCAG00000006667:INHA	0	0	0	0	0	0	0	0	0	0.830783968597627	0.959929443915817	0.976192863303233	1	0.907819053133206	0.980709829197611	0.995977750976488	1	0.999714334062118	0.999993700653303
ENSFCAG00000022238:PCBP1	0	0	0	0	0	0	0	0	0	0.829668541256414	0.966749670224231	0.976277382126787	1	0.907819053133206	0.980709829197611	0.995977750976488	1	0.999716366893435	0.999993700653303
ENSFCAG00000035960:TLX3	0	0	0	0	0	0	0	0	0	0.831382027885855	0.960187438314752	0.976368380699723	1	0.907819053133206	0.980709829197611	0.995977750976488	1	0.999718547394553	0.999993700653303
ENSFCAG00000000449:ELF3	0	0	0	0	0	0	0	0	0	0.835718773763919	0.945885107369795	0.976475980578418	1	0.907819053133206	0.980709829197611	0.995977750976488	1	0.999721114751812	0.999993700653303
ENSFCAG00000038036:ZNF24	0	0	0	0	0	0	0	0	0	0.835849024046932	0.946195433069706	0.976535504323805	1	0.907819053133206	0.980709829197611	0.995977750976488	1	0.999722529907918	0.999993700653303
ENSFCAG00000004973:MYOD1	0	0	0	0	0	0	0	0	0	0.829599953223807	0.973382634231341	0.97656370044671	1	0.907819053133206	0.980709829197611	0.995977750976488	1	0.999723198994411	0.999993700653303
ENSFCAG00000025659:TFG	0	0	0	0	0	0	0	0	0	0.835283334303568	0.948580894697991	0.976581732028577	1	0.907819053133206	0.980709829197611	0.995977750976488	1	0.999723626452268	0.999993700653303
ENSFCAG00000009774:MEF2B	0	0	0	0	0	0	0	0	0	0.832739573245564	0.958255189533716	0.976607647254619	1	0.907819053133206	0.980709829197611	0.995977750976488	1	0.999724240217208	0.999993700653303
ENSFCAG00000012114:OMD	0	0	0	0	0	0	0	0	0	0.833898302452718	0.954188416542683	0.97663914912645	1	0.907819053133206	0.980709829197611	0.995977750976488	1	0.999724985367804	0.999993700653303
ENSFCAG00000045474:CRLF2	0	0	0	0	0	0	0	0	0	0.835352136574384	0.950057861057509	0.976714760243771	1	0.907819053133206	0.980709829197611	0.995977750976488	1	0.999726769739675	0.999993700653303
ENSFCAG00000009646:SMARCE1	0	0	0	0	0	0	0	0	0	0.837511819492969	0.944223668294874	0.976797833864616	1	0.907819053133206	0.980709829197611	0.995977750976488	1	0.999728723473266	0.999993700653303
ENSFCAG00000001078:POU5F1	0	0	0	0	0	0	0	0	0	0.836244252173517	0.949253773236428	0.97688377303599	1	0.907819053133206	0.980709829197611	0.995977750976488	1	0.999730737164248	0.999993700653303
ENSFCAG00000002791:P2RY8	0	0	0	0	0	0	0	0	0	0.830668505037803	0.974272852148984	0.976886620006487	1	0.907819053133206	0.980709829197611	0.995977750976488	1	0.999730803743899	0.999993700653303
ENSFCAG00000002637:SPOP	0	0	0	0	0	0	0	0	0	0.836617680814554	0.948190393534665	0.976896301582976	1	0.907819053133206	0.980709829197611	0.995977750976488	1	0.999731030096519	0.999993700653303
ENSFCAG00000040513:TPM3	0	0	0	0	0	0	0	0	0	0.838339685323533	0.943277590606785	0.976927613048914	1	0.907819053133206	0.980709829197611	0.995977750976488	1	0.99973176149311	0.999993700653303
ENSFCAG00000025160:HSD3B2	0	0	0	0	0	0	0	0	0	0.836195688666605	0.951604135908034	0.977050465714068	1	0.907819053133206	0.980709829197611	0.995977750976488	1	0.999734621484274	0.999993700653303
ENSFCAG00000022485:TMEM30A	0	0	0	0	0	0	0	0	0	0.837393424905914	0.947788283410303	0.977063707050804	1	0.907819053133206	0.980709829197611	0.995977750976488	1	0.999734928818326	0.999993700653303
ENSFCAG00000030144:IRF2	0	0	0	0	0	0	0	0	0	0.838861263812989	0.94343282967748	0.97707396515309	1	0.907819053133206	0.980709829197611	0.995977750976488	1	0.999735166787556	0.999993700653303
ENSFCAG00000022622:ETNK1	0	0	0	0	0	0	0	0	0	0.838566205281172	0.945829206629662	0.977203181020956	1	0.907819053133206	0.980709829197611	0.995977750976488	1	0.999738155137402	0.999993700653303
ENSFCAG00000008090:TTL	0	0	0	0	0	0	0	0	0	0.837282741332154	0.949951928951639	0.977205543686051	1	0.907819053133206	0.980709829197611	0.995977750976488	1	0.99973820961922	0.999993700653303
ENSFCAG00000023383:GNA13	0	0	0	0	0	0	0	0	0	0.836067794228776	0.954507809189335	0.977227062809033	1	0.907819053133206	0.980709829197611	0.995977750976488	1	0.999738705575959	0.999993700653303
ENSFCAG00000022444:TENT5C	0	0	0	0	0	0	0	0	0	0.834028310776819	0.965083637183036	0.977349305689863	1	0.907819053133206	0.980709829197611	0.995977750976488	1	0.999741513947543	0.999993700653303
ENSFCAG00000045245:PHF6	0	0	0	0	0	0	0	0	0	0.838422027927291	0.948194176909997	0.977359364430029	1	0.907819053133206	0.980709829197611	0.995977750976488	1	0.999741744353207	0.999993700653303
ENSFCAG00000030594:HOXD11	0	0	0	0	0	0	0	0	0	0.833478381639912	0.968358460085288	0.977372269173932	1	0.907819053133206	0.980709829197611	0.995977750976488	1	0.999742039797877	0.999993700653303
ENSFCAG00000022323:PPP1CB	0	0	0	0	0	0	0	0	0	0.840975837783666	0.941969995600059	0.977478812651166	1	0.907819053133206	0.980709829197611	0.995977750976488	1	0.999744472522513	0.999993700653303
ENSFCAG00000025247:SFRP4	0	0	0	0	0	0	0	0	0	0.836031741838689	0.958673285731555	0.977495865603435	1	0.907819053133206	0.980709829197611	0.995977750976488	1	0.999744860817205	0.999993700653303
ENSFCAG00000030694:HOXD13	0	0	0	0	0	0	0	0	0	0.834783978280093	0.964151303979578	0.977496391103465	1	0.907819053133206	0.980709829197611	0.995977750976488	1	0.999744872778083	0.999993700653303
ENSFCAG00000025137:PRKACA	0	0	0	0	0	0	0	0	0	0.840409688916191	0.943945177784659	0.977510131989396	1	0.907819053133206	0.980709829197611	0.995977750976488	1	0.9997451854334	0.999993700653303
ENSFCAG00000024636:RAD51C	0	0	0	0	0	0	0	0	0	0.839117122826811	0.947938495692352	0.977515799365969	1	0.907819053133206	0.980709829197611	0.995977750976488	1	0.999745314330643	0.999993700653303
ENSFCAG00000002606:PRSS8	0	0	0	0	0	0	0	0	0	0.838304683596036	0.951250491037397	0.977565975174633	1	0.907819053133206	0.980709829197611	0.995977750976488	1	0.99974645408215	0.999993700653303
ENSFCAG00000024503:GNAQ	0	0	0	0	0	0	0	0	0	0.839383052181323	0.948745956298672	0.977647494877085	1	0.907819053133206	0.980709829197611	0.995977750976488	1	0.999748300324192	0.999993700653303
ENSFCAG00000010694:DUSP2	0	0	0	0	0	0	0	0	0	0.835609362730916	0.963335808024699	0.977665917187346	1	0.907819053133206	0.980709829197611	0.995977750976488	1	0.999748716607369	0.999993700653303
ENSFCAG00000006305:CCN6	0	0	0	0	0	0	0	0	0	0.836459704849143	0.959887004307595	0.977682609101111	1	0.907819053133206	0.980709829197611	0.995977750976488	1	0.999749093489562	0.999993700653303
ENSFCAG00000033551:DNAJB1	0	0	0	0	0	0	0	0	0	0.836214497680741	0.961906540617726	0.97774066925883	1	0.907819053133206	0.980709829197611	0.995977750976488	1	0.999750402194549	0.999993700653303
ENSFCAG00000027426:RAD51D	0	0	0	0	0	0	0	0	0	0.840035514260706	0.94796386947149	0.97775034601336	1	0.907819053133206	0.980709829197611	0.995977750976488	1	0.999750619978231	0.999993700653303
ENSFCAG00000004268:DEK	0	0	0	0	0	0	0	0	0	0.841705932183761	0.943522195775654	0.977798449148297	1	0.907819053133206	0.980709829197611	0.995977750976488	1	0.999751701159347	0.999993700653303
ENSFCAG00000045230:PHOX2B	0	0	0	0	0	0	0	0	0	0.836563675734247	0.965183811848031	0.978014714052179	1	0.907819053133206	0.980709829197611	0.995977750976488	1	0.999756532762843	0.999993700653303
ENSFCAG00000007657:RAD51B	0	0	0	0	0	0	0	0	0	0.842647341152429	0.944244406797098	0.978095253515723	1	0.907819053133206	0.980709829197611	0.995977750976488	1	0.999758319884424	0.999993700653303
ENSFCAG00000010841:MAFB	0	0	0	0	0	0	0	0	0	0.83588478631923	0.971088676954896	0.97812832388983	1	0.907819053133206	0.980709829197611	0.995977750976488	1	0.999759051775196	0.999993700653303
ENSFCAG00000030589:APH1A	0	0	0	0	0	0	0	0	0	0.839641739171279	0.956174135608413	0.978256780266256	1	0.907819053133206	0.980709829197611	0.995977750976488	1	0.999761884077152	0.999993700653303
ENSFCAG00000033201:NEGR1	0	0	0	0	0	0	0	0	0	0.840122931238826	0.954712690772063	0.978278172844038	1	0.907819053133206	0.980709829197611	0.995977750976488	1	0.999762354118143	0.999993700653303
ENSFCAG00000013003:S1PR2	0	0	0	0	0	0	0	0	0	0.836965599031286	0.96897210361133	0.978310250154852	1	0.907819053133206	0.980709829197611	0.995977750976488	1	0.999763058049098	0.999993700653303
ENSFCAG00000042983:CRKL	0	0	0	0	0	0	0	0	0	0.83959280711548	0.958817166178698	0.97841734702305	1	0.907819053133206	0.980709829197611	0.995977750976488	1	0.999765400653481	0.999993700653303
ENSFCAG00000007945:HOXA11	0	0	0	0	0	0	0	0	0	0.838100756508554	0.965963595926716	0.978451157466036	1	0.907819053133206	0.980709829197611	0.995977750976488	1	0.999766137778171	0.999993700653303
ENSFCAG00000026699:CDX2	0	0	0	0	0	0	0	0	0	0.83916732383476	0.961349487092481	0.978465005963049	1	0.907819053133206	0.980709829197611	0.995977750976488	1	0.999766439361493	0.999993700653303
ENSFCAG00000024972:JUN	0	0	0	0	0	0	0	0	0	0.837550030401869	0.969822206251938	0.978500611566068	1	0.907819053133206	0.980709829197611	0.995977750976488	1	0.999767213856754	0.999993700653303
ENSFCAG00000014712:RAD51	0	0	0	0	0	0	0	0	0	0.841740518047742	0.952240843502965	0.978507241113196	1	0.907819053133206	0.980709829197611	0.995977750976488	1	0.999767357919992	0.999993700653303
ENSFCAG00000041686:MSI2	0	0	0	0	0	0	0	0	0	0.843533985963818	0.951575597425696	0.978903359067151	1	0.907819053133206	0.980709829197611	0.995977750976488	1	0.999775884244058	0.999993700653303
ENSFCAG00000046021:EXOSC6	0	0	0	0	0	0	0	0	0	0.839555513685038	0.967652801582515	0.978907963973649	1	0.907819053133206	0.980709829197611	0.995977750976488	1	0.999775982420679	0.999993700653303
ENSFCAG00000036921:SDHB	0	0	0	0	0	0	0	0	0	0.843535451106408	0.952826180064627	0.978995857860624	1	0.907819053133206	0.980709829197611	0.995977750976488	1	0.99977785216612	0.999993700653303
ENSFCAG00000025542:HEY1	0	0	0	0	0	0	0	0	0	0.842245380806525	0.957810018540108	0.979019062689993	1	0.907819053133206	0.980709829197611	0.995977750976488	1	0.999778344480155	0.999993700653303
ENSFCAG00000013318:IRF1	0	0	0	0	0	0	0	0	0	0.846197729620932	0.945508113871113	0.979073798789881	1	0.907819053133206	0.980709829197611	0.995977750976488	1	0.999779503583356	0.999993700653303
ENSFCAG00000034951:MYD88	0	0	0	0	0	0	0	0	0	0.845039694930963	0.950947300305338	0.979226112407616	1	0.907819053133206	0.980709829197611	0.995977750976488	1	0.999782712903932	0.999993700653303
ENSFCAG00000019399:QKI	0	0	0	0	0	0	0	0	0	0.84398608589956	0.955210723381626	0.979275987354154	1	0.907819053133206	0.980709829197611	0.995977750976488	1	0.999783758643627	0.999993700653303
ENSFCAG00000045118:CDK6	0	0	0	0	0	0	0	0	0	0.843588946560474	0.957336109444175	0.979321296858522	1	0.907819053133206	0.980709829197611	0.995977750976488	1	0.999784706456609	0.999993700653303
ENSFCAG00000006671:NFKBIA	0	0	0	0	0	0	0	0	0	0.845277992422009	0.951522325571253	0.979327571616874	1	0.907819053133206	0.980709829197611	0.995977750976488	1	0.999784837550729	0.999993700653303
ENSFCAG00000033716:FGF14	0	0	0	0	0	0	0	0	0	0.843548216243268	0.958448249871709	0.979383409758268	1	0.907819053133206	0.980709829197611	0.995977750976488	1	0.9997860023671	0.999993700653303
ENSFCAG00000023702:PIM1	0	0	0	0	0	0	0	0	0	0.846479814291298	0.951034388532444	0.979583145125585	1	0.907819053133206	0.980709829197611	0.995977750976488	1	0.999790142904438	0.999993700653303
ENSFCAG00000039431:PNRC1	0	0	0	0	0	0	0	0	0	0.843456401276557	0.962816539060043	0.97962573233918	1	0.907819053133206	0.980709829197611	0.995977750976488	1	0.999791020474569	0.999993700653303
ENSFCAG00000004500:LTB	0	0	0	0	0	0	0	0	0	0.84443485276707	0.961085120054445	0.979765323460351	1	0.907819053133206	0.980709829197611	0.995977750976488	1	0.999793883968972	0.999993700653303
ENSFCAG00000008220:CREB1	0	0	0	0	0	0	0	0	0	0.84709069982992	0.95181414147417	0.979789237491154	1	0.907819053133206	0.980709829197611	0.995977750976488	1	0.999794372532573	0.999993700653303
ENSFCAG00000009373:BTLA	0	0	0	0	0	0	0	0	0	0.847515435499973	0.950857515813988	0.979819727346879	1	0.907819053133206	0.980709829197611	0.995977750976488	1	0.999794994593775	0.999993700653303
ENSFCAG00000008160:FCGR2B	0	0	0	0	0	0	0	0	0	0.849099250102485	0.949453640843076	0.980090685429464	1	0.907819053133206	0.980709829197611	0.995977750976488	1	0.999800481066648	0.999993700653303
ENSFCAG00000013445:EPCAM	0	0	0	0	0	0	0	0	0	0.84831288295377	0.953860904075046	0.980231842341651	1	0.907819053133206	0.980709829197611	0.995977750976488	1	0.99980330959239	0.999993700653303
ENSFCAG00000009419:SCG5	0	0	0	0	0	0	0	0	0	0.84850352379573	0.954720400232979	0.980338064618141	1	0.907819053133206	0.980709829197611	0.995977750976488	1	0.999805424688364	0.999993700653303
ENSFCAG00000036644:CCND3	0	0	0	0	0	0	0	0	0	0.84890822644605	0.954426346986894	0.980414055216198	1	0.907819053133206	0.980709829197611	0.995977750976488	1	0.999806930749565	0.999993700653303
ENSFCAG00000014436:TCEA1	0	0	0	0	0	0	0	0	0	0.851221006913423	0.947284347696644	0.980419060482646	1	0.907819053133206	0.980709829197611	0.995977750976488	1	0.999807029742417	0.999993700653303
ENSFCAG00000008999:TPM4	0	0	0	0	0	0	0	0	0	0.852044487519003	0.946130256032374	0.980516661240858	1	0.907819053133206	0.980709829197611	0.995977750976488	1	0.999808954957643	0.999993700653303
ENSFCAG00000040666:CYSLTR2	0	0	0	0	0	0	0	0	0	0.847543201613568	0.961963251806418	0.98057324308485	1	0.907819053133206	0.980709829197611	0.995977750976488	1	0.999810066609158	0.999993700653303
ENSFCAG00000032546:IGF2	0	0	0	0	0	0	0	0	0	0.846932998021526	0.964734219369386	0.980582714836089	1	0.907819053133206	0.980709829197611	0.995977750976488	1	0.999810252379626	0.999993700653303
ENSFCAG00000033129:FAS	0	0	0	0	0	0	0	0	0	0.850855962741765	0.95185110468606	0.98068898796815	1	0.907819053133206	0.980709829197611	0.995977750976488	1	0.999812330454041	0.999993700653303
ENSFCAG00000008358:CCND1	0	0	0	0	0	0	0	0	0	0.848508673849499	0.960533614231434	0.980719388293846	1	0.907819053133206	0.980709829197611	0.995977750976488	1	0.999812922786332	0.999993700653303
ENSFCAG00000011605:EGFL7	0	0	0	0	0	0	0	0	0	0.852267479622424	0.953430393954267	0.981134953670136	1	0.907819053133206	0.980709829197611	0.995977750976488	1	0.999820925357549	0.999993700653303
ENSFCAG00000030268:NPM1	0	0	0	0	0	0	0	0	0	0.85371044878293	0.950644220607831	0.981263018466365	1	0.907819053133206	0.980709829197611	0.995977750976488	1	0.999823356027466	0.999993700653303
ENSFCAG00000038221:MTAP	0	0	0	0	0	0	0	0	0	0.853480049795909	0.951498546309616	0.981274423109702	1	0.907819053133206	0.980709829197611	0.995977750976488	1	0.999823571677087	0.999993700653303
ENSFCAG00000028964:SIX1	0	0	0	0	0	0	0	0	0	0.850956242043629	0.960405903541983	0.981292063220322	1	0.907819053133206	0.980709829197611	0.995977750976488	1	0.999823904971667	0.999993700653303
ENSFCAG00000002120:HOXB13	0	0	0	0	0	0	0	0	0	0.850031150465538	0.96573843261435	0.981377729830773	1	0.907819053133206	0.980709829197611	0.995977750976488	1	0.999825519058696	0.999993700653303
ENSFCAG00000012089:MOB3B	0	0	0	0	0	0	0	0	0	0.852228725898657	0.963020196755329	0.98174464079022	1	0.907819053133206	0.980709829197611	0.995977750976488	1	0.999832347614513	0.999993700653303
ENSFCAG00000038352:HOXC11	0	0	0	0	0	0	0	0	0	0.852402780709167	0.966436270773597	0.981971280756191	1	0.907819053133206	0.980709829197611	0.995977750976488	1	0.999836497080911	0.999993700653303
ENSFCAG00000013892:ATF1	0	0	0	0	0	0	0	0	0	0.853804870902154	0.962041717440214	0.982053592410817	1	0.907819053133206	0.980709829197611	0.995977750976488	1	0.999837991144979	0.999993700653303
ENSFCAG00000037922:PPP6C	0	0	0	0	0	0	0	0	0	0.857061086436856	0.951431880061463	0.982086535054588	1	0.907819053133206	0.980709829197611	0.995977750976488	1	0.999838587163887	0.999993700653303
ENSFCAG00000025748:BCL2L1	0	0	0	0	0	0	0	0	0	0.855143740109091	0.957640796911507	0.982087880826869	1	0.907819053133206	0.980709829197611	0.995977750976488	1	0.999838611488947	0.999993700653303
ENSFCAG00000031745:KLF6	0	0	0	0	0	0	0	0	0	0.854552988964349	0.960483052514108	0.982132426481991	1	0.907819053133206	0.980709829197611	0.995977750976488	1	0.999839415618393	0.999993700653303
ENSFCAG00000040786:LASP1	0	0	0	0	0	0	0	0	0	0.856244926723413	0.95596897877563	0.982226875710057	1	0.907819053133206	0.980709829197611	0.995977750976488	1	0.999841113914086	0.999993700653303
ENSFCAG00000045613:FEV	0	0	0	0	0	0	0	0	0	0.853108628625732	0.968305970858025	0.982229551605977	1	0.907819053133206	0.980709829197611	0.995977750976488	1	0.999841161897184	0.999993700653303
ENSFCAG00000009047:CD274	0	0	0	0	0	0	0	0	0	0.855106233078589	0.960672890485833	0.982270698160755	1	0.907819053133206	0.980709829197611	0.995977750976488	1	0.999841898802909	0.999993700653303
ENSFCAG00000014287:PDCD1	0	0	0	0	0	0	0	0	0	0.857240898746228	0.953951225244015	0.982311339402562	1	0.907819053133206	0.980709829197611	0.995977750976488	1	0.999842624966859	0.999993700653303
ENSFCAG00000040177:CD79B	0	0	0	0	0	0	0	0	0	0.857142604804167	0.955004884416184	0.98236337715038	1	0.907819053133206	0.980709829197611	0.995977750976488	1	0.999843552304904	0.999993700653303
ENSFCAG00000013046:GADD45B	0	0	0	0	0	0	0	0	0	0.855691092625319	0.962111594479831	0.982489965256235	1	0.907819053133206	0.980709829197611	0.995977750976488	1	0.999845796658047	0.999993700653303
ENSFCAG00000006857:XRCC2	0	0	0	0	0	0	0	0	0	0.855756132255384	0.962206569541999	0.982510324346801	1	0.907819053133206	0.980709829197611	0.995977750976488	1	0.999846156093472	0.999993700653303
ENSFCAG00000022176:MLF1	0	0	0	0	0	0	0	0	0	0.856875181561963	0.959441851730084	0.982596538046264	1	0.907819053133206	0.980709829197611	0.995977750976488	1	0.999847673502357	0.999993700653303
ENSFCAG00000009048:PDCD1LG2	0	0	0	0	0	0	0	0	0	0.857683423282201	0.956722394690523	0.982602195076157	1	0.907819053133206	0.980709829197611	0.995977750976488	1	0.999847772804751	0.999993700653303
ENSFCAG00000029552:BCL2	0	0	0	0	0	0	0	0	0	0.855571105245726	0.965226972710227	0.982637558234657	1	0.907819053133206	0.980709829197611	0.995977750976488	1	0.999848392824564	0.999993700653303
ENSFCAG00000045844:XPA	0	0	0	0	0	0	0	0	0	0.859338912392708	0.952241279219932	0.982655964667842	1	0.907819053133206	0.980709829197611	0.995977750976488	1	0.999848715039685	0.999993700653303
ENSFCAG00000009689:VTCN1	0	0	0	0	0	0	0	0	0	0.857606068417738	0.961199893898602	0.982868973439886	1	0.907819053133206	0.980709829197611	0.995977750976488	1	0.999852418799746	0.999993700653303
ENSFCAG00000031909:ATG5	0	0	0	0	0	0	0	0	0	0.861112776143062	0.950384862918333	0.982906839719155	1	0.907819053133206	0.980709829197611	0.995977750976488	1	0.999853072379199	0.999993700653303
ENSFCAG00000015580:PDGFB	0	0	0	0	0	0	0	0	0	0.859956948545881	0.955755615361519	0.98304283539156	1	0.907819053133206	0.980709829197611	0.995977750976488	1	0.999855407663915	0.999993700653303
ENSFCAG00000006923:CCNB1IP1	0	0	0	0	0	0	0	0	0	0.858995297909553	0.959222570620247	0.983057770257866	1	0.907819053133206	0.980709829197611	0.995977750976488	1	0.999855662975267	0.999993700653303
ENSFCAG00000009155:RSPO3	0	0	0	0	0	0	0	0	0	0.861249851772508	0.953082384221559	0.983138357173641	1	0.907819053133206	0.980709829197611	0.995977750976488	1	0.999857036692427	0.999993700653303
ENSFCAG00000014272:CTLA4	0	0	0	0	0	0	0	0	0	0.859444420068474	0.962026461187816	0.983328266758457	1	0.907819053133206	0.980709829197611	0.995977750976488	1	0.999860247843532	0.999993700653303
ENSFCAG00000023035:JAZF1	0	0	0	0	0	0	0	0	0	0.861171039188506	0.95909732791809	0.983529889199361	1	0.907819053133206	0.980709829197611	0.995977750976488	1	0.9998636169056	0.999993700653303
ENSFCAG00000039688:NKX3-1	0	0	0	0	0	0	0	0	0	0.86231971961504	0.958535130658044	0.983744438158922	1	0.907819053133206	0.980709829197611	0.995977750976488	1	0.999867156574673	0.999993700653303
ENSFCAG00000022826:CDKN2A	0	0	0	0	0	0	0	0	0	0.860977418013366	0.966250334099255	0.983900625889532	1	0.907819053133206	0.980709829197611	0.995977750976488	1	0.999869703957962	0.999993700653303
ENSFCAG00000025024:PRRX1	0	0	0	0	0	0	0	0	0	0.863130576219866	0.95859723347078	0.983923901592912	1	0.907819053133206	0.980709829197611	0.995977750976488	1	0.999870081456093	0.999993700653303
ENSFCAG00000043034:FGF3	0	0	0	0	0	0	0	0	0	0.86069135567012	0.96810636661333	0.983932079291497	1	0.907819053133206	0.980709829197611	0.995977750976488	1	0.999870213955786	0.999993700653303
ENSFCAG00000045399:FGF23	0	0	0	0	0	0	0	0	0	0.86082586294475	0.972371393814622	0.984158008433341	1	0.907819053133206	0.980709829197611	0.995977750976488	1	0.99987384771174	0.999993700653303
ENSFCAG00000032259:DCUN1D1	0	0	0	0	0	0	0	0	0	0.867547258371179	0.948962630891805	0.984171152024406	1	0.907819053133206	0.980709829197611	0.995977750976488	1	0.999874057511576	0.999993700653303
ENSFCAG00000030239:TMEM127	0	0	0	0	0	0	0	0	0	0.863127238633008	0.963653532130202	0.984227496527007	1	0.907819053133206	0.980709829197611	0.995977750976488	1	0.999874954901299	0.999993700653303
ENSFCAG00000005782:RSPO2	0	0	0	0	0	0	0	0	0	0.865390094868266	0.957829028074412	0.984357643494547	1	0.907819053133206	0.980709829197611	0.995977750976488	1	0.999877015401052	0.999993700653303
ENSFCAG00000036433:POU2AF1	0	0	0	0	0	0	0	0	0	0.86505182972719	0.959420647387629	0.9843877878346	1	0.907819053133206	0.980709829197611	0.995977750976488	1	0.999877490194834	0.999993700653303
ENSFCAG00000014271:CD28	0	0	0	0	0	0	0	0	0	0.864247104100367	0.964838439341358	0.984533811092249	1	0.907819053133206	0.980709829197611	0.995977750976488	1	0.999879777094324	0.999993700653303
ENSFCAG00000008129:CD79A	0	0	0	0	0	0	0	0	0	0.865682407578545	0.960235296156267	0.98457230418384	1	0.907819053133206	0.980709829197611	0.995977750976488	1	0.999880376335121	0.999993700653303
ENSFCAG00000040323:BCL7A	0	0	0	0	0	0	0	0	0	0.866840746872029	0.95893658894766	0.984735163412634	1	0.907819053133206	0.980709829197611	0.995977750976488	1	0.999882894992188	0.999993700653303
ENSFCAG00000025776:RAC2	0	0	0	0	0	0	0	0	0	0.86663651724377	0.959954839738497	0.984756251536509	1	0.907819053133206	0.980709829197611	0.995977750976488	1	0.999883219155373	0.999993700653303
ENSFCAG00000025224:FGF12	0	0	0	0	0	0	0	0	0	0.86702857899512	0.963746608475306	0.985062679783212	1	0.907819053133206	0.980709829197611	0.995977750976488	1	0.999887878568189	0.999993700653303
ENSFCAG00000037118:DUSP22	0	0	0	0	0	0	0	0	0	0.867321538799785	0.96381541077955	0.985127886046892	1	0.907819053133206	0.980709829197611	0.995977750976488	1	0.999888857764701	0.999993700653303
ENSFCAG00000029945:PAFAH1B2	0	0	0	0	0	0	0	0	0	0.869460090522548	0.958190714583388	0.985231505829473	1	0.907819053133206	0.980709829197611	0.995977750976488	1	0.999890404934728	0.999993700653303
ENSFCAG00000027163:FGF19	0	0	0	0	0	0	0	0	0	0.866128673169711	0.971488342448417	0.985261721641686	1	0.907819053133206	0.980709829197611	0.995977750976488	1	0.999890854041407	0.999993700653303
ENSFCAG00000036364:BCL10	0	0	0	0	0	0	0	0	0	0.868737028441028	0.961130511954348	0.985266188884043	1	0.907819053133206	0.980709829197611	0.995977750976488	1	0.999890920360742	0.999993700653303
ENSFCAG00000040792:BBC3	0	0	0	0	0	0	0	0	0	0.869237479047813	0.966201667817808	0.985655144979133	1	0.907819053133206	0.980709829197611	0.995977750976488	1	0.999896617039508	0.999993700653303
ENSFCAG00000027677:SOCS3	0	0	0	0	0	0	0	0	0	0.867166430465403	0.97743351573704	0.985715203635625	1	0.907819053133206	0.980709829197611	0.995977750976488	1	0.999897482981514	0.999993700653303
ENSFCAG00000036639:FGF4	0	0	0	0	0	0	0	0	0	0.86831538388548	0.971781151497562	0.985732500913383	1	0.907819053133206	0.980709829197611	0.995977750976488	1	0.99989773169963	0.999993700653303
ENSFCAG00000022142:SBDS	0	0	0	0	0	0	0	0	0	0.871698706022549	0.962480740679315	0.985951913084747	1	0.907819053133206	0.980709829197611	0.995977750976488	1	0.999900860291796	0.999993700653303
ENSFCAG00000024840:RRAS	1	0	0	0	0	0	0	0	0	0.871837979199063	0.964449199840232	0.98609160026464	1	0.907819053133206	0.980709829197611	0.995977750976488	1	0.999902826648652	0.999993700653303
ENSFCAG00000011361:RAC1	0	0	0	0	0	0	0	0	0	0.87554905187762	0.955300366012802	0.986260414164663	1	0.907819053133206	0.980709829197611	0.995977750976488	1	0.999905176611613	0.999993700653303
ENSFCAG00000041934:SOCS1	0	0	0	0	0	0	0	0	0	0.869200942639752	0.981460799962532	0.986266505696038	1	0.907819053133206	0.982554959159815	0.995977750976488	1	0.999905260868209	0.999993700653303
ENSFCAG00000028989:CD70	0	0	0	0	0	0	0	0	0	0.871022495735308	0.972428117067101	0.986316831999434	1	0.907819053133206	0.980709829197611	0.995977750976488	1	0.999905955530128	0.999993700653303
ENSFCAG00000036606:FGF10	0	0	0	0	0	0	0	0	0	0.87385402310455	0.965933879544124	0.986575772767816	1	0.907819053133206	0.980709829197611	0.995977750976488	1	0.999909489136925	0.999993700653303
ENSFCAG00000000142:FGF6	0	0	0	0	0	0	0	0	0	0.873205750059685	0.969790786649614	0.986638848160464	1	0.907819053133206	0.980709829197611	0.995977750976488	1	0.999910339593837	0.999993700653303
ENSFCAG00000000258:BAX	0	0	0	0	0	0	0	0	0	0.878200211551403	0.954862755417839	0.986743872239875	1	0.907819053133206	0.980709829197611	0.995977750976488	1	0.999911746705811	0.999993700653303
ENSFCAG00000045823:CBFB	0	0	0	0	0	0	0	0	0	0.879376627297967	0.953568385481897	0.986876297263125	1	0.907819053133206	0.980709829197611	0.995977750976488	1	0.999913505002295	0.999993700653303
ENSFCAG00000000062:MAD2L2	0	0	0	0	0	0	0	0	0	0.878994072671808	0.954628265960769	0.986879120860169	1	0.907819053133206	0.980709829197611	0.995977750976488	1	0.999913542299609	0.999993700653303
ENSFCAG00000022046:SDC4	0	0	0	0	0	0	0	0	0	0.875256348967974	0.967143737524776	0.986915822467773	1	0.907819053133206	0.980709829197611	0.995977750976488	1	0.999914026361654	0.999993700653303
ENSFCAG00000043691:RYBP	0	0	0	0	0	0	0	0	0	0.875061691022281	0.968129894252322	0.986927054161368	1	0.907819053133206	0.980709829197611	0.995977750976488	1	0.999914174225094	0.999993700653303
ENSFCAG00000024009:IGF1	0	0	0	0	0	0	0	0	0	0.875995851978604	0.965020278700303	0.986948967307684	1	0.907819053133206	0.980709829197611	0.995977750976488	1	0.999914462340177	0.999993700653303
ENSFCAG00000040747:BCL2L2	0	0	0	0	0	0	0	0	0	0.876618269562329	0.96364553517548	0.986994150734293	1	0.907819053133206	0.980709829197611	0.995977750976488	1	0.999915054878148	0.999993700653303
ENSFCAG00000044777:ARFRP1	0	0	0	0	0	0	0	0	0	0.878146463700551	0.962485594995724	0.987222821594658	1	0.907819053133206	0.980709829197611	0.995977750976488	1	0.999918021958655	0.999993700653303
ENSFCAG00000002990:HRAS	0	0	0	0	0	0	0	0	0	0.877899313149833	0.963799610300887	0.987250541745022	1	0.907819053133206	0.980709829197611	0.995977750976488	1	0.999918378036994	0.999993700653303
ENSFCAG00000000499:SDHC	0	0	0	0	0	0	0	0	0	0.878645003146594	0.963812688273259	0.987394270005931	1	0.907819053133206	0.980709829197611	0.995977750976488	1	0.999920211814336	0.999993700653303
ENSFCAG00000036350:BCL2L11	0	0	0	0	0	0	0	0	0	0.87949876555964	0.963252270513148	0.987525157328996	1	0.907819053133206	0.980709829197611	0.995977750976488	1	0.999921863557388	0.999993700653303
ENSFCAG00000042197:CNBP	0	0	0	0	0	0	0	0	0	0.880731263131234	0.96359989302212	0.987777641464775	1	0.907819053133206	0.980709829197611	0.995977750976488	1	0.999925000794179	0.999993700653303
ENSFCAG00000012862:RHEB	0	0	0	0	0	0	0	0	0	0.881314122414644	0.961761134281484	0.987780232335589	1	0.907819053133206	0.980709829197611	0.995977750976488	1	0.999925032652444	0.999993700653303
ENSFCAG00000027456:RHOA	0	0	0	0	0	0	0	0	0	0.882057748278673	0.963394375396259	0.988013772021063	1	0.907819053133206	0.980709829197611	0.995977750976488	1	0.999927876427315	0.999993700653303
ENSFCAG00000027886:CDKN1A	0	0	0	0	0	0	0	0	0	0.880958736832927	0.969005057447768	0.988103325570719	1	0.907819053133206	0.980709829197611	0.995977750976488	1	0.999928952263071	0.999993700653303
ENSFCAG00000046660:TNFRSF17	0	0	0	0	0	0	0	0	0	0.882079367592539	0.970356481870864	0.98837617131064	1	0.907819053133206	0.980709829197611	0.995977750976488	1	0.999932180015482	0.999993700653303
ENSFCAG00000012394:RHOH	0	0	0	0	0	0	0	0	0	0.882688889515051	0.972389652064598	0.98857956662867	1	0.907819053133206	0.980709829197611	0.995977750976488	1	0.999934537169291	0.999993700653303
ENSFCAG00000043152:RMI2	0	0	0	0	0	0	0	0	0	0.883274459031735	0.972276019283223	0.988682638931119	1	0.907819053133206	0.980709829197611	0.995977750976488	1	0.999935715699813	0.999993700653303
ENSFCAG00000043871:BTG1	0	0	0	0	0	0	0	0	0	0.884153597528003	0.972119239412598	0.98883692323117	1	0.907819053133206	0.980709829197611	0.995977750976488	1	0.999937459709266	0.999993700653303
ENSFCAG00000002084:DDIT3	0	0	0	0	0	0	0	0	0	0.88686734914809	0.965472025319521	0.989003737981741	1	0.907819053133206	0.980709829197611	0.995977750976488	1	0.999939318277027	0.999993700653303
ENSFCAG00000001199:PTP4A1	0	0	0	0	0	0	0	0	0	0.887486276695874	0.965036141801591	0.989090130555468	1	0.907819053133206	0.980709829197611	0.995977750976488	1	0.999940269760991	0.999993700653303
ENSFCAG00000045270:CHIC2	0	0	0	0	0	0	0	0	0	0.891718144793626	0.957097083036548	0.98934440922343	1	0.908924964840722	0.980709829197611	0.995977750976488	1	0.999943026469211	0.999993700653303
ENSFCAG00000037994:NRAS	0	0	0	0	0	0	0	0	0	0.888687798208593	0.966437062228464	0.989376527547675	1	0.907819053133206	0.980709829197611	0.995977750976488	1	0.999943370024028	0.999993700653303
ENSFCAG00000024623:LMO1	0	0	0	0	0	0	0	0	0	0.888324784772288	0.969035966389738	0.989443251182862	1	0.907819053133206	0.980709829197611	0.995977750976488	1	0.99994408040289	0.999993700653303
ENSFCAG00000033306:CDKN2C	0	0	0	0	0	0	0	0	0	0.887137812947153	0.975511809777049	0.989512651004692	1	0.907819053133206	0.980709829197611	0.995977750976488	1	0.999944814500135	0.999993700653303
ENSFCAG00000013515:IL10	0	0	0	0	0	0	0	0	0	0.889622234696238	0.966496233495226	0.989542696788119	1	0.907819053133206	0.980709829197611	0.995977750976488	1	0.999945130808527	0.999993700653303
ENSFCAG00000043254:BTG2	0	0	0	0	0	0	0	0	0	0.889075372680774	0.971737678782516	0.989699288334386	1	0.907819053133206	0.980709829197611	0.995977750976488	1	0.99994676456665	0.999993700653303
ENSFCAG00000033312:FHIT	0	0	0	0	0	0	0	0	0	0.893008119495975	0.968230977531822	0.990210182162721	1	0.90920781327368	0.980709829197611	0.995977750976488	1	0.999951922586486	0.999993700653303
ENSFCAG00000019293:CENPA	0	0	0	0	0	0	0	0	0	0.895364781889084	0.968447456262281	0.990613405891558	1	0.909647242877152	0.980709829197611	0.995977750976488	1	0.999955807435696	0.999993700653303
ENSFCAG00000035249:EIF1AX	0	0	0	0	0	0	0	0	0	0.897420489588729	0.963166288956557	0.990667259338516	1	0.909647242877152	0.980709829197611	0.995977750976488	1	0.999956313859749	0.999993700653303
ENSFCAG00000013688:IL2	0	0	0	0	0	0	0	0	0	0.896272417130301	0.967172919242112	0.990698330208477	1	0.909647242877152	0.980709829197611	0.995977750976488	1	0.999956604710494	0.999993700653303
ENSFCAG00000029629:MTCP1	0	0	0	0	0	0	0	0	0	0.89966894615928	0.965945784204216	0.991179745302658	1	0.909647242877152	0.980709829197611	0.995977750976488	1	0.999960986681754	0.999993700653303
ENSFCAG00000023293:MLLT3	0	0	0	0	0	0	0	0	0	0.899149651939403	0.970429192526264	0.991319852944843	1	0.909647242877152	0.980709829197611	0.995977750976488	1	0.999962218047122	0.999993700653303
ENSFCAG00000045832:ID3	0	0	0	0	0	0	0	0	0	0.898714138351657	0.977100993347419	0.991523343379755	1	0.909647242877152	0.980709829197611	0.995977750976488	1	0.999963971200623	0.999993700653303
ENSFCAG00000037105:RPL22	0	0	0	0	0	0	0	0	0	0.901543481247957	0.970628572323672	0.991704454191578	1	0.909647242877152	0.980709829197611	0.995977750976488	1	0.999965496418766	0.999993700653303
ENSFCAG00000022679:YPEL5	0	0	0	0	0	0	0	0	0	0.901029458811944	0.972725425278727	0.991717187879797	1	0.909647242877152	0.980709829197611	0.995977750976488	1	0.999965602410488	0.999993700653303
ENSFCAG00000018336:TCL1B	0	0	0	0	0	0	0	0	0	0.902868073153277	0.970119437127977	0.991884782211299	1	0.909961312785233	0.980709829197611	0.995977750976488	1	0.999966982183267	0.999993700653303
ENSFCAG00000008354:SH2D1A	0	0	0	0	0	0	0	0	0	0.908071765057784	0.970427044708819	0.992673010310601	1	0.914179871100773	0.980709829197611	0.995977750976488	1	0.999973091811844	0.999993700653303
ENSFCAG00000032943:CHCHD7	0	0	0	0	0	0	0	0	0	0.909846225773357	0.966196403456751	0.992717858235917	1	0.914422275003271	0.980709829197611	0.995977750976488	1	0.999973420608793	0.999993700653303
ENSFCAG00000044104:HMGA1	0	0	0	0	0	0	0	0	0	0.911367412169184	0.970516518449866	0.993145178012311	1	0.914422275003271	0.980709829197611	0.995977750976488	1	0.999976451839941	0.999993700653303
ENSFCAG00000012230:B2M	0	0	0	0	0	0	0	0	0	0.910919032142266	0.973933346234943	0.99323067857782	1	0.914422275003271	0.980709829197611	0.995977750976488	1	0.999977036268804	0.999993700653303
ENSFCAG00000027874:MLLT11	0	0	0	0	0	0	0	0	0	0.918445022854986	0.980475374885219	0.994473740866725	1	0.92049512335243	0.982554959159815	0.995977750976488	1	0.99998470202378	0.999993700653303
ENSFCAG00000032392:CKS1B	0	0	0	0	0	0	0	0	0	0.923887948318794	0.972809914926557	0.994868644349565	1	0.92491792373498	0.980709829197611	0.995977750976488	1	0.999986812017847	0.999993700653303
ENSFCAG00000042068:PMAIP1	0	0	0	0	0	0	0	0	0	0.934896376151832	0.98336509587332	0.996452636586073	1	0.934896376151832	0.98336509587332	0.996452636586073	1	0.999993700653303	0.999993700653303
