gene_name	n_syn	n_mis	n_non	n_spl	n_ind	wmis_cv	wnon_cv	wspl_cv	wind_cv	pmis_cv	ptrunc_cv	pallsubs_cv	pind_cv	qmis_cv	qtrunc_cv	qallsubs_cv	qind_cv	pglobal_cv	qglobal_cv
ENSFCAG00000009623:TP53	0	6	0	0	0	126.546335655308	0	0	0	1.10629283511798e-11	0.938333120957229	9.58444434928651e-11	1	9.93450965935949e-09	0.978367557165843	8.60683102565929e-08	1	2.30681229673735e-09	2.07151744247014e-06
ENSFCAG00000027261:TGFBR1	0	1	2	0	0	29.0761004711737	704.987127035683	704.987127035683	0	0.0283401115907951	2.41540917145233e-06	1.34770552873142e-06	1	0.890513080757506	0.00216903743596419	0.00060511978240041	1	1.95647853917791e-05	0.00878458864090881
ENSFCAG00000011205:PTCH1	0	0	1	0	2	0	140.877945827412	140.877945827412	58.9293694520967	0.612291981511188	0.00492018028169983	0.0168587660584976	0.00395245608828355	0.890513080757506	0.441832189296644	0.993725182873006	1	0.000707401745871916	0.21174892259766
ENSFCAG00000030594:HOXD11	0	0	0	0	2	0	0	0	252.405440839069	0.75555304399418	0.957044495104079	0.951312815502554	0.000285803643170691	0.890513080757506	0.978367557165843	0.993725182873006	0.25665167156728	0.00250412668750288	0.562176441344397
ENSFCAG00000024529:RB1	0	1	1	0	0	16.9127056775216	162.543216581627	162.543216581627	0	0.0520832415967321	0.00420581004022269	0.00252488718068022	1	0.890513080757506	0.441832189296644	0.755782896083614	1	0.0176276485631578	0.999980272028594
ENSFCAG00000037105:RPL22	0	0	0	0	1	0	0	0	331.649009474591	0.886301146595554	0.970752408216389	0.989164479514105	0.00297046570998559	0.895794790343478	0.978367557165843	0.993725182873006	1	0.0200682445223127	0.999980272028594
ENSFCAG00000022046:SDC4	0	0	0	0	1	0	0	0	211.795654565457	0.847834489302511	0.962814292327278	0.980692645866859	0.00461290546847245	0.890513080757506	0.978367557165843	0.993725182873006	1	0.028945324441038	0.999980272028594
ENSFCAG00000011521:TFEB	0	0	0	1	0	0	454.04725389505	454.04725389505	0	0.756696838155673	0.0013747568103204	0.00569742002775864	1	0.890513080757506	0.441832189296644	0.993725182873006	1	0.0351402158471853	0.999980272028594
ENSFCAG00000041347:HOXA13	0	0	0	0	1	0	0	0	109.699287749288	0.740506656731274	0.960964098308555	0.945502670058992	0.00872151755932364	0.890513080757506	0.978367557165843	0.993725182873006	1	0.0478115776459836	0.999980272028594
ENSFCAG00000004050:ERCC4	0	0	1	0	0	0	245.908396487532	245.908396487532	0	0.691114649685181	0.00267538013535507	0.0101797236272614	1	0.890513080757506	0.441832189296644	0.993725182873006	1	0.0568777543100317	0.999980272028594
ENSFCAG00000022556:HLF	0	0	0	0	1	0	0	0	85.9090807675145	0.739580782859637	0.948453638972616	0.944275524189254	0.011006763480184	0.890513080757506	0.978367557165843	0.993725182873006	1	0.0578558164087856	0.999980272028594
ENSFCAG00000026041:SMO	0	2	0	0	0	25.1487615542523	0	0	0	0.00262277142369671	0.926845612709643	0.0107733326822825	1	0.890513080757506	0.978367557165843	0.993725182873006	1	0.0595838706218944	0.999980272028594
ENSFCAG00000014304:ASMTL	0	0	0	1	0	0	217.752171982955	217.752171982955	0	0.713988369108761	0.00305478569717421	0.0116262760550234	1	0.890513080757506	0.441832189296644	0.993725182873006	1	0.0634153781735534	0.999980272028594
ENSFCAG00000000512:RPS6KA4	0	0	0	1	0	0	190.177143635996	190.177143635996	0	0.676823376735091	0.00354174918454697	0.0130433050934532	1	0.890513080757506	0.441832189296644	0.993725182873006	1	0.0696444705478854	0.999980272028594
ENSFCAG00000006634:LRIG3	0	0	1	0	0	0	172.224089106522	172.224089106522	0	0.67658426078693	0.00394759730913086	0.0143931027676227	1	0.890513080757506	0.441832189296644	0.993725182873006	1	0.0754343402898793	0.999980272028594
ENSFCAG00000024456:MDM2	0	0	0	0	1	0	0	0	60.0038179834814	0.725078679398055	0.93554946860223	0.936965817259925	0.0154040405508696	0.890513080757506	0.978367557165843	0.993725182873006	1	0.0756037413893689	0.999980272028594
ENSFCAG00000000325:POLD1	0	0	0	1	0	0	164.909123329641	164.909123329641	0	0.618724180713882	0.00413975285171253	0.0144834333588576	1	0.890513080757506	0.441832189296644	0.993725182873006	1	0.0758171500192628	0.999980272028594
ENSFCAG00000008606:DOT1L	0	1	0	0	1	4.9356762590052	0	0	23.532850507273	0.206291271333481	0.900968652936689	0.446469696069878	0.0353231245231403	0.890513080757506	0.978367557165843	0.993725182873006	1	0.0812128396117431	0.999980272028594
ENSFCAG00000014806:ZMYM3	1	0	0	1	0	0	149.597317078243	149.597317078243	0	0.628944249323305	0.00460641007278439	0.0160695429275438	1	0.890513080757506	0.441832189296644	0.993725182873006	1	0.0824500855827651	0.999980272028594
ENSFCAG00000007325:AR	0	0	0	0	1	0	0	0	47.3260201573255	0.701606796762232	0.931966140059486	0.925846696239115	0.0191517204006907	0.890513080757506	0.978367557165843	0.993725182873006	1	0.0892324533999914	0.999980272028594
ENSFCAG00000012455:KDM2B	0	0	1	0	0	0	128.772326934872	128.772326934872	0	0.624966146329977	0.00543051387724824	0.0185972623325976	1	0.890513080757506	0.443327405615357	0.993725182873006	1	0.0927025340939284	0.999980272028594
ENSFCAG00000011119:LATS2	0	0	0	0	1	0	0	0	39.0353304947283	0.63092829167426	0.927073802903914	0.887284227245524	0.0227795221613317	0.890513080757506	0.978367557165843	0.993725182873006	1	0.099068341002596	0.999980272028594
ENSFCAG00000041416:IRS2	1	0	0	0	1	0	0	0	32.022995675316	0.554157792882532	0.940057727482978	0.837120585722977	0.0271320254670325	0.890513080757506	0.978367557165843	0.993725182873006	1	0.108676723576731	0.999980272028594
ENSFCAG00000002901:PCLO	0	3	0	0	0	8.40918090605893	0	0	0	0.00624134205717231	0.874711921095181	0.0234681022454215	1	0.890513080757506	0.978367557165843	0.993725182873006	1	0.111523076843083	0.999980272028594
ENSFCAG00000014850:PIK3C2B	0	0	0	1	0	0	92.9248337609221	92.9248337609221	0	0.588662089144215	0.00777892424117643	0.0250152719747878	1	0.890513080757506	0.582122830714703	0.993725182873006	1	0.117278318163152	0.999980272028594
ENSFCAG00000009873:PTPRK	0	0	0	0	1	0	0	0	28.7905263944968	0.640904480327542	0.890315788147364	0.888440205144076	0.0297563713972377	0.890513080757506	0.978367557165843	0.993725182873006	1	0.122481492181263	0.999980272028594
ENSFCAG00000004858:BCOR	0	0	0	0	1	0	0	0	23.7286312935231	0.547543782323835	0.91015726916069	0.829250762663263	0.0350784351236009	0.890513080757506	0.978367557165843	0.993725182873006	1	0.131987648493717	0.999980272028594
ENSFCAG00000006381:KMT2B	0	0	0	0	1	0	0	0	19.4909896228803	0.517092478742715	0.886366380804933	0.802477173247192	0.0412765139409409	0.890513080757506	0.978367557165843	0.993725182873006	1	0.145992097443387	0.999980272028594
ENSFCAG00000006278:ARID1B	0	0	0	0	1	0	0	0	18.5850226855874	0.493552368707693	0.892034281954658	0.783805366783939	0.0429008292258007	0.890513080757506	0.978367557165843	0.993725182873006	1	0.147700376813749	0.999980272028594
ENSFCAG00000011361:RAC1	0	1	0	0	0	61.2002296513652	0	0	0	0.0123524209378008	0.952169970030113	0.0436485024403275	1	0.890513080757506	0.978367557165843	0.993725182873006	1	0.180337554944131	0.999980272028594
ENSFCAG00000000093:KMT2D	0	0	0	0	1	0	0	0	8.08136044998531	0.337204312474975	0.847637612708251	0.619426685973879	0.079701658987503	0.890513080757506	0.978367557165843	0.993725182873006	1	0.197893314446542	0.999980272028594
ENSFCAG00000045245:PHF6	0	1	0	0	0	42.1717491843035	0	0	0	0.0186980696272491	0.953857697777413	0.0628852176377602	1	0.890513080757506	0.978367557165843	0.993725182873006	1	0.236853660508506	0.999980272028594
ENSFCAG00000009646:SMARCE1	0	1	0	0	0	37.0672813392422	0	0	0	0.0215959986948935	0.950982186972892	0.0712960704268875	1	0.890513080757506	0.978367557165843	0.993725182873006	1	0.259582865689745	0.999980272028594
ENSFCAG00000003665:EIF3E	0	1	0	0	0	33.7495997467845	0	0	0	0.0239835295948743	0.940234461279819	0.0780249862258785	1	0.890513080757506	0.978367557165843	0.993725182873006	1	0.277045360300133	0.999980272028594
ENSFCAG00000045474:CRLF2	0	1	0	0	0	31.1756300542847	0	0	0	0.0262107952704255	0.942194599280547	0.0842756584906452	1	0.890513080757506	0.978367557165843	0.993725182873006	1	0.292745169641315	0.999980272028594
ENSFCAG00000027765:HNRNPA2B1	0	1	0	0	0	27.5761236642986	0	0	0	0.0300737442274811	0.938074527201963	0.0948405643609697	1	0.890513080757506	0.978367557165843	0.993725182873006	1	0.318243020833437	0.999980272028594
ENSFCAG00000027895:BMPR1A	0	1	0	0	0	26.5504185530094	0	0	0	0.0313797173123468	0.939209525455493	0.0983772024179492	1	0.890513080757506	0.978367557165843	0.993725182873006	1	0.326508640607913	0.999980272028594
ENSFCAG00000022148:FIP1L1	0	1	0	0	0	23.2557443737752	0	0	0	0.0364106420768262	0.922958676973586	0.111518272591155	1	0.890513080757506	0.978367557165843	0.993725182873006	1	0.356141055367934	0.999980272028594
ENSFCAG00000006788:ACTB	0	1	0	0	0	22.7394343957526	0	0	0	0.0373403523522485	0.950290782606169	0.114251146406464	1	0.890513080757506	0.978367557165843	0.993725182873006	1	0.362102580941732	0.999980272028594
ENSFCAG00000023350:FYN	0	1	0	0	0	22.4954778385995	0	0	0	0.0377954705409985	0.93460267380091	0.115270611850529	1	0.890513080757506	0.978367557165843	0.993725182873006	1	0.36430962975111	0.999980272028594
ENSFCAG00000018967:PAX3	0	1	0	0	0	22.4378295227308	0	0	0	0.0379045579505872	0.946327112801863	0.115680975576273	1	0.890513080757506	0.978367557165843	0.993725182873006	1	0.36519547982293	0.999980272028594
ENSFCAG00000001249:SUFU	0	1	0	0	0	21.9206548034882	0	0	0	0.0389105676999956	0.940545116541226	0.118224585354684	1	0.890513080757506	0.978367557165843	0.993725182873006	1	0.370654078416531	0.999980272028594
ENSFCAG00000012963:SAMHD1	0	1	0	0	0	20.9426829369083	0	0	0	0.0409579391762797	0.932828238823884	0.123386420202085	1	0.890513080757506	0.978367557165843	0.993725182873006	1	0.381564388184237	0.999980272028594
ENSFCAG00000025031:HOOK3	0	1	0	0	0	20.9091286275612	0	0	0	0.041031807697367	0.923626543600542	0.123445937631103	1	0.890513080757506	0.978367557165843	0.993725182873006	1	0.381688910137144	0.999980272028594
ENSFCAG00000038609:FCRL4	0	1	0	0	0	20.7800401770901	0	0	0	0.0413183603647514	0.948744046381478	0.124490724429712	1	0.890513080757506	0.978367557165843	0.993725182873006	1	0.383870145074733	0.999980272028594
ENSFCAG00000008554:HGF	0	1	0	0	0	19.2046225189544	0	0	0	0.0451471972370159	0.921555450834435	0.133798336412392	1	0.890513080757506	0.978367557165843	0.993725182873006	1	0.402923195600688	0.999980272028594
ENSFCAG00000000308:WT1	0	1	0	0	0	18.9523192148763	0	0	0	0.0458234863841404	0.937723508541085	0.135729387898011	1	0.890513080757506	0.978367557165843	0.993725182873006	1	0.406793485760337	0.999980272028594
ENSFCAG00000041774:BIRC3	0	1	0	0	0	18.0693516137298	0	0	0	0.0483488925502116	0.938967636496689	0.142011983888023	1	0.890513080757506	0.978367557165843	0.993725182873006	1	0.419197198619652	0.999980272028594
ENSFCAG00000012383:MPEG1	0	1	0	0	0	17.8641496239325	0	0	0	0.0489739016011274	0.954900760188978	0.143743457633147	1	0.890513080757506	0.978367557165843	0.993725182873006	1	0.422566252155651	0.999980272028594
ENSFCAG00000031492:ESR1	0	1	0	0	0	17.7650297222257	0	0	0	0.0492813089655529	0.945334672625112	0.144391568373058	1	0.890513080757506	0.978367557165843	0.993725182873006	1	0.423821949923122	0.999980272028594
ENSFCAG00000027650:EPS15	0	1	0	0	0	16.5965033918722	0	0	0	0.0532007197854709	0.92814661437267	0.153681513587655	1	0.890513080757506	0.978367557165843	0.993725182873006	1	0.441507457401769	0.999980272028594
ENSFCAG00000003470:CTNNB1	0	1	0	0	0	16.4521164607987	0	0	0	0.0537261958019211	0.931094147538946	0.154999014234328	1	0.890513080757506	0.978367557165843	0.993725182873006	1	0.443969337323939	0.999980272028594
ENSFCAG00000018481:EPHA7	0	1	0	0	0	14.9238852612057	0	0	0	0.0599535470096959	0.922660003709473	0.169643922317583	1	0.890513080757506	0.978367557165843	0.993725182873006	1	0.470601335666526	0.999980272028594
ENSFCAG00000018737:PIK3CA	0	1	0	0	0	14.8189992432825	0	0	0	0.0604311132410307	0.908308228555616	0.17043555738826	1	0.890513080757506	0.978367557165843	0.993725182873006	1	0.472003894527228	0.999980272028594
ENSFCAG00000014491:PRKD1	0	1	0	0	0	13.5496829849981	0	0	0	0.0668354156408609	0.926782699406659	0.185673098960443	1	0.890513080757506	0.978367557165843	0.993725182873006	1	0.498303462780376	0.999980272028594
ENSFCAG00000023514:TCF3	0	1	0	0	0	13.3218386597026	0	0	0	0.068122467183904	0.927701073340114	0.188630069634104	1	0.890513080757506	0.978367557165843	0.993725182873006	1	0.503258892565254	0.999980272028594
ENSFCAG00000003112:KIT	0	1	0	0	0	13.3009831702266	0	0	0	0.0682426137920057	0.920330548279179	0.188736224438132	1	0.890513080757506	0.978367557165843	0.993725182873006	1	0.503435925462184	0.999980272028594
ENSFCAG00000018749:MLLT10	0	1	0	0	0	12.935235280356	0	0	0	0.0704165220427547	0.920069769026679	0.193653744585626	1	0.890513080757506	0.978367557165843	0.993725182873006	1	0.511571908821365	0.999980272028594
ENSFCAG00000006007:LZTR1	0	1	0	0	0	12.7878721949322	0	0	0	0.0713297134709371	0.915568331574574	0.195596023334972	1	0.890513080757506	0.978367557165843	0.993725182873006	1	0.514750808082985	0.999980272028594
ENSFCAG00000006348:TRAF7	1	1	0	0	0	12.0300426950616	0	0	0	0.0764013121674519	0.921839559233194	0.207061427191979	1	0.890513080757506	0.978367557165843	0.993725182873006	1	0.533129293498603	0.999980272028594
ENSFCAG00000010530:DDR1	0	1	0	0	0	11.9505427469458	0	0	0	0.07697298734066	0.923309616938511	0.208361219376737	1	0.890513080757506	0.978367557165843	0.993725182873006	1	0.53517205685739	0.999980272028594
ENSFCAG00000000247:PIK3C2G	0	1	0	0	0	11.5651885650003	0	0	0	0.0798616864669531	0.904756341738291	0.214161395188025	1	0.890513080757506	0.978367557165843	0.993725182873006	1	0.544189537396231	0.999980272028594
ENSFCAG00000012665:MECOM	0	1	0	0	0	11.3741479344544	0	0	0	0.0813706713359182	0.922823411748374	0.217979614737092	1	0.890513080757506	0.978367557165843	0.993725182873006	1	0.550039674116953	0.999980272028594
ENSFCAG00000013378:ATP1A1	0	1	0	0	0	11.1535747409615	0	0	0	0.0831810152115235	0.913753025249277	0.221643355637883	1	0.890513080757506	0.978367557165843	0.993725182873006	1	0.555590228982628	0.999980272028594
ENSFCAG00000012184:NOD1	0	1	0	0	0	11.035507468219	0	0	0	0.0841815170229028	0.931033145735729	0.224275227178614	1	0.890513080757506	0.978367557165843	0.993725182873006	1	0.559540067782338	0.999980272028594
ENSFCAG00000001395:RBM10	0	1	0	0	0	10.187702816224	0	0	0	0.0920878915213964	0.905708355932575	0.240323236560595	1	0.890513080757506	0.978367557165843	0.993725182873006	1	0.582969003963085	0.999980272028594
ENSFCAG00000003634:PDGFRB	0	1	0	0	0	9.84691729312158	0	0	0	0.0956720369713899	0.904774382678276	0.247761294494675	1	0.890513080757506	0.978367557165843	0.993725182873006	1	0.593460031802501	0.999980272028594
ENSFCAG00000014494:MLLT6	0	1	0	0	0	9.20503854727147	0	0	0	0.10318483872573	0.918986663678135	0.263688514364689	1	0.890513080757506	0.978367557165843	0.993725182873006	1	0.615181808099301	0.999980272028594
ENSFCAG00000026560:ARHGEF12	0	1	0	0	0	8.98371130455776	0	0	0	0.106037936964285	0.892309870946417	0.268386942383401	1	0.890513080757506	0.978367557165843	0.993725182873006	1	0.621403138251858	0.999980272028594
ENSFCAG00000008561:CARD11	0	1	0	0	0	8.86802363649477	0	0	0	0.107588910198221	0.906354017437851	0.272104046574076	1	0.890513080757506	0.978367557165843	0.993725182873006	1	0.626266717724389	0.999980272028594
ENSFCAG00000002050:BCR	0	1	0	0	0	8.0039739482219	0	0	0	0.120667545342586	0.912762258034809	0.298099992711001	1	0.890513080757506	0.978367557165843	0.993725182873006	1	0.6588982547386	0.999980272028594
ENSFCAG00000002747:CLTCL1	0	1	0	0	0	7.8013854423123	0	0	0	0.124174719882875	0.900958618765854	0.304317707751758	1	0.890513080757506	0.978367557165843	0.993725182873006	1	0.666359321005709	0.999980272028594
ENSFCAG00000004770:PTPRT	0	1	0	0	0	7.35316751266496	0	0	0	0.13265425045402	0.893642954705015	0.319969055442774	1	0.890513080757506	0.978367557165843	0.993725182873006	1	0.684583709834651	0.999980272028594
ENSFCAG00000022076:NIN	1	1	0	0	0	6.82568442832128	0	0	0	0.144126889739592	0.890394569280681	0.340897186690423	1	0.890513080757506	0.978367557165843	0.993725182873006	1	0.707761995834865	0.999980272028594
ENSFCAG00000015536:ADGRA2	0	1	0	0	0	6.83968817861479	0	0	0	0.143798605213571	0.90954949337562	0.341339686099362	1	0.890513080757506	0.978367557165843	0.993725182873006	1	0.708237915282168	0.999980272028594
ENSFCAG00000006448:ROS1	0	1	0	0	0	6.6015640495319	0	0	0	0.149580737931691	0.880032091852496	0.350055194281908	1	0.890513080757506	0.978367557165843	0.993725182873006	1	0.717495683401046	0.999980272028594
ENSFCAG00000002588:SETD1A	0	1	0	0	0	6.3811325230051	0	0	0	0.155333471635162	0.900247807354772	0.361532048934564	1	0.890513080757506	0.978367557165843	0.993725182873006	1	0.729356413467639	0.999980272028594
ENSFCAG00000053177:CNTRL	0	1	0	0	0	6.27163604455354	0	0	0	0.158347179606277	0.880854879332101	0.365599612493415	1	0.890513080757506	0.978367557165843	0.993725182873006	1	0.733471974730109	0.999980272028594
ENSFCAG00000004894:SMARCA4	0	1	0	0	0	5.95979572911853	0	0	0	0.167559434349081	0.889862606778637	0.38215778630376	1	0.890513080757506	0.978367557165843	0.993725182873006	1	0.749763654731505	0.999980272028594
ENSFCAG00000005317:NUMA1	0	1	0	0	0	5.36892330526563	0	0	0	0.188053342257047	0.895812288331548	0.41686786023607	1	0.890513080757506	0.978367557165843	0.993725182873006	1	0.781621397344155	0.999980272028594
ENSFCAG00000014803:MED12	0	1	0	0	0	5.01750119491081	0	0	0	0.202599791465262	0.874819207796931	0.438589797698146	1	0.890513080757506	0.978367557165843	0.993725182873006	1	0.800071431975386	0.999980272028594
ENSFCAG00000002498:POLE	0	1	0	0	0	4.79503626309994	0	0	0	0.212936745183711	0.865167409915569	0.453796684152521	1	0.890513080757506	0.978367557165843	0.993725182873006	1	0.812344173212677	0.999980272028594
ENSFCAG00000012814:ARID1A	0	1	0	0	0	4.50972788137418	0	0	0	0.227715250787434	0.896422620070511	0.4790160673517	1	0.890513080757506	0.978367557165843	0.993725182873006	1	0.83158201865258	0.999980272028594
ENSFCAG00000006262:CREBBP	0	1	0	0	0	4.17542133728155	0	0	0	0.247637930301767	0.888552627124823	0.507570271964704	1	0.890513080757506	0.978367557165843	0.993725182873006	1	0.851763880990802	0.999980272028594
ENSFCAG00000000639:RELN	0	1	0	0	0	3.92913435801196	0	0	0	0.264500878552286	0.849454629151064	0.526998763506688	1	0.890513080757506	0.978367557165843	0.993725182873006	1	0.864571550899197	0.999980272028594
ENSFCAG00000011374:PRKDC	0	1	0	0	0	3.74001766705583	0	0	0	0.27895899159042	0.845836721376457	0.54607465300228	1	0.890513080757506	0.978367557165843	0.993725182873006	1	0.876449591706042	0.999980272028594
ENSFCAG00000000945:RNF213	0	0	0	0	0	0	0	0	0	0.323832716261506	0.825645758586738	0.599926315105399	1	0.890513080757506	0.978367557165843	0.993725182873006	1	0.90645772960261	0.999980272028594
ENSFCAG00000026584:LRP1B	0	1	0	0	0	3.22856605702149	0	0	0	0.326469567044463	0.819375917997812	0.601984730239183	1	0.890513080757506	0.978367557165843	0.993725182873006	1	0.90750594630714	0.999980272028594
ENSFCAG00000029544:FAT4	0	1	0	0	0	2.75574840626733	0	0	0	0.385672718779955	0.880394331844331	0.678682497142907	1	0.890513080757506	0.978367557165843	0.993725182873006	1	0.941741098373046	0.999980272028594
ENSFCAG00000025616:FAT1	0	0	0	0	0	0	0	0	0	0.403758136721237	0.868432812964978	0.696097569581525	1	0.890513080757506	0.978367557165843	0.993725182873006	1	0.948269663504731	0.999980272028594
ENSFCAG00000015061:TRRAP	0	0	0	0	0	0	0	0	0	0.418634339919612	0.839457852042747	0.706392784295144	1	0.890513080757506	0.978367557165843	0.993725182873006	1	0.951923503989121	0.999980272028594
ENSFCAG00000008632:KMT2C	0	1	0	0	0	2.4875986371771	0	0	0	0.428788639131294	0.844411319744653	0.717253625678884	1	0.890513080757506	0.978367557165843	0.993725182873006	1	0.955615488516233	0.999980272028594
ENSFCAG00000023839:ZFHX3	0	0	0	0	0	0	0	0	0	0.429028931511923	0.892355171798759	0.724786909115489	1	0.890513080757506	0.978367557165843	0.993725182873006	1	0.95807956963476	0.999980272028594
ENSFCAG00000023517:NOTCH1	1	0	0	0	0	0	0	0	0	0.435149443463836	0.86269008285971	0.726534415362923	1	0.890513080757506	0.978367557165843	0.993725182873006	1	0.958639947744866	0.999980272028594
ENSFCAG00000010165:SPEN	0	0	0	0	0	0	0	0	0	0.437321319661977	0.888033955765762	0.732305595956006	1	0.890513080757506	0.978367557165843	0.993725182873006	1	0.960460802440461	0.999980272028594
ENSFCAG00000043012:ANKRD11	0	0	0	0	0	0	0	0	0	0.441779387326418	0.899434935607913	0.738001072806419	1	0.890513080757506	0.978367557165843	0.993725182873006	1	0.962213179263767	0.999980272028594
ENSFCAG00000031193:NCOR2	0	0	0	0	0	0	0	0	0	0.448718888031247	0.876077400357912	0.741487431046016	1	0.890513080757506	0.978367557165843	0.993725182873006	1	0.963264147824417	0.999980272028594
ENSFCAG00000000914:NOTCH3	0	0	0	0	0	0	0	0	0	0.461765534302709	0.882882292553213	0.754535732590748	1	0.890513080757506	0.978367557165843	0.993725182873006	1	0.967052715608879	0.999980272028594
ENSFCAG00000010626:SMG1	0	0	0	0	0	0	0	0	0	0.480874675255758	0.847581516679779	0.765746412793069	1	0.890513080757506	0.978367557165843	0.993725182873006	1	0.970127360168672	0.999980272028594
ENSFCAG00000012737:CIC	0	0	0	0	0	0	0	0	0	0.481768819056719	0.904689488496059	0.775230774424133	1	0.890513080757506	0.978367557165843	0.993725182873006	1	0.972600281718598	0.999980272028594
ENSFCAG00000000053:MTOR	0	0	0	0	0	0	0	0	0	0.496891481264364	0.86214327886616	0.78203474012512	1	0.890513080757506	0.978367557165843	0.993725182873006	1	0.974302762901422	0.999980272028594
ENSFCAG00000007234:PTPRS	0	0	0	0	0	0	0	0	0	0.502966113477844	0.875081345141558	0.789236530577139	1	0.890513080757506	0.978367557165843	0.993725182873006	1	0.976040307653906	0.999980272028594
ENSFCAG00000024379:MGAM	0	0	0	0	0	0	0	0	0	0.522085433920776	0.849905956914572	0.800286047810874	1	0.890513080757506	0.978367557165843	0.993725182873006	1	0.978578619642232	0.999980272028594
ENSFCAG00000012430:ATM	0	0	0	0	0	0	0	0	0	0.521924838662086	0.856130689942905	0.801336550101952	1	0.890513080757506	0.978367557165843	0.993725182873006	1	0.978811967730011	0.999980272028594
ENSFCAG00000009649:NOTCH2	0	0	0	0	0	0	0	0	0	0.519374147079627	0.893729673651928	0.805342259056978	1	0.890513080757506	0.978367557165843	0.993725182873006	1	0.9796891339498	0.999980272028594
ENSFCAG00000006065:NF1	0	0	0	0	0	0	0	0	0	0.527285676339721	0.8738835896437	0.808638403740209	1	0.890513080757506	0.978367557165843	0.993725182873006	1	0.980395973345688	0.999980272028594
ENSFCAG00000005002:EP300	0	0	0	0	0	0	0	0	0	0.525080899764876	0.889740233575597	0.809322533881485	1	0.890513080757506	0.978367557165843	0.993725182873006	1	0.980540995618633	0.999980272028594
ENSFCAG00000025587:BRCA2	0	0	0	0	0	0	0	0	0	0.527759362718578	0.889896653210452	0.811450982598033	1	0.890513080757506	0.978367557165843	0.993725182873006	1	0.980988489091395	0.999980272028594
ENSFCAG00000009998:NCOR1	0	0	0	0	0	0	0	0	0	0.531485690428495	0.871676626023788	0.811543575865237	1	0.890513080757506	0.978367557165843	0.993725182873006	1	0.981007829440206	0.999980272028594
ENSFCAG00000007347:MGA	0	0	0	0	0	0	0	0	0	0.527898439909158	0.892518657034358	0.811928156105269	1	0.890513080757506	0.978367557165843	0.993725182873006	1	0.981088045297926	0.999980272028594
ENSFCAG00000011214:UBR5	0	0	0	0	0	0	0	0	0	0.5342225744918	0.863130554832874	0.812181334505224	1	0.890513080757506	0.978367557165843	0.993725182873006	1	0.98114075388235	0.999980272028594
ENSFCAG00000015145:CAD	0	0	0	0	0	0	0	0	0	0.532188226192517	0.877812054443621	0.813083942547657	1	0.890513080757506	0.978367557165843	0.993725182873006	1	0.981328023552916	0.999980272028594
ENSFCAG00000051264:WDR90	0	0	0	0	0	0	0	0	0	0.532753556653469	0.880232832942621	0.813901078579037	1	0.890513080757506	0.978367557165843	0.993725182873006	1	0.981496695629212	0.999980272028594
ENSFCAG00000007047:MYO18A	0	0	0	0	0	0	0	0	0	0.534652121999381	0.888101896396519	0.816549851551685	1	0.890513080757506	0.978367557165843	0.993725182873006	1	0.982037816107553	0.999980272028594
ENSFCAG00000001124:MYH9	0	0	0	0	0	0	0	0	0	0.542005595529672	0.875589501645008	0.820230206859687	1	0.890513080757506	0.978367557165843	0.993725182873006	1	0.982775422209831	0.999980272028594
ENSFCAG00000000864:AFDN	0	0	0	0	0	0	0	0	0	0.543305691051552	0.887806402974259	0.823103924833584	1	0.890513080757506	0.978367557165843	0.993725182873006	1	0.983339879345555	0.999980272028594
ENSFCAG00000000787:APC	0	0	0	0	0	0	0	0	0	0.543855093285937	0.895105424649532	0.824556069479108	1	0.890513080757506	0.978367557165843	0.993725182873006	1	0.98362129221924	0.999980272028594
ENSFCAG00000005621:CACNA1D	1	0	0	0	0	0	0	0	0	0.550316610686961	0.871140792528948	0.825696755263235	1	0.890513080757506	0.978367557165843	0.993725182873006	1	0.983840553422678	0.999980272028594
ENSFCAG00000001531:NSD1	0	0	0	0	0	0	0	0	0	0.54594122391282	0.895533398921184	0.826184077070795	1	0.890513080757506	0.978367557165843	0.993725182873006	1	0.983933745267219	0.999980272028594
ENSFCAG00000013232:MYH11	0	0	0	0	0	0	0	0	0	0.550019908061608	0.880257784107044	0.826972063150053	1	0.890513080757506	0.978367557165843	0.993725182873006	1	0.984083825840801	0.999980272028594
ENSFCAG00000043897:RANBP2	0	0	0	0	0	0	0	0	0	0.550209496393451	0.882116156350611	0.827403600141163	1	0.890513080757506	0.978367557165843	0.993725182873006	1	0.984165698547826	0.999980272028594
ENSFCAG00000011746:TSC2	0	0	0	0	0	0	0	0	0	0.551145971355463	0.884951357698654	0.828532041238969	1	0.890513080757506	0.978367557165843	0.993725182873006	1	0.984378726861921	0.999980272028594
ENSFCAG00000030516:TPR	0	0	0	0	0	0	0	0	0	0.557448791868784	0.883970024880845	0.833004101676671	1	0.890513080757506	0.978367557165843	0.993725182873006	1	0.985207872922117	0.999980272028594
ENSFCAG00000034298:CUX1	0	0	0	0	0	0	0	0	0	0.554526829946787	0.899714849345461	0.833123372969758	1	0.890513080757506	0.978367557165843	0.993725182873006	1	0.985229657242376	0.999980272028594
ENSFCAG00000001819:LRRK2	0	0	0	0	0	0	0	0	0	0.568811510041268	0.874429928229884	0.839606457815885	1	0.890513080757506	0.978367557165843	0.993725182873006	1	0.98638813758666	0.999980272028594
ENSFCAG00000019287:SETD2	0	0	0	0	0	0	0	0	0	0.565720203783857	0.895028588311587	0.840590529072312	1	0.890513080757506	0.978367557165843	0.993725182873006	1	0.986559598420046	0.999980272028594
ENSFCAG00000018332:PTPN13	0	0	0	0	0	0	0	0	0	0.573132134228911	0.875225555820686	0.842770644375143	1	0.890513080757506	0.978367557165843	0.993725182873006	1	0.986935352120995	0.999980272028594
ENSFCAG00000004564:COL1A1	0	0	0	0	0	0	0	0	0	0.573299834477452	0.878040475376156	0.843354841955935	1	0.890513080757506	0.978367557165843	0.993725182873006	1	0.987035082777337	0.999980272028594
ENSFCAG00000018078:ATR	0	0	0	0	0	0	0	0	0	0.57525293903178	0.87592371943135	0.844362919639653	1	0.890513080757506	0.978367557165843	0.993725182873006	1	0.987206224186866	0.999980272028594
ENSFCAG00000012246:DNMT1	0	0	0	0	0	0	0	0	0	0.573167400304625	0.886863203827331	0.844657191471766	1	0.890513080757506	0.978367557165843	0.993725182873006	1	0.987255955726505	0.999980272028594
ENSFCAG00000024678:TET3	1	0	0	0	0	0	0	0	0	0.568277601061378	0.916440245385224	0.845109442037992	1	0.890513080757506	0.978367557165843	0.993725182873006	1	0.987332185616556	0.999980272028594
ENSFCAG00000023397:POLQ	0	0	0	0	0	0	0	0	0	0.573868684020807	0.892840449856416	0.846032483447902	1	0.890513080757506	0.978367557165843	0.993725182873006	1	0.98748701956768	0.999980272028594
ENSFCAG00000012280:SLX4	0	0	0	0	0	0	0	0	0	0.569925138241691	0.917862055781927	0.846436375953352	1	0.890513080757506	0.978367557165843	0.993725182873006	1	0.987554453001402	0.999980272028594
ENSFCAG00000009906:PTPRB	0	0	0	0	0	0	0	0	0	0.576308653921006	0.8842411323334	0.846439362304504	1	0.890513080757506	0.978367557165843	0.993725182873006	1	0.987554950881319	0.999980272028594
ENSFCAG00000006877:CHD4	0	0	0	0	0	0	0	0	0	0.582560467138576	0.873727407745199	0.849011406526056	1	0.890513080757506	0.978367557165843	0.993725182873006	1	0.987979849804622	0.999980272028594
ENSFCAG00000009543:TERT	0	0	0	0	0	0	0	0	0	0.580461517290984	0.914138006821126	0.853375250617532	1	0.890513080757506	0.978367557165843	0.993725182873006	1	0.988682939680014	0.999980272028594
ENSFCAG00000003535:DICER1	0	0	0	0	0	0	0	0	0	0.584169683405168	0.894547547454442	0.853376774091727	1	0.890513080757506	0.978367557165843	0.993725182873006	1	0.988683181234491	0.999980272028594
ENSFCAG00000025265:CAMTA1	0	0	0	0	0	0	0	0	0	0.582298155389565	0.9047485338779	0.853486726116226	1	0.890513080757506	0.978367557165843	0.993725182873006	1	0.988700607498458	0.999980272028594
ENSFCAG00000031869:BCORL1	1	0	0	0	0	0	0	0	0	0.582252386005177	0.917169503655614	0.854951523583939	1	0.890513080757506	0.978367557165843	0.993725182873006	1	0.988931412199251	0.999980272028594
ENSFCAG00000014002:COL2A1	0	0	0	0	0	0	0	0	0	0.590169485881415	0.882803780358863	0.855641970174503	1	0.890513080757506	0.978367557165843	0.993725182873006	1	0.989039333713682	0.999980272028594
ENSFCAG00000029985:KAT6A	0	0	0	0	0	0	0	0	0	0.587636172228338	0.902763275993733	0.856854781745024	1	0.890513080757506	0.978367557165843	0.993725182873006	1	0.989227555847328	0.999980272028594
ENSFCAG00000013481:PRDM16	0	0	0	0	0	0	0	0	0	0.585237442875685	0.917442849181955	0.857020995390537	1	0.890513080757506	0.978367557165843	0.993725182873006	1	0.989253217545464	0.999980272028594
ENSFCAG00000030040:ATRX	0	0	0	0	0	0	0	0	0	0.591366131409227	0.890451410253923	0.857622611188277	1	0.890513080757506	0.978367557165843	0.993725182873006	1	0.9893458314555	0.999980272028594
ENSFCAG00000001147:BCL9L	0	0	0	0	0	0	0	0	0	0.585683061608129	0.928030954909725	0.858433100084082	1	0.890513080757506	0.978367557165843	0.993725182873006	1	0.989469932503267	0.999980272028594
ENSFCAG00000004031:ATP2B3	0	0	0	0	0	0	0	0	0	0.590116326432584	0.913462117141463	0.859860644853389	1	0.890513080757506	0.978367557165843	0.993725182873006	1	0.989686655934606	0.999980272028594
ENSFCAG00000005120:NUP214	0	0	0	0	0	0	0	0	0	0.588902689065548	0.922693798663598	0.860072945069642	1	0.890513080757506	0.978367557165843	0.993725182873006	1	0.98971868386443	0.999980272028594
ENSFCAG00000015191:PER1	0	0	0	0	0	0	0	0	0	0.592463248888833	0.906525977007927	0.860579398934589	1	0.890513080757506	0.978367557165843	0.993725182873006	1	0.989794876660947	0.999980272028594
ENSFCAG00000005552:KAT6B	0	0	0	0	0	0	0	0	0	0.593367879349153	0.91287264202518	0.86196351247042	1	0.890513080757506	0.978367557165843	0.993725182873006	1	0.990001587999803	0.999980272028594
ENSFCAG00000001568:SMARCA2	0	0	0	0	0	0	0	0	0	0.596634117685303	0.896718294971063	0.862021958354848	1	0.890513080757506	0.978367557165843	0.993725182873006	1	0.990010267706698	0.999980272028594
ENSFCAG00000002384:PDCD11	0	0	0	0	0	0	0	0	0	0.598052406560847	0.891763308202481	0.862234704979992	1	0.890513080757506	0.978367557165843	0.993725182873006	1	0.990041828912195	0.999980272028594
ENSFCAG00000000496:PCM1	1	0	0	0	0	0	0	0	0	0.600223747433762	0.894464264603962	0.864048370951324	1	0.890513080757506	0.978367557165843	0.993725182873006	1	0.990308758426951	0.999980272028594
ENSFCAG00000000959:PASK	0	0	0	0	0	0	0	0	0	0.598377383236897	0.907667892722139	0.864633590899539	1	0.890513080757506	0.978367557165843	0.993725182873006	1	0.990394076445423	0.999980272028594
ENSFCAG00000012577:MYO5A	0	0	0	0	0	0	0	0	0	0.603282413223191	0.888249086937264	0.865102056657906	1	0.890513080757506	0.978367557165843	0.993725182873006	1	0.99046208764876	0.999980272028594
ENSFCAG00000024457:PTPRD	0	0	0	0	0	0	0	0	0	0.601864365054641	0.894706493062431	0.865149235029827	1	0.890513080757506	0.978367557165843	0.993725182873006	1	0.990468922876166	0.999980272028594
ENSFCAG00000012673:TET1	0	0	0	0	0	0	0	0	0	0.597449334022228	0.917921208251496	0.865248195631039	1	0.890513080757506	0.978367557165843	0.993725182873006	1	0.990483251982333	0.999980272028594
ENSFCAG00000011453:RPTOR	0	0	0	0	0	0	0	0	0	0.60302743206074	0.891856382917358	0.865483382135806	1	0.890513080757506	0.978367557165843	0.993725182873006	1	0.99051726065347	0.999980272028594
ENSFCAG00000007696:MDC1	0	0	0	0	0	0	0	0	0	0.597347569519127	0.927786744612901	0.86622245338444	1	0.890513080757506	0.978367557165843	0.993725182873006	1	0.990623716665419	0.999980272028594
ENSFCAG00000007256:KDM5C	0	0	0	0	0	0	0	0	0	0.602019391909869	0.902210644807237	0.866297073823206	1	0.890513080757506	0.978367557165843	0.993725182873006	1	0.990634429955969	0.999980272028594
ENSFCAG00000022265:TP53BP1	0	0	0	0	0	0	0	0	0	0.603528354351364	0.905110888741845	0.867658260446009	1	0.890513080757506	0.978367557165843	0.993725182873006	1	0.990828728680151	0.999980272028594
ENSFCAG00000001882:FLT4	0	0	0	0	0	0	0	0	0	0.607808000750312	0.899461127632431	0.869645812077876	1	0.890513080757506	0.978367557165843	0.993725182873006	1	0.991108601530931	0.999980272028594
ENSFCAG00000007864:MAP3K6	0	0	0	0	0	0	0	0	0	0.60844730428126	0.900688968648292	0.870222816089329	1	0.890513080757506	0.978367557165843	0.993725182873006	1	0.991188999879058	0.999980272028594
ENSFCAG00000024512:ZNF521	1	0	0	0	0	0	0	0	0	0.606191580860268	0.914583603463935	0.870549928637814	1	0.890513080757506	0.978367557165843	0.993725182873006	1	0.991234409010285	0.999980272028594
ENSFCAG00000003030:INSR	0	0	0	0	0	0	0	0	0	0.60945114352502	0.899726549574112	0.870728713209473	1	0.890513080757506	0.978367557165843	0.993725182873006	1	0.99125917558777	0.999980272028594
ENSFCAG00000003009:IRS1	0	0	0	0	0	0	0	0	0	0.60317783981777	0.936363943046169	0.87083617464281	1	0.890513080757506	0.978367557165843	0.993725182873006	1	0.991274044286033	0.999980272028594
ENSFCAG00000000916:BRD4	1	0	0	0	0	0	0	0	0	0.607873828141005	0.914568106787883	0.871626246206316	1	0.890513080757506	0.978367557165843	0.993725182873006	1	0.991382954005843	0.999980272028594
ENSFCAG00000003795:FANCA	0	0	0	0	0	0	0	0	0	0.614052595099345	0.889210490719456	0.872093445083834	1	0.890513080757506	0.978367557165843	0.993725182873006	1	0.99144701940291	0.999980272028594
ENSFCAG00000018164:IGF1R	0	0	0	0	0	0	0	0	0	0.612365169672844	0.896977299208906	0.8721850925086	1	0.890513080757506	0.978367557165843	0.993725182873006	1	0.991459557334833	0.999980272028594
ENSFCAG00000001908:ASXL1	0	0	0	0	0	0	0	0	0	0.607968749576051	0.919650272170283	0.872268011146022	1	0.890513080757506	0.978367557165843	0.993725182873006	1	0.991470892816884	0.999980272028594
ENSFCAG00000009032:PLCG1	0	0	0	0	0	0	0	0	0	0.615456466950841	0.889167278696599	0.872963782985543	1	0.890513080757506	0.978367557165843	0.993725182873006	1	0.991565698567302	0.999980272028594
ENSFCAG00000022277:TRIP11	0	0	0	0	0	0	0	0	0	0.614095973691882	0.904123945608	0.874257926843444	1	0.890513080757506	0.978367557165843	0.993725182873006	1	0.9917405637254	0.999980272028594
ENSFCAG00000025470:KNL1	0	0	0	0	0	0	0	0	0	0.611414120320092	0.918364119131483	0.874317240979696	1	0.890513080757506	0.978367557165843	0.993725182873006	1	0.991748532337264	0.999980272028594
ENSFCAG00000014299:GRIN2A	0	0	0	0	0	0	0	0	0	0.613221733883096	0.919429302146163	0.875578915154272	1	0.890513080757506	0.978367557165843	0.993725182873006	1	0.991917080425294	0.999980272028594
ENSFCAG00000037938:NSD2	0	0	0	0	0	0	0	0	0	0.616068970087052	0.906759465446544	0.875838286019317	1	0.890513080757506	0.978367557165843	0.993725182873006	1	0.991951504617952	0.999980272028594
ENSFCAG00000003208:CHD2	0	0	0	0	0	0	0	0	0	0.621196578601717	0.887820112475681	0.876303925153945	1	0.890513080757506	0.978367557165843	0.993725182873006	1	0.992013112415639	0.999980272028594
ENSFCAG00000009679:KDR	0	0	0	0	0	0	0	0	0	0.619541928481477	0.903219758222729	0.877527224112571	1	0.890513080757506	0.978367557165843	0.993725182873006	1	0.992173786175046	0.999980272028594
ENSFCAG00000013540:ARHGEF28	1	0	0	0	0	0	0	0	0	0.621750716943725	0.896739606610345	0.87798359201587	1	0.890513080757506	0.978367557165843	0.993725182873006	1	0.992233290760123	0.999980272028594
ENSFCAG00000003741:NUP98	0	0	0	0	0	0	0	0	0	0.622079869489287	0.900065008257618	0.878656507702792	1	0.890513080757506	0.978367557165843	0.993725182873006	1	0.99232059770443	0.999980272028594
ENSFCAG00000012831:ARID2	0	0	0	0	0	0	0	0	0	0.620809603629245	0.911237868056854	0.879344848516435	1	0.890513080757506	0.978367557165843	0.993725182873006	1	0.992409372768191	0.999980272028594
ENSFCAG00000004987:PLCG2	0	0	0	0	0	0	0	0	0	0.625721101214537	0.890136332430535	0.8794200946804	1	0.890513080757506	0.978367557165843	0.993725182873006	1	0.992419044560587	0.999980272028594
ENSFCAG00000011110:JARID2	0	0	0	0	0	0	0	0	0	0.620333860512109	0.914516584963425	0.879449118106058	1	0.890513080757506	0.978367557165843	0.993725182873006	1	0.992422773376276	0.999980272028594
ENSFCAG00000015718:PBRM1	0	0	0	0	0	0	0	0	0	0.624157007650315	0.897219035671783	0.879522923984831	1	0.890513080757506	0.978367557165843	0.993725182873006	1	0.99243225135079	0.999980272028594
ENSFCAG00000000349:BCL9	0	0	0	0	0	0	0	0	0	0.619296205726993	0.931763145260709	0.880650621197941	1	0.890513080757506	0.978367557165843	0.993725182873006	1	0.992576297573383	0.999980272028594
ENSFCAG00000007517:JAK3	0	0	0	0	0	0	0	0	0	0.624596496182557	0.910856334705167	0.881618205617871	1	0.890513080757506	0.978367557165843	0.993725182873006	1	0.992698740684869	0.999980272028594
ENSFCAG00000014501:ROBO1	0	0	0	0	0	0	0	0	0	0.629362753929254	0.896905799906014	0.882624121338586	1	0.890513080757506	0.978367557165843	0.993725182873006	1	0.992824908582576	0.999980272028594
ENSFCAG00000013146:BRCA1	0	0	0	0	0	0	0	0	0	0.626343911166255	0.912167060743398	0.882842643160792	1	0.890513080757506	0.978367557165843	0.993725182873006	1	0.992852165262211	0.999980272028594
ENSFCAG00000028848:CIITA	0	0	0	0	0	0	0	0	0	0.625509024633213	0.918445656668601	0.883078433324753	1	0.890513080757506	0.978367557165843	0.993725182873006	1	0.992881515189322	0.999980272028594
ENSFCAG00000007346:SETBP1	1	0	0	0	0	0	0	0	0	0.622055978564903	0.940391871775435	0.88312408881239	1	0.890513080757506	0.978367557165843	0.993725182873006	1	0.992887190869832	0.999980272028594
ENSFCAG00000009436:TYK2	0	0	0	0	0	0	0	0	0	0.627317456071751	0.911156638874317	0.883307418211393	1	0.890513080757506	0.978367557165843	0.993725182873006	1	0.992909957772146	0.999980272028594
ENSFCAG00000007401:PC	0	0	0	0	0	0	0	0	0	0.628285657027676	0.911169806951902	0.883893714001931	1	0.890513080757506	0.978367557165843	0.993725182873006	1	0.992982511984748	0.999980272028594
ENSFCAG00000009903:ERBB2	0	0	0	0	0	0	0	0	0	0.630578132614113	0.901243986507584	0.883966015315465	1	0.890513080757506	0.978367557165843	0.993725182873006	1	0.992991432344281	0.999980272028594
ENSFCAG00000014340:KDM5A	0	0	0	0	0	0	0	0	0	0.632210646731132	0.89809062119283	0.88449580721926	1	0.890513080757506	0.978367557165843	0.993725182873006	1	0.993056616379129	0.999980272028594
ENSFCAG00000014104:MAP3K1	0	0	0	0	0	0	0	0	0	0.628789082388992	0.920012298020793	0.885241964608519	1	0.890513080757506	0.978367557165843	0.993725182873006	1	0.993147883236587	0.999980272028594
ENSFCAG00000014232:HDAC4	0	0	0	0	0	0	0	0	0	0.630600919783509	0.912920354329292	0.885500991553658	1	0.890513080757506	0.978367557165843	0.993725182873006	1	0.993179419242982	0.999980272028594
ENSFCAG00000000760:IRS4	0	0	0	0	0	0	0	0	0	0.628359940312351	0.933097994964563	0.886327558844652	1	0.890513080757506	0.978367557165843	0.993725182873006	1	0.993279545574423	0.999980272028594
ENSFCAG00000005323:INPPL1	0	0	0	0	0	0	0	0	0	0.634750665376286	0.904425747397476	0.886881228233203	1	0.890513080757506	0.978367557165843	0.993725182873006	1	0.993346183238476	0.999980272028594
ENSFCAG00000027260:CLTC	0	0	0	0	0	0	0	0	0	0.63614780695	0.899026721540329	0.886958410674549	1	0.890513080757506	0.978367557165843	0.993725182873006	1	0.993355445185178	0.999980272028594
ENSFCAG00000044847:BCL11B	0	0	0	0	0	0	0	0	0	0.629089997235372	0.938435073738814	0.88724806644782	1	0.890513080757506	0.978367557165843	0.993725182873006	1	0.99339014418489	0.999980272028594
ENSFCAG00000004831:ARHGAP35	0	0	0	0	0	0	0	0	0	0.632740426508622	0.918363627394813	0.887423307767421	1	0.890513080757506	0.978367557165843	0.993725182873006	1	0.99341109111588	0.999980272028594
ENSFCAG00000008083:RICTOR	0	0	0	0	0	0	0	0	0	0.641492169510296	0.884227266671091	0.887809754100134	1	0.890513080757506	0.978367557165843	0.993725182873006	1	0.993457161497717	0.999980272028594
ENSFCAG00000032000:NCOA2	0	0	0	0	0	0	0	0	0	0.635149089787909	0.917406955119891	0.888742834971429	1	0.890513080757506	0.978367557165843	0.993725182873006	1	0.993567705909919	0.999980272028594
ENSFCAG00000002822:SALL4	1	0	0	0	0	0	0	0	0	0.631451635609	0.943957369617864	0.889123530576092	1	0.890513080757506	0.978367557165843	0.993725182873006	1	0.993612526426981	0.999980272028594
ENSFCAG00000008986:PREX2	0	0	0	0	0	0	0	0	0	0.64100383106512	0.895655876736301	0.889305213062928	1	0.890513080757506	0.978367557165843	0.993725182873006	1	0.993633859027933	0.999980272028594
ENSFCAG00000005115:ABL1	0	0	0	0	0	0	0	0	0	0.635884806233028	0.924650091770218	0.889981952053356	1	0.890513080757506	0.978367557165843	0.993725182873006	1	0.993712993088704	0.999980272028594
ENSFCAG00000005610:SETD5	0	0	0	0	0	0	0	0	0	0.64001144699584	0.906981913041842	0.890306914215794	1	0.890513080757506	0.978367557165843	0.993725182873006	1	0.993750809439419	0.999980272028594
ENSFCAG00000014859:ERBB3	0	0	0	0	0	0	0	0	0	0.641531088574058	0.901837445034004	0.890494901810453	1	0.890513080757506	0.978367557165843	0.993725182873006	1	0.99377263169005	0.999980272028594
ENSFCAG00000004091:TRIM24	0	0	0	0	0	0	0	0	0	0.639199981822247	0.920808219126978	0.89151239085018	1	0.890513080757506	0.978367557165843	0.993725182873006	1	0.993890056857849	0.999980272028594
ENSFCAG00000027460:CPS1	0	0	0	0	0	0	0	0	0	0.643471243301245	0.901290759217835	0.891538982908633	1	0.890513080757506	0.978367557165843	0.993725182873006	1	0.993893110185365	0.999980272028594
ENSFCAG00000015033:NCOA3	0	0	0	0	0	0	0	0	0	0.641842324439302	0.914187006079577	0.892279860268704	1	0.890513080757506	0.978367557165843	0.993725182873006	1	0.993977859684173	0.999980272028594
ENSFCAG00000022680:ZNRF3	0	0	0	0	0	0	0	0	0	0.638072819199305	0.937987723469415	0.89255993483481	1	0.890513080757506	0.978367557165843	0.993725182873006	1	0.994009737357926	0.999980272028594
ENSFCAG00000013185:SETD1B	0	0	0	0	0	0	0	0	0	0.638520780632592	0.940856723824798	0.893067733322061	1	0.890513080757506	0.978367557165843	0.993725182873006	1	0.994067310131517	0.999980272028594
ENSFCAG00000000360:DROSHA	0	0	0	0	0	0	0	0	0	0.649522269313686	0.893678609804056	0.893882077433807	1	0.890513080757506	0.978367557165843	0.993725182873006	1	0.994159035462282	0.999980272028594
ENSFCAG00000015468:EGFR	0	0	0	0	0	0	0	0	0	0.647647526637451	0.902582066500357	0.894107541371339	1	0.890513080757506	0.978367557165843	0.993725182873006	1	0.994184299894263	0.999980272028594
ENSFCAG00000025791:NCOA1	0	0	0	0	0	0	0	0	0	0.645042692296414	0.917401769232604	0.894508849857495	1	0.890513080757506	0.978367557165843	0.993725182873006	1	0.994229127992005	0.999980272028594
ENSFCAG00000009655:SETDB1	0	0	0	0	0	0	0	0	0	0.646948662268434	0.909451206238187	0.894624890918932	1	0.890513080757506	0.978367557165843	0.993725182873006	1	0.994242056779071	0.999980272028594
ENSFCAG00000029845:ZNF217	0	0	0	0	0	0	0	0	0	0.641329569958737	0.940328586340712	0.894665757974056	1	0.890513080757506	0.978367557165843	0.993725182873006	1	0.994246606423514	0.999980272028594
ENSFCAG00000009757:UPF1	0	0	0	0	0	0	0	0	0	0.645670512531702	0.917098821881089	0.894833547506059	1	0.890513080757506	0.978367557165843	0.993725182873006	1	0.994265266518667	0.999980272028594
ENSFCAG00000012999:RET	0	0	0	0	0	0	0	0	0	0.647952190442078	0.909435118408004	0.895194283732534	1	0.890513080757506	0.978367557165843	0.993725182873006	1	0.994305277944968	0.999980272028594
ENSFCAG00000011321:INPP5D	0	0	0	0	0	0	0	0	0	0.650018399588323	0.906389113696628	0.895967054485726	1	0.890513080757506	0.978367557165843	0.993725182873006	1	0.994390501429518	0.999980272028594
ENSFCAG00000029975:AFF3	0	0	0	0	0	0	0	0	0	0.648159024424585	0.917656293185147	0.89631973733712	1	0.890513080757506	0.978367557165843	0.993725182873006	1	0.994429174812988	0.999980272028594
ENSFCAG00000013299:FLT1	0	0	0	0	0	0	0	0	0	0.650913417653583	0.907037987647298	0.8965578379057	1	0.890513080757506	0.978367557165843	0.993725182873006	1	0.994455205222052	0.999980272028594
ENSFCAG00000010606:CLIP1	0	0	0	0	0	0	0	0	0	0.64854032094495	0.920427256082174	0.896854629769541	1	0.890513080757506	0.978367557165843	0.993725182873006	1	0.994487563540766	0.999980272028594
ENSFCAG00000013999:HDAC7	0	0	0	0	0	0	0	0	0	0.651308152127266	0.917203859375454	0.898049492207064	1	0.890513080757506	0.978367557165843	0.993725182873006	1	0.994616842456281	0.999980272028594
ENSFCAG00000003633:CSF1R	0	0	0	0	0	0	0	0	0	0.652518853461515	0.913718865433887	0.898311407137127	1	0.890513080757506	0.978367557165843	0.993725182873006	1	0.994644968004622	0.999980272028594
ENSFCAG00000026305:PIK3CD	0	0	0	0	0	0	0	0	0	0.654621288456185	0.907758875890107	0.898729529338699	1	0.890513080757506	0.978367557165843	0.993725182873006	1	0.994689709505962	0.999980272028594
ENSFCAG00000003659:DNMT3A	1	0	0	0	0	0	0	0	0	0.653611815329925	0.91332541050768	0.898875129455511	1	0.890513080757506	0.978367557165843	0.993725182873006	1	0.994705243895187	0.999980272028594
ENSFCAG00000029806:AFF1	0	0	0	0	0	0	0	0	0	0.651591945662523	0.924044797010479	0.898980744172956	1	0.890513080757506	0.978367557165843	0.993725182873006	1	0.994716497397606	0.999980272028594
ENSFCAG00000009897:CDK12	0	0	0	0	0	0	0	0	0	0.653069627522166	0.917106972325052	0.89902776174466	1	0.890513080757506	0.978367557165843	0.993725182873006	1	0.994721503241573	0.999980272028594
ENSFCAG00000009445:KDM6A	0	0	0	0	0	0	0	0	0	0.657187139408434	0.904404263030345	0.899703361656049	1	0.890513080757506	0.978367557165843	0.993725182873006	1	0.994793161232063	0.999980272028594
ENSFCAG00000000947:NFATC2	0	0	0	0	0	0	0	0	0	0.652659956848289	0.927691602738689	0.899965688571485	1	0.890513080757506	0.978367557165843	0.993725182873006	1	0.994820848368193	0.999980272028594
ENSFCAG00000009719:PTK7	0	0	0	0	0	0	0	0	0	0.653846514309763	0.922164148083599	0.900040775237129	1	0.890513080757506	0.978367557165843	0.993725182873006	1	0.99482875926839	0.999980272028594
ENSFCAG00000013897:SMC1A	0	0	0	0	0	0	0	0	0	0.655900141403854	0.914490357804415	0.900292920979596	1	0.890513080757506	0.978367557165843	0.993725182873006	1	0.994855278734505	0.999980272028594
ENSFCAG00000006087:BLM	0	0	0	0	0	0	0	0	0	0.656188026259808	0.91596887077624	0.900631306127945	1	0.890513080757506	0.978367557165843	0.993725182873006	1	0.994890757467737	0.999980272028594
ENSFCAG00000003836:ASXL2	0	0	0	0	0	0	0	0	0	0.654281821615913	0.928970328218065	0.90100488592944	1	0.890513080757506	0.978367557165843	0.993725182873006	1	0.994929778602794	0.999980272028594
ENSFCAG00000006852:EPHB4	0	0	0	0	0	0	0	0	0	0.656552030505603	0.918250736660118	0.901102745471715	1	0.890513080757506	0.978367557165843	0.993725182873006	1	0.994939974617352	0.999980272028594
ENSFCAG00000013609:NSD3	0	0	0	0	0	0	0	0	0	0.660155528883065	0.907740771269764	0.901782872081726	1	0.890513080757506	0.978367557165843	0.993725182873006	1	0.995010543671697	0.999980272028594
ENSFCAG00000035450:ARID5B	0	0	0	0	0	0	0	0	0	0.655337709625676	0.935327827440043	0.902208187695733	1	0.890513080757506	0.978367557165843	0.993725182873006	1	0.995054413158621	0.999980272028594
ENSFCAG00000027902:ERBB4	0	0	0	0	0	0	0	0	0	0.663409353947675	0.903386557017728	0.902966041666777	1	0.890513080757506	0.978367557165843	0.993725182873006	1	0.995132085685509	0.999980272028594
ENSFCAG00000004802:MRTFA	0	0	0	0	0	0	0	0	0	0.658723522866747	0.92867856921003	0.903441274785719	1	0.890513080757506	0.978367557165843	0.993725182873006	1	0.995180467851715	0.999980272028594
ENSFCAG00000007112:TSC1	0	0	0	0	0	0	0	0	0	0.662745535109959	0.917772920823736	0.904447277926502	1	0.890513080757506	0.978367557165843	0.993725182873006	1	0.99528206170787	0.999980272028594
ENSFCAG00000018385:FGFR3	0	0	0	0	0	0	0	0	0	0.663571800014235	0.919369665865226	0.905082024479261	1	0.890513080757506	0.978367557165843	0.993725182873006	1	0.995345587424399	0.999980272028594
ENSFCAG00000011228:FANCD2	0	0	0	0	0	0	0	0	0	0.669102793623846	0.897287389884925	0.90514733296906	1	0.890513080757506	0.978367557165843	0.993725182873006	1	0.995352098264602	0.999980272028594
ENSFCAG00000002750:HIRA	0	0	0	0	0	0	0	0	0	0.665737515374504	0.910561307890304	0.905179026708443	1	0.890513080757506	0.978367557165843	0.993725182873006	1	0.995355256230137	0.999980272028594
ENSFCAG00000005777:PARP1	0	0	0	0	0	0	0	0	0	0.666252043024962	0.911800599409102	0.905613481659447	1	0.890513080757506	0.978367557165843	0.993725182873006	1	0.995398433488744	0.999980272028594
ENSFCAG00000018200:PDS5B	0	0	0	0	0	0	0	0	0	0.669542600606045	0.900180704257486	0.90580204156566	1	0.890513080757506	0.978367557165843	0.993725182873006	1	0.995417108195175	0.999980272028594
ENSFCAG00000007143:TLL2	0	0	0	0	0	0	0	0	0	0.668765309290977	0.904653985753249	0.90601621834728	1	0.890513080757506	0.978367557165843	0.993725182873006	1	0.995438272347646	0.999980272028594
ENSFCAG00000014971:CBFA2T3	0	0	0	0	0	0	0	0	0	0.663630975789225	0.934367539491222	0.906683532493262	1	0.890513080757506	0.978367557165843	0.993725182873006	1	0.99550388927696	0.999980272028594
ENSFCAG00000004555:CBLB	0	0	0	0	0	0	0	0	0	0.667648274524639	0.914421667752993	0.90668876173736	1	0.890513080757506	0.978367557165843	0.993725182873006	1	0.995504401528079	0.999980272028594
ENSFCAG00000003178:ATXN2	0	0	0	0	0	0	0	0	0	0.667048374315258	0.920347343772491	0.907069666714205	1	0.890513080757506	0.978367557165843	0.993725182873006	1	0.995541633471937	0.999980272028594
ENSFCAG00000004554:PIK3CG	0	0	0	0	0	0	0	0	0	0.666435212613994	0.927173066094204	0.907486340939845	1	0.890513080757506	0.978367557165843	0.993725182873006	1	0.995582178530573	0.999980272028594
ENSFCAG00000007089:MSH6	0	0	0	0	0	0	0	0	0	0.668010223459084	0.919985368919962	0.90754342486978	1	0.890513080757506	0.978367557165843	0.993725182873006	1	0.995587718258435	0.999980272028594
ENSFCAG00000009141:PDGFRA	0	0	0	0	0	0	0	0	0	0.671610427333389	0.905091647671791	0.907583911363569	1	0.890513080757506	0.978367557165843	0.993725182873006	1	0.995591645106533	0.999980272028594
ENSFCAG00000030408:ZMYM2	0	0	0	0	0	0	0	0	0	0.673553298559631	0.89909542240456	0.907759789812261	1	0.890513080757506	0.978367557165843	0.993725182873006	1	0.995608682867862	0.999980272028594
ENSFCAG00000003098:PML	0	0	0	0	0	0	0	0	0	0.665080475099767	0.939561148448641	0.907937807775518	1	0.890513080757506	0.978367557165843	0.993725182873006	1	0.99562589318829	0.999980272028594
ENSFCAG00000012003:EMSY	0	0	0	0	0	0	0	0	0	0.668522281545779	0.922530554924252	0.908104718957518	1	0.890513080757506	0.978367557165843	0.993725182873006	1	0.995641998028336	0.999980272028594
ENSFCAG00000002081:GLI1	0	0	0	0	0	0	0	0	0	0.668150292257642	0.929541333706363	0.908649910119384	1	0.890513080757506	0.978367557165843	0.993725182873006	1	0.99569438842222	0.999980272028594
ENSFCAG00000006091:FURIN	0	0	0	0	0	0	0	0	0	0.669491703159437	0.925692343332154	0.90896624700049	1	0.890513080757506	0.978367557165843	0.993725182873006	1	0.995724636980847	0.999980272028594
ENSFCAG00000005305:ABL2	0	0	0	0	0	0	0	0	0	0.671161664133732	0.918386808184758	0.909034623307701	1	0.890513080757506	0.978367557165843	0.993725182873006	1	0.995731160744238	0.999980272028594
ENSFCAG00000028208:RBM15	0	0	0	0	0	0	0	0	0	0.669803245545478	0.928374355018996	0.909413147238117	1	0.890513080757506	0.978367557165843	0.993725182873006	1	0.995767182566755	0.999980272028594
ENSFCAG00000009534:MET	0	0	0	0	0	0	0	0	0	0.675225478927194	0.906444176755691	0.909663709040917	1	0.890513080757506	0.978367557165843	0.993725182873006	1	0.995790940344076	0.999980272028594
ENSFCAG00000001953:JAK1	0	0	0	0	0	0	0	0	0	0.675684908355465	0.906839837176359	0.909956398995347	1	0.890513080757506	0.978367557165843	0.993725182873006	1	0.995818605233907	0.999980272028594
ENSFCAG00000002273:KSR2	0	0	0	0	0	0	0	0	0	0.673188243114184	0.918775674329521	0.910149375831863	1	0.890513080757506	0.978367557165843	0.993725182873006	1	0.995836793795733	0.999980272028594
ENSFCAG00000030096:ARID4B	0	0	0	0	0	0	0	0	0	0.672948174326158	0.921118063781781	0.910292943098925	1	0.890513080757506	0.978367557165843	0.993725182873006	1	0.995850298835133	0.999980272028594
ENSFCAG00000024874:SOS1	0	0	0	0	0	0	0	0	0	0.676327615294697	0.907392456554029	0.910364795818917	1	0.890513080757506	0.978367557165843	0.993725182873006	1	0.995857049351473	0.999980272028594
ENSFCAG00000004047:HIP1	0	0	0	0	0	0	0	0	0	0.676957261366255	0.905647916338644	0.910456304884161	1	0.890513080757506	0.978367557165843	0.993725182873006	1	0.99586563835824	0.999980272028594
ENSFCAG00000005038:SF3B1	0	0	0	0	0	0	0	0	0	0.676624282753899	0.908086160834368	0.910611252785571	1	0.890513080757506	0.978367557165843	0.993725182873006	1	0.995880160739124	0.999980272028594
ENSFCAG00000012287:MAML2	0	0	0	0	0	0	0	0	0	0.668727853775691	0.950221449962291	0.910742291177504	1	0.890513080757506	0.978367557165843	0.993725182873006	1	0.995892421641268	0.999980272028594
ENSFCAG00000000544:EPHB1	0	0	0	0	0	0	0	0	0	0.67300623780436	0.925229602813175	0.910778050493571	1	0.890513080757506	0.978367557165843	0.993725182873006	1	0.9958957642675	0.999980272028594
ENSFCAG00000024759:WRN	0	0	0	0	0	0	0	0	0	0.678459265527513	0.906656276581923	0.911369874115531	1	0.890513080757506	0.978367557165843	0.993725182873006	1	0.995950881520218	0.999980272028594
ENSFCAG00000001740:NUTM1	0	0	0	0	0	0	0	0	0	0.671849915787306	0.940054946943928	0.911603514305017	1	0.890513080757506	0.978367557165843	0.993725182873006	1	0.995972534892378	0.999980272028594
ENSFCAG00000008747:PTPRO	0	0	0	0	0	0	0	0	0	0.680332022378472	0.904504370348128	0.912039431184442	1	0.890513080757506	0.978367557165843	0.993725182873006	1	0.996012774846456	0.999980272028594
ENSFCAG00000013582:PCSK7	0	0	0	0	0	0	0	0	0	0.676951417189546	0.91836584507787	0.912068102397435	1	0.890513080757506	0.978367557165843	0.993725182873006	1	0.996015414213269	0.999980272028594
ENSFCAG00000038306:TRIM33	0	0	0	0	0	0	0	0	0	0.675167420593143	0.928369521716883	0.912243256639635	1	0.890513080757506	0.978367557165843	0.993725182873006	1	0.996031518700669	0.999980272028594
ENSFCAG00000002830:TEK	0	0	0	0	0	0	0	0	0	0.680138625400828	0.907965518926298	0.912409520585269	1	0.890513080757506	0.978367557165843	0.993725182873006	1	0.996046774660016	0.999980272028594
ENSFCAG00000015690:PTPRC	0	0	0	0	0	0	0	0	0	0.680066764634276	0.908359590181764	0.912424956280073	1	0.890513080757506	0.978367557165843	0.993725182873006	1	0.996048189463314	0.999980272028594
ENSFCAG00000013850:MAP3K14	0	0	0	0	0	0	0	0	0	0.675526283442429	0.931835824619838	0.91277993080813	1	0.890513080757506	0.978367557165843	0.993725182873006	1	0.996080653637207	0.999980272028594
ENSFCAG00000027384:ARID3A	0	0	0	0	0	0	0	0	0	0.674182665293161	0.940142622432052	0.912841407205879	1	0.890513080757506	0.978367557165843	0.993725182873006	1	0.996086261931786	0.999980272028594
ENSFCAG00000015643:AXIN1	0	0	0	0	0	0	0	0	0	0.676280242770769	0.933386314742668	0.91332411626628	1	0.890513080757506	0.978367557165843	0.993725182873006	1	0.996130154070994	0.999980272028594
ENSFCAG00000013913:INPP4A	0	0	0	0	0	0	0	0	0	0.681957771335549	0.907847567691678	0.913324689206263	1	0.890513080757506	0.978367557165843	0.993725182873006	1	0.996130206016108	0.999980272028594
ENSFCAG00000026883:PIK3R2	0	0	0	0	0	0	0	0	0	0.67771065243292	0.927144993091245	0.913440483539884	1	0.890513080757506	0.978367557165843	0.993725182873006	1	0.996140697034113	0.999980272028594
ENSFCAG00000001242:NFKB2	0	0	0	0	0	0	0	0	0	0.680802069407111	0.913436806283315	0.913456255351427	1	0.890513080757506	0.978367557165843	0.993725182873006	1	0.99614212483136	0.999980272028594
ENSFCAG00000022073:DTX1	0	0	0	0	0	0	0	0	0	0.676173260950629	0.941883064780173	0.914031837825562	1	0.890513080757506	0.978367557165843	0.993725182873006	1	0.996194045133227	0.999980272028594
ENSFCAG00000006093:FES	0	0	0	0	0	0	0	0	0	0.681792723732989	0.914354535920212	0.9140774912326	1	0.890513080757506	0.978367557165843	0.993725182873006	1	0.996198147772149	0.999980272028594
ENSFCAG00000004892:DNM2	0	0	0	0	0	0	0	0	0	0.681833758892261	0.914903334147418	0.914166239027948	1	0.890513080757506	0.978367557165843	0.993725182873006	1	0.996206116559623	0.999980272028594
ENSFCAG00000023047:STAG1	0	0	0	0	0	0	0	0	0	0.686210928885731	0.90348978928038	0.914882731775902	1	0.890513080757506	0.978367557165843	0.993725182873006	1	0.996270135947892	0.999980272028594
ENSFCAG00000000407:CTR9	0	0	0	0	0	0	0	0	0	0.682422058209851	0.919362042986415	0.915001171933395	1	0.890513080757506	0.978367557165843	0.993725182873006	1	0.996280664645069	0.999980272028594
ENSFCAG00000010710:ALPK1	0	0	0	0	0	0	0	0	0	0.682703246621371	0.920718444561771	0.915301515377154	1	0.890513080757506	0.978367557165843	0.993725182873006	1	0.996307294845485	0.999980272028594
ENSFCAG00000031292:ATXN7	0	0	0	0	0	0	0	0	0	0.679674920345646	0.936472399150844	0.915374509840911	1	0.890513080757506	0.978367557165843	0.993725182873006	1	0.996313752072212	0.999980272028594
ENSFCAG00000001563:SEC31A	0	0	0	0	0	0	0	0	0	0.68468244337335	0.914827638264231	0.915605354313176	1	0.890513080757506	0.978367557165843	0.993725182873006	1	0.996334134696059	0.999980272028594
ENSFCAG00000013266:SMAD2	0	0	0	0	0	0	0	0	0	0.681088168370556	0.931292929628633	0.9156069760204	1	0.890513080757506	0.978367557165843	0.993725182873006	1	0.996334277680294	0.999980272028594
ENSFCAG00000040223:TBX3	0	0	0	0	0	0	0	0	0	0.678323230282029	0.949215851348491	0.915726268674435	1	0.890513080757506	0.978367557165843	0.993725182873006	1	0.996344787712721	0.999980272028594
ENSFCAG00000027633:STAG2	0	0	0	0	0	0	0	0	0	0.689138820241233	0.901100807014494	0.916007859373872	1	0.890513080757506	0.978367557165843	0.993725182873006	1	0.996369535045348	0.999980272028594
ENSFCAG00000006913:NTRK1	0	0	0	0	0	0	0	0	0	0.682850291234366	0.927184301191912	0.916087992900018	1	0.890513080757506	0.978367557165843	0.993725182873006	1	0.996376561681392	0.999980272028594
ENSFCAG00000002782:AGO2	0	0	0	0	0	0	0	0	0	0.685618968507992	0.921192205090281	0.916834985031101	1	0.890513080757506	0.978367557165843	0.993725182873006	1	0.996441725734123	0.999980272028594
ENSFCAG00000001865:XPC	0	0	0	0	0	0	0	0	0	0.687059489587479	0.91969235974271	0.917387409664012	1	0.890513080757506	0.978367557165843	0.993725182873006	1	0.996489525141187	0.999980272028594
ENSFCAG00000041663:PGR	0	0	0	0	0	0	0	0	0	0.682998733911359	0.942234333572225	0.917585129545536	1	0.890513080757506	0.978367557165843	0.993725182873006	1	0.996506552315927	0.999980272028594
ENSFCAG00000024012:GRM3	0	0	0	0	0	0	0	0	0	0.685281152688468	0.930543338528161	0.917668727540267	1	0.890513080757506	0.978367557165843	0.993725182873006	1	0.996513738764646	0.999980272028594
ENSFCAG00000008289:SND1	0	0	0	0	0	0	0	0	0	0.691223732266913	0.9079641201864	0.917994752791761	1	0.890513080757506	0.978367557165843	0.993725182873006	1	0.996541692560938	0.999980272028594
ENSFCAG00000026102:AXIN2	0	0	0	0	0	0	0	0	0	0.685822773865602	0.934335615772955	0.918313771075378	1	0.890513080757506	0.978367557165843	0.993725182873006	1	0.996568933489488	0.999980272028594
ENSFCAG00000011529:VAV2	0	0	0	0	0	0	0	0	0	0.691669686483168	0.910111957074069	0.918499368842328	1	0.890513080757506	0.978367557165843	0.993725182873006	1	0.99658473066225	0.999980272028594
ENSFCAG00000014965:NTRK3	0	0	0	0	0	0	0	0	0	0.689682119191766	0.919325974093198	0.918656174517838	1	0.890513080757506	0.978367557165843	0.993725182873006	1	0.996598047965464	0.999980272028594
ENSFCAG00000012141:STIL	0	0	0	0	0	0	0	0	0	0.688791624045963	0.924535568924985	0.91880265323792	1	0.890513080757506	0.978367557165843	0.993725182873006	1	0.996610464034438	0.999980272028594
ENSFCAG00000012236:MEN1	0	0	0	0	0	0	0	0	0	0.687363451819193	0.933041743860172	0.918965816932739	1	0.890513080757506	0.978367557165843	0.993725182873006	1	0.996624266889102	0.999980272028594
ENSFCAG00000012425:AFF4	0	0	0	0	0	0	0	0	0	0.690175634177299	0.920474165536187	0.919035315970699	1	0.890513080757506	0.978367557165843	0.993725182873006	1	0.996630137371403	0.999980272028594
ENSFCAG00000010557:SMC3	0	0	0	0	0	0	0	0	0	0.693877428065549	0.907220640225886	0.919200948845318	1	0.890513080757506	0.978367557165843	0.993725182873006	1	0.996644106951027	0.999980272028594
ENSFCAG00000008085:MERTK	0	0	0	0	0	0	0	0	0	0.693191011370327	0.914593813070117	0.919820713986567	1	0.890513080757506	0.978367557165843	0.993725182873006	1	0.996696113597252	0.999980272028594
ENSFCAG00000005619:EXT2	0	0	0	0	0	0	0	0	0	0.691975880395197	0.921057323224764	0.919994691381089	1	0.890513080757506	0.978367557165843	0.993725182873006	1	0.996710637567425	0.999980272028594
ENSFCAG00000002679:ERCC2	0	0	0	0	0	0	0	0	0	0.69250624386139	0.919139832944819	0.920033595300549	1	0.890513080757506	0.978367557165843	0.993725182873006	1	0.996713880840753	0.999980272028594
ENSFCAG00000005090:AMER1	0	0	0	0	0	0	0	0	0	0.689417700968244	0.933676934359864	0.920056152291814	1	0.890513080757506	0.978367557165843	0.993725182873006	1	0.996715760578769	0.999980272028594
ENSFCAG00000022711:EPHA5	0	0	0	0	0	0	0	0	0	0.693212494190576	0.917047767803412	0.920131990736545	1	0.890513080757506	0.978367557165843	0.993725182873006	1	0.996722076356122	0.999980272028594
ENSFCAG00000012620:TYRO3	0	0	0	0	0	0	0	0	0	0.691002749595518	0.926908121639121	0.920159538914172	1	0.890513080757506	0.978367557165843	0.993725182873006	1	0.996724369003108	0.999980272028594
ENSFCAG00000045924:FBXO31	0	0	0	0	0	0	0	0	0	0.690212100713276	0.931006811503308	0.920189749908117	1	0.890513080757506	0.978367557165843	0.993725182873006	1	0.996726882309957	0.999980272028594
ENSFCAG00000006191:ERC1	0	0	0	0	0	0	0	0	0	0.691325985954111	0.925727747941546	0.920193379228729	1	0.890513080757506	0.978367557165843	0.993725182873006	1	0.996727184172922	0.999980272028594
ENSFCAG00000013369:RABEP1	0	0	0	0	0	0	0	0	0	0.6924935140372	0.920603835565424	0.920197992578226	1	0.890513080757506	0.978367557165843	0.993725182873006	1	0.996727567860261	0.999980272028594
ENSFCAG00000010755:PRDM1	0	0	0	0	0	0	0	0	0	0.688295090690882	0.941690494747407	0.920219160020502	1	0.890513080757506	0.978367557165843	0.993725182873006	1	0.996729328037257	0.999980272028594
ENSFCAG00000028243:MAP3K13	0	0	0	0	0	0	0	0	0	0.691483717186845	0.925753621478164	0.92027430341347	1	0.890513080757506	0.978367557165843	0.993725182873006	1	0.996733911195355	0.999980272028594
ENSFCAG00000027154:BCL11A	0	0	0	0	0	0	0	0	0	0.688588161417187	0.942191761485904	0.920408265939134	1	0.890513080757506	0.978367557165843	0.993725182873006	1	0.996745031520662	0.999980272028594
ENSFCAG00000010549:SNCAIP	0	0	0	0	0	0	0	0	0	0.69100339833281	0.930804088850339	0.920562661720882	1	0.890513080757506	0.978367557165843	0.993725182873006	1	0.996757823839757	0.999980272028594
ENSFCAG00000007834:KTN1	0	0	0	0	0	0	0	0	0	0.697059675247214	0.90760745823472	0.920803852477985	1	0.890513080757506	0.978367557165843	0.993725182873006	1	0.996777755654995	0.999980272028594
ENSFCAG00000006810:BCL6	0	0	0	0	0	0	0	0	0	0.689070850524192	0.946859283803846	0.921025577603829	1	0.890513080757506	0.978367557165843	0.993725182873006	1	0.996796023111364	0.999980272028594
ENSFCAG00000018250:LIFR	0	0	0	0	0	0	0	0	0	0.694697167576847	0.918525921702596	0.921037255291001	1	0.890513080757506	0.978367557165843	0.993725182873006	1	0.996796983731131	0.999980272028594
ENSFCAG00000045801:ZBTB7A	0	0	0	0	0	0	0	0	0	0.688241773509587	0.95381293062142	0.921110936642234	1	0.890513080757506	0.978367557165843	0.993725182873006	1	0.996803041428287	0.999980272028594
ENSFCAG00000023857:LATS1	0	0	0	0	0	0	0	0	0	0.693073519703912	0.931521584804576	0.921658300796002	1	0.890513080757506	0.978367557165843	0.993725182873006	1	0.996847858365257	0.999980272028594
ENSFCAG00000030995:AXL	0	0	0	0	0	0	0	0	0	0.697313269673024	0.916581935989597	0.92207784131201	1	0.890513080757506	0.978367557165843	0.993725182873006	1	0.996881989313768	0.999980272028594
ENSFCAG00000005710:BRD3	0	0	0	0	0	0	0	0	0	0.693021087035226	0.937130877210865	0.92216828352504	1	0.890513080757506	0.978367557165843	0.993725182873006	1	0.996889322060119	0.999980272028594
ENSFCAG00000005630:BRSK1	0	0	0	0	0	0	0	0	0	0.696175960800176	0.922164533163533	0.922181550461406	1	0.890513080757506	0.978367557165843	0.993725182873006	1	0.996890396952062	0.999980272028594
ENSFCAG00000007779:DNMT3B	0	0	0	0	0	0	0	0	0	0.699750531012187	0.909001715956988	0.922288644127527	1	0.890513080757506	0.978367557165843	0.993725182873006	1	0.996899066730755	0.999980272028594
ENSFCAG00000011776:LMNA	0	0	0	0	0	0	0	0	0	0.694266571155282	0.933867024406224	0.922474863314615	1	0.890513080757506	0.978367557165843	0.993725182873006	1	0.996914112513556	0.999980272028594
ENSFCAG00000010283:MIB1	0	0	0	0	0	0	0	0	0	0.698671670871115	0.915862355988059	0.922646836636519	1	0.890513080757506	0.978367557165843	0.993725182873006	1	0.996927973897731	0.999980272028594
ENSFCAG00000012942:PALB2	0	0	0	0	0	0	0	0	0	0.694946360526581	0.932876756281918	0.922712141683895	1	0.890513080757506	0.978367557165843	0.993725182873006	1	0.996933229213927	0.999980272028594
ENSFCAG00000005052:VAV1	0	0	0	0	0	0	0	0	0	0.701963795352187	0.905722053005728	0.922902832439617	1	0.890513080757506	0.978367557165843	0.993725182873006	1	0.996948548287344	0.999980272028594
ENSFCAG00000008459:PMS2	0	0	0	0	0	0	0	0	0	0.695918595973356	0.933239199989202	0.923222838586078	1	0.890513080757506	0.978367557165843	0.993725182873006	1	0.996974167331202	0.999980272028594
ENSFCAG00000027069:GATA6	0	0	0	0	0	0	0	0	0	0.693701007122508	0.94592605387075	0.923251358958556	1	0.890513080757506	0.978367557165843	0.993725182873006	1	0.99697644523051	0.999980272028594
ENSFCAG00000000746:AGO1	0	0	0	0	0	0	0	0	0	0.699768646934836	0.919270273990135	0.923585429375685	1	0.890513080757506	0.978367557165843	0.993725182873006	1	0.997003061574252	0.999980272028594
ENSFCAG00000005686:MSH3	0	0	0	0	0	0	0	0	0	0.699722696880578	0.920798046219758	0.923741760662632	1	0.890513080757506	0.978367557165843	0.993725182873006	1	0.99701547542739	0.999980272028594
ENSFCAG00000028024:KDSR	0	0	0	0	0	0	0	0	0	0.696614906962327	0.93662327187209	0.923883203968871	1	0.890513080757506	0.978367557165843	0.993725182873006	1	0.9970266842677	0.999980272028594
ENSFCAG00000002617:GTF2I	0	0	0	0	0	0	0	0	0	0.703136809531066	0.910054317664015	0.924044493416083	1	0.890513080757506	0.978367557165843	0.993725182873006	1	0.997039439413662	0.999980272028594
ENSFCAG00000004737:CBL	0	0	0	0	0	0	0	0	0	0.700148832315284	0.923246770647949	0.924225496657901	1	0.890513080757506	0.978367557165843	0.993725182873006	1	0.997053720048348	0.999980272028594
ENSFCAG00000008249:KDM4C	1	0	0	0	0	0	0	0	0	0.703889161952314	0.91022287575036	0.924423250442598	1	0.890513080757506	0.978367557165843	0.993725182873006	1	0.997069281732131	0.999980272028594
ENSFCAG00000008135:TNFAIP3	0	0	0	0	0	0	0	0	0	0.699462081157116	0.928275875897176	0.924440238875495	1	0.890513080757506	0.978367557165843	0.993725182873006	1	0.99707061661626	0.999980272028594
ENSFCAG00000025772:MST1	0	0	0	0	0	0	0	0	0	0.701918582627972	0.917887368760311	0.924450668759527	1	0.890513080757506	0.978367557165843	0.993725182873006	1	0.997071436000785	0.999980272028594
ENSFCAG00000004825:RASA1	0	0	0	0	0	0	0	0	0	0.703354687847912	0.912424185100938	0.924455769658859	1	0.890513080757506	0.978367557165843	0.993725182873006	1	0.997071836690866	0.999980272028594
ENSFCAG00000013612:FGFR1	0	0	0	0	0	0	0	0	0	0.701779588941347	0.919462936696326	0.924571681175368	1	0.890513080757506	0.978367557165843	0.993725182873006	1	0.997080934282411	0.999980272028594
ENSFCAG00000016224:FGFR4	0	0	0	0	0	0	0	0	0	0.700372040122189	0.925707949939952	0.924604203227593	1	0.890513080757506	0.978367557165843	0.993725182873006	1	0.997083484242493	0.999980272028594
ENSFCAG00000019223:ARID4A	0	0	0	0	0	0	0	0	0	0.702814659126449	0.917771410411196	0.92486360578855	1	0.890513080757506	0.978367557165843	0.993725182873006	1	0.997103782300135	0.999980272028594
ENSFCAG00000018496:SMARCA1	0	0	0	0	0	0	0	0	0	0.704894542743203	0.911771785918336	0.925100240650848	1	0.890513080757506	0.978367557165843	0.993725182873006	1	0.997122235343885	0.999980272028594
ENSFCAG00000029436:TET2	0	0	0	0	0	0	0	0	0	0.697587460663736	0.948417960481999	0.925344392094657	1	0.890513080757506	0.978367557165843	0.993725182873006	1	0.997141211094703	0.999980272028594
ENSFCAG00000008901:BACH2	0	0	0	0	0	0	0	0	0	0.69796210701144	0.946619824259422	0.925388783417569	1	0.890513080757506	0.978367557165843	0.993725182873006	1	0.997144654321381	0.999980272028594
ENSFCAG00000010119:SNX29	0	0	0	0	0	0	0	0	0	0.702964499558765	0.921732492624443	0.925399886170172	1	0.890513080757506	0.978367557165843	0.993725182873006	1	0.997145515176906	0.999980272028594
ENSFCAG00000006344:CD276	0	0	0	0	0	0	0	0	0	0.698956877690951	0.941977747133797	0.925493535354493	1	0.890513080757506	0.978367557165843	0.993725182873006	1	0.997152770996578	0.999980272028594
ENSFCAG00000001719:CTNNA1	0	0	0	0	0	0	0	0	0	0.701488639399924	0.92926471849654	0.925516263130047	1	0.890513080757506	0.978367557165843	0.993725182873006	1	0.997154530486718	0.999980272028594
ENSFCAG00000045383:CDH1	0	0	0	0	0	0	0	0	0	0.703907015100735	0.921193185250137	0.925785420590566	1	0.890513080757506	0.978367557165843	0.993725182873006	1	0.99717532510214	0.999980272028594
ENSFCAG00000002828:PIK3CB	0	0	0	0	0	0	0	0	0	0.708695526420804	0.906911863387438	0.926234484604814	1	0.890513080757506	0.978367557165843	0.993725182873006	1	0.99720984479044	0.999980272028594
ENSFCAG00000013629:EPAS1	0	0	0	0	0	0	0	0	0	0.703478710833099	0.929534587909826	0.926493085918554	1	0.890513080757506	0.978367557165843	0.993725182873006	1	0.997229624757051	0.999980272028594
ENSFCAG00000014042:CNOT3	0	0	0	0	0	0	0	0	0	0.704969275067393	0.925435285509886	0.926764314250978	1	0.890513080757506	0.978367557165843	0.993725182873006	1	0.997250292989708	0.999980272028594
ENSFCAG00000007533:PPFIBP1	0	0	0	0	0	0	0	0	0	0.709421517563424	0.910413427398637	0.927041332512876	1	0.890513080757506	0.978367557165843	0.993725182873006	1	0.997271320490748	0.999980272028594
ENSFCAG00000024008:EPHA3	0	0	0	0	0	0	0	0	0	0.710261071330622	0.909926028423025	0.927366040925283	1	0.890513080757506	0.978367557165843	0.993725182873006	1	0.997295862607134	0.999980272028594
ENSFCAG00000013987:MALT1	0	0	0	0	0	0	0	0	0	0.707711924755888	0.92057762258993	0.927505361767121	1	0.890513080757506	0.978367557165843	0.993725182873006	1	0.997306357898674	0.999980272028594
ENSFCAG00000002153:STAT5A	0	0	0	0	0	0	0	0	0	0.708253622229168	0.919986817825792	0.927689312440696	1	0.890513080757506	0.978367557165843	0.993725182873006	1	0.997320183179882	0.999980272028594
ENSFCAG00000009163:DDR2	0	0	0	0	0	0	0	0	0	0.707178995950711	0.926664471139173	0.92793744018928	1	0.890513080757506	0.978367557165843	0.993725182873006	1	0.997338774070185	0.999980272028594
ENSFCAG00000028588:JAK2	0	0	0	0	0	0	0	0	0	0.710165131917751	0.91700987826622	0.928221948427065	1	0.890513080757506	0.978367557165843	0.993725182873006	1	0.997360009103944	0.999980272028594
ENSFCAG00000003692:FGFR2	0	0	0	0	0	0	0	0	0	0.709506017174691	0.920247471001158	0.928302965504221	1	0.890513080757506	0.978367557165843	0.993725182873006	1	0.997366040077267	0.999980272028594
ENSFCAG00000004539:FLT3	0	0	0	0	0	0	0	0	0	0.710737095590335	0.915957809250184	0.928357568061113	1	0.890513080757506	0.978367557165843	0.993725182873006	1	0.99737010074486	0.999980272028594
ENSFCAG00000013269:CSF3R	0	0	0	0	0	0	0	0	0	0.707339393478386	0.931038067263919	0.928468706170314	1	0.890513080757506	0.978367557165843	0.993725182873006	1	0.997378355911903	0.999980272028594
ENSFCAG00000046155:REST	0	0	0	0	0	0	0	0	0	0.70427029226434	0.948796422216732	0.92858293903815	1	0.890513080757506	0.978367557165843	0.993725182873006	1	0.997386827088748	0.999980272028594
ENSFCAG00000025193:USP8	0	0	0	0	0	0	0	0	0	0.709618990776303	0.922450984158392	0.928609820979029	1	0.890513080757506	0.978367557165843	0.993725182873006	1	0.997388818532546	0.999980272028594
ENSFCAG00000015184:ALOX12B	0	0	0	0	0	0	0	0	0	0.708933584477212	0.926533427581564	0.928743317864659	1	0.890513080757506	0.978367557165843	0.993725182873006	1	0.997398696601333	0.999980272028594
ENSFCAG00000006882:ZNF384	0	0	0	0	0	0	0	0	0	0.704848666169586	0.947985637410274	0.928796014251346	1	0.890513080757506	0.978367557165843	0.993725182873006	1	0.99740259057493	0.999980272028594
ENSFCAG00000008898:CD22	0	0	0	0	0	0	0	0	0	0.709933289077868	0.922871714570161	0.928803490874254	1	0.890513080757506	0.978367557165843	0.993725182873006	1	0.997403142814111	0.999980272028594
ENSFCAG00000008675:NUP93	0	0	0	0	0	0	0	0	0	0.712484208692917	0.914036876097084	0.92892249928459	1	0.890513080757506	0.978367557165843	0.993725182873006	1	0.997411924924007	0.999980272028594
ENSFCAG00000044781:ELN	0	0	0	0	0	0	0	0	0	0.712147790041542	0.918252364887107	0.929287557295657	1	0.890513080757506	0.978367557165843	0.993725182873006	1	0.997438768916453	0.999980272028594
ENSFCAG00000014571:STAT6	0	0	0	0	0	0	0	0	0	0.711516168196143	0.924877763380123	0.929760161348241	1	0.890513080757506	0.978367557165843	0.993725182873006	1	0.997473308150494	0.999980272028594
ENSFCAG00000043801:ZNF703	0	0	0	0	0	0	0	0	0	0.704859568026196	0.966569269286478	0.929962430736276	1	0.890513080757506	0.978367557165843	0.993725182873006	1	0.997488017150045	0.999980272028594
ENSFCAG00000042862:SFPQ	0	0	0	0	0	0	0	0	0	0.708987110733819	0.939152836604074	0.930011268149709	1	0.890513080757506	0.978367557165843	0.993725182873006	1	0.997491562005565	0.999980272028594
ENSFCAG00000013063:BUB1B	0	0	0	0	0	0	0	0	0	0.714989739685699	0.915390737667696	0.930237744553399	1	0.890513080757506	0.978367557165843	0.993725182873006	1	0.997507967237518	0.999980272028594
ENSFCAG00000042003:ASPSCR1	0	0	0	0	0	0	0	0	0	0.71086609473348	0.936489814497571	0.930641604705911	1	0.890513080757506	0.978367557165843	0.993725182873006	1	0.997537084764558	0.999980272028594
ENSFCAG00000009081:NTRK2	0	0	0	0	0	0	0	0	0	0.715269737465643	0.918262628037053	0.930716761904512	1	0.890513080757506	0.978367557165843	0.993725182873006	1	0.997542484106935	0.999980272028594
ENSFCAG00000007271:FLYWCH1	0	0	0	0	0	0	0	0	0	0.709360825179955	0.948823035854837	0.930979754932896	1	0.890513080757506	0.978367557165843	0.993725182873006	1	0.997561329925947	0.999980272028594
ENSFCAG00000015377:EML4	0	0	0	0	0	0	0	0	0	0.717209883371342	0.914564086672708	0.931140405438961	1	0.890513080757506	0.978367557165843	0.993725182873006	1	0.997572805428083	0.999980272028594
ENSFCAG00000002807:SOX10	0	0	0	0	0	0	0	0	0	0.709929995594923	0.947913386839167	0.931175925014521	1	0.890513080757506	0.978367557165843	0.993725182873006	1	0.997575338901902	0.999980272028594
ENSFCAG00000003177:SH2B3	0	0	0	0	0	0	0	0	0	0.711919350574878	0.937718966086359	0.93124199684598	1	0.890513080757506	0.978367557165843	0.993725182873006	1	0.997580047945676	0.999980272028594
ENSFCAG00000002431:RXRA	0	0	0	0	0	0	0	0	0	0.711086394565325	0.942902194312882	0.931311219899416	1	0.890513080757506	0.978367557165843	0.993725182873006	1	0.997584976553508	0.999980272028594
ENSFCAG00000014215:ECT2L	0	0	0	0	0	0	0	0	0	0.717257973820479	0.917902241565142	0.931574188577569	1	0.890513080757506	0.978367557165843	0.993725182873006	1	0.997603652747677	0.999980272028594
ENSFCAG00000023537:MLLT1	0	0	0	0	0	0	0	0	0	0.712739175769583	0.937729357175998	0.931620660369122	1	0.890513080757506	0.978367557165843	0.993725182873006	1	0.997606945483497	0.999980272028594
ENSFCAG00000008506:CYLD	0	0	0	0	0	0	0	0	0	0.71624404536141	0.926193603927002	0.932067374113063	1	0.890513080757506	0.978367557165843	0.993725182873006	1	0.99763847894028	0.999980272028594
ENSFCAG00000002702:XPO1	0	0	0	0	0	0	0	0	0	0.718539157990181	0.918249911926713	0.932193206376169	1	0.890513080757506	0.978367557165843	0.993725182873006	1	0.997647322768763	0.999980272028594
ENSFCAG00000028493:DIS3	0	0	0	0	0	0	0	0	0	0.719510478150365	0.914872257802496	0.932213095839979	1	0.890513080757506	0.978367557165843	0.993725182873006	1	0.997648719098919	0.999980272028594
ENSFCAG00000028112:STAT5B	0	0	0	0	0	0	0	0	0	0.718861268503285	0.917993444283191	0.932306887305007	1	0.890513080757506	0.978367557165843	0.993725182873006	1	0.997655297964552	0.999980272028594
ENSFCAG00000004893:CARM1	0	0	0	0	0	0	0	0	0	0.717046833896474	0.928139770831622	0.932639757368966	1	0.890513080757506	0.978367557165843	0.993725182873006	1	0.997678570489172	0.999980272028594
ENSFCAG00000015711:BAP1	0	0	0	0	0	0	0	0	0	0.715863550856177	0.935445088070082	0.932836660821951	1	0.890513080757506	0.978367557165843	0.993725182873006	1	0.997692281016372	0.999980272028594
ENSFCAG00000007090:FBXO11	0	0	0	0	0	0	0	0	0	0.719578485523483	0.921054209460732	0.932991682316578	1	0.890513080757506	0.978367557165843	0.993725182873006	1	0.997703046030691	0.999980272028594
ENSFCAG00000006532:GTSE1	1	0	0	0	0	0	0	0	0	0.715009612942821	0.943975069375609	0.933204136021581	1	0.890513080757506	0.978367557165843	0.993725182873006	1	0.997717757418436	0.999980272028594
ENSFCAG00000018774:TCF7L2	0	0	0	0	0	0	0	0	0	0.71936127686573	0.924442472477633	0.933280405518674	1	0.890513080757506	0.978367557165843	0.993725182873006	1	0.99772302691182	0.999980272028594
ENSFCAG00000013131:EZH1	0	0	0	0	0	0	0	0	0	0.721183737659241	0.918639248894417	0.933422552150208	1	0.890513080757506	0.978367557165843	0.993725182873006	1	0.997732831252707	0.999980272028594
ENSFCAG00000012518:KEAP1	0	0	0	0	0	0	0	0	0	0.719626090488224	0.925660751268479	0.933533728250779	1	0.890513080757506	0.978367557165843	0.993725182873006	1	0.997740484363533	0.999980272028594
ENSFCAG00000025248:ARAF	0	0	0	0	0	0	0	0	0	0.717917126955889	0.933363967424033	0.93356580206001	1	0.890513080757506	0.978367557165843	0.993725182873006	1	0.99774268979096	0.999980272028594
ENSFCAG00000006989:ERCC3	0	0	0	0	0	0	0	0	0	0.719994172682704	0.927608673019583	0.933909281620131	1	0.890513080757506	0.978367557165843	0.993725182873006	1	0.997766238711934	0.999980272028594
ENSFCAG00000024269:KIF5B	0	0	0	0	0	0	0	0	0	0.721622684165752	0.92121727869028	0.933922498839809	1	0.890513080757506	0.978367557165843	0.993725182873006	1	0.99776714235868	0.999980272028594
ENSFCAG00000030227:FOXO3	0	0	0	0	0	0	0	0	0	0.715302863984824	0.955311880118506	0.934177447525054	1	0.890513080757506	0.978367557165843	0.993725182873006	1	0.99778453631962	0.999980272028594
ENSFCAG00000026205:ZBTB16	0	0	0	0	0	0	0	0	0	0.718024568512851	0.939721291483878	0.934208532053449	1	0.890513080757506	0.978367557165843	0.993725182873006	1	0.99778665231294	0.999980272028594
ENSFCAG00000003928:NCSTN	0	0	0	0	0	0	0	0	0	0.720819812156435	0.928502638488891	0.934373016928764	1	0.890513080757506	0.978367557165843	0.993725182873006	1	0.997797831950015	0.999980272028594
ENSFCAG00000025327:GMPS	0	0	0	0	0	0	0	0	0	0.71987146129133	0.932943874828772	0.934402941719237	1	0.890513080757506	0.978367557165843	0.993725182873006	1	0.99779986275198	0.999980272028594
ENSFCAG00000003320:CDH11	0	0	0	0	0	0	0	0	0	0.719363197277596	0.936330909229015	0.934501429257926	1	0.890513080757506	0.978367557165843	0.993725182873006	1	0.997806539696911	0.999980272028594
ENSFCAG00000013778:IKBKE	0	0	0	0	0	0	0	0	0	0.723830961514329	0.921785299501394	0.934965617864368	1	0.890513080757506	0.978367557165843	0.993725182873006	1	0.997837869550865	0.999980272028594
ENSFCAG00000014214:SYK	0	0	0	0	0	0	0	0	0	0.722158879678409	0.930168976750716	0.935142705145664	1	0.890513080757506	0.978367557165843	0.993725182873006	1	0.997849761108099	0.999980272028594
ENSFCAG00000009752:CRTC1	0	0	0	0	0	0	0	0	0	0.720582027423265	0.937490887771185	0.935155245289456	1	0.890513080757506	0.978367557165843	0.993725182873006	1	0.9978506019176	0.999980272028594
ENSFCAG00000002630:PPM1F	0	0	0	0	0	0	0	0	0	0.723077424574599	0.928891962488164	0.935416862000248	1	0.890513080757506	0.978367557165843	0.993725182873006	1	0.997868104823781	0.999980272028594
ENSFCAG00000018470:BRIP1	0	0	0	0	0	0	0	0	0	0.723855349068358	0.926843519964222	0.935542134014625	1	0.890513080757506	0.978367557165843	0.993725182873006	1	0.99787645997229	0.999980272028594
ENSFCAG00000000765:FOXO1	0	0	0	0	0	0	0	0	0	0.718626700142829	0.953615620105502	0.935571502270971	1	0.890513080757506	0.978367557165843	0.993725182873006	1	0.997878416291685	0.999980272028594
ENSFCAG00000009399:SEPTIN9	0	0	0	0	0	0	0	0	0	0.722022835390798	0.938317493787942	0.935873174586478	1	0.890513080757506	0.978367557165843	0.993725182873006	1	0.997898458343817	0.999980272028594
ENSFCAG00000013487:GPHN	0	0	0	0	0	0	0	0	0	0.725930630624232	0.922525079823122	0.935972509559165	1	0.890513080757506	0.978367557165843	0.993725182873006	1	0.997905036528224	0.999980272028594
ENSFCAG00000030862:NR4A3	0	0	0	0	0	0	0	0	0	0.722525215874771	0.937227646201448	0.935996179493149	1	0.890513080757506	0.978367557165843	0.993725182873006	1	0.997906602448888	0.999980272028594
ENSFCAG00000029172:KMT5A	0	0	0	0	0	0	0	0	0	0.720685263494457	0.948350831865363	0.936115485243571	1	0.890513080757506	0.978367557165843	0.993725182873006	1	0.997914486191368	0.999980272028594
ENSFCAG00000030253:PATZ1	0	0	0	0	0	0	0	0	0	0.721010094989445	0.946607849634549	0.936125655923557	1	0.890513080757506	0.978367557165843	0.993725182873006	1	0.997915157568085	0.999980272028594
ENSFCAG00000006633:CLP1	0	0	0	0	0	0	0	0	0	0.721399128926587	0.947038809196396	0.936333061302208	1	0.890513080757506	0.978367557165843	0.993725182873006	1	0.997928824502643	0.999980272028594
ENSFCAG00000008744:SEPTIN6	0	0	0	0	0	0	0	0	0	0.723593251751687	0.936584183634364	0.936409103834863	1	0.890513080757506	0.978367557165843	0.993725182873006	1	0.997933823799232	0.999980272028594
ENSFCAG00000024132:TNFRSF11A	0	0	0	0	0	0	0	0	0	0.723119306931242	0.938988164269997	0.936420348521737	1	0.890513080757506	0.978367557165843	0.993725182873006	1	0.997934562539369	0.999980272028594
ENSFCAG00000002154:STAT3	0	0	0	0	0	0	0	0	0	0.728230081885589	0.918013984339152	0.936440873235437	1	0.890513080757506	0.978367557165843	0.993725182873006	1	0.997935910599567	0.999980272028594
ENSFCAG00000026268:INPP4B	0	0	0	0	0	0	0	0	0	0.727531077757446	0.920981869825833	0.936491425546467	1	0.890513080757506	0.978367557165843	0.993725182873006	1	0.997939228949502	0.999980272028594
ENSFCAG00000044523:SOX9	1	0	0	0	0	0	0	0	0	0.721628979190671	0.949621341018489	0.936632350032271	1	0.890513080757506	0.978367557165843	0.993725182873006	1	0.997948465094655	0.999980272028594
ENSFCAG00000001371:MLH1	0	0	0	0	0	0	0	0	0	0.727140255564175	0.924030895575245	0.936671225056009	1	0.890513080757506	0.978367557165843	0.993725182873006	1	0.997951009219685	0.999980272028594
ENSFCAG00000009739:ELL	0	0	0	0	0	0	0	0	0	0.725401153786288	0.934797656278657	0.937035352036721	1	0.890513080757506	0.978367557165843	0.993725182873006	1	0.99797476070959	0.999980272028594
ENSFCAG00000007246:DDX10	0	0	0	0	0	0	0	0	0	0.727280536901472	0.929749416575832	0.937351064728049	1	0.890513080757506	0.978367557165843	0.993725182873006	1	0.997995239673401	0.999980272028594
ENSFCAG00000029965:SLC34A2	0	0	0	0	0	0	0	0	0	0.724315781916922	0.944850225838587	0.937451845856193	1	0.890513080757506	0.978367557165843	0.993725182873006	1	0.998001754532519	0.999980272028594
ENSFCAG00000014937:KEL	0	0	0	0	0	0	0	0	0	0.730294460978446	0.920100552356147	0.937582023210149	1	0.890513080757506	0.978367557165843	0.993725182873006	1	0.998010153635096	0.999980272028594
ENSFCAG00000002012:ARID3B	0	0	0	0	0	0	0	0	0	0.725590393593942	0.945645674960416	0.938076942240066	1	0.890513080757506	0.978367557165843	0.993725182873006	1	0.998041921075248	0.999980272028594
ENSFCAG00000009638:HNF1A	0	0	0	0	0	0	0	0	0	0.726073054244786	0.943129602724406	0.93808172322826	1	0.890513080757506	0.978367557165843	0.993725182873006	1	0.998042226679633	0.999980272028594
ENSFCAG00000024086:NRG1	0	0	0	0	0	0	0	0	0	0.728529973718201	0.931675544810214	0.938091369779719	1	0.890513080757506	0.978367557165843	0.993725182873006	1	0.998042843220325	0.999980272028594
ENSFCAG00000009125:ARHGAP26	0	0	0	0	0	0	0	0	0	0.731627739632479	0.919712410367323	0.938107593817039	1	0.890513080757506	0.978367557165843	0.993725182873006	1	0.9980438799246	0.999980272028594
ENSFCAG00000004020:DAXX	0	0	0	0	0	0	0	0	0	0.725158416988183	0.949610566336228	0.938194016990446	1	0.890513080757506	0.978367557165843	0.993725182873006	1	0.998049397574936	0.999980272028594
ENSFCAG00000007459:GAB2	0	0	0	0	0	0	0	0	0	0.729177220185936	0.932036791358933	0.938408000660503	1	0.890513080757506	0.978367557165843	0.993725182873006	1	0.998063025013412	0.999980272028594
ENSFCAG00000013696:IKBKB	0	0	0	0	0	0	0	0	0	0.734438412739497	0.914617801608944	0.938676147275662	1	0.890513080757506	0.978367557165843	0.993725182873006	1	0.998080032908662	0.999980272028594
ENSFCAG00000006991:SRC	0	0	0	0	0	0	0	0	0	0.729906178046785	0.93158619095456	0.938677197754511	1	0.890513080757506	0.978367557165843	0.993725182873006	1	0.998080099387366	0.999980272028594
ENSFCAG00000013448:MSH2	0	0	0	0	0	0	0	0	0	0.730751943870678	0.930436171202254	0.938923628337723	1	0.890513080757506	0.978367557165843	0.993725182873006	1	0.998095662064684	0.999980272028594
ENSFCAG00000003444:RAD54L	0	0	0	0	0	0	0	0	0	0.731818075361607	0.926408337711232	0.938953177889084	1	0.890513080757506	0.978367557165843	0.993725182873006	1	0.998097523845998	0.999980272028594
ENSFCAG00000029266:CSDE1	0	0	0	0	0	0	0	0	0	0.730834842146928	0.931294175602723	0.939047165771756	1	0.890513080757506	0.978367557165843	0.993725182873006	1	0.998103439407355	0.999980272028594
ENSFCAG00000042984:EXT1	0	0	0	0	0	0	0	0	0	0.731533198261075	0.929123485808262	0.939122110774665	1	0.890513080757506	0.978367557165843	0.993725182873006	1	0.998108149675868	0.999980272028594
ENSFCAG00000022869:PIK3C3	0	0	0	0	0	0	0	0	0	0.734671920596864	0.917638902004891	0.939151274585895	1	0.890513080757506	0.978367557165843	0.993725182873006	1	0.998109980995166	0.999980272028594
ENSFCAG00000023059:FOXP1	0	0	0	0	0	0	0	0	0	0.732961195038711	0.926314998832487	0.939430795587934	1	0.890513080757506	0.978367557165843	0.993725182873006	1	0.998127487370357	0.999980272028594
ENSFCAG00000023085:CRTC3	0	0	0	0	0	0	0	0	0	0.730718885744616	0.936655883723598	0.939521994531164	1	0.890513080757506	0.978367557165843	0.993725182873006	1	0.998133181156209	0.999980272028594
ENSFCAG00000009978:WIF1	0	0	0	0	0	0	0	0	0	0.729859204731477	0.940771747656626	0.939525355392592	1	0.890513080757506	0.978367557165843	0.993725182873006	1	0.998133390814343	0.999980272028594
ENSFCAG00000010997:PRKAR1A	0	0	0	0	0	0	0	0	0	0.732870406168449	0.928756616265088	0.939654666467454	1	0.890513080757506	0.978367557165843	0.993725182873006	1	0.998141448401846	0.999980272028594
ENSFCAG00000003644:ARNT	0	0	0	0	0	0	0	0	0	0.734068120951257	0.927566809927142	0.940036880545755	1	0.890513080757506	0.978367557165843	0.993725182873006	1	0.998165160770172	0.999980272028594
ENSFCAG00000012784:STRN	0	0	0	0	0	0	0	0	0	0.734451625456405	0.926219836054035	0.940053145439626	1	0.890513080757506	0.978367557165843	0.993725182873006	1	0.998166166388203	0.999980272028594
ENSFCAG00000043374:MYCN	0	0	0	0	0	0	0	0	0	0.728040001102213	0.958556756513202	0.940061953054176	1	0.890513080757506	0.978367557165843	0.993725182873006	1	0.9981667108237	0.999980272028594
ENSFCAG00000006761:RUNX1	0	0	0	0	0	0	0	0	0	0.72909611215747	0.952693499686253	0.940135607953158	1	0.890513080757506	0.978367557165843	0.993725182873006	1	0.998171260510664	0.999980272028594
ENSFCAG00000044486:MNX1	0	0	0	0	0	0	0	0	0	0.728162804342488	0.961559262472137	0.940292784529263	1	0.890513080757506	0.978367557165843	0.993725182873006	1	0.998180950063462	0.999980272028594
ENSFCAG00000000790:TP63	0	0	0	0	0	0	0	0	0	0.733647581512895	0.932803948840419	0.940401089364825	1	0.890513080757506	0.978367557165843	0.993725182873006	1	0.998187611502972	0.999980272028594
ENSFCAG00000028305:FOXA1	0	0	0	0	0	0	0	0	0	0.730262615716373	0.949875897955519	0.940436638570301	1	0.890513080757506	0.978367557165843	0.993725182873006	1	0.998189795287219	0.999980272028594
ENSFCAG00000014440:COP1	0	0	0	0	0	0	0	0	0	0.736996995589174	0.920419188151145	0.940463932369038	1	0.890513080757506	0.978367557165843	0.993725182873006	1	0.998191471030697	0.999980272028594
ENSFCAG00000043468:KLF2	0	0	0	0	0	0	0	0	0	0.73093285704485	0.947620327540384	0.940554047349956	1	0.890513080757506	0.978367557165843	0.993725182873006	1	0.998196998149431	0.999980272028594
ENSFCAG00000000814:HSP90AA1	0	0	0	0	0	0	0	0	0	0.733572130164701	0.935023033925419	0.940586646328764	1	0.890513080757506	0.978367557165843	0.993725182873006	1	0.998198995450912	0.999980272028594
ENSFCAG00000007992:EZR	0	0	0	0	0	0	0	0	0	0.735178914854769	0.929684296756691	0.940731336709807	1	0.890513080757506	0.978367557165843	0.993725182873006	1	0.998207846826447	0.999980272028594
ENSFCAG00000012847:BRAF	0	0	0	0	0	0	0	0	0	0.737301421971285	0.922296947003254	0.940810961031206	1	0.890513080757506	0.978367557165843	0.993725182873006	1	0.998212708318788	0.999980272028594
ENSFCAG00000026219:ETAA1	0	0	0	0	0	0	0	0	0	0.730960676135783	0.951837583173936	0.940880094030687	1	0.890513080757506	0.978367557165843	0.993725182873006	1	0.998216923794056	0.999980272028594
ENSFCAG00000009580:PAX8	0	0	0	0	0	0	0	0	0	0.733935025879691	0.937464526721166	0.940971847791992	1	0.890513080757506	0.978367557165843	0.993725182873006	1	0.998222510755227	0.999980272028594
ENSFCAG00000008145:CUL3	0	0	0	0	0	0	0	0	0	0.736058465288059	0.929676842364616	0.941101331095529	1	0.890513080757506	0.978367557165843	0.993725182873006	1	0.998230379877358	0.999980272028594
ENSFCAG00000022796:PGBD5	0	0	0	0	0	0	0	0	0	0.732415785432482	0.947417543601011	0.941174197815599	1	0.890513080757506	0.978367557165843	0.993725182873006	1	0.998234800391448	0.999980272028594
ENSFCAG00000014246:CUL4A	0	0	0	0	0	0	0	0	0	0.740817510848268	0.916199892796652	0.941538472063181	1	0.890513080757506	0.978367557165843	0.993725182873006	1	0.998256814773921	0.999980272028594
ENSFCAG00000010859:IL6ST	0	0	0	0	0	0	0	0	0	0.736628925257712	0.932385944945573	0.941618800374938	1	0.890513080757506	0.978367557165843	0.993725182873006	1	0.998261650330432	0.999980272028594
ENSFCAG00000015491:PMS1	0	0	0	0	0	0	0	0	0	0.736882807591747	0.931350814244253	0.941620557363904	1	0.890513080757506	0.978367557165843	0.993725182873006	1	0.998261756020037	0.999980272028594
ENSFCAG00000010312:BARD1	0	0	0	0	0	0	0	0	0	0.735219566630502	0.940830574335389	0.94182014114192	1	0.890513080757506	0.978367557165843	0.993725182873006	1	0.998273740411091	0.999980272028594
ENSFCAG00000030557:FOXF1	1	0	0	0	0	0	0	0	0	0.732182612740374	0.958213650623467	0.941829495614828	1	0.890513080757506	0.978367557165843	0.993725182873006	1	0.99827430108068	0.999980272028594
ENSFCAG00000027801:BCL3	0	0	0	0	0	0	0	0	0	0.734055442757039	0.947066388404947	0.94184558407009	1	0.890513080757506	0.978367557165843	0.993725182873006	1	0.998275265140856	0.999980272028594
ENSFCAG00000004243:EWSR1	0	0	0	0	0	0	0	0	0	0.740609354681497	0.920196403006872	0.941939582344965	1	0.890513080757506	0.978367557165843	0.993725182873006	1	0.99828089225752	0.999980272028594
ENSFCAG00000045851:SOX17	1	0	0	0	0	0	0	0	0	0.732291330542722	0.963478314935927	0.942181540834314	1	0.890513080757506	0.978367557165843	0.993725182873006	1	0.998295333723873	0.999980272028594
ENSFCAG00000030412:RUNX1T1	0	0	0	0	0	0	0	0	0	0.737937830146371	0.93268250805854	0.942196871450035	1	0.890513080757506	0.978367557165843	0.993725182873006	1	0.998296246649297	0.999980272028594
ENSFCAG00000003492:CTCF	0	0	0	0	0	0	0	0	0	0.73677551150004	0.9380100211365	0.942221937377167	1	0.890513080757506	0.978367557165843	0.993725182873006	1	0.998297738767076	0.999980272028594
ENSFCAG00000004287:PTPN6	0	0	0	0	0	0	0	0	0	0.74003399475511	0.926766598915696	0.942450284975434	1	0.890513080757506	0.978367557165843	0.993725182873006	1	0.998311301076395	0.999980272028594
ENSFCAG00000003915:PPP2R1A	0	0	0	0	0	0	0	0	0	0.739181077305756	0.933593701067781	0.942805715846202	1	0.890513080757506	0.978367557165843	0.993725182873006	1	0.998332301199475	0.999980272028594
ENSFCAG00000000389:TRAF2	0	0	0	0	0	0	0	0	0	0.739020558384033	0.935357524721524	0.942910868120148	1	0.890513080757506	0.978367557165843	0.993725182873006	1	0.998338488283751	0.999980272028594
ENSFCAG00000024950:ARID5A	0	0	0	0	0	0	0	0	0	0.735642094476563	0.955856761820543	0.943151017552956	1	0.890513080757506	0.978367557165843	0.993725182873006	1	0.998352574533646	0.999980272028594
ENSFCAG00000002211:NTHL1	0	0	0	0	0	0	0	0	0	0.736602995952069	0.950893092402294	0.943212532967059	1	0.890513080757506	0.978367557165843	0.993725182873006	1	0.998356172954834	0.999980272028594
ENSFCAG00000003427:HIF1A	0	0	0	0	0	0	0	0	0	0.741411874451859	0.929717759135358	0.943334723091912	1	0.890513080757506	0.978367557165843	0.993725182873006	1	0.99836330872024	0.999980272028594
ENSFCAG00000011007:MSI1	0	0	0	0	0	0	0	0	0	0.739644917433305	0.937468118961682	0.943370066501129	1	0.890513080757506	0.978367557165843	0.993725182873006	1	0.998365369784253	0.999980272028594
ENSFCAG00000011083:TSHR	0	0	0	0	0	0	0	0	0	0.740482724510438	0.93590442118343	0.943570006624379	1	0.890513080757506	0.978367557165843	0.993725182873006	1	0.998377004434845	0.999980272028594
ENSFCAG00000008547:EBF1	0	0	0	0	0	0	0	0	0	0.740892757622816	0.935294696452542	0.943681071363945	1	0.890513080757506	0.978367557165843	0.993725182873006	1	0.998383449062641	0.999980272028594
ENSFCAG00000008765:PAX7	0	0	0	0	0	0	0	0	0	0.738508725760786	0.94839952630747	0.94382472482766	1	0.890513080757506	0.978367557165843	0.993725182873006	1	0.998391765292173	0.999980272028594
ENSFCAG00000015112:MPL	0	0	0	0	0	0	0	0	0	0.742764207726783	0.931793508804859	0.944104519675621	1	0.890513080757506	0.978367557165843	0.993725182873006	1	0.998407900107969	0.999980272028594
ENSFCAG00000042921:IKZF1	0	0	0	0	0	0	0	0	0	0.740239955299793	0.943493869146451	0.944150536949516	1	0.890513080757506	0.978367557165843	0.993725182873006	1	0.998410545826427	0.999980272028594
ENSFCAG00000001812:MYB	0	0	0	0	0	0	0	0	0	0.743899411302793	0.92797693819407	0.944169708742208	1	0.890513080757506	0.978367557165843	0.993725182873006	1	0.998411647428156	0.999980272028594
ENSFCAG00000009029:TOP1	0	0	0	0	0	0	0	0	0	0.746696235874117	0.918736183672389	0.944246226795094	1	0.890513080757506	0.978367557165843	0.993725182873006	1	0.99841604024024	0.999980272028594
ENSFCAG00000042273:MAF	0	0	0	0	0	0	0	0	0	0.739009539474256	0.952267787562678	0.944319269014514	1	0.890513080757506	0.978367557165843	0.993725182873006	1	0.998420227724154	0.999980272028594
ENSFCAG00000028455:PRF1	0	0	0	0	0	0	0	0	0	0.737586211622374	0.961731205778844	0.944328892857245	1	0.890513080757506	0.978367557165843	0.993725182873006	1	0.998420779034315	0.999980272028594
ENSFCAG00000027102:GAB1	0	0	0	0	0	0	0	0	0	0.743433353794832	0.931432492793477	0.944341582464239	1	0.890513080757506	0.978367557165843	0.993725182873006	1	0.998421505819517	0.999980272028594
ENSFCAG00000035160:FNBP1	0	0	0	0	0	0	0	0	0	0.744370039870062	0.929426326738739	0.944515552291638	1	0.890513080757506	0.978367557165843	0.993725182873006	1	0.998431452583786	0.999980272028594
ENSFCAG00000028670:ETV5	1	0	0	0	0	0	0	0	0	0.743249117419607	0.93580391062814	0.944698731594341	1	0.890513080757506	0.978367557165843	0.993725182873006	1	0.998441891269261	0.999980272028594
ENSFCAG00000001108:SETD3	0	0	0	0	0	0	0	0	0	0.746048233599355	0.925087195602729	0.944725271450042	1	0.890513080757506	0.978367557165843	0.993725182873006	1	0.998443400727754	0.999980272028594
ENSFCAG00000023797:SUZ12	0	0	0	0	0	0	0	0	0	0.744619505931433	0.931676258065125	0.94485008961044	1	0.890513080757506	0.978367557165843	0.993725182873006	1	0.998450489781932	0.999980272028594
ENSFCAG00000030101:ERF	0	0	0	0	0	0	0	0	0	0.74040019177414	0.95182574599437	0.944865772782006	1	0.890513080757506	0.978367557165843	0.993725182873006	1	0.998451379342404	0.999980272028594
ENSFCAG00000045890:FOXL2	0	0	0	0	0	0	0	0	0	0.739589523903477	0.959682167435004	0.94504612323374	1	0.890513080757506	0.978367557165843	0.993725182873006	1	0.998461590238512	0.999980272028594
ENSFCAG00000006724:SLC45A3	0	0	0	0	0	0	0	0	0	0.740952960130874	0.952667413651053	0.945154446802235	1	0.890513080757506	0.978367557165843	0.993725182873006	1	0.998467706646043	0.999980272028594
ENSFCAG00000011030:PIK3R1	0	0	0	0	0	0	0	0	0	0.747789412835551	0.925304232315281	0.945450633015634	1	0.890513080757506	0.978367557165843	0.993725182873006	1	0.998484367197189	0.999980272028594
ENSFCAG00000012180:AKT2	0	0	0	0	0	0	0	0	0	0.747133216972452	0.930138472101205	0.945708718186172	1	0.890513080757506	0.978367557165843	0.993725182873006	1	0.998498808902452	0.999980272028594
ENSFCAG00000011809:ACSL3	0	0	0	0	0	0	0	0	0	0.748153217563067	0.926642817154753	0.945744530426247	1	0.890513080757506	0.978367557165843	0.993725182873006	1	0.998500807287489	0.999980272028594
ENSFCAG00000015036:GATA4	0	0	0	0	0	0	0	0	0	0.74427838476552	0.94675228333885	0.946077386070058	1	0.890513080757506	0.978367557165843	0.993725182873006	1	0.998519316339347	0.999980272028594
ENSFCAG00000004384:TGFBR2	0	0	0	0	0	0	0	0	0	0.746047370142857	0.939347714126048	0.946167350775484	1	0.890513080757506	0.978367557165843	0.993725182873006	1	0.998524298887479	0.999980272028594
ENSFCAG00000011053:PLK2	0	0	0	0	0	0	0	0	0	0.747995185440849	0.931421955951646	0.946187776131947	1	0.890513080757506	0.978367557165843	0.993725182873006	1	0.998525428920904	0.999980272028594
ENSFCAG00000005955:PAK5	0	0	0	0	0	0	0	0	0	0.744694543191063	0.946616693210817	0.94623622205351	1	0.890513080757506	0.978367557165843	0.993725182873006	1	0.998528107429761	0.999980272028594
ENSFCAG00000012781:SHQ1	0	0	0	0	0	0	0	0	0	0.747565899353711	0.933943738511691	0.946268883185987	1	0.890513080757506	0.978367557165843	0.993725182873006	1	0.998529911819391	0.999980272028594
ENSFCAG00000041799:E2F3	0	0	0	0	0	0	0	0	0	0.744475367551708	0.94895072470667	0.946328582702029	1	0.890513080757506	0.978367557165843	0.993725182873006	1	0.998533207052061	0.999980272028594
ENSFCAG00000004913:EPOR	0	0	0	0	0	0	0	0	0	0.747107224154138	0.940334412006736	0.946683959876179	1	0.890513080757506	0.978367557165843	0.993725182873006	1	0.998552744867628	0.999980272028594
ENSFCAG00000004957:AKT1	0	0	0	0	0	0	0	0	0	0.749028685192386	0.932607258584138	0.946721917197268	1	0.890513080757506	0.978367557165843	0.993725182873006	1	0.998554823787141	0.999980272028594
ENSFCAG00000025491:ELP2	0	0	0	0	0	0	0	0	0	0.751615116164161	0.923264194876258	0.946742507437753	1	0.890513080757506	0.978367557165843	0.993725182873006	1	0.998555950876326	0.999980272028594
ENSFCAG00000026299:RAF1	0	0	0	0	0	0	0	0	0	0.750384749002355	0.929845136573385	0.946978189426461	1	0.890513080757506	0.978367557165843	0.993725182873006	1	0.998568819977059	0.999980272028594
ENSFCAG00000010003:TRAF3	0	0	0	0	0	0	0	0	0	0.748982166494125	0.938379818077562	0.947259619211986	1	0.890513080757506	0.978367557165843	0.993725182873006	1	0.998584110236975	0.999980272028594
ENSFCAG00000028016:KLF4	0	0	0	0	0	0	0	0	0	0.746778190100202	0.949762590914249	0.947324306220089	1	0.890513080757506	0.978367557165843	0.993725182873006	1	0.99858761290461	0.999980272028594
ENSFCAG00000002574:TFE3	0	0	0	0	0	0	0	0	0	0.747855866332786	0.944305008306853	0.947327113352969	1	0.890513080757506	0.978367557165843	0.993725182873006	1	0.998587764805044	0.999980272028594
ENSFCAG00000030357:NBN	0	0	0	0	0	0	0	0	0	0.749798752980142	0.936072694606638	0.947369151072163	1	0.890513080757506	0.978367557165843	0.993725182873006	1	0.998590038568002	0.999980272028594
ENSFCAG00000023460:ELF4	0	0	0	0	0	0	0	0	0	0.746499007519706	0.953491374147606	0.947480535511518	1	0.890513080757506	0.978367557165843	0.993725182873006	1	0.998596054181691	0.999980272028594
ENSFCAG00000041373:CEBPA	0	0	0	0	0	0	0	0	0	0.745188394059942	0.963030986544026	0.947542534575195	1	0.890513080757506	0.978367557165843	0.993725182873006	1	0.99859939693363	0.999980272028594
ENSFCAG00000006154:GATA2	0	0	0	0	0	0	0	0	0	0.747127057103725	0.953144828845886	0.947710091792348	1	0.890513080757506	0.978367557165843	0.993725182873006	1	0.998608410680853	0.999980272028594
ENSFCAG00000041932:RUNX2	1	0	0	0	0	0	0	0	0	0.748799201825329	0.945093325525732	0.94777062455421	1	0.890513080757506	0.978367557165843	0.993725182873006	1	0.998611659758577	0.999980272028594
ENSFCAG00000045414:TAL1	0	0	0	0	0	0	0	0	0	0.74657558117389	0.958228652091312	0.947823385477062	1	0.890513080757506	0.978367557165843	0.993725182873006	1	0.998614488531737	0.999980272028594
ENSFCAG00000035050:YAP1	0	0	0	0	0	0	0	0	0	0.749409145937127	0.943184879037258	0.947855283769287	1	0.890513080757506	0.978367557165843	0.993725182873006	1	0.998616197331844	0.999980272028594
ENSFCAG00000007469:GOLGA5	0	0	0	0	0	0	0	0	0	0.751622406594908	0.935023763651809	0.94799185120983	1	0.890513080757506	0.978367557165843	0.993725182873006	1	0.998623501150558	0.999980272028594
ENSFCAG00000008222:RPN1	0	0	0	0	0	0	0	0	0	0.749557576373324	0.944356776579658	0.948012975968628	1	0.890513080757506	0.978367557165843	0.993725182873006	1	0.998624629175303	0.999980272028594
ENSFCAG00000003694:TFRC	0	0	0	0	0	0	0	0	0	0.753358218985705	0.929089513061448	0.948072120936241	1	0.890513080757506	0.978367557165843	0.993725182873006	1	0.998627784908018	0.999980272028594
ENSFCAG00000018634:STAT4	0	0	0	0	0	0	0	0	0	0.755611690525147	0.92187305096108	0.948145982474859	1	0.890513080757506	0.978367557165843	0.993725182873006	1	0.998631720675511	0.999980272028594
ENSFCAG00000028288:PRCC	0	0	0	0	0	0	0	0	0	0.748689743794008	0.952760110455409	0.948311452810735	1	0.890513080757506	0.978367557165843	0.993725182873006	1	0.998640517003072	0.999980272028594
ENSFCAG00000012902:FANCE	0	0	0	0	0	0	0	0	0	0.749804557522667	0.946888950885416	0.948317206952855	1	0.890513080757506	0.978367557165843	0.993725182873006	1	0.998640822371136	0.999980272028594
ENSFCAG00000004785:CBLC	0	0	0	0	0	0	0	0	0	0.749805754732817	0.9468977354328	0.948318381327059	1	0.890513080757506	0.978367557165843	0.993725182873006	1	0.998640884690017	0.999980272028594
ENSFCAG00000007838:FSTL3	0	0	0	0	0	0	0	0	0	0.748539708723424	0.954679794964903	0.94838392730129	1	0.890513080757506	0.978367557165843	0.993725182873006	1	0.998644360621187	0.999980272028594
ENSFCAG00000009924:IL21R	0	0	0	0	0	0	0	0	0	0.75049979950549	0.944564857808209	0.948405567421172	1	0.890513080757506	0.978367557165843	0.993725182873006	1	0.998645507211323	0.999980272028594
ENSFCAG00000015088:KLHL6	0	0	0	0	0	0	0	0	0	0.749935179286436	0.948222834236494	0.948473793347522	1	0.890513080757506	0.978367557165843	0.993725182873006	1	0.998649118893094	0.999980272028594
ENSFCAG00000008071:TMPRSS2	0	0	0	0	0	0	0	0	0	0.755629495970058	0.925964530538578	0.948619418830807	1	0.890513080757506	0.978367557165843	0.993725182873006	1	0.998656811465345	0.999980272028594
ENSFCAG00000025219:MRE11	0	0	0	0	0	0	0	0	0	0.755598085939828	0.926236254447123	0.948637310427868	1	0.890513080757506	0.978367557165843	0.993725182873006	1	0.998657755035333	0.999980272028594
ENSFCAG00000003395:RPS6KB2	0	0	0	0	0	0	0	0	0	0.754533237359927	0.93263623994974	0.948899123726165	1	0.890513080757506	0.978367557165843	0.993725182873006	1	0.998671523993703	0.999980272028594
ENSFCAG00000026440:TRIM27	0	0	0	0	0	0	0	0	0	0.752614154714745	0.942593621506821	0.949076116877642	1	0.890513080757506	0.978367557165843	0.993725182873006	1	0.998680791271379	0.999980272028594
ENSFCAG00000004249:NF2	0	0	0	0	0	0	0	0	0	0.75665123434592	0.926519983699385	0.949076805309638	1	0.890513080757506	0.978367557165843	0.993725182873006	1	0.998680827252906	0.999980272028594
ENSFCAG00000026462:VEGFA	0	0	0	0	0	0	0	0	0	0.753027626265389	0.942730023044819	0.94925059047723	1	0.890513080757506	0.978367557165843	0.993725182873006	1	0.9986898943205	0.999980272028594
ENSFCAG00000005262:STK40	0	0	0	0	0	0	0	0	0	0.752982009646881	0.944122436799446	0.94935049607405	1	0.890513080757506	0.978367557165843	0.993725182873006	1	0.998695092392345	0.999980272028594
ENSFCAG00000006864:GPC3	0	0	0	0	0	0	0	0	0	0.753606552170481	0.941996350378763	0.949414746532168	1	0.890513080757506	0.978367557165843	0.993725182873006	1	0.998698429778187	0.999980272028594
ENSFCAG00000006814:LPP	0	0	0	0	0	0	0	0	0	0.753979966967881	0.941375346853391	0.94950694197074	1	0.890513080757506	0.978367557165843	0.993725182873006	1	0.998703211124744	0.999980272028594
ENSFCAG00000025339:DDX3X	0	0	0	0	0	0	0	0	0	0.758450768693305	0.924901048324578	0.949589636009027	1	0.890513080757506	0.978367557165843	0.993725182873006	1	0.998707492103569	0.999980272028594
ENSFCAG00000022519:NAB2	0	0	0	0	0	0	0	0	0	0.753285697270243	0.946817540183161	0.949689789721962	1	0.890513080757506	0.978367557165843	0.993725182873006	1	0.998712667307958	0.999980272028594
ENSFCAG00000000620:FBXW7	0	0	0	0	0	0	0	0	0	0.757418802523355	0.929581083921806	0.949703431886499	1	0.890513080757506	0.978367557165843	0.993725182873006	1	0.998713371416937	0.999980272028594
ENSFCAG00000015395:BTK	0	0	0	0	0	0	0	0	0	0.759018676197791	0.924513741950936	0.949763516420474	1	0.890513080757506	0.978367557165843	0.993725182873006	1	0.998716470209929	0.999980272028594
ENSFCAG00000038026:NKX2-1	0	0	0	0	0	0	0	0	0	0.752059106736597	0.960292753341068	0.950142141474779	1	0.890513080757506	0.978367557165843	0.993725182873006	1	0.998735909939425	0.999980272028594
ENSFCAG00000013654:PHF1	0	0	0	0	0	0	0	0	0	0.755916241117607	0.940203265288843	0.950158378465718	1	0.890513080757506	0.978367557165843	0.993725182873006	1	0.998736740220206	0.999980272028594
ENSFCAG00000028952:HOXA3	0	0	0	0	0	0	0	0	0	0.752546140446625	0.957909520102991	0.950188812050904	1	0.890513080757506	0.978367557165843	0.993725182873006	1	0.998738295698374	0.999980272028594
ENSFCAG00000040498:YY1	0	0	0	0	0	0	0	0	0	0.75259573683304	0.957653614881219	0.950192226110741	1	0.890513080757506	0.978367557165843	0.993725182873006	1	0.998738470132141	0.999980272028594
ENSFCAG00000009182:LCP1	0	0	0	0	0	0	0	0	0	0.758090548911162	0.932620993127597	0.950276216831909	1	0.890513080757506	0.978367557165843	0.993725182873006	1	0.998742757587686	0.999980272028594
ENSFCAG00000030898:NADK	0	0	0	0	0	0	0	0	0	0.755819155576012	0.942994859835828	0.95036485636033	1	0.890513080757506	0.978367557165843	0.993725182873006	1	0.998747274298596	0.999980272028594
ENSFCAG00000010330:FUBP1	0	0	0	0	0	0	0	0	0	0.761520282211194	0.924423717074234	0.950705675411373	1	0.890513080757506	0.978367557165843	0.993725182873006	1	0.998764564056091	0.999980272028594
ENSFCAG00000013821:MSN	0	0	0	0	0	0	0	0	0	0.75793553597267	0.937964836755731	0.950735073727561	1	0.890513080757506	0.978367557165843	0.993725182873006	1	0.998766049708606	0.999980272028594
ENSFCAG00000009909:ETV4	0	0	0	0	0	0	0	0	0	0.758957376477066	0.935313561198833	0.950875733554313	1	0.890513080757506	0.978367557165843	0.993725182873006	1	0.998773145414698	0.999980272028594
ENSFCAG00000031674:TCF12	0	0	0	0	0	0	0	0	0	0.759815124361649	0.932088925893515	0.95088308155385	1	0.890513080757506	0.978367557165843	0.993725182873006	1	0.998773515518962	0.999980272028594
ENSFCAG00000010770:CSF1	0	0	0	0	0	0	0	0	0	0.756023825546007	0.950429429239416	0.95103777119177	1	0.890513080757506	0.978367557165843	0.993725182873006	1	0.998781293751891	0.999980272028594
ENSFCAG00000005890:SLC1A2	0	0	0	0	0	0	0	0	0	0.757107374475161	0.946051726686336	0.951118422069876	1	0.890513080757506	0.978367557165843	0.993725182873006	1	0.998785339127317	0.999980272028594
ENSFCAG00000001436:PRDM14	0	0	0	0	0	0	0	0	0	0.758189961389914	0.946518303211656	0.951573709048097	1	0.890513080757506	0.978367557165843	0.993725182873006	1	0.998808047656081	0.999980272028594
ENSFCAG00000042993:GATA3	0	0	0	0	0	0	0	0	0	0.757091677843197	0.952594929651306	0.951609181129707	1	0.890513080757506	0.978367557165843	0.993725182873006	1	0.998809807762703	0.999980272028594
ENSFCAG00000009952:ITK	0	0	0	0	0	0	0	0	0	0.764027205029357	0.924990671361769	0.951713973697189	1	0.890513080757506	0.978367557165843	0.993725182873006	1	0.998814999793644	0.999980272028594
ENSFCAG00000018794:CREB3L1	0	0	0	0	0	0	0	0	0	0.758185928442564	0.948900704637218	0.95175890522037	1	0.890513080757506	0.978367557165843	0.993725182873006	1	0.998817222427229	0.999980272028594
ENSFCAG00000012482:LCK	0	0	0	0	0	0	0	0	0	0.759984411011474	0.941756154709707	0.951862760947217	1	0.890513080757506	0.978367557165843	0.993725182873006	1	0.998822351754521	0.999980272028594
ENSFCAG00000009461:SMARCD1	0	0	0	0	0	0	0	0	0	0.762821590127812	0.931694251097965	0.951983081318448	1	0.890513080757506	0.978367557165843	0.993725182873006	1	0.9988282800852	0.999980272028594
ENSFCAG00000023466:POT1	0	0	0	0	0	0	0	0	0	0.762859696655134	0.9335184612891	0.952182168240744	1	0.890513080757506	0.978367557165843	0.993725182873006	1	0.998838055941735	0.999980272028594
ENSFCAG00000001964:PDPK1	0	0	0	0	0	0	0	0	0	0.765202556518155	0.927000223745224	0.952376820790908	1	0.890513080757506	0.978367557165843	0.993725182873006	1	0.998847573809541	0.999980272028594
ENSFCAG00000032199:EGR1	0	0	0	0	0	0	0	0	0	0.757052870671593	0.968143246657218	0.952517184136922	1	0.890513080757506	0.978367557165843	0.993725182873006	1	0.998854412426139	0.999980272028594
ENSFCAG00000029123:PICALM	0	0	0	0	0	0	0	0	0	0.765029181115068	0.929087862867071	0.952538118951006	1	0.890513080757506	0.978367557165843	0.993725182873006	1	0.998855430614729	0.999980272028594
ENSFCAG00000009146:PARP3	0	0	0	0	0	0	0	0	0	0.763242659579251	0.938006250171674	0.952759557616814	1	0.890513080757506	0.978367557165843	0.993725182873006	1	0.998866172366532	0.999980272028594
ENSFCAG00000030250:CMTR2	0	0	0	0	0	0	0	0	0	0.760303098668678	0.952142127708735	0.95281106336997	1	0.890513080757506	0.978367557165843	0.993725182873006	1	0.998868663477224	0.999980272028594
ENSFCAG00000046742:TLX1	0	0	0	0	0	0	0	0	0	0.760260112732975	0.955594023372628	0.953033531762459	1	0.890513080757506	0.978367557165843	0.993725182873006	1	0.998879391329244	0.999980272028594
ENSFCAG00000011327:FAF1	0	0	0	0	0	0	0	0	0	0.766149606206229	0.93008071994888	0.953060333766744	1	0.890513080757506	0.978367557165843	0.993725182873006	1	0.998880680267894	0.999980272028594
ENSFCAG00000011397:ATP6AP1	0	0	0	0	0	0	0	0	0	0.763432113194164	0.940667967346124	0.953073455307546	1	0.890513080757506	0.978367557165843	0.993725182873006	1	0.998881311022777	0.999980272028594
ENSFCAG00000027219:IDH2	0	0	0	0	0	0	0	0	0	0.762853573109311	0.944878799882596	0.953217509305068	1	0.890513080757506	0.978367557165843	0.993725182873006	1	0.998888223847221	0.999980272028594
ENSFCAG00000004303:WDCP	0	0	0	0	0	0	0	0	0	0.7618904831586	0.949675887130354	0.953233113426346	1	0.890513080757506	0.978367557165843	0.993725182873006	1	0.998888971346735	0.999980272028594
ENSFCAG00000036087:LMO2	0	0	0	0	0	0	0	0	0	0.763992100942085	0.94013661997036	0.95323625955037	1	0.890513080757506	0.978367557165843	0.993725182873006	1	0.998889122027655	0.999980272028594
ENSFCAG00000012034:SETDB2	0	0	0	0	0	0	0	0	0	0.765664310925289	0.935592191757574	0.95343676467235	1	0.890513080757506	0.978367557165843	0.993725182873006	1	0.998898703632347	0.999980272028594
ENSFCAG00000013396:SESN2	0	0	0	0	0	0	0	0	0	0.766179701691245	0.934788771250089	0.953550109957459	1	0.890513080757506	0.978367557165843	0.993725182873006	1	0.998904101445082	0.999980272028594
ENSFCAG00000004033:CCNQ	0	0	0	0	0	0	0	0	0	0.763088306528221	0.949966689643805	0.953707823261358	1	0.890513080757506	0.978367557165843	0.993725182873006	1	0.998911589768675	0.999980272028594
ENSFCAG00000013722:STK11	0	0	0	0	0	0	0	0	0	0.763930164036632	0.946547424257686	0.953758831210733	1	0.890513080757506	0.978367557165843	0.993725182873006	1	0.998914006075321	0.999980272028594
ENSFCAG00000004973:MYOD1	0	0	0	0	0	0	0	0	0	0.760955133812195	0.964296005072705	0.953821463613041	1	0.890513080757506	0.978367557165843	0.993725182873006	1	0.998916969314685	0.999980272028594
ENSFCAG00000009695:PTPN11	0	0	0	0	0	0	0	0	0	0.766832444652589	0.935229837610584	0.953835363527678	1	0.890513080757506	0.978367557165843	0.993725182873006	1	0.998917626384273	0.999980272028594
ENSFCAG00000007485:ERG	0	0	0	0	0	0	0	0	0	0.764746159347423	0.943878118673956	0.953844916845262	1	0.890513080757506	0.978367557165843	0.993725182873006	1	0.998918077866319	0.999980272028594
ENSFCAG00000001845:GAS7	0	0	0	0	0	0	0	0	0	0.766489170965233	0.937347615864521	0.953911118422446	1	0.890513080757506	0.978367557165843	0.993725182873006	1	0.998921203870371	0.999980272028594
ENSFCAG00000029939:SPRTN	0	0	0	0	0	0	0	0	0	0.764621598021779	0.946244827942771	0.953993731361874	1	0.890513080757506	0.978367557165843	0.993725182873006	1	0.998925098366452	0.999980272028594
ENSFCAG00000018167:TAF15	0	0	0	0	0	0	0	0	0	0.776805217732714	0.906536654174624	0.954017036730619	1	0.890513080757506	0.978367557165843	0.993725182873006	1	0.998926195722204	0.999980272028594
ENSFCAG00000026263:ACVR1B	0	0	0	0	0	0	0	0	0	0.767050833354306	0.936818642803055	0.954069180982563	1	0.890513080757506	0.978367557165843	0.993725182873006	1	0.998928648922644	0.999980272028594
ENSFCAG00000013874:SGK1	0	0	0	0	0	0	0	0	0	0.767724854438871	0.934290403851493	0.954073006635112	1	0.890513080757506	0.978367557165843	0.993725182873006	1	0.998928828793688	0.999980272028594
ENSFCAG00000005490:FH	0	0	0	0	0	0	0	0	0	0.764669118449104	0.947088288745896	0.954079133171486	1	0.890513080757506	0.978367557165843	0.993725182873006	1	0.998929116813637	0.999980272028594
ENSFCAG00000000648:CREB3L2	0	0	0	0	0	0	0	0	0	0.764930709415354	0.94709156498958	0.954177266727694	1	0.890513080757506	0.978367557165843	0.993725182873006	1	0.998933724894147	0.999980272028594
ENSFCAG00000027549:NCOA4	0	0	0	0	0	0	0	0	0	0.767607544584708	0.936199121596392	0.954215766239006	1	0.890513080757506	0.978367557165843	0.993725182873006	1	0.998935529968247	0.999980272028594
ENSFCAG00000044117:FANCG	0	0	0	0	0	0	0	0	0	0.767674560336341	0.937796191092683	0.954391954806634	1	0.890513080757506	0.978367557165843	0.993725182873006	1	0.998943770862124	0.999980272028594
ENSFCAG00000014348:TEC	0	0	0	0	0	0	0	0	0	0.770667720461365	0.928933632119205	0.954599433813534	1	0.890513080757506	0.978367557165843	0.993725182873006	1	0.998953433605293	0.999980272028594
ENSFCAG00000009522:TNFRSF14	0	0	0	0	0	0	0	0	0	0.766227086353999	0.946805529707387	0.954637824112575	1	0.890513080757506	0.978367557165843	0.993725182873006	1	0.998955216579761	0.999980272028594
ENSFCAG00000031493:FOXO4	0	0	0	0	0	0	0	0	0	0.764989362537904	0.954348099137693	0.954736680863847	1	0.890513080757506	0.978367557165843	0.993725182873006	1	0.998959800713318	0.999980272028594
ENSFCAG00000033150:PTK6	0	0	0	0	0	0	0	0	0	0.767507523916467	0.942640662203777	0.954766122403395	1	0.890513080757506	0.978367557165843	0.993725182873006	1	0.998961163982752	0.999980272028594
ENSFCAG00000030907:MAP3K7	0	0	0	0	0	0	0	0	0	0.769151465460671	0.936675437635914	0.954829392645879	1	0.890513080757506	0.978367557165843	0.993725182873006	1	0.998964090594216	0.999980272028594
ENSFCAG00000013314:TIPARP	0	0	0	0	0	0	0	0	0	0.76615251459639	0.950202959482823	0.954873186498692	1	0.890513080757506	0.978367557165843	0.993725182873006	1	0.998966113855696	0.999980272028594
ENSFCAG00000041539:MYC	0	0	0	0	0	0	0	0	0	0.764648089206179	0.958964418818258	0.954909586359943	1	0.890513080757506	0.978367557165843	0.993725182873006	1	0.998967793988717	0.999980272028594
ENSFCAG00000042373:FLI1	0	0	0	0	0	0	0	0	0	0.768055037145962	0.943182652587059	0.955014790632712	1	0.890513080757506	0.978367557165843	0.993725182873006	1	0.998972642173292	0.999980272028594
ENSFCAG00000002791:P2RY8	0	0	0	0	0	0	0	0	0	0.763743085175135	0.967461075208285	0.955039222901847	1	0.890513080757506	0.978367557165843	0.993725182873006	1	0.998973766440271	0.999980272028594
ENSFCAG00000028649:DUSP4	1	0	0	0	0	0	0	0	0	0.764234980513157	0.963965604365245	0.955044149608749	1	0.890513080757506	0.978367557165843	0.993725182873006	1	0.998973993070212	0.999980272028594
ENSFCAG00000011506:PAK3	0	0	0	0	0	0	0	0	0	0.769745111289409	0.936977479964429	0.955075519559753	1	0.890513080757506	0.978367557165843	0.993725182873006	1	0.998975435500916	0.999980272028594
ENSFCAG00000002222:MUTYH	0	0	0	0	0	0	0	0	0	0.771267298424931	0.931719429421762	0.95510994599287	1	0.890513080757506	0.978367557165843	0.993725182873006	1	0.998977017286761	0.999980272028594
ENSFCAG00000043446:GNA12	0	0	0	0	0	0	0	0	0	0.765230903090734	0.959145258236963	0.955138829719402	1	0.890513080757506	0.978367557165843	0.993725182873006	1	0.998978343445457	0.999980272028594
ENSFCAG00000004375:ERRFI1	0	0	0	0	0	0	0	0	0	0.766329596903746	0.955779753554963	0.955333250794861	1	0.890513080757506	0.978367557165843	0.993725182873006	1	0.998987247310159	0.999980272028594
ENSFCAG00000018126:WAS	0	0	0	0	0	0	0	0	0	0.769995911698158	0.939689552371931	0.955419137592878	1	0.890513080757506	0.978367557165843	0.993725182873006	1	0.998991168050715	0.999980272028594
ENSFCAG00000027928:FUS	0	0	0	0	0	0	0	0	0	0.774984931249487	0.922443477125885	0.955426955304096	1	0.890513080757506	0.978367557165843	0.993725182873006	1	0.998991524546602	0.999980272028594
ENSFCAG00000035960:TLX3	0	0	0	0	0	0	0	0	0	0.76532375065738	0.963684326712027	0.955436735772129	1	0.890513080757506	0.978367557165843	0.993725182873006	1	0.998991970456198	0.999980272028594
ENSFCAG00000046322:IRF8	0	0	0	0	0	0	0	0	0	0.769681958005386	0.942146787458079	0.955523003003202	1	0.890513080757506	0.978367557165843	0.993725182873006	1	0.998995899202549	0.999980272028594
ENSFCAG00000008473:NFIB	0	0	0	0	0	0	0	0	0	0.773063532022391	0.932673530749926	0.955856978422477	1	0.890513080757506	0.978367557165843	0.993725182873006	1	0.999011035536678	0.999980272028594
ENSFCAG00000003512:DDX5	0	0	0	0	0	0	0	0	0	0.772778980520407	0.934149843614748	0.955902713222774	1	0.890513080757506	0.978367557165843	0.993725182873006	1	0.999013099230735	0.999980272028594
ENSFCAG00000026908:PRKCI	0	0	0	0	0	0	0	0	0	0.773588295941915	0.932290175548784	0.956006682655823	1	0.890513080757506	0.978367557165843	0.993725182873006	1	0.999017782508336	0.999980272028594
ENSFCAG00000010347:MAX	0	0	0	0	0	0	0	0	0	0.768173051129258	0.956237186640895	0.956046300250573	1	0.890513080757506	0.978367557165843	0.993725182873006	1	0.99901956409793	0.999980272028594
ENSFCAG00000031608:KLF5	0	0	0	0	0	0	0	0	0	0.768059046564206	0.960027127497268	0.956242972478402	1	0.890513080757506	0.978367557165843	0.993725182873006	1	0.999028384077548	0.999980272028594
ENSFCAG00000011854:ALB	0	0	0	0	0	0	0	0	0	0.776392827529451	0.926783073798232	0.956421641096228	1	0.890513080757506	0.978367557165843	0.993725182873006	1	0.999036361600342	0.999980272028594
ENSFCAG00000024419:MITF	0	0	0	0	0	0	0	0	0	0.773560837444658	0.936649621084298	0.956427819457191	1	0.890513080757506	0.978367557165843	0.993725182873006	1	0.999036636866008	0.999980272028594
ENSFCAG00000022640:MYCL	0	0	0	0	0	0	0	0	0	0.769319458047417	0.955970772123295	0.956450502943922	1	0.890513080757506	0.978367557165843	0.993725182873006	1	0.999037647145358	0.999980272028594
ENSFCAG00000041254:CCDC6	0	0	0	0	0	0	0	0	0	0.772030475526992	0.944098224752762	0.956545347832276	1	0.890513080757506	0.978367557165843	0.993725182873006	1	0.99904186552916	0.999980272028594
ENSFCAG00000028515:RARA	0	0	0	0	0	0	0	0	0	0.770233716867712	0.953352958835116	0.956606611812688	1	0.890513080757506	0.978367557165843	0.993725182873006	1	0.999044585347134	0.999980272028594
ENSFCAG00000046021:EXOSC6	0	0	0	0	0	0	0	0	0	0.769353318276049	0.95832676361815	0.956614902292842	1	0.890513080757506	0.978367557165843	0.993725182873006	1	0.999044953102079	0.999980272028594
ENSFCAG00000003212:NDRG1	0	0	0	0	0	0	0	0	0	0.775842941470356	0.931550964125221	0.956736539496421	1	0.890513080757506	0.978367557165843	0.993725182873006	1	0.999050340510559	0.999980272028594
ENSFCAG00000029143:MAPKAP1	0	0	0	0	0	0	0	0	0	0.774534787072055	0.936936239734114	0.956804486622388	1	0.890513080757506	0.978367557165843	0.993725182873006	1	0.999053343210569	0.999980272028594
ENSFCAG00000012483:HDAC1	0	0	0	0	0	0	0	0	0	0.775312969896956	0.934729067978994	0.956868686463543	1	0.890513080757506	0.978367557165843	0.993725182873006	1	0.999056175878221	0.999980272028594
ENSFCAG00000018598:ETS1	0	0	0	0	0	0	0	0	0	0.773937637139309	0.940108194178177	0.956884692367528	1	0.890513080757506	0.978367557165843	0.993725182873006	1	0.999056881430425	0.999980272028594
ENSFCAG00000004034:DUSP9	0	0	0	0	0	0	0	0	0	0.771072469423112	0.953973984888873	0.956955889460802	1	0.890513080757506	0.978367557165843	0.993725182873006	1	0.999060016607372	0.999980272028594
ENSFCAG00000006925:PARP2	0	0	0	0	0	0	0	0	0	0.775481663283529	0.935758405721692	0.957029443324526	1	0.890513080757506	0.978367557165843	0.993725182873006	1	0.99906325000219	0.999980272028594
ENSFCAG00000006604:SETD6	0	0	0	0	0	0	0	0	0	0.77355253818032	0.943926483647771	0.95708027042289	1	0.890513080757506	0.978367557165843	0.993725182873006	1	0.999065481035694	0.999980272028594
ENSFCAG00000013473:RAD21	0	0	0	0	0	0	0	0	0	0.77600081237304	0.93514911252536	0.957154809873109	1	0.890513080757506	0.978367557165843	0.993725182873006	1	0.999068748030763	0.999980272028594
ENSFCAG00000028312:AURKB	0	0	0	0	0	0	0	0	0	0.775386994424582	0.938107230405494	0.957219331384414	1	0.890513080757506	0.978367557165843	0.993725182873006	1	0.999071571261802	0.999980272028594
ENSFCAG00000009216:ATIC	0	0	0	0	0	0	0	0	0	0.775302033347137	0.938448330979327	0.957220814072108	1	0.890513080757506	0.978367557165843	0.993725182873006	1	0.999071636087804	0.999980272028594
ENSFCAG00000027081:SMAD3	0	0	0	0	0	0	0	0	0	0.774514801517608	0.943545303707617	0.95739330595841	1	0.890513080757506	0.978367557165843	0.993725182873006	1	0.999079162095695	0.999980272028594
ENSFCAG00000018839:SS18L1	0	0	0	0	0	0	0	0	0	0.776707341610635	0.935750120729146	0.957464123174287	1	0.890513080757506	0.978367557165843	0.993725182873006	1	0.999082242928596	0.999980272028594
ENSFCAG00000023614:LYN	0	0	0	0	0	0	0	0	0	0.777199700193028	0.934292642372793	0.957495294719599	1	0.890513080757506	0.978367557165843	0.993725182873006	1	0.999083597355615	0.999980272028594
ENSFCAG00000032144:ACTG1	0	0	0	0	0	0	0	0	0	0.772906722583663	0.952589746755957	0.957523449258236	1	0.890513080757506	0.978367557165843	0.993725182873006	1	0.999084819819208	0.999980272028594
ENSFCAG00000040324:ZNF331	0	0	0	0	0	0	0	0	0	0.776336930759299	0.938563403359189	0.957599761525469	1	0.890513080757506	0.978367557165843	0.993725182873006	1	0.999088129117498	0.999980272028594
ENSFCAG00000003156:ARID3C	0	0	0	0	0	0	0	0	0	0.773944011773984	0.949357982657885	0.957658110195345	1	0.890513080757506	0.978367557165843	0.993725182873006	1	0.999090655317809	0.999980272028594
ENSFCAG00000013705:NT5C2	0	0	0	0	0	0	0	0	0	0.779592705698013	0.928651758130665	0.957751854659286	1	0.890513080757506	0.978367557165843	0.993725182873006	1	0.999094706531726	0.999980272028594
ENSFCAG00000030694:HOXD13	0	0	0	0	0	0	0	0	0	0.771248197244882	0.967288226781918	0.957809407765113	1	0.890513080757506	0.978367557165843	0.993725182873006	1	0.999097189172057	0.999980272028594
ENSFCAG00000030888:RECQL	0	0	0	0	0	0	0	0	0	0.777201664008726	0.938883751879553	0.957935787337095	1	0.890513080757506	0.978367557165843	0.993725182873006	1	0.999102628611839	0.999980272028594
ENSFCAG00000009499:KBTBD4	0	0	0	0	0	0	0	0	0	0.774035288631234	0.952761201278504	0.957942097974609	1	0.890513080757506	0.978367557165843	0.993725182873006	1	0.99910289978774	0.999980272028594
ENSFCAG00000003706:FANCC	0	0	0	0	0	0	0	0	0	0.780637315622899	0.929653312445479	0.958223241133745	1	0.890513080757506	0.978367557165843	0.993725182873006	1	0.999114938679242	0.999980272028594
ENSFCAG00000005257:SMAD4	0	0	0	0	0	0	0	0	0	0.776369297679602	0.946307575896668	0.958284355336658	1	0.890513080757506	0.978367557165843	0.993725182873006	1	0.999117544748434	0.999980272028594
ENSFCAG00000010694:DUSP2	0	0	0	0	0	0	0	0	0	0.774110089669452	0.961314217145447	0.958523109963716	1	0.890513080757506	0.978367557165843	0.993725182873006	1	0.999127688515611	0.999980272028594
ENSFCAG00000013972:RASGEF1A	0	0	0	0	0	0	0	0	0	0.777067000591296	0.946250351921105	0.958527140571596	1	0.890513080757506	0.978367557165843	0.993725182873006	1	0.999127859250161	0.999980272028594
ENSFCAG00000024841:ETV6	0	0	0	0	0	0	0	0	0	0.777874382936865	0.944861875293723	0.958698278147632	1	0.890513080757506	0.978367557165843	0.993725182873006	1	0.9991350929164	0.999980272028594
ENSFCAG00000002126:TRAF5	0	0	0	0	0	0	0	0	0	0.778474828448397	0.94438295635512	0.958869689056611	1	0.890513080757506	0.978367557165843	0.993725182873006	1	0.999142307512858	0.999980272028594
ENSFCAG00000039893:CHN1	0	0	0	0	0	0	0	0	0	0.782074566984575	0.932937583632369	0.959062797917735	1	0.890513080757506	0.978367557165843	0.993725182873006	1	0.999150398659453	0.999980272028594
ENSFCAG00000014365:CHEK2	0	0	0	0	0	0	0	0	0	0.779375164408823	0.943303317132612	0.959094041780713	1	0.890513080757506	0.978367557165843	0.993725182873006	1	0.999151704104126	0.999980272028594
ENSFCAG00000013380:ATP6V1B2	0	0	0	0	0	0	0	0	0	0.783419839279285	0.928909702837486	0.959104717333681	1	0.890513080757506	0.978367557165843	0.993725182873006	1	0.999152149921422	0.999980272028594
ENSFCAG00000008618:EZH2	0	0	0	0	0	0	0	0	0	0.780214713260847	0.940938658928341	0.95918053680304	1	0.890513080757506	0.978367557165843	0.993725182873006	1	0.999155312767786	0.999980272028594
ENSFCAG00000012147:NFE2L2	0	0	0	0	0	0	0	0	0	0.777369525246221	0.955444453266506	0.959316622807956	1	0.890513080757506	0.978367557165843	0.993725182873006	1	0.999160974630269	0.999980272028594
ENSFCAG00000014980:PLAG1	0	0	0	0	0	0	0	0	0	0.775305037552163	0.968235176751837	0.959319025808921	1	0.890513080757506	0.978367557165843	0.993725182873006	1	0.99916107443374	0.999980272028594
ENSFCAG00000007945:HOXA11	1	0	0	0	0	0	0	0	0	0.776317212985522	0.962761046888482	0.959394996573442	1	0.890513080757506	0.978367557165843	0.993725182873006	1	0.99916422661264	0.999980272028594
ENSFCAG00000001254:CYP17A1	0	0	0	0	0	0	0	0	0	0.779227488169024	0.949370238429204	0.959534351941252	1	0.890513080757506	0.978367557165843	0.993725182873006	1	0.999169993107369	0.999980272028594
ENSFCAG00000004158:PAK1	0	0	0	0	0	0	0	0	0	0.780671099854584	0.943259146226858	0.959542730786887	1	0.890513080757506	0.978367557165843	0.993725182873006	1	0.999170339177123	0.999980272028594
ENSFCAG00000034591:FRS2	0	0	0	0	0	0	0	0	0	0.779012719949149	0.950733305910185	0.959561887626151	1	0.890513080757506	0.978367557165843	0.993725182873006	1	0.999171130133282	0.999980272028594
ENSFCAG00000026699:CDX2	0	0	0	0	0	0	0	0	0	0.779240230628626	0.952231898810992	0.959751576017224	1	0.890513080757506	0.978367557165843	0.993725182873006	1	0.999178941431253	0.999980272028594
ENSFCAG00000044642:GNA11	0	0	0	0	0	0	0	0	0	0.779482376960165	0.951682096196219	0.95979652705697	1	0.890513080757506	0.978367557165843	0.993725182873006	1	0.999180787003411	0.999980272028594
ENSFCAG00000011595:MEF2C	0	0	0	0	0	0	0	0	0	0.782289076918187	0.940955612843812	0.959902011827213	1	0.890513080757506	0.978367557165843	0.993725182873006	1	0.999185109665746	0.999980272028594
ENSFCAG00000030732:IKZF3	0	0	0	0	0	0	0	0	0	0.78073035652299	0.947770808344419	0.959935079366826	1	0.890513080757506	0.978367557165843	0.993725182873006	1	0.999186462354513	0.999980272028594
ENSFCAG00000008018:REL	0	0	0	0	0	0	0	0	0	0.782462624275877	0.941022427154542	0.959967895145074	1	0.890513080757506	0.978367557165843	0.993725182873006	1	0.999187803618393	0.999980272028594
ENSFCAG00000029098:RAP1GDS1	0	0	0	0	0	0	0	0	0	0.782148204207056	0.943202150333377	0.960050230444735	1	0.890513080757506	0.978367557165843	0.993725182873006	1	0.999191163932294	0.999980272028594
ENSFCAG00000012557:ACKR3	0	0	0	0	0	0	0	0	0	0.779523223809423	0.955683531019131	0.96009091230496	1	0.890513080757506	0.978367557165843	0.993725182873006	1	0.999192821656484	0.999980272028594
ENSFCAG00000043511:NONO	0	0	0	0	0	0	0	0	0	0.782762696979128	0.942634432722559	0.960213301353942	1	0.890513080757506	0.978367557165843	0.993725182873006	1	0.999197798431304	0.999980272028594
ENSFCAG00000000348:CDC73	0	0	0	0	0	0	0	0	0	0.788092234227985	0.927413621047312	0.960527148587809	1	0.890513080757506	0.978367557165843	0.993725182873006	1	0.999210489290591	0.999980272028594
ENSFCAG00000038081:PRKN	0	0	0	0	0	0	0	0	0	0.786112077478497	0.933865856404837	0.960538051184102	1	0.890513080757506	0.978367557165843	0.993725182873006	1	0.999210928309326	0.999980272028594
ENSFCAG00000008054:ACVR1	0	0	0	0	0	0	0	0	0	0.783354615475557	0.94454633174196	0.960580285456767	1	0.890513080757506	0.978367557165843	0.993725182873006	1	0.999212627803668	0.999980272028594
ENSFCAG00000022789:CCT6B	0	0	0	0	0	0	0	0	0	0.785908777817732	0.935493440228311	0.960630234192707	1	0.890513080757506	0.978367557165843	0.993725182873006	1	0.999214635328994	0.999980272028594
ENSFCAG00000005533:PBX1	0	0	0	0	0	0	0	0	0	0.782169731196344	0.950371522274621	0.960634862188608	1	0.890513080757506	0.978367557165843	0.993725182873006	1	0.999214821204615	0.999980272028594
ENSFCAG00000009774:MEF2B	0	0	0	0	0	0	0	0	0	0.782102942385002	0.950972578861174	0.960656609726208	1	0.890513080757506	0.978367557165843	0.993725182873006	1	0.999215694359095	0.999980272028594
ENSFCAG00000010841:MAFB	0	0	0	0	0	0	0	0	0	0.778931111977863	0.969709278952003	0.960673562123612	1	0.890513080757506	0.978367557165843	0.993725182873006	1	0.999216374649251	0.999980272028594
ENSFCAG00000005081:SESN3	0	0	0	0	0	0	0	0	0	0.785579472537066	0.937991683345415	0.960757863025296	1	0.890513080757506	0.978367557165843	0.993725182873006	1	0.999219753154458	0.999980272028594
ENSFCAG00000010866:INHBA	0	0	0	0	0	0	0	0	0	0.780963380839102	0.958406304048144	0.960770548548706	1	0.890513080757506	0.978367557165843	0.993725182873006	1	0.999220260908561	0.999980272028594
ENSFCAG00000036602:IKZF2	0	0	0	0	0	0	0	0	0	0.782753885988055	0.950368406012267	0.960836386412436	1	0.890513080757506	0.978367557165843	0.993725182873006	1	0.999222893461842	0.999980272028594
ENSFCAG00000045230:PHOX2B	0	0	0	0	0	0	0	0	0	0.780164986586666	0.966631176949001	0.960958057558545	1	0.890513080757506	0.978367557165843	0.993725182873006	1	0.999227746659278	0.999980272028594
ENSFCAG00000025247:SFRP4	0	0	0	0	0	0	0	0	0	0.783948302210538	0.946944305621655	0.960981052545727	1	0.890513080757506	0.978367557165843	0.993725182873006	1	0.999228662148378	0.999980272028594
ENSFCAG00000039437:WWTR1	0	0	0	0	0	0	0	0	0	0.781663871748313	0.959895074838417	0.961105902400068	1	0.890513080757506	0.978367557165843	0.993725182873006	1	0.999233623135975	0.999980272028594
ENSFCAG00000048115:FANCF	0	0	0	0	0	0	0	0	0	0.782188451035549	0.960256131019506	0.961309466041857	1	0.890513080757506	0.978367557165843	0.993725182873006	1	0.999241677087211	0.999980272028594
ENSFCAG00000031620:PDK1	0	0	0	0	0	0	0	0	0	0.786261134199864	0.942354110502952	0.961384724481316	1	0.890513080757506	0.978367557165843	0.993725182873006	1	0.999244643756392	0.999980272028594
ENSFCAG00000025662:SH3GL1	0	0	0	0	0	0	0	0	0	0.786968330442595	0.939822380529738	0.961397962396651	1	0.890513080757506	0.978367557165843	0.993725182873006	1	0.999245164982465	0.999980272028594
ENSFCAG00000001628:PAX5	0	0	0	0	0	0	0	0	0	0.784395491193617	0.950682268267822	0.961423906610267	1	0.890513080757506	0.978367557165843	0.993725182873006	1	0.999246185974186	0.999980272028594
ENSFCAG00000029278:ETV1	0	0	0	0	0	0	0	0	0	0.785962308582607	0.944898757380651	0.96150070301038	1	0.890513080757506	0.978367557165843	0.993725182873006	1	0.999249204066533	0.999980272028594
ENSFCAG00000009538:TRIP13	0	0	0	0	0	0	0	0	0	0.787566087847861	0.940164011400514	0.96163064124848	1	0.890513080757506	0.978367557165843	0.993725182873006	1	0.999254296659924	0.999980272028594
ENSFCAG00000038120:SMYD3	0	0	0	0	0	0	0	0	0	0.788982232967031	0.935585431691511	0.961674443248825	1	0.890513080757506	0.978367557165843	0.993725182873006	1	0.999256009409085	0.999980272028594
ENSFCAG00000014426:ESCO2	0	0	0	0	0	0	0	0	0	0.785283449077658	0.951621536791254	0.961796648625682	1	0.890513080757506	0.978367557165843	0.993725182873006	1	0.999260777345601	0.999980272028594
ENSFCAG00000024972:JUN	0	0	0	0	0	0	0	0	0	0.782777409856688	0.969747804836041	0.962015484603867	1	0.890513080757506	0.978367557165843	0.993725182873006	1	0.999269276602165	0.999980272028594
ENSFCAG00000014173:MAPK3	0	0	0	0	0	0	0	0	0	0.785761871797171	0.954124972676101	0.962138214416616	1	0.890513080757506	0.978367557165843	0.993725182873006	1	0.999274021452956	0.999980272028594
ENSFCAG00000029513:ABI1	0	0	0	0	0	0	0	0	0	0.788166755516751	0.944413561834446	0.962204522549399	1	0.890513080757506	0.978367557165843	0.993725182873006	1	0.999276578474029	0.999980272028594
ENSFCAG00000002457:TBL1XR1	0	0	0	0	0	0	0	0	0	0.790440337873684	0.937683177881766	0.962361966741065	1	0.890513080757506	0.978367557165843	0.993725182873006	1	0.999282631642645	0.999980272028594
ENSFCAG00000026512:CRBN	0	0	0	0	0	0	0	0	0	0.790656498592235	0.936970354577398	0.962365890019007	1	0.890513080757506	0.978367557165843	0.993725182873006	1	0.999282782149771	0.999980272028594
ENSFCAG00000013003:S1PR2	0	0	0	0	0	0	0	0	0	0.784609668966147	0.964438875650503	0.962380995112766	1	0.890513080757506	0.978367557165843	0.993725182873006	1	0.999283361471048	0.999980272028594
ENSFCAG00000010727:PIGA	0	0	0	0	0	0	0	0	0	0.786671786886448	0.953788770853514	0.962423558597677	1	0.890513080757506	0.978367557165843	0.993725182873006	1	0.999284992620779	0.999980272028594
ENSFCAG00000031216:CA5B	0	0	0	0	0	0	0	0	0	0.791376119574067	0.938214815059385	0.962722054995538	1	0.890513080757506	0.978367557165843	0.993725182873006	1	0.999296378937888	0.999980272028594
ENSFCAG00000035352:KCNJ5	0	0	0	0	0	0	0	0	0	0.786572696834658	0.959493510887393	0.962764715472114	1	0.890513080757506	0.978367557165843	0.993725182873006	1	0.99929799868695	0.999980272028594
ENSFCAG00000031995:SESN1	0	0	0	0	0	0	0	0	0	0.790960958241868	0.942506484069316	0.962973202831708	1	0.890513080757506	0.978367557165843	0.993725182873006	1	0.999305887422081	0.999980272028594
ENSFCAG00000000479:CALR	0	0	0	0	0	0	0	0	0	0.789551874348438	0.95038811443474	0.963144959727517	1	0.890513080757506	0.978367557165843	0.993725182873006	1	0.9993123524408	0.999980272028594
ENSFCAG00000022941:IRF4	0	0	0	0	0	0	0	0	0	0.793139023762702	0.938593197851748	0.963337644723853	1	0.890513080757506	0.978367557165843	0.993725182873006	1	0.999319568749567	0.999980272028594
ENSFCAG00000023383:GNA13	0	0	0	0	0	0	0	0	0	0.789005701025944	0.956705373699942	0.963407354233362	1	0.890513080757506	0.978367557165843	0.993725182873006	1	0.999322169969025	0.999980272028594
ENSFCAG00000007999:MKNK1	0	0	0	0	0	0	0	0	0	0.793519551694812	0.938515633943188	0.96345498137912	1	0.890513080757506	0.978367557165843	0.993725182873006	1	0.999323944281835	0.999980272028594
ENSFCAG00000030278:MCL1	0	0	0	0	0	0	0	0	0	0.789813638064314	0.957596827791164	0.963735329345369	1	0.890513080757506	0.978367557165843	0.993725182873006	1	0.999334340716868	0.999980272028594
ENSFCAG00000009769:NFKBIE	0	0	0	0	0	0	0	0	0	0.791524780459565	0.950193408894315	0.963785768283569	1	0.890513080757506	0.978367557165843	0.993725182873006	1	0.999336202539568	0.999980272028594
ENSFCAG00000006231:PPARG	0	0	0	0	0	0	0	0	0	0.790246829697716	0.957584869321567	0.963878921026782	1	0.890513080757506	0.978367557165843	0.993725182873006	1	0.999339634092518	0.999980272028594
ENSFCAG00000023859:CYP19A1	0	0	0	0	0	0	0	0	0	0.792247006215787	0.948726800020378	0.963911612974312	1	0.890513080757506	0.978367557165843	0.993725182873006	1	0.999340836261556	0.999980272028594
ENSFCAG00000029740:SHOC2	0	0	0	0	0	0	0	0	0	0.790629248283763	0.957241118488016	0.963983899859971	1	0.890513080757506	0.978367557165843	0.993725182873006	1	0.999343490504484	0.999980272028594
ENSFCAG00000003944:PTPN1	0	0	0	0	0	0	0	0	0	0.79447858323396	0.944169783486744	0.964271923539959	1	0.890513080757506	0.978367557165843	0.993725182873006	1	0.999354012386366	0.999980272028594
ENSFCAG00000010904:GATA1	0	0	0	0	0	0	0	0	0	0.792909434219641	0.950598882556843	0.964272580215013	1	0.890513080757506	0.978367557165843	0.993725182873006	1	0.999354036277258	0.999980272028594
ENSFCAG00000038251:MAP2K4	0	0	0	0	0	0	0	0	0	0.796151788832977	0.941596359706544	0.964591107341119	1	0.890513080757506	0.978367557165843	0.993725182873006	1	0.999365572093403	0.999980272028594
ENSFCAG00000041934:SOCS1	0	0	0	0	0	0	0	0	0	0.791353180894181	0.96474957476971	0.964668380792217	1	0.890513080757506	0.978367557165843	0.993725182873006	1	0.99936835478274	0.999980272028594
ENSFCAG00000033551:DNAJB1	0	0	0	0	0	0	0	0	0	0.792256520162064	0.959648838066628	0.964674305805208	1	0.890513080757506	0.978367557165843	0.993725182873006	1	0.999368567892496	0.999980272028594
ENSFCAG00000025016:DDB2	0	0	0	0	0	0	0	0	0	0.796245719091931	0.943090390268169	0.964752411356981	1	0.890513080757506	0.978367557165843	0.993725182873006	1	0.999371373776628	0.999980272028594
ENSFCAG00000033222:TUSC3	0	0	0	0	0	0	0	0	0	0.79654123473952	0.942207079121097	0.96477069445704	1	0.890513080757506	0.978367557165843	0.993725182873006	1	0.999372029670111	0.999980272028594
ENSFCAG00000028662:PSIP1	0	0	0	0	0	0	0	0	0	0.797837310596482	0.938957541681087	0.964893284434949	1	0.890513080757506	0.978367557165843	0.993725182873006	1	0.999376418550402	0.999980272028594
ENSFCAG00000023845:ACVR2A	0	0	0	0	0	0	0	0	0	0.79828435940166	0.938962333276014	0.965036664271801	1	0.890513080757506	0.978367557165843	0.993725182873006	1	0.999381531973662	0.999980272028594
ENSFCAG00000038352:HOXC11	0	0	0	0	0	0	0	0	0	0.794840467220965	0.95311981375741	0.965088115421427	1	0.890513080757506	0.978367557165843	0.993725182873006	1	0.999383361706568	0.999980272028594
ENSFCAG00000025666:NFE2	0	0	0	0	0	0	0	0	0	0.79411671161596	0.957492841596359	0.96514909637448	1	0.890513080757506	0.978367557165843	0.993725182873006	1	0.999385526791259	0.999980272028594
ENSFCAG00000015151:PAG1	0	0	0	0	0	0	0	0	0	0.794265061070556	0.956784780456521	0.965151433746716	1	0.890513080757506	0.978367557165843	0.993725182873006	1	0.999385609701299	0.999980272028594
ENSFCAG00000027039:LEF1	0	0	0	0	0	0	0	0	0	0.796268494652876	0.949375701256005	0.965273566048936	1	0.890513080757506	0.978367557165843	0.993725182873006	1	0.999389934039163	0.999980272028594
ENSFCAG00000029868:SOCS2	0	0	0	0	0	0	0	0	0	0.794297163520902	0.959682563678061	0.965345744196079	1	0.890513080757506	0.978367557165843	0.993725182873006	1	0.999392482385598	0.999980272028594
ENSFCAG00000022444:TENT5C	0	0	0	0	0	0	0	0	0	0.794215436811852	0.962204760070153	0.965468678707732	1	0.890513080757506	0.978367557165843	0.993725182873006	1	0.999396810330308	0.999980272028594
ENSFCAG00000028389:MAP2K1	0	0	0	0	0	0	0	0	0	0.79704166465627	0.949533041918428	0.965534852919237	1	0.890513080757506	0.978367557165843	0.993725182873006	1	0.999399133531406	0.999980272028594
ENSFCAG00000008358:CCND1	0	0	0	0	0	0	0	0	0	0.794847857656318	0.960057142978798	0.965548060858211	1	0.890513080757506	0.978367557165843	0.993725182873006	1	0.999399596684161	0.999980272028594
ENSFCAG00000006667:INHA	0	0	0	0	0	0	0	0	0	0.794101559671642	0.965436352956379	0.965609037735231	1	0.890513080757506	0.978367557165843	0.993725182873006	1	0.999401732571508	0.999980272028594
ENSFCAG00000029360:DDX6	0	0	0	0	0	0	0	0	0	0.799315653209821	0.941813009578254	0.965623840383767	1	0.890513080757506	0.978367557165843	0.993725182873006	1	0.99940225049523	0.999980272028594
ENSFCAG00000004068:SMARCB1	0	0	0	0	0	0	0	0	0	0.79905689460412	0.944362468691998	0.965762382582582	1	0.890513080757506	0.978367557165843	0.993725182873006	1	0.999407086890628	0.999980272028594
ENSFCAG00000032546:IGF2	0	0	0	0	0	0	0	0	0	0.793959572511993	0.969714100389735	0.965773240502944	1	0.890513080757506	0.978367557165843	0.993725182873006	1	0.999407465091912	0.999980272028594
ENSFCAG00000027073:CDK8	0	0	0	0	0	0	0	0	0	0.804100398231725	0.929421356567214	0.965909336503437	1	0.890513080757506	0.978367557165843	0.993725182873006	1	0.999412195211394	0.999980272028594
ENSFCAG00000045613:FEV	0	0	0	0	0	0	0	0	0	0.795307526546246	0.968254315878817	0.966143893575348	1	0.890513080757506	0.978367557165843	0.993725182873006	1	0.999420302417588	0.999980272028594
ENSFCAG00000030336:IFNGR1	0	0	0	0	0	0	0	0	0	0.797904169332216	0.954815612205879	0.966195962761951	1	0.890513080757506	0.978367557165843	0.993725182873006	1	0.99942209440735	0.999980272028594
ENSFCAG00000028366:XBP1	1	0	0	0	0	0	0	0	0	0.797876845606924	0.956137106328747	0.966276689985984	1	0.890513080757506	0.978367557165843	0.993725182873006	1	0.999424867131647	0.999980272028594
ENSFCAG00000023667:HERPUD1	0	0	0	0	0	0	0	0	0	0.799031551263917	0.951108122277716	0.966290814150836	1	0.890513080757506	0.978367557165843	0.993725182873006	1	0.999425351558703	0.999980272028594
ENSFCAG00000009235:YES1	0	0	0	0	0	0	0	0	0	0.802581112535847	0.938937086242761	0.96639163075462	1	0.890513080757506	0.978367557165843	0.993725182873006	1	0.999428803345333	0.999980272028594
ENSFCAG00000034951:MYD88	0	0	0	0	0	0	0	0	0	0.798761353003509	0.955470067749998	0.966514677288887	1	0.890513080757506	0.978367557165843	0.993725182873006	1	0.999433001994779	0.999980272028594
ENSFCAG00000001593:EED	0	0	0	0	0	0	0	0	0	0.805251463980029	0.933496664630882	0.966690839248908	1	0.890513080757506	0.978367557165843	0.993725182873006	1	0.999438985805643	0.999980272028594
ENSFCAG00000003700:AKT3	0	0	0	0	0	0	0	0	0	0.802986458650815	0.941444990868204	0.966746732279892	1	0.890513080757506	0.978367557165843	0.993725182873006	1	0.999440877652664	0.999980272028594
ENSFCAG00000030098:SS18	0	0	0	0	0	0	0	0	0	0.803269046205401	0.941466696120935	0.966836726042947	1	0.890513080757506	0.978367557165843	0.993725182873006	1	0.999443916938716	0.999980272028594
ENSFCAG00000000449:ELF3	0	0	0	0	0	0	0	0	0	0.800508290586206	0.953227808458919	0.966913724351766	1	0.890513080757506	0.978367557165843	0.993725182873006	1	0.999446510690272	0.999980272028594
ENSFCAG00000022238:PCBP1	0	0	0	0	0	0	0	0	0	0.797217817516502	0.974747150285925	0.967042823668094	1	0.890513080757506	0.978367557165843	0.993725182873006	1	0.99945084574874	0.999980272028594
ENSFCAG00000003976:IDH1	0	0	0	0	0	0	0	0	0	0.801809492191272	0.94959468905235	0.967054888335503	1	0.890513080757506	0.978367557165843	0.993725182873006	1	0.999451249990642	0.999980272028594
ENSFCAG00000023627:GID4	0	0	0	0	0	0	0	0	0	0.801241742768106	0.953366163534488	0.967155011251749	1	0.890513080757506	0.978367557165843	0.993725182873006	1	0.99945459892783	0.999980272028594
ENSFCAG00000037388:RAD52	0	0	0	0	0	0	0	0	0	0.804063688148524	0.942421158287752	0.967168127630573	1	0.890513080757506	0.978367557165843	0.993725182873006	1	0.999455036879972	0.999980272028594
ENSFCAG00000026744:GNB1	0	0	0	0	0	0	0	0	0	0.80224353553501	0.950516224211632	0.967261115815442	1	0.890513080757506	0.978367557165843	0.993725182873006	1	0.999458136628338	0.999980272028594
ENSFCAG00000043034:FGF3	0	0	0	0	0	0	0	0	0	0.799864924636704	0.961772425810184	0.967262611738811	1	0.890513080757506	0.978367557165843	0.993725182873006	1	0.999458186421673	0.999980272028594
ENSFCAG00000012379:SPRED1	0	0	0	0	0	0	0	0	0	0.80525500795723	0.943229993386461	0.967606963360815	1	0.890513080757506	0.978367557165843	0.993725182873006	1	0.999469586961965	0.999980272028594
ENSFCAG00000005528:NUF2	0	0	0	0	0	0	0	0	0	0.806086984522345	0.940382505277215	0.967610060757971	1	0.890513080757506	0.978367557165843	0.993725182873006	1	0.999469688952139	0.999980272028594
ENSFCAG00000009292:SETD4	0	0	0	0	0	0	0	0	0	0.805893733729962	0.944603391533978	0.967920987771641	1	0.890513080757506	0.978367557165843	0.993725182873006	1	0.999479876616389	0.999980272028594
ENSFCAG00000025137:PRKACA	0	0	0	0	0	0	0	0	0	0.805421391059602	0.946575314753997	0.967939309527509	1	0.890513080757506	0.978367557165843	0.993725182873006	1	0.999480473820523	0.999980272028594
ENSFCAG00000030144:IRF2	0	0	0	0	0	0	0	0	0	0.805420444001938	0.948649372800278	0.96810470387771	1	0.890513080757506	0.978367557165843	0.993725182873006	1	0.999485849212817	0.999980272028594
ENSFCAG00000041686:MSI2	0	0	0	0	0	0	0	0	0	0.805435126034671	0.951475567463289	0.968324425528662	1	0.890513080757506	0.978367557165843	0.993725182873006	1	0.999492946565054	0.999980272028594
ENSFCAG00000024268:CD36	0	0	0	0	0	0	0	0	0	0.807830532072831	0.942509688654814	0.968332637686425	1	0.890513080757506	0.978367557165843	0.993725182873006	1	0.999493210863967	0.999980272028594
ENSFCAG00000001078:POU5F1	0	0	0	0	0	0	0	0	0	0.807803173404619	0.943344074613689	0.968396999777761	1	0.890513080757506	0.978367557165843	0.993725182873006	1	0.999495279872472	0.999980272028594
ENSFCAG00000009681:RRAGC	0	0	0	0	0	0	0	0	0	0.806690305067994	0.948170353801854	0.968456945446271	1	0.890513080757506	0.978367557165843	0.993725182873006	1	0.999497203061501	0.999980272028594
ENSFCAG00000002120:HOXB13	0	0	0	0	0	0	0	0	0	0.804965712037234	0.957353078098792	0.96858803273385	1	0.890513080757506	0.978367557165843	0.993725182873006	1	0.999501395701808	0.999980272028594
ENSFCAG00000023702:PIM1	0	0	0	0	0	0	0	0	0	0.805857863314429	0.953346457479314	0.968590312623307	1	0.890513080757506	0.978367557165843	0.993725182873006	1	0.999501468463859	0.999980272028594
ENSFCAG00000003608:TFPT	0	0	0	0	0	0	0	0	0	0.806565825781587	0.950665973219751	0.968611388989895	1	0.890513080757506	0.978367557165843	0.993725182873006	1	0.99950214085624	0.999980272028594
ENSFCAG00000025854:CASP8	0	0	0	0	0	0	0	0	0	0.806587559606877	0.95286250483264	0.968779651137912	1	0.890513080757506	0.978367557165843	0.993725182873006	1	0.999507492423511	0.999980272028594
ENSFCAG00000009200:IL7R	0	0	0	0	0	0	0	0	0	0.807350567139511	0.950793965392221	0.96886087698634	1	0.890513080757506	0.978367557165843	0.993725182873006	1	0.999510065347342	0.999980272028594
ENSFCAG00000025659:TFG	0	0	0	0	0	0	0	0	0	0.807559417434786	0.950339037107626	0.968890234799167	1	0.890513080757506	0.978367557165843	0.993725182873006	1	0.999510993614982	0.999980272028594
ENSFCAG00000002637:SPOP	0	0	0	0	0	0	0	0	0	0.80634193740388	0.956724639549656	0.968970628427126	1	0.890513080757506	0.978367557165843	0.993725182873006	1	0.999513531035966	0.999980272028594
ENSFCAG00000040420:GSK3B	0	0	0	0	0	0	0	0	0	0.811105212650711	0.938675494864038	0.96897161122775	1	0.890513080757506	0.978367557165843	0.993725182873006	1	0.999513562014306	0.999980272028594
ENSFCAG00000015103:CHEK1	0	0	0	0	0	0	0	0	0	0.808164552449928	0.950110035373315	0.969056918950986	1	0.890513080757506	0.978367557165843	0.993725182873006	1	0.999516247155601	0.999980272028594
ENSFCAG00000014851:MDM4	0	0	0	0	0	0	0	0	0	0.808314546425083	0.950764070902418	0.969151926205734	1	0.890513080757506	0.978367557165843	0.993725182873006	1	0.999519228759732	0.999980272028594
ENSFCAG00000024503:GNAQ	0	0	0	0	0	0	0	0	0	0.809971797567822	0.944541026114942	0.969155185251349	1	0.890513080757506	0.978367557165843	0.993725182873006	1	0.999519330872838	0.999980272028594
ENSFCAG00000014287:PDCD1	0	0	0	0	0	0	0	0	0	0.808553404990286	0.949871568011984	0.969156690250374	1	0.890513080757506	0.978367557165843	0.993725182873006	1	0.999519378024087	0.999980272028594
ENSFCAG00000039431:PNRC1	0	0	0	0	0	0	0	0	0	0.804854719030537	0.968725305403909	0.969194328715893	1	0.890513080757506	0.978367557165843	0.993725182873006	1	0.999520556467852	0.999980272028594
ENSFCAG00000042983:CRKL	0	0	0	0	0	0	0	0	0	0.807297766949306	0.956187149103982	0.969227431072252	1	0.890513080757506	0.978367557165843	0.993725182873006	1	0.999521591679978	0.999980272028594
ENSFCAG00000002606:PRSS8	0	0	0	0	0	0	0	0	0	0.807795119571137	0.954513016544322	0.969264994513617	1	0.890513080757506	0.978367557165843	0.993725182873006	1	0.999522765034541	0.999980272028594
ENSFCAG00000012037:XIAP	0	0	0	0	0	0	0	0	0	0.809009784657849	0.949767598314367	0.969286872191379	1	0.890513080757506	0.978367557165843	0.993725182873006	1	0.999523447748187	0.999980272028594
ENSFCAG00000036644:CCND3	0	0	0	0	0	0	0	0	0	0.80790821542412	0.95585008358579	0.96939084374302	1	0.890513080757506	0.978367557165843	0.993725182873006	1	0.999526685529404	0.999980272028594
ENSFCAG00000010809:GABRA6	0	0	0	0	0	0	0	0	0	0.809370876712341	0.952838610794333	0.969624241716074	1	0.890513080757506	0.978367557165843	0.993725182873006	1	0.999533913170673	0.999980272028594
ENSFCAG00000015075:SETD7	0	0	0	0	0	0	0	0	0	0.812050621645479	0.943449251716128	0.969683248510616	1	0.890513080757506	0.978367557165843	0.993725182873006	1	0.99953573153793	0.999980272028594
ENSFCAG00000029721:PPP2R2A	0	0	0	0	0	0	0	0	0	0.812666501553287	0.943006114568342	0.969827567758943	1	0.890513080757506	0.978367557165843	0.993725182873006	1	0.999540163783626	0.999980272028594
ENSFCAG00000004500:LTB	0	0	0	0	0	0	0	0	0	0.807846732063587	0.964057182115443	0.969873546235817	1	0.890513080757506	0.978367557165843	0.993725182873006	1	0.999541571335815	0.999980272028594
ENSFCAG00000019399:QKI	0	0	0	0	0	0	0	0	0	0.812070704875884	0.946146575561037	0.969916760906179	1	0.890513080757506	0.978367557165843	0.993725182873006	1	0.999542892291717	0.999980272028594
ENSFCAG00000040513:TPM3	0	0	0	0	0	0	0	0	0	0.813574032616197	0.941353938006657	0.969949706405407	1	0.890513080757506	0.978367557165843	0.993725182873006	1	0.999543898053274	0.999980272028594
ENSFCAG00000008090:TTL	0	0	0	0	0	0	0	0	0	0.811020377090588	0.951836641850546	0.970046952523279	1	0.890513080757506	0.978367557165843	0.993725182873006	1	0.999546860260474	0.999980272028594
ENSFCAG00000006671:NFKBIA	0	0	0	0	0	0	0	0	0	0.813397477917502	0.948206544744536	0.970476139505519	1	0.890513080757506	0.978367557165843	0.993725182873006	1	0.999559817251053	0.999980272028594
ENSFCAG00000033201:NEGR1	0	0	0	0	0	0	0	0	0	0.812585837502498	0.951439719391414	0.970483922633873	1	0.890513080757506	0.978367557165843	0.993725182873006	1	0.999560050468233	0.999980272028594
ENSFCAG00000008160:FCGR2B	0	0	0	0	0	0	0	0	0	0.811510799166896	0.956024788869849	0.970488192222526	1	0.890513080757506	0.978367557165843	0.993725182873006	1	0.999560178377606	0.999980272028594
ENSFCAG00000028964:SIX1	0	0	0	0	0	0	0	0	0	0.810937508441889	0.959065713038835	0.970513995750495	1	0.890513080757506	0.978367557165843	0.993725182873006	1	0.999560951006172	0.999980272028594
ENSFCAG00000025542:HEY1	0	0	0	0	0	0	0	0	0	0.812063933072651	0.954117733895335	0.970522117331125	1	0.890513080757506	0.978367557165843	0.993725182873006	1	0.999561194046674	0.999980272028594
ENSFCAG00000013883:EIF4A2	0	0	0	0	0	0	0	0	0	0.814858268871672	0.945146800850611	0.970656137258372	1	0.890513080757506	0.978367557165843	0.993725182873006	1	0.999565194815562	0.999980272028594
ENSFCAG00000045118:CDK6	0	0	0	0	0	0	0	0	0	0.813254043304353	0.952085598693387	0.970729371087119	1	0.890513080757506	0.978367557165843	0.993725182873006	1	0.999567373176528	0.999980272028594
ENSFCAG00000040792:BBC3	0	0	0	0	0	0	0	0	0	0.812552572988496	0.958719100670774	0.970973701457916	1	0.890513080757506	0.978367557165843	0.993725182873006	1	0.999574600889824	0.999980272028594
ENSFCAG00000040786:LASP1	0	0	0	0	0	0	0	0	0	0.815721386960921	0.946256040039138	0.971000387738717	1	0.890513080757506	0.978367557165843	0.993725182873006	1	0.99957538659139	0.999980272028594
ENSFCAG00000024493:AURKA	0	0	0	0	0	0	0	0	0	0.814876901190082	0.950735753642514	0.971106563131346	1	0.890513080757506	0.978367557165843	0.993725182873006	1	0.999578505359786	0.999980272028594
ENSFCAG00000036639:FGF4	0	0	0	0	0	0	0	0	0	0.811471367519391	0.967821814518407	0.971162460729935	1	0.890513080757506	0.978367557165843	0.993725182873006	1	0.999580142616723	0.999980272028594
ENSFCAG00000022485:TMEM30A	0	0	0	0	0	0	0	0	0	0.815715281033523	0.95222481978608	0.971462061349861	1	0.890513080757506	0.978367557165843	0.993725182873006	1	0.999588863175642	0.999980272028594
ENSFCAG00000036433:POU2AF1	0	0	0	0	0	0	0	0	0	0.815042980023811	0.955612858070161	0.971504417686415	1	0.890513080757506	0.978367557165843	0.993725182873006	1	0.999590088597936	0.999980272028594
ENSFCAG00000015575:CXCR4	0	0	0	0	0	0	0	0	0	0.812866569548284	0.96643297071173	0.971507896549248	1	0.890513080757506	0.978367557165843	0.993725182873006	1	0.999590189163763	0.999980272028594
ENSFCAG00000011605:EGFL7	0	0	0	0	0	0	0	0	0	0.815522245284406	0.953670235753719	0.97150976586493	1	0.890513080757506	0.978367557165843	0.993725182873006	1	0.999590243196183	0.999980272028594
ENSFCAG00000031618:FANCL	0	0	0	0	0	0	0	0	0	0.818932784840084	0.942151938092919	0.971577290269538	1	0.890513080757506	0.978367557165843	0.993725182873006	1	0.999592192572154	0.999980272028594
ENSFCAG00000022826:CDKN2A	1	0	0	0	0	0	0	0	0	0.813675116276028	0.964606952467717	0.971650833156964	1	0.890513080757506	0.978367557165843	0.993725182873006	1	0.999594310357962	0.999980272028594
ENSFCAG00000027426:RAD51D	0	0	0	0	0	0	0	0	0	0.817239730883836	0.949378978648654	0.971690416749123	1	0.890513080757506	0.978367557165843	0.993725182873006	1	0.999595447926878	0.999980272028594
ENSFCAG00000022622:ETNK1	0	0	0	0	0	0	0	0	0	0.818583953851482	0.948981901820531	0.972046619315241	1	0.890513080757506	0.978367557165843	0.993725182873006	1	0.99960561208118	0.999980272028594
ENSFCAG00000030830:PTPN2	0	0	0	0	0	0	0	0	0	0.822208679720913	0.938876576666311	0.972207376391808	1	0.890513080757506	0.978367557165843	0.993725182873006	1	0.999610156495322	0.999980272028594
ENSFCAG00000025160:HSD3B2	0	0	0	0	0	0	0	0	0	0.816096504410792	0.962427293478312	0.972239039933037	1	0.890513080757506	0.978367557165843	0.993725182873006	1	0.999611048452937	0.999980272028594
ENSFCAG00000029552:BCL2	0	0	0	0	0	0	0	0	0	0.815039711633056	0.968396309327729	0.972246082947022	1	0.890513080757506	0.978367557165843	0.993725182873006	1	0.999611246713477	0.999980272028594
ENSFCAG00000006305:CCN6	0	0	0	0	0	0	0	0	0	0.818366209799822	0.957007824487946	0.972561605406092	1	0.890513080757506	0.978367557165843	0.993725182873006	1	0.999620076321627	0.999980272028594
ENSFCAG00000001624:CCNE1	0	0	0	0	0	0	0	0	0	0.822856820073532	0.94283742894228	0.972748215198408	1	0.890513080757506	0.978367557165843	0.993725182873006	1	0.999625250251089	0.999980272028594
ENSFCAG00000013318:IRF1	0	0	0	0	0	0	0	0	0	0.822015382657925	0.947139023156495	0.972874859443326	1	0.890513080757506	0.978367557165843	0.993725182873006	1	0.999628741188129	0.999980272028594
ENSFCAG00000045399:FGF23	0	0	0	0	0	0	0	0	0	0.817448813531736	0.96835916773045	0.972945369023543	1	0.890513080757506	0.978367557165843	0.993725182873006	1	0.999630677633719	0.999980272028594
ENSFCAG00000033716:FGF14	0	0	0	0	0	0	0	0	0	0.819902438913465	0.957997278021195	0.97306560834875	1	0.890513080757506	0.978367557165843	0.993725182873006	1	0.999633968049761	0.999980272028594
ENSFCAG00000019200:PTEN	0	0	0	0	0	0	0	0	0	0.821892122490513	0.950727973845509	0.973121038899398	1	0.890513080757506	0.978367557165843	0.993725182873006	1	0.999635479934008	0.999980272028594
ENSFCAG00000029481:PPP4R2	0	0	0	0	0	0	0	0	0	0.821205568358167	0.955659671506818	0.973280969380484	1	0.890513080757506	0.978367557165843	0.993725182873006	1	0.999639824387537	0.999980272028594
ENSFCAG00000012114:OMD	0	0	0	0	0	0	0	0	0	0.819859809845294	0.962574363695419	0.973331788029899	1	0.890513080757506	0.978367557165843	0.993725182873006	1	0.999641199355515	0.999980272028594
ENSFCAG00000038036:ZNF24	0	0	0	0	0	0	0	0	0	0.821964766318398	0.953768399628276	0.973363971990007	1	0.890513080757506	0.978367557165843	0.993725182873006	1	0.999642068764237	0.999980272028594
ENSFCAG00000033129:FAS	0	0	0	0	0	0	0	0	0	0.822642554204393	0.953001330276286	0.973499627427823	1	0.890513080757506	0.978367557165843	0.993725182873006	1	0.999645721627969	0.999980272028594
ENSFCAG00000015580:PDGFB	0	0	0	0	0	0	0	0	0	0.823999600137577	0.948306218074837	0.973523459922287	1	0.890513080757506	0.978367557165843	0.993725182873006	1	0.999646361425496	0.999980272028594
ENSFCAG00000018503:ABRAXAS1	0	0	0	0	0	0	0	0	0	0.825238439917189	0.944835324349149	0.973582330550715	1	0.890513080757506	0.978367557165843	0.993725182873006	1	0.999647939342054	0.999980272028594
ENSFCAG00000013046:GADD45B	0	0	0	0	0	0	0	0	0	0.823244622825927	0.956846514201986	0.973933862807441	1	0.890513080757506	0.978367557165843	0.993725182873006	1	0.999657287418706	0.999980272028594
ENSFCAG00000030589:APH1A	0	0	0	0	0	0	0	0	0	0.824734586756034	0.953294817585887	0.974103884255048	1	0.890513080757506	0.978367557165843	0.993725182873006	1	0.999661763165213	0.999980272028594
ENSFCAG00000031745:KLF6	0	0	0	0	0	0	0	0	0	0.822619756980772	0.96300879148183	0.974137277830858	1	0.890513080757506	0.978367557165843	0.993725182873006	1	0.999662638750889	0.999980272028594
ENSFCAG00000027677:SOCS3	0	0	0	0	0	0	0	0	0	0.821265734088423	0.972361107810542	0.974218658126238	1	0.890513080757506	0.978367557165843	0.993725182873006	1	0.999664767763067	0.999980272028594
ENSFCAG00000012089:MOB3B	0	0	0	0	0	0	0	0	0	0.823098641231249	0.964693242700533	0.97436481332542	1	0.890513080757506	0.978367557165843	0.993725182873006	1	0.999668574301829	0.999980272028594
ENSFCAG00000009419:SCG5	0	0	0	0	0	0	0	0	0	0.824684891044213	0.957383077283724	0.974370102939738	1	0.890513080757506	0.978367557165843	0.993725182873006	1	0.999668711656077	0.999980272028594
ENSFCAG00000036921:SDHB	0	0	0	0	0	0	0	0	0	0.824906860810637	0.956906066011607	0.974400253946766	1	0.890513080757506	0.978367557165843	0.993725182873006	1	0.999669494032291	0.999980272028594
ENSFCAG00000008999:TPM4	0	0	0	0	0	0	0	0	0	0.827813749155972	0.947696490201482	0.974524033464769	1	0.890513080757506	0.978367557165843	0.993725182873006	1	0.999672696159944	0.999980272028594
ENSFCAG00000039688:NKX3-1	0	0	0	0	0	0	0	0	0	0.824682790043056	0.965317703884831	0.974839729991298	1	0.890513080757506	0.978367557165843	0.993725182873006	1	0.999680791926103	0.999980272028594
ENSFCAG00000004268:DEK	0	0	0	0	0	0	0	0	0	0.829144827052218	0.951984379344818	0.975214963729849	1	0.890513080757506	0.978367557165843	0.993725182873006	1	0.999690281499729	0.999980272028594
ENSFCAG00000024840:RRAS	0	0	0	0	0	0	0	0	0	0.828427496109396	0.955565617072341	0.975275023313619	1	0.890513080757506	0.978367557165843	0.993725182873006	1	0.999691786987147	0.999980272028594
ENSFCAG00000013445:EPCAM	0	0	0	0	0	0	0	0	0	0.831877598834194	0.945228339101231	0.975413138023021	1	0.890513080757506	0.978367557165843	0.993725182873006	1	0.999695235016424	0.999980272028594
ENSFCAG00000027163:FGF19	0	0	0	0	0	0	0	0	0	0.826962838016783	0.966341537403587	0.975521659230213	1	0.890513080757506	0.978367557165843	0.993725182873006	1	0.999697930524787	0.999980272028594
ENSFCAG00000023035:JAZF1	0	0	0	0	0	0	0	0	0	0.832690906823291	0.947419654213445	0.975809307387706	1	0.890513080757506	0.978367557165843	0.993725182873006	1	0.999705016880238	0.999980272028594
ENSFCAG00000025024:PRRX1	0	0	0	0	0	0	0	0	0	0.830359541495037	0.956867559175215	0.975883538200376	1	0.890513080757506	0.978367557165843	0.993725182873006	1	0.999706831827979	0.999980272028594
ENSFCAG00000014712:RAD51	0	0	0	0	0	0	0	0	0	0.832237040328051	0.949933705458457	0.975887548532726	1	0.890513080757506	0.978367557165843	0.993725182873006	1	0.999706929720074	0.999980272028594
ENSFCAG00000025776:RAC2	0	0	0	0	0	0	0	0	0	0.829872535704417	0.960246923440461	0.975967833036377	1	0.890513080757506	0.978367557165843	0.993725182873006	1	0.999708885995145	0.999980272028594
ENSFCAG00000045844:XPA	0	0	0	0	0	0	0	0	0	0.829168695567464	0.965591452625059	0.976082368170055	1	0.890513080757506	0.978367557165843	0.993725182873006	1	0.999711665416444	0.999980272028594
ENSFCAG00000025748:BCL2L1	0	0	0	0	0	0	0	0	0	0.829430228575799	0.964534545860226	0.976096284778737	1	0.890513080757506	0.978367557165843	0.993725182873006	1	0.999712002214709	0.999980272028594
ENSFCAG00000014436:TCEA1	0	0	0	0	0	0	0	0	0	0.833466992490752	0.948871822712556	0.976129632590979	1	0.890513080757506	0.978367557165843	0.993725182873006	1	0.99971280846353	0.999980272028594
ENSFCAG00000008220:CREB1	0	0	0	0	0	0	0	0	0	0.830939992934595	0.959568013812294	0.976212211609723	1	0.890513080757506	0.978367557165843	0.993725182873006	1	0.999714800069876	0.999980272028594
ENSFCAG00000008129:CD79A	0	0	0	0	0	0	0	0	0	0.831865305962524	0.956600629557415	0.976267696113192	1	0.890513080757506	0.978367557165843	0.993725182873006	1	0.999716134298438	0.999980272028594
ENSFCAG00000022323:PPP1CB	0	0	0	0	0	0	0	0	0	0.835525115439139	0.944811601852753	0.976335437843977	1	0.890513080757506	0.978367557165843	0.993725182873006	1	0.999717758999711	0.999980272028594
ENSFCAG00000030239:TMEM127	0	0	0	0	0	0	0	0	0	0.830738488278092	0.964681027779481	0.976455758854247	1	0.890513080757506	0.978367557165843	0.993725182873006	1	0.999720633161726	0.999980272028594
ENSFCAG00000007657:RAD51B	0	0	0	0	0	0	0	0	0	0.834923921881643	0.954918264433639	0.976958402056291	1	0.890513080757506	0.978367557165843	0.993725182873006	1	0.999732479707141	0.999980272028594
ENSFCAG00000024636:RAD51C	0	0	0	0	0	0	0	0	0	0.835958818335377	0.953427433095427	0.977122308891362	1	0.890513080757506	0.978367557165843	0.993725182873006	1	0.999736286824217	0.999980272028594
ENSFCAG00000037922:PPP6C	0	0	0	0	0	0	0	0	0	0.838270279730026	0.947294815225638	0.977248263803695	1	0.890513080757506	0.978367557165843	0.993725182873006	1	0.999739193737305	0.999980272028594
ENSFCAG00000038221:MTAP	0	0	0	0	0	0	0	0	0	0.836290085508067	0.956049856036488	0.977390642748216	1	0.890513080757506	0.978367557165843	0.993725182873006	1	0.999742460153419	0.999980272028594
ENSFCAG00000040177:CD79B	0	0	0	0	0	0	0	0	0	0.836555314642702	0.957044430135858	0.977525659446988	1	0.890513080757506	0.978367557165843	0.993725182873006	1	0.999745538507284	0.999980272028594
ENSFCAG00000043152:RMI2	0	0	0	0	0	0	0	0	0	0.832742565813961	0.976721034411708	0.977530907306063	1	0.890513080757506	0.978367557165843	0.993725182873006	1	0.999745657780904	0.999980272028594
ENSFCAG00000028989:CD70	0	0	0	0	0	0	0	0	0	0.834847295668127	0.969319357995218	0.977777210505751	1	0.890513080757506	0.978367557165843	0.993725182873006	1	0.999751224084737	0.999980272028594
ENSFCAG00000009048:PDCD1LG2	0	0	0	0	0	0	0	0	0	0.837631125533339	0.959113853223104	0.977935986687632	1	0.890513080757506	0.978367557165843	0.993725182873006	1	0.999754779440378	0.999980272028594
ENSFCAG00000009047:CD274	0	0	0	0	0	0	0	0	0	0.837124110779496	0.966557191643829	0.978231315998732	1	0.890513080757506	0.978367557165843	0.993725182873006	1	0.999761323962522	0.999980272028594
ENSFCAG00000006857:XRCC2	0	0	0	0	0	0	0	0	0	0.837889569036626	0.964023480850455	0.978292571855338	1	0.890513080757506	0.978367557165843	0.993725182873006	1	0.999762670232017	0.999980272028594
ENSFCAG00000022176:MLF1	0	0	0	0	0	0	0	0	0	0.843943264141728	0.944489538943285	0.978436531375011	1	0.890513080757506	0.978367557165843	0.993725182873006	1	0.999765819048103	0.999980272028594
ENSFCAG00000044777:ARFRP1	0	0	0	0	0	0	0	0	0	0.840449483625043	0.957487201092725	0.978548071045199	1	0.890513080757506	0.978367557165843	0.993725182873006	1	0.999768244183841	0.999980272028594
ENSFCAG00000040666:CYSLTR2	0	0	0	0	0	0	0	0	0	0.837898524030813	0.969512930429939	0.978575555883397	1	0.890513080757506	0.978367557165843	0.993725182873006	1	0.999768839816634	0.999980272028594
ENSFCAG00000025224:FGF12	0	0	0	0	0	0	0	0	0	0.839945054818875	0.960413122740932	0.978605706777192	1	0.890513080757506	0.978367557165843	0.993725182873006	1	0.999769492338471	0.999980272028594
ENSFCAG00000009689:VTCN1	0	0	0	0	0	0	0	0	0	0.839803585331772	0.966054625271955	0.978889249236741	1	0.890513080757506	0.978367557165843	0.993725182873006	1	0.999775583287552	0.999980272028594
ENSFCAG00000040323:BCL7A	0	0	0	0	0	0	0	0	0	0.841467858328022	0.959024279703716	0.978902662456761	1	0.890513080757506	0.978367557165843	0.993725182873006	1	0.999775869390435	0.999980272028594
ENSFCAG00000014272:CTLA4	0	0	0	0	0	0	0	0	0	0.842489402225561	0.95688158333915	0.97901875991627	1	0.890513080757506	0.978367557165843	0.993725182873006	1	0.999778338060045	0.999980272028594
ENSFCAG00000030268:NPM1	0	0	0	0	0	0	0	0	0	0.844751135785965	0.951361818780822	0.979186685999	1	0.890513080757506	0.978367557165843	0.993725182873006	1	0.999781884443424	0.999980272028594
ENSFCAG00000002990:HRAS	0	0	0	0	0	0	0	0	0	0.842386719583119	0.963589555848082	0.979404166184076	1	0.890513080757506	0.978367557165843	0.993725182873006	1	0.999786434546656	0.999980272028594
ENSFCAG00000009373:BTLA	0	0	0	0	0	0	0	0	0	0.843725648868233	0.961453562886521	0.979612689243743	1	0.890513080757506	0.978367557165843	0.993725182873006	1	0.999790751899713	0.999980272028594
ENSFCAG00000009155:RSPO3	0	0	0	0	0	0	0	0	0	0.84964768892813	0.951226231133104	0.980356833503521	1	0.890513080757506	0.978367557165843	0.993725182873006	1	0.999805797217523	0.999980272028594
ENSFCAG00000014271:CD28	0	0	0	0	0	0	0	0	0	0.847866653430004	0.961431027889663	0.98061954323638	1	0.890513080757506	0.978367557165843	0.993725182873006	1	0.999810973829516	0.999980272028594
ENSFCAG00000006923:CCNB1IP1	0	0	0	0	0	0	0	0	0	0.847519857671542	0.965878400028395	0.980785496376006	1	0.890513080757506	0.978367557165843	0.993725182873006	1	0.999814207610382	0.999980272028594
ENSFCAG00000043547:CDKN1B	0	0	0	0	0	0	0	0	0	0.847326366700967	0.967893013059037	0.980841773559107	1	0.890513080757506	0.978367557165843	0.993725182873006	1	0.999815297857679	0.999980272028594
ENSFCAG00000031909:ATG5	0	0	0	0	0	0	0	0	0	0.850624011186513	0.955260751174801	0.980878867878014	1	0.890513080757506	0.978367557165843	0.993725182873006	1	0.999816014713337	0.999980272028594
ENSFCAG00000000062:MAD2L2	0	0	0	0	0	0	0	0	0	0.850609640711893	0.955703414141202	0.980905906859878	1	0.890513080757506	0.978367557165843	0.993725182873006	1	0.999816536363499	0.999980272028594
ENSFCAG00000022142:SBDS	0	0	0	0	0	0	0	0	0	0.847650021395734	0.967932706169344	0.980921689436082	1	0.890513080757506	0.978367557165843	0.993725182873006	1	0.999816840504706	0.999980272028594
ENSFCAG00000013892:ATF1	0	0	0	0	0	0	0	0	0	0.850435275019855	0.957963773573042	0.981015421210797	1	0.890513080757506	0.978367557165843	0.993725182873006	1	0.999818641548948	0.999980272028594
ENSFCAG00000045823:CBFB	0	0	0	0	0	0	0	0	0	0.851976663907838	0.956024340469289	0.981248479072589	1	0.890513080757506	0.978367557165843	0.993725182873006	1	0.999823080910858	0.999980272028594
ENSFCAG00000043691:RYBP	0	0	0	0	0	0	0	0	0	0.848754443573235	0.969407568642685	0.981257717000454	1	0.890513080757506	0.978367557165843	0.993725182873006	1	0.999823255737281	0.999980272028594
ENSFCAG00000000258:BAX	0	0	0	0	0	0	0	0	0	0.853367532840903	0.955096378959119	0.98150800433334	1	0.890513080757506	0.978367557165843	0.993725182873006	1	0.999827959292609	0.999980272028594
ENSFCAG00000000142:FGF6	0	0	0	0	0	0	0	0	0	0.851389071372848	0.966005164972817	0.981711795152103	1	0.890513080757506	0.978367557165843	0.993725182873006	1	0.999831741915565	0.999980272028594
ENSFCAG00000027886:CDKN1A	0	0	0	0	0	0	0	0	0	0.851777842714809	0.965097043872562	0.98175457264243	1	0.890513080757506	0.978367557165843	0.993725182873006	1	0.999832530549162	0.999980272028594
ENSFCAG00000005782:RSPO2	0	0	0	0	0	0	0	0	0	0.856372887896503	0.953866591581839	0.98210931638192	1	0.890513080757506	0.978367557165843	0.993725182873006	1	0.999838998691591	0.999980272028594
ENSFCAG00000036350:BCL2L11	0	0	0	0	0	0	0	0	0	0.854452418132658	0.965483131261419	0.982395305535847	1	0.890513080757506	0.978367557165843	0.993725182873006	1	0.999844119919779	0.999980272028594
ENSFCAG00000040747:BCL2L2	0	0	0	0	0	0	0	0	0	0.852319929139419	0.97685185082075	0.982408004208823	1	0.890513080757506	0.978367557165843	0.993725182873006	1	0.999844345385188	0.999980272028594
ENSFCAG00000029945:PAFAH1B2	0	0	0	0	0	0	0	0	0	0.857165454463018	0.9609855809369	0.98275694762481	1	0.890513080757506	0.978367557165843	0.993725182873006	1	0.999850476669624	0.999980272028594
ENSFCAG00000036364:BCL10	0	0	0	0	0	0	0	0	0	0.856530070747656	0.9643847715619	0.982809547439674	1	0.890513080757506	0.978367557165843	0.993725182873006	1	0.999851390154	0.999980272028594
ENSFCAG00000032259:DCUN1D1	0	0	0	0	0	0	0	0	0	0.859582910360841	0.955826155665688	0.982964950682968	1	0.890513080757506	0.978367557165843	0.993725182873006	1	0.999854072548762	0.999980272028594
ENSFCAG00000043254:BTG2	0	0	0	0	0	0	0	0	0	0.858667139902836	0.966946954557739	0.983425710604704	1	0.890513080757506	0.978367557165843	0.993725182873006	1	0.999861881267875	0.999980272028594
ENSFCAG00000037118:DUSP22	0	0	0	0	0	0	0	0	0	0.860660746296896	0.962943195109756	0.983649932716107	1	0.890513080757506	0.978367557165843	0.993725182873006	1	0.999865603172827	0.999980272028594
ENSFCAG00000019293:CENPA	0	0	0	0	0	0	0	0	0	0.86189666731042	0.964740576844193	0.984020907578054	1	0.890513080757506	0.978367557165843	0.993725182873006	1	0.999871648823201	0.999980272028594
ENSFCAG00000036606:FGF10	0	0	0	0	0	0	0	0	0	0.861603340732453	0.968853442795031	0.984168277115415	1	0.890513080757506	0.978367557165843	0.993725182873006	1	0.999874011636875	0.999980272028594
ENSFCAG00000024623:LMO1	0	0	0	0	0	0	0	0	0	0.864751834445225	0.962519733919929	0.984511220081191	1	0.890513080757506	0.978367557165843	0.993725182873006	1	0.999879424708187	0.999980272028594
ENSFCAG00000012394:RHOH	0	0	0	0	0	0	0	0	0	0.864522112080136	0.967659091290784	0.984740032141926	1	0.890513080757506	0.978367557165843	0.993725182873006	1	0.999882969873593	0.999980272028594
ENSFCAG00000000499:SDHC	0	0	0	0	0	0	0	0	0	0.866076663313825	0.962915141241064	0.984815165732329	1	0.890513080757506	0.978367557165843	0.993725182873006	1	0.999884122381653	0.999980272028594
ENSFCAG00000024009:IGF1	0	0	0	0	0	0	0	0	0	0.866327293620559	0.966193204183247	0.985048037406415	1	0.890513080757506	0.978367557165843	0.993725182873006	1	0.999887658091512	0.999980272028594
ENSFCAG00000027456:RHOA	0	0	0	0	0	0	0	0	0	0.866434863580912	0.969689182522338	0.985244322034653	1	0.890513080757506	0.978367557165843	0.993725182873006	1	0.999890595538998	0.999980272028594
ENSFCAG00000043871:BTG1	0	0	0	0	0	0	0	0	0	0.866862666280121	0.973709519951126	0.985510551033641	1	0.890513080757506	0.978367557165843	0.993725182873006	1	0.999894517233241	0.999980272028594
ENSFCAG00000042197:CNBP	0	0	0	0	0	0	0	0	0	0.867938009267752	0.970180193883187	0.985582022948543	1	0.890513080757506	0.978367557165843	0.993725182873006	1	0.999895557806121	0.999980272028594
ENSFCAG00000012862:RHEB	0	0	0	0	0	0	0	0	0	0.874185495259427	0.952078105834712	0.985760088111551	1	0.89105400084332	0.978367557165843	0.993725182873006	1	0.999898127748766	0.999980272028594
ENSFCAG00000045832:ID3	0	0	0	0	0	0	0	0	0	0.869085344764177	0.970568320499202	0.985837733561919	1	0.890513080757506	0.978367557165843	0.993725182873006	1	0.999899238303088	0.999980272028594
ENSFCAG00000033306:CDKN2C	0	0	0	0	0	0	0	0	0	0.868818672870841	0.974805020764277	0.985961967047179	1	0.890513080757506	0.978367557165843	0.993725182873006	1	0.999901002480931	0.999980272028594
ENSFCAG00000046660:TNFRSF17	0	0	0	0	0	0	0	0	0	0.86968816461507	0.97103314219496	0.985982924026777	1	0.890513080757506	0.978367557165843	0.993725182873006	1	0.999901298537468	0.999980272028594
ENSFCAG00000013515:IL10	0	0	0	0	0	0	0	0	0	0.874167354903439	0.958477563872298	0.986200675964157	1	0.89105400084332	0.978367557165843	0.993725182873006	1	0.999904348333498	0.999980272028594
ENSFCAG00000037994:NRAS	0	0	0	0	0	0	0	0	0	0.873153403888385	0.963599704368687	0.986308504213551	1	0.89105400084332	0.978367557165843	0.993725182873006	1	0.999905840757691	0.999980272028594
ENSFCAG00000001199:PTP4A1	0	0	0	0	0	0	0	0	0	0.87392873281586	0.961362811343346	0.986332779521	1	0.89105400084332	0.978367557165843	0.993725182873006	1	0.9999061751205	0.999980272028594
ENSFCAG00000045270:CHIC2	0	0	0	0	0	0	0	0	0	0.878191517230601	0.958329201887924	0.98697588130737	1	0.892418650518337	0.978367557165843	0.993725182873006	1	0.999914815540963	0.999980272028594
ENSFCAG00000018336:TCL1B	0	0	0	0	0	0	0	0	0	0.876845691858407	0.969963528789803	0.987363905684545	1	0.892418650518337	0.978367557165843	0.993725182873006	1	0.999919826150033	0.999980272028594
ENSFCAG00000002084:DDIT3	0	0	0	0	0	0	0	0	0	0.878505664875512	0.968169249834679	0.987597704340824	1	0.892418650518337	0.978367557165843	0.993725182873006	1	0.99992277159757	0.999980272028594
ENSFCAG00000033312:FHIT	0	0	0	0	0	0	0	0	0	0.88434638844757	0.965219551748378	0.98853600391019	1	0.895794790343478	0.978367557165843	0.993725182873006	1	0.999934035841658	0.999980272028594
ENSFCAG00000022679:YPEL5	0	0	0	0	0	0	0	0	0	0.884354411183628	0.974129285246861	0.988957514023468	1	0.895794790343478	0.978367557165843	0.993725182873006	1	0.999938806090741	0.999980272028594
ENSFCAG00000035249:EIF1AX	0	0	0	0	0	0	0	0	0	0.888265817056158	0.961367192385616	0.9890176776789	1	0.895794790343478	0.978367557165843	0.993725182873006	1	0.99993947231236	0.999980272028594
ENSFCAG00000008354:SH2D1A	0	0	0	0	0	0	0	0	0	0.887472335597539	0.967777063951054	0.989230887000645	1	0.895794790343478	0.978367557165843	0.993725182873006	1	0.999941803818665	0.999980272028594
ENSFCAG00000029629:MTCP1	0	0	0	0	0	0	0	0	0	0.88679211163763	0.976020882775042	0.989470274439675	1	0.895794790343478	0.978367557165843	0.993725182873006	1	0.999944366828088	0.999980272028594
ENSFCAG00000023293:MLLT3	0	0	0	0	0	0	0	0	0	0.889061360762355	0.970028875855846	0.989619421795375	1	0.895794790343478	0.978367557165843	0.993725182873006	1	0.999945934395417	0.999980272028594
ENSFCAG00000013688:IL2	0	0	0	0	0	0	0	0	0	0.890807068793682	0.970038924782865	0.989922457335639	1	0.895794790343478	0.978367557165843	0.993725182873006	1	0.999949050128267	0.999980272028594
ENSFCAG00000044104:HMGA1	0	0	0	0	0	0	0	0	0	0.89017986046	0.972493306874482	0.989924055137255	1	0.895794790343478	0.978367557165843	0.993725182873006	1	0.999949066310575	0.999980272028594
ENSFCAG00000012230:B2M	0	0	0	0	0	0	0	0	0	0.893536075359965	0.967641163959073	0.990269433356937	1	0.897533999634507	0.978367557165843	0.993725182873006	1	0.999952503730214	0.999980272028594
ENSFCAG00000032943:CHCHD7	0	0	0	0	0	0	0	0	0	0.900066286131354	0.969736010170734	0.991432354797856	1	0.90308326809604	0.978367557165843	0.993725182873006	1	0.999963192459156	0.999980272028594
ENSFCAG00000032392:CKS1B	0	0	0	0	0	0	0	0	0	0.905189920989661	0.971626788891467	0.992303892955741	1	0.907210434206156	0.978367557165843	0.993725182873006	1	0.99997030870099	0.999980272028594
ENSFCAG00000042068:PMAIP1	0	0	0	0	0	0	0	0	0	0.91045789283734	0.977278060999734	0.993293256878181	1	0.911472896062353	0.978367557165843	0.993725182873006	1	0.999977459350396	0.999980272028594
ENSFCAG00000027874:MLLT11	0	0	0	0	0	0	0	0	0	0.91175478793113	0.986022873035438	0.993725182873006	1	0.91175478793113	0.986022873035438	0.993725182873006	1	0.999980272028594	0.999980272028594
