gene_name	n_syn	n_mis	n_non	n_spl	n_ind	wmis_cv	wnon_cv	wspl_cv	wind_cv	pmis_cv	ptrunc_cv	pallsubs_cv	pind_cv	qmis_cv	qtrunc_cv	qallsubs_cv	qind_cv	pglobal_cv	qglobal_cv
ENSFCAG00000000620:FBXW7	0	24	7	1	6	393.189686087971	1298.60485230077	1298.60485230077	72.4789647058823	0	0	0	0.000195231345930558	0	0	0	0.058439249548547	0	0
ENSFCAG00000018737:PIK3CA	0	24	0	0	0	277.410420413515	0	0	0	0	0.89657003472365	0	1	0	0.976693974922864	0	1	0	0
ENSFCAG00000009623:TP53	0	7	1	0	8	121.95213928077	250.829297392473	250.829297392473	139.651184404398	2.34134933663199e-12	0.00276712279599967	4.04343225568482e-13	3.83252497853635e-06	7.00843901431843e-10	0.313474747131318	1.21033405520166e-10	0.00344160743072564	1.11022302462516e-16	3.32326758704464e-14
ENSFCAG00000019200:PTEN	0	2	1	0	2	60.4475603819613	435.317443235151	435.317443235151	44.8508444962143	0.000507767212133414	0.0015202914146587	1.86560266786095e-05	0.00602354422030942	0.0911949912991612	0.313474747131318	0.0038588922316463	0.901523784972976	1.91054148801495e-06	0.000428916564059356
ENSFCAG00000011030:PIK3R1	0	2	0	0	4	31.5706648947898	0	0	49.9166423594231	0.00198664570890972	0.909273304958352	0.00832288646861501	0.00142467893684289	0.297334641100154	0.976693974922864	0.747395204881628	0.31984042132123	0.000146351117684573	0.0262846607361494
ENSFCAG00000002617:GTF2I	0	4	0	0	0	46.6352968552389	0	0	0	3.58818670753713e-06	0.89839938745641	2.1486036924534e-05	1	0.000805547915842086	0.976693974922864	0.0038588922316463	1	0.00025242026679384	0.0377788999301448
ENSFCAG00000037105:RPL22	0	0	0	0	3	0	0	0	210.694664842681	0.87462613979934	0.965218161701832	0.98669178597652	6.47579743813041e-05	0.882764477282819	0.976693974922864	0.992008702435198	0.0290763304972055	0.000681021343399091	0.0873653094817691
ENSFCAG00000006262:CREBBP	0	2	1	0	2	7.31917337462048	84.001107666913	84.001107666913	7.41093708649104	0.040054723771183	0.00919464604593734	0.00476742531755758	0.0595482898080714	0.873690004390721	0.449607472948621	0.713524655861118	1	0.00260241450803056	0.29212102852643
ENSFCAG00000023517:NOTCH1	0	3	0	0	4	8.70504028090013	0	0	14.2450795412505	0.00813433840554889	0.862425184956569	0.0295711051134029	0.0196798309259417	0.73046358881829	0.976693974922864	0.983513051549474	1	0.0049170012856764	0.490607461615268
ENSFCAG00000003470:CTNNB1	0	2	0	0	1	27.4592759324966	0	0	11.5559573829532	0.00266078952188264	0.923996769196698	0.0109022982592383	0.0625512775129305	0.341341284378659	0.976693974922864	0.754004381925791	1	0.00565376301542642	0.507707918785292
ENSFCAG00000003692:FGFR2	0	2	0	0	1	25.0296393396686	0	0	10.7599413161939	0.00322949584180432	0.916378604894709	0.0129953735935502	0.0659237177380132	0.362510908242535	0.976693974922864	0.777989699133871	1	0.00690710117092708	0.563870622862956
ENSFCAG00000006007:LZTR1	0	0	1	0	1	0	162.974521336364	162.974521336364	10.7855602240896	0.656247382328669	0.00443290222169901	0.015634421776803	0.0658093599086138	0.873690004390721	0.353592796821248	0.779983930864948	1	0.0081069158466438	0.606667535857178
ENSFCAG00000022869:PIK3C3	0	0	0	1	1	0	153.757511898962	153.757511898962	10.2025569687334	0.709403682439846	0.00472507078157569	0.0171167372033797	0.0685172914674607	0.873690004390721	0.353592796821248	0.787796096008383	1	0.00908722724470834	0.627717697365238
ENSFCAG00000003535:DICER1	0	1	0	1	1	5.2926508085068	89.9486164759652	89.9486164759652	4.70642627960275	0.199858886522673	0.00852513090257256	0.0149106543971899	0.113585166402522	0.873690004390721	0.449607472948621	0.779983930864948	1	0.0125004763446244	0.768235350671883
ENSFCAG00000001908:ASXL1	0	0	1	0	1	0	138.081223090981	138.081223090981	5.86020089795297	0.592086792525344	0.00531700444254635	0.0175455700670019	0.0994996622275425	0.873690004390721	0.367282306877432	0.787796096008383	1	0.0128324390424034	0.768235350671883
ENSFCAG00000015711:BAP1	0	0	0	0	3	0	0	0	37.2323448831588	0.696686190858413	0.93008451375858	0.923311175702656	0.00440984934161151	0.873690004390721	0.976693974922864	0.992008702435198	0.792008941753428	0.0264808909688737	0.999967984184968
ENSFCAG00000008632:KMT2C	0	0	1	0	2	0	39.8921217791227	39.8921217791227	3.70926124390391	0.33911514527286	0.0210287766379175	0.0421442540161189	0.103746932869676	0.873690004390721	0.899230543849995	0.992008702435198	1	0.0281248729986646	0.999967984184968
ENSFCAG00000000093:KMT2D	2	0	1	0	2	0	35.5509404230497	35.5509404230497	3.42269383764084	0.27836556669682	0.0236868796461726	0.0409060673116648	0.109557944540482	0.873690004390721	0.966855360102862	0.992008702435198	1	0.0287170021394579	0.999967984184968
ENSFCAG00000010347:MAX	0	1	0	0	1	20.1983280173586	0	0	21.9899771559109	0.0450398631595775	0.949733557382393	0.1338867123256	0.0376210906820114	0.873690004390721	0.976693974922864	0.992008702435198	1	0.0316872983075379	0.999967984184968
ENSFCAG00000011361:RAC1	0	0	0	1	0	0	497.921397225902	497.921397225902	0	0.840485800177048	0.00131457095997389	0.00560893536124019	1	0.873690004390721	0.313474747131318	0.719546279199098	1	0.0346822592369992	0.999967984184968
ENSFCAG00000029481:PPP4R2	0	0	0	1	0	0	415.757059931507	415.757059931507	0	0.810518366931672	0.00159791389108033	0.00665169367523855	1	0.873690004390721	0.313474747131318	0.746652615045527	1	0.0399958609344462	0.999967984184968
ENSFCAG00000030144:IRF2	0	0	1	0	0	0	342.305865532166	342.305865532166	0	0.785727027681284	0.00197298690574688	0.00800134342680503	1	0.873690004390721	0.313474747131318	0.747395204881628	1	0.0466329962717228	0.999967984184968
ENSFCAG00000005686:MSH3	0	0	0	0	3	0	0	0	24.1381987253161	0.665641103902448	0.916557921524945	0.905918877129875	0.00997597410687876	0.873690004390721	0.976693974922864	0.992008702435198	1	0.0515709820375952	0.999967984184968
ENSFCAG00000003212:NDRG1	0	0	0	1	0	0	247.528653243009	247.528653243009	0	0.755793740542048	0.00280736704306828	0.010912742344263	1	0.873690004390721	0.313474747131318	0.754004381925791	1	0.0602145932511265	0.999967984184968
ENSFCAG00000004802:MRTFA	0	0	0	1	0	0	223.267349762729	223.267349762729	0	0.64621059549596	0.00314172909151655	0.0113537007394073	1	0.873690004390721	0.313474747131318	0.754004381925791	1	0.0621979743199551	0.999967984184968
ENSFCAG00000027102:GAB1	0	0	1	0	0	0	225.79025697685	225.79025697685	0	0.720825637258058	0.00310343340971586	0.0117550794509589	1	0.873690004390721	0.313474747131318	0.754004381925791	1	0.0639884204358265	0.999967984184968
ENSFCAG00000000325:POLD1	0	0	0	1	0	0	156.763431423757	156.763431423757	0	0.585069490566326	0.00462580320074235	0.0153751746510733	1	0.873690004390721	0.353592796821248	0.779983930864948	1	0.0795665458232431	0.999967984184968
ENSFCAG00000012814:ARID1A	0	0	1	0	0	0	114.497528759712	114.497528759712	0	0.490381881535256	0.00653306794233988	0.0190330265093954	1	0.873690004390721	0.391113000814747	0.813888466925576	1	0.0944338755121723	0.999967984184968
ENSFCAG00000022148:FIP1L1	1	0	0	1	0	0	121.339622132478	121.339622132478	0	0.741811121911258	0.00609645779310886	0.0219222476215762	1	0.873690004390721	0.391044221300839	0.894826289280703	1	0.105670786105433	0.999967984184968
ENSFCAG00000001568:SMARCA2	0	0	1	0	0	0	86.3930093706897	86.3930093706897	0	0.568344409142172	0.00891364697465968	0.0273252111353535	1	0.873690004390721	0.449607472948621	0.983513051549474	1	0.125694482494011	0.999967984184968
ENSFCAG00000031193:NCOR2	0	0	1	0	0	0	71.5932576032791	71.5932576032791	0	0.422413238447385	0.0109739787323666	0.0275853899501683	1	0.873690004390721	0.492731645083261	0.983513051549474	1	0.126629877310076	0.999967984184968
ENSFCAG00000014850:PIK3C2B	0	0	0	1	0	0	81.4561965244197	81.4561965244197	0	0.554930089719383	0.00951285299111782	0.0285918133104547	1	0.873690004390721	0.449607472948621	0.983513051549474	1	0.130225269329042	0.999967984184968
ENSFCAG00000013185:SETD1B	0	2	0	0	0	16.4731996277942	0	0	0	0.00771076710496432	0.932536082103028	0.0286094409570218	1	0.73046358881829	0.976693974922864	0.983513051549474	1	0.130287923743003	0.999967984184968
ENSFCAG00000007945:HOXA11	0	0	0	0	1	0	0	0	27.6215566714491	0.764352532866368	0.962740637679609	0.955025774228497	0.0310035162711241	0.873690004390721	0.976693974922864	0.992008702435198	1	0.133823666671312	0.999967984184968
ENSFCAG00000024972:JUN	0	0	0	0	1	0	0	0	27.0443898156277	0.764705415735127	0.968166467119102	0.95543837393638	0.031571994656589	0.873690004390721	0.976693974922864	0.992008702435198	1	0.135775199482456	0.999967984184968
ENSFCAG00000045414:TAL1	0	0	0	0	1	0	0	0	21.8310134656272	0.731537809797826	0.953481574296874	0.941253315183953	0.0378495147072571	0.873690004390721	0.976693974922864	0.992008702435198	1	0.15442723167833	0.999967984184968
ENSFCAG00000024841:ETV6	0	0	0	0	1	0	0	0	21.0694664842681	0.751786862745954	0.936467155776818	0.948211419536887	0.0389838455356447	0.873690004390721	0.976693974922864	0.992008702435198	1	0.158867337645369	0.999967984184968
ENSFCAG00000008986:PREX2	0	2	0	0	0	14.2632992593052	0	0	0	0.0103810455760784	0.885755927272144	0.0370124701340584	1	0.847470811574404	0.976693974922864	0.992008702435198	1	0.159024092457257	0.999967984184968
ENSFCAG00000013722:STK11	0	0	0	0	1	0	0	0	20.590614973262	0.73871483741318	0.943240916213458	0.943509184096618	0.0397329498441162	0.873690004390721	0.976693974922864	0.992008702435198	1	0.160589958718478	0.999967984184968
ENSFCAG00000013481:PRDM16	1	1	0	0	1	5.20603228179528	0	0	6.93711377353392	0.20261991753463	0.906476428538424	0.440817286807386	0.0893352566131529	0.873690004390721	0.976693974922864	0.992008702435198	1	0.166756199482498	0.999967984184968
ENSFCAG00000024268:CD36	0	0	0	0	1	0	0	0	19.1540604402438	0.776863652905019	0.937910352983315	0.957737890451375	0.0421656962781643	0.873690004390721	0.976693974922864	0.992008702435198	1	0.169988233053218	0.999967984184968
ENSFCAG00000005262:STK40	0	0	0	0	1	0	0	0	18.4143711142994	0.730032903360034	0.942031850417791	0.939725228730565	0.0435397891291931	0.873690004390721	0.976693974922864	0.992008702435198	1	0.171691318872011	0.999967984184968
ENSFCAG00000029172:KMT5A	0	0	0	0	1	0	0	0	18.0835740284138	0.700363784308714	0.944356872621789	0.926386914566299	0.044184085147127	0.873690004390721	0.976693974922864	0.992008702435198	1	0.171742839256789	0.999967984184968
ENSFCAG00000008765:PAX7	0	0	0	0	1	0	0	0	17.9759337068161	0.714565806537323	0.946618684615768	0.933228692771377	0.0443979223462565	0.873690004390721	0.976693974922864	0.992008702435198	1	0.173343635918976	0.999967984184968
ENSFCAG00000037994:NRAS	0	1	0	0	0	67.0862747948679	0	0	0	0.0117941262894928	0.957797451517056	0.04190599687146	1	0.873690004390721	0.976693974922864	0.992008702435198	1	0.174845494503453	0.999967984184968
ENSFCAG00000004913:EPOR	0	0	0	0	1	0	0	0	17.7993528256096	0.72561074518933	0.93363341763089	0.937035081596839	0.0447532943678857	0.873690004390721	0.976693974922864	0.992008702435198	1	0.174938782202787	0.999967984184968
ENSFCAG00000002574:TFE3	0	0	0	0	1	0	0	0	15.8389345948169	0.732047083733455	0.936007625408331	0.940049123844924	0.0491248062613753	0.873690004390721	0.976693974922864	0.992008702435198	1	0.188192300407783	0.999967984184968
ENSFCAG00000024457:PTPRD	0	2	0	0	0	12.2931986439223	0	0	0	0.0140852498092134	0.88332712200402	0.0484820031232244	1	0.873690004390721	0.976693974922864	0.992008702435198	1	0.195215821495733	0.999967984184968
ENSFCAG00000043254:BTG2	0	1	0	0	0	52.6200602621753	0	0	0	0.0154461740968957	0.968958608533418	0.0532231656794954	1	0.873690004390721	0.976693974922864	0.992008702435198	1	0.209340630194918	0.999967984184968
ENSFCAG00000005710:BRD3	0	0	0	0	1	0	0	0	12.4448771816419	0.677589303398544	0.935776570145571	0.914257762906157	0.0591800882114829	0.873690004390721	0.976693974922864	0.992008702435198	1	0.21192250956023	0.999967984184968
ENSFCAG00000003444:RAD54L	0	0	0	0	1	0	0	0	12.11212645486	0.704925289695622	0.917141426295727	0.92582532642176	0.0603975358642695	0.873690004390721	0.976693974922864	0.992008702435198	1	0.217176938977914	0.999967984184968
ENSFCAG00000002154:STAT3	0	0	0	0	1	0	0	0	11.7508049134051	0.698952282860063	0.911420013656206	0.922266774373398	0.0617790301966758	0.873690004390721	0.976693974922864	0.992008702435198	1	0.22022151065264	0.999967984184968
ENSFCAG00000001812:MYB	0	0	0	0	1	0	0	0	11.8895939478153	0.721945791366428	0.920642402316341	0.934029724683821	0.061240779954269	0.873690004390721	0.976693974922864	0.992008702435198	1	0.220862747100018	0.999967984184968
ENSFCAG00000015536:ADGRA2	1	2	0	0	0	10.6956726188972	0	0	0	0.0183988351609905	0.899496397092188	0.0615298102128712	1	0.873690004390721	0.976693974922864	0.992008702435198	1	0.233089288463138	0.999967984184968
ENSFCAG00000009649:NOTCH2	0	1	0	0	1	4.41663931063343	0	0	3.63266663521864	0.243071516698702	0.876011159582838	0.499322974142389	0.131349517573525	0.873690004390721	0.976693974922864	0.992008702435198	1	0.244267582305654	0.999967984184968
ENSFCAG00000009906:PTPRB	0	2	0	0	0	10.3395451056293	0	0	0	0.0200402050882135	0.873168343294568	0.0659176258257536	1	0.873690004390721	0.976693974922864	0.992008702435198	1	0.245170682725089	0.999967984184968
ENSFCAG00000011119:LATS2	1	0	0	0	1	0	0	0	8.26630528123658	0.588283330107107	0.918940332984926	0.859312862127958	0.0794434528824541	0.873690004390721	0.976693974922864	0.992008702435198	1	0.251517485414657	0.999967984184968
ENSFCAG00000002081:GLI1	0	0	0	0	1	0	0	0	8.19156472715668	0.656925753231901	0.924868504038116	0.902091238159183	0.0799385948323632	0.873690004390721	0.976693974922864	0.992008702435198	1	0.261732767232322	0.999967984184968
ENSFCAG00000018250:LIFR	0	0	0	0	1	0	0	0	8.14736563690224	0.662287658674388	0.913669933158251	0.903756708012269	0.0802344501211001	0.873690004390721	0.976693974922864	0.992008702435198	1	0.26278482969086	0.999967984184968
ENSFCAG00000005090:AMER1	0	0	0	0	1	0	0	0	7.99635532942215	0.677843356222861	0.922012242795479	0.912990362786198	0.0812627668372876	0.873690004390721	0.976693974922864	0.992008702435198	1	0.267173053269385	0.999967984184968
ENSFCAG00000009048:PDCD1LG2	0	1	0	0	0	37.0959504192812	0	0	0	0.0228058174669821	0.960748743858661	0.0747987189945798	1	0.873690004390721	0.976693974922864	0.992008702435198	1	0.268748395493502	0.999967984184968
ENSFCAG00000025024:PRRX1	0	1	0	0	0	37.0493843030789	0	0	0	0.0228378299227336	0.954638867406963	0.0748563105146752	1	0.873690004390721	0.976693974922864	0.992008702435198	1	0.268897705520139	0.999967984184968
ENSFCAG00000012455:KDM2B	0	0	0	0	1	0	0	0	7.1619530341781	0.5968507497082	0.89544156139847	0.862091749748072	0.0874834184057779	0.873690004390721	0.976693974922864	0.992008702435198	1	0.270353501642667	0.999967984184968
ENSFCAG00000000916:BRD4	1	0	0	0	1	0	0	0	6.65188736287466	0.568156700044837	0.89828236533138	0.84287965158478	0.0918072487508537	0.873690004390721	0.976693974922864	0.992008702435198	1	0.275403803696834	0.999967984184968
ENSFCAG00000014859:ERBB3	0	0	0	0	1	0	0	0	6.76109745390694	0.623034917462127	0.894693153529953	0.878569132366417	0.0908438304741259	0.873690004390721	0.976693974922864	0.992008702435198	1	0.281584713222004	0.999967984184968
ENSFCAG00000040177:CD79B	0	1	0	0	0	34.4685526324802	0	0	0	0.0247563319570858	0.958067613143615	0.0803028068293727	1	0.873690004390721	0.976693974922864	0.992008702435198	1	0.28282252707413	0.999967984184968
ENSFCAG00000004564:COL1A1	0	0	0	0	1	0	0	0	6.19690190713768	0.57530059112069	0.872612141219496	0.844012787453391	0.0960660683956323	0.873690004390721	0.976693974922864	0.992008702435198	1	0.284781308673342	0.999967984184968
ENSFCAG00000004894:SMARCA4	0	0	0	0	1	0	0	0	5.49749428897773	0.535269630238525	0.876473002193074	0.815442653178928	0.103505921402049	0.873690004390721	0.976693974922864	0.992008702435198	1	0.293060427293736	0.999967984184968
ENSFCAG00000014104:MAP3K1	0	0	0	0	1	0	0	0	5.99991429684457	0.597616124440426	0.909460378784734	0.864439835986938	0.0980435412708129	0.873690004390721	0.976693974922864	0.992008702435198	1	0.293923967061385	0.999967984184968
ENSFCAG00000007256:KDM5C	0	0	0	0	1	0	0	0	5.80388890982402	0.57822130856798	0.891076556191699	0.848926772279923	0.100099736653012	0.873690004390721	0.976693974922864	0.992008702435198	1	0.29447799527157	0.999967984184968
ENSFCAG00000051264:WDR90	0	0	0	0	1	0	0	0	4.89987592657398	0.506306913278022	0.878517956282875	0.792744209831618	0.110927528370137	0.873690004390721	0.976693974922864	0.992008702435198	1	0.301724064791281	0.999967984184968
ENSFCAG00000000914:NOTCH3	1	0	0	0	1	0	0	0	3.89839526171915	0.418914110653544	0.874057902130929	0.712588158474928	0.126396448135288	0.873690004390721	0.976693974922864	0.992008702435198	1	0.306880293112376	0.999967984184968
ENSFCAG00000024678:TET3	0	0	0	0	1	0	0	0	5.05009508820251	0.550985940792717	0.910438410359109	0.831948898615676	0.108955240494346	0.873690004390721	0.976693974922864	0.992008702435198	1	0.308266385688818	0.999967984184968
ENSFCAG00000025160:HSD3B2	0	1	0	0	0	29.2848769806698	0	0	0	0.0297059352797219	0.958373211397259	0.0939852644051776	1	0.873690004390721	0.976693974922864	0.992008702435198	1	0.316224443804039	0.999967984184968
ENSFCAG00000014803:MED12	0	2	0	0	0	8.36829176467934	0	0	0	0.0306864978941417	0.863220606884524	0.0951049542209703	1	0.873690004390721	0.976693974922864	0.992008702435198	1	0.318865438319268	0.999967984184968
ENSFCAG00000012379:SPRED1	0	1	0	0	0	27.6249827156885	0	0	0	0.031710983113146	0.93382551873374	0.0991790656438525	1	0.873690004390721	0.976693974922864	0.992008702435198	1	0.328364859163575	0.999967984184968
ENSFCAG00000012737:CIC	0	0	0	0	1	0	0	0	3.65612210986089	0.470257832151808	0.894446519053613	0.763956062633274	0.13089477334786	0.873690004390721	0.976693974922864	0.992008702435198	1	0.330253571765154	0.999967984184968
ENSFCAG00000012673:TET1	0	0	0	0	1	0	0	0	4.2276577639922	0.564112203615484	0.8948518976144	0.83954339492955	0.120806857668981	0.873690004390721	0.976693974922864	0.992008702435198	1	0.333524094213097	0.999967984184968
ENSFCAG00000027039:LEF1	0	1	0	0	0	25.8337347535745	0	0	0	0.0341833436513667	0.945812020430488	0.105895618328667	1	0.873690004390721	0.976693974922864	0.992008702435198	1	0.343663198710947	0.999967984184968
ENSFCAG00000015061:TRRAP	0	0	0	0	1	0	0	0	2.33923846843152	0.369685648025014	0.827592295472674	0.6537183953049	0.163747079899832	0.873690004390721	0.976693974922864	0.992008702435198	1	0.346236526067175	0.999967984184968
ENSFCAG00000029513:ABI1	0	1	0	0	0	24.7369621188242	0	0	0	0.0358856843461397	0.93764827261316	0.110290577139747	1	0.873690004390721	0.976693974922864	0.992008702435198	1	0.353441240623487	0.999967984184968
ENSFCAG00000028389:MAP2K1	0	1	0	0	0	24.7417145298909	0	0	0	0.0358779615386139	0.949638594122251	0.110399858847761	1	0.873690004390721	0.976693974922864	0.992008702435198	1	0.353682112973826	0.999967984184968
ENSFCAG00000010165:SPEN	0	0	0	0	1	0	0	0	2.46259053771006	0.407974524057928	0.862320556636729	0.6998811840298	0.159850148434327	0.873690004390721	0.976693974922864	0.992008702435198	1	0.356925424664903	0.999967984184968
ENSFCAG00000007347:MGA	0	0	0	0	1	0	0	0	2.91033427183916	0.494208005431747	0.869515741127285	0.781268933175643	0.147372798773014	0.873690004390721	0.976693974922864	0.992008702435198	1	0.364022593643921	0.999967984184968
ENSFCAG00000002457:TBL1XR1	0	1	0	0	0	23.5841014893009	0	0	0	0.0378570599663171	0.932842282319557	0.115367876948192	1	0.873690004390721	0.976693974922864	0.992008702435198	1	0.364519727321423	0.999967984184968
ENSFCAG00000010626:SMG1	0	0	0	0	1	0	0	0	2.47537447765992	0.437183993218537	0.832944783880269	0.723705966753768	0.159458925508588	0.873690004390721	0.976693974922864	0.992008702435198	1	0.364592067653425	0.999967984184968
ENSFCAG00000025587:BRCA2	0	0	0	0	1	0	0	0	2.68361095623083	0.480265161812426	0.874184266193806	0.770020832549464	0.153391962949594	0.873690004390721	0.976693974922864	0.992008702435198	1	0.370420059326926	0.999967984184968
ENSFCAG00000029098:RAP1GDS1	0	1	0	0	0	21.7693922758136	0	0	0	0.0414117429239945	0.938904927076219	0.124583542369852	1	0.873690004390721	0.976693974922864	0.992008702435198	1	0.384063498893939	0.999967984184968
ENSFCAG00000010330:FUBP1	0	1	0	0	0	20.9440981130582	0	0	0	0.0432455504636334	0.92222092667557	0.12897477876272	1	0.873690004390721	0.976693974922864	0.992008702435198	1	0.393132976707157	0.999967984184968
ENSFCAG00000029544:FAT4	0	1	0	0	1	2.40857515430269	0	0	1.81815584752866	0.456656374494752	0.867737468791182	0.746965193729223	0.183178647835762	0.873690004390721	0.976693974922864	0.992008702435198	1	0.408983228699141	0.999967984184968
ENSFCAG00000018839:SS18L1	1	1	0	0	0	19.5870292615442	0	0	0	0.0463796856254123	0.938248919418916	0.137085542282252	1	0.873690004390721	0.976693974922864	0.992008702435198	1	0.409495098436288	0.999967984184968
ENSFCAG00000013874:SGK1	0	1	0	0	0	18.680661213346	0	0	0	0.0491629448892786	0.937071370950787	0.14394545401451	1	0.873690004390721	0.976693974922864	0.992008702435198	1	0.42295792774731	0.999967984184968
ENSFCAG00000004375:ERRFI1	0	1	0	0	0	18.5465478262334	0	0	0	0.0495617957464317	0.951564500224293	0.145127625325219	1	0.873690004390721	0.976693974922864	0.992008702435198	1	0.425244513903218	0.999967984184968
ENSFCAG00000026440:TRIM27	0	1	0	0	0	15.9938546514818	0	0	0	0.0585143930667097	0.941453529392926	0.166549070576619	1	0.873690004390721	0.976693974922864	0.992008702435198	1	0.465082499467174	0.999967984184968
ENSFCAG00000008554:HGF	0	1	0	0	0	15.8658264985985	0	0	0	0.0590440599486677	0.904008633762994	0.166957892482956	1	0.873690004390721	0.976693974922864	0.992008702435198	1	0.465814797196002	0.999967984184968
ENSFCAG00000015088:KLHL6	0	1	0	0	0	15.8742193940191	0	0	0	0.0590090604416034	0.942464687258813	0.167734421350359	1	0.873690004390721	0.976693974922864	0.992008702435198	1	0.467202991417244	0.999967984184968
ENSFCAG00000010003:TRAF3	0	1	0	0	0	15.7131560133995	0	0	0	0.0596876293348242	0.932828517829666	0.169157147120371	1	0.873690004390721	0.976693974922864	0.992008702435198	1	0.469737071325318	0.999967984184968
ENSFCAG00000027801:BCL3	0	1	0	0	0	14.9862862055652	0	0	0	0.0629424441649601	0.941960916034221	0.176936355056849	1	0.873690004390721	0.976693974922864	0.992008702435198	1	0.483383962333743	0.999967984184968
ENSFCAG00000044781:ELN	0	1	0	0	0	13.8112545442646	0	0	0	0.0689737002743935	0.920953149807842	0.190320274164902	1	0.873690004390721	0.976693974922864	0.992008702435198	1	0.506070548812417	0.999967984184968
ENSFCAG00000022796:PGBD5	0	1	0	0	0	13.647280688172	0	0	0	0.0699028108852641	0.937697334156079	0.192818511354341	1	0.873690004390721	0.976693974922864	0.992008702435198	1	0.510198916390991	0.999967984184968
ENSFCAG00000018470:BRIP1	0	1	0	0	0	12.3991528115374	0	0	0	0.0778285458330259	0.915874178513575	0.209934409734957	1	0.873690004390721	0.976693974922864	0.992008702435198	1	0.537633653592011	0.999967984184968
ENSFCAG00000028493:DIS3	0	1	0	0	0	11.5629954054414	0	0	0	0.0841517394677427	0.904522618298512	0.223284519933355	1	0.873690004390721	0.976693974922864	0.992008702435198	1	0.558056886668294	0.999967984184968
ENSFCAG00000014215:ECT2L	0	1	0	0	0	11.5256713947346	0	0	0	0.0844565450566426	0.912252639232775	0.22421466503963	1	0.873690004390721	0.976693974922864	0.992008702435198	1	0.559449526396291	0.999967984184968
ENSFCAG00000008901:BACH2	0	1	0	0	0	11.5632512594078	0	0	0	0.0841496571883587	0.938577768915342	0.224317200547722	1	0.873690004390721	0.976693974922864	0.992008702435198	1	0.559602809058998	0.999967984184968
ENSFCAG00000009399:SEPTIN9	1	1	0	0	0	11.4937488505586	0	0	0	0.0843019473552851	0.927319947656896	0.224361047324042	1	0.873690004390721	0.976693974922864	0.992008702435198	1	0.559668342294241	0.999967984184968
ENSFCAG00000029436:TET2	0	1	0	0	0	10.8906817827416	0	0	0	0.0899795633149386	0.933853072577461	0.236656562980136	1	0.873690004390721	0.976693974922864	0.992008702435198	1	0.577713054104277	0.999967984184968
ENSFCAG00000012236:MEN1	0	1	0	0	0	10.5459691859034	0	0	0	0.0932711262905802	0.924740060223983	0.243318275729976	1	0.873690004390721	0.976693974922864	0.992008702435198	1	0.587220656430017	0.999967984184968
ENSFCAG00000026883:PIK3R2	0	1	0	0	0	10.1001493764681	0	0	0	0.0978785373760647	0.922202203282486	0.252811464566385	1	0.873690004390721	0.976693974922864	0.992008702435198	1	0.600455358018511	0.999967984184968
ENSFCAG00000015643:AXIN1	0	1	0	0	0	9.99741046390145	0	0	0	0.0990014699960473	0.931634956760483	0.255429625055809	1	0.873690004390721	0.976693974922864	0.992008702435198	1	0.604042109498498	0.999967984184968
ENSFCAG00000006348:TRAF7	0	1	0	0	0	9.8558182272775	0	0	0	0.10058929655475	0.916862442688852	0.258191396642461	1	0.873690004390721	0.976693974922864	0.992008702435198	1	0.607796521438671	0.999967984184968
ENSFCAG00000015690:PTPRC	0	1	0	0	0	9.63089923629845	0	0	0	0.103212184063682	0.899878851707188	0.262826247180232	1	0.873690004390721	0.976693974922864	0.992008702435198	1	0.61403100601867	0.999967984184968
ENSFCAG00000030408:ZMYM2	0	1	0	0	0	9.32154508231764	0	0	0	0.10703639703896	0.886463270561341	0.269853373811845	1	0.873690004390721	0.976693974922864	0.992008702435198	1	0.623327974021268	0.999967984184968
ENSFCAG00000007143:TLL2	0	1	0	0	0	8.93983394027913	0	0	0	0.11213704934221	0.908628120847535	0.281077270684497	1	0.873690004390721	0.976693974922864	0.992008702435198	1	0.637799648142054	0.999967984184968
ENSFCAG00000001395:RBM10	0	1	0	0	0	8.82422037256844	0	0	0	0.11377295362382	0.900763911610367	0.283934726754659	1	0.873690004390721	0.976693974922864	0.992008702435198	1	0.641411643367811	0.999967984184968
ENSFCAG00000009141:PDGFRA	0	1	0	0	0	8.8140114503196	0	0	0	0.113919559586753	0.900734298065179	0.284221373889207	1	0.873690004390721	0.976693974922864	0.992008702435198	1	0.641772390591349	0.999967984184968
ENSFCAG00000025791:NCOA1	0	1	0	0	0	8.23355894526438	0	0	0	0.122879684362304	0.906369646489426	0.301896033744721	1	0.873690004390721	0.976693974922864	0.992008702435198	1	0.663468635371975	0.999967984184968
ENSFCAG00000005610:SETD5	0	1	0	0	0	7.66115140025322	0	0	0	0.133102722438046	0.890898917250457	0.320382413365393	1	0.873690004390721	0.976693974922864	0.992008702435198	1	0.685054477110151	0.999967984184968
ENSFCAG00000000760:IRS4	0	1	0	0	0	7.34324057111753	0	0	0	0.139496014298557	0.92488000786743	0.334003073918867	1	0.873690004390721	0.976693974922864	0.992008702435198	1	0.700272542415014	0.999967984184968
ENSFCAG00000009436:TYK2	0	1	0	0	0	7.18472416681043	0	0	0	0.14290284312388	0.910988806729766	0.339586912321007	1	0.873690004390721	0.976693974922864	0.992008702435198	1	0.706349390842394	0.999967984184968
ENSFCAG00000007517:JAK3	0	1	0	0	0	7.08757749402796	0	0	0	0.145068606024854	0.909250826134714	0.343433761824969	1	0.873690004390721	0.976693974922864	0.992008702435198	1	0.710482379082161	0.999967984184968
ENSFCAG00000003208:CHD2	0	1	0	0	0	6.8263526680386	0	0	0	0.151208193819839	0.870369138497649	0.351859674199066	1	0.873690004390721	0.976693974922864	0.992008702435198	1	0.719385138865743	0.999967984184968
ENSFCAG00000009679:KDR	0	1	0	0	0	6.79036298087928	0	0	0	0.152092260914899	0.895948291381664	0.355265391213768	1	0.873690004390721	0.976693974922864	0.992008702435198	1	0.722926058689262	0.999967984184968
ENSFCAG00000009032:PLCG1	0	1	0	0	0	6.49898736439317	0	0	0	0.159621264563441	0.8827701183804	0.367605212354324	1	0.873690004390721	0.976693974922864	0.992008702435198	1	0.735484551291001	0.999967984184968
ENSFCAG00000003009:IRS1	0	1	0	0	0	6.4133503112391	0	0	0	0.161967930074621	0.931739615170316	0.374609011906534	1	0.873690004390721	0.976693974922864	0.992008702435198	1	0.742427273419951	0.999967984184968
ENSFCAG00000001147:BCL9L	0	1	0	0	0	6.29657305306877	0	0	0	0.165273574752827	0.917097412745129	0.379634287821248	1	0.873690004390721	0.976693974922864	0.992008702435198	1	0.74732789667981	0.999967984184968
ENSFCAG00000002384:PDCD11	0	1	0	0	0	5.98929703547993	0	0	0	0.174603531214676	0.880067037642504	0.393032190455953	1	0.873690004390721	0.976693974922864	0.992008702435198	1	0.760070709993903	0.999967984184968
ENSFCAG00000003030:INSR	1	1	0	0	0	5.7580216977555	0	0	0	0.181505460650985	0.887612098094694	0.405190379744425	1	0.873690004390721	0.976693974922864	0.992008702435198	1	0.771238659269567	0.999967984184968
ENSFCAG00000029985:KAT6A	0	1	0	0	0	5.62726956552904	0	0	0	0.186933766378725	0.882803887536004	0.413700193900208	1	0.873690004390721	0.976693974922864	0.992008702435198	1	0.778837667960493	0.999967984184968
ENSFCAG00000023397:POLQ	0	1	0	0	0	5.043247739483	0	0	0	0.210623644220443	0.882095585548817	0.451360154415049	1	0.873690004390721	0.976693974922864	0.992008702435198	1	0.810412503556559	0.999967984184968
ENSFCAG00000004031:ATP2B3	1	1	0	0	0	4.97558618976046	0	0	0	0.212842170036104	0.902793209074053	0.456568057266538	1	0.873690004390721	0.976693974922864	0.992008702435198	1	0.814525406450327	0.999967984184968
ENSFCAG00000001819:LRRK2	0	1	0	0	0	4.81756437997529	0	0	0	0.221334268013318	0.862910871569166	0.465802299525559	1	0.873690004390721	0.976693974922864	0.992008702435198	1	0.821672454478929	0.999967984184968
ENSFCAG00000043897:RANBP2	0	1	0	0	0	4.56741728886536	0	0	0	0.234448726421298	0.865195063327797	0.485575641236866	1	0.873690004390721	0.976693974922864	0.992008702435198	1	0.836365294401778	0.999967984184968
ENSFCAG00000001124:MYH9	0	1	0	0	0	4.53980143187099	0	0	0	0.235985253014379	0.863340024149153	0.487614532405601	1	0.873690004390721	0.976693974922864	0.992008702435198	1	0.837833955985824	0.999967984184968
ENSFCAG00000000787:APC	0	1	0	0	0	4.46319073114886	0	0	0	0.240347255074866	0.86955100650491	0.494673519517697	1	0.873690004390721	0.976693974922864	0.992008702435198	1	0.842853082670498	0.999967984184968
ENSFCAG00000018078:ATR	1	1	0	0	0	4.3834429418214	0	0	0	0.244073872324903	0.855075912510605	0.498400039019348	1	0.873690004390721	0.976693974922864	0.992008702435198	1	0.845462019227244	0.999967984184968
ENSFCAG00000000945:RNF213	1	0	0	0	0	0	0	0	0	0.26274306156021	0.812067198112312	0.520103414265004	1	0.873690004390721	0.976693974922864	0.992008702435198	1	0.860109378093958	0.999967984184968
ENSFCAG00000024379:MGAM	0	1	0	0	0	4.09644550203453	0	0	0	0.263477373481164	0.850163988419633	0.524952808417976	1	0.873690004390721	0.976693974922864	0.992008702435198	1	0.863257023256969	0.999967984184968
ENSFCAG00000006278:ARID1B	0	1	0	0	0	3.87152741290443	0	0	0	0.279806568197085	0.882212347230165	0.551100034036831	1	0.873690004390721	0.976693974922864	0.992008702435198	1	0.879466892129494	0.999967984184968
ENSFCAG00000000639:RELN	0	1	0	0	0	3.28798309811945	0	0	0	0.332326980309685	0.833857836706652	0.610491694598684	1	0.873690004390721	0.976693974922864	0.992008702435198	1	0.911763601024957	0.999967984184968
ENSFCAG00000011374:PRKDC	0	1	0	0	0	2.94420157370718	0	0	0	0.372609552029725	0.82879177119136	0.655439477952265	1	0.873690004390721	0.976693974922864	0.992008702435198	1	0.932329432919606	0.999967984184968
ENSFCAG00000026584:LRP1B	0	1	0	0	0	2.83128641028594	0	0	0	0.387857427387814	0.805664764905966	0.66690479713642	1	0.873690004390721	0.976693974922864	0.992008702435198	1	0.937073249810911	0.999967984184968
ENSFCAG00000023839:ZFHX3	0	0	0	0	0	0	0	0	0	0.405709747969336	0.876679076772717	0.699581904734989	1	0.873690004390721	0.976693974922864	0.992008702435198	1	0.949523211767287	0.999967984184968
ENSFCAG00000007234:PTPRS	2	0	0	0	0	0	0	0	0	0.418777056690878	0.85944107918761	0.710272213559646	1	0.873690004390721	0.976693974922864	0.992008702435198	1	0.953261297681766	0.999967984184968
ENSFCAG00000043012:ANKRD11	0	0	0	0	0	0	0	0	0	0.417354097840494	0.877672003720065	0.711547342170093	1	0.873690004390721	0.976693974922864	0.992008702435198	1	0.953696384169554	0.999967984184968
ENSFCAG00000002901:PCLO	0	1	0	0	0	2.46128269475771	0	0	0	0.446894543628556	0.855958130467688	0.735844266584684	1	0.873690004390721	0.976693974922864	0.992008702435198	1	0.961554765258999	0.999967984184968
ENSFCAG00000000053:MTOR	0	0	0	0	0	0	0	0	0	0.452557164105503	0.850938506930442	0.741372357305341	1	0.873690004390721	0.976693974922864	0.992008702435198	1	0.96322972067616	0.999967984184968
ENSFCAG00000012430:ATM	0	0	0	0	0	0	0	0	0	0.472020151860477	0.8438977096761	0.757690950636454	1	0.873690004390721	0.976693974922864	0.992008702435198	1	0.96793480324837	0.999967984184968
ENSFCAG00000025616:FAT1	0	1	0	0	0	2.32145111907569	0	0	0	0.473672319416278	0.85557127860939	0.760158769694584	1	0.873690004390721	0.976693974922864	0.992008702435198	1	0.968615558404578	0.999967984184968
ENSFCAG00000002498:POLE	0	0	0	0	0	0	0	0	0	0.476005372635633	0.860468255626759	0.76411596273432	1	0.873690004390721	0.976693974922864	0.992008702435198	1	0.969690449136315	0.999967984184968
ENSFCAG00000006065:NF1	0	0	0	0	0	0	0	0	0	0.478261137260193	0.856100390468027	0.76535232554514	1	0.873690004390721	0.976693974922864	0.992008702435198	1	0.970022075195165	0.999967984184968
ENSFCAG00000005621:CACNA1D	1	0	0	0	0	0	0	0	0	0.480012198522805	0.853129998166999	0.766327377032304	1	0.873690004390721	0.976693974922864	0.992008702435198	1	0.970282201644341	0.999967984184968
ENSFCAG00000005002:EP300	1	0	0	0	0	0	0	0	0	0.481961085779988	0.873282189719664	0.771337057630279	1	0.873690004390721	0.976693974922864	0.992008702435198	1	0.971599167947843	0.999967984184968
ENSFCAG00000011214:UBR5	0	0	0	0	0	0	0	0	0	0.495318616727616	0.841679134206874	0.777294692046902	1	0.873690004390721	0.976693974922864	0.992008702435198	1	0.973122998859514	0.999967984184968
ENSFCAG00000009998:NCOR1	0	0	0	0	0	0	0	0	0	0.495567187683534	0.856380613014051	0.780216293620916	1	0.873690004390721	0.976693974922864	0.992008702435198	1	0.973853570873604	0.999967984184968
ENSFCAG00000006381:KMT2B	0	0	0	0	0	0	0	0	0	0.493917609729252	0.875108039622308	0.781893372434928	1	0.873690004390721	0.976693974922864	0.992008702435198	1	0.974267994012143	0.999967984184968
ENSFCAG00000015145:CAD	0	0	0	0	0	0	0	0	0	0.497323152327181	0.870503106600698	0.784046909126599	1	0.873690004390721	0.976693974922864	0.992008702435198	1	0.974794880524399	0.999967984184968
ENSFCAG00000013232:MYH11	1	0	0	0	0	0	0	0	0	0.500735851500941	0.863277513990527	0.785689062747749	1	0.873690004390721	0.976693974922864	0.992008702435198	1	0.975192675700208	0.999967984184968
ENSFCAG00000008606:DOT1L	0	0	0	0	0	0	0	0	0	0.498936483367666	0.902639920028489	0.789859522618102	1	0.873690004390721	0.976693974922864	0.992008702435198	1	0.97618751733483	0.999967984184968
ENSFCAG00000007047:MYO18A	0	0	0	0	0	0	0	0	0	0.504494335921568	0.875883031992973	0.790851288537876	1	0.873690004390721	0.976693974922864	0.992008702435198	1	0.976420852701021	0.999967984184968
ENSFCAG00000001531:NSD1	0	0	0	0	0	0	0	0	0	0.514533917578115	0.873235656291305	0.798627935058903	1	0.873690004390721	0.976693974922864	0.992008702435198	1	0.978207496333168	0.999967984184968
ENSFCAG00000000864:AFDN	0	0	0	0	0	0	0	0	0	0.516507011955873	0.877683766429004	0.800906363658014	1	0.873690004390721	0.976693974922864	0.992008702435198	1	0.978716577016163	0.999967984184968
ENSFCAG00000011746:TSC2	0	0	0	0	0	0	0	0	0	0.516950752004103	0.882312362606593	0.801956714397393	1	0.873690004390721	0.976693974922864	0.992008702435198	1	0.978949078242479	0.999967984184968
ENSFCAG00000005317:NUMA1	0	0	0	0	0	0	0	0	0	0.521483884026129	0.880117890602933	0.805248060979623	1	0.873690004390721	0.976693974922864	0.992008702435198	1	0.979668735694232	0.999967984184968
ENSFCAG00000019287:SETD2	0	0	0	0	0	0	0	0	0	0.523945046862936	0.872144003112661	0.805950956536294	1	0.873690004390721	0.976693974922864	0.992008702435198	1	0.979820679627961	0.999967984184968
ENSFCAG00000030516:TPR	0	0	0	0	0	0	0	0	0	0.526912077051064	0.864030799682472	0.806925758058646	1	0.873690004390721	0.976693974922864	0.992008702435198	1	0.98003038661053	0.999967984184968
ENSFCAG00000004858:BCOR	0	0	0	0	0	0	0	0	0	0.520063423219287	0.900899132789173	0.80697112033076	1	0.873690004390721	0.976693974922864	0.992008702435198	1	0.980040116613987	0.999967984184968
ENSFCAG00000018332:PTPN13	0	0	0	0	0	0	0	0	0	0.529544154591534	0.857429334606812	0.807806807831997	1	0.873690004390721	0.976693974922864	0.992008702435198	1	0.980218911774168	0.999967984184968
ENSFCAG00000034298:CUX1	0	0	0	0	0	0	0	0	0	0.527156186495799	0.889021191691522	0.81101774750672	1	0.873690004390721	0.976693974922864	0.992008702435198	1	0.980897857048657	0.999967984184968
ENSFCAG00000053177:CNTRL	0	0	0	0	0	0	0	0	0	0.533358996569256	0.86059757720568	0.81131618645427	1	0.873690004390721	0.976693974922864	0.992008702435198	1	0.980960314761594	0.999967984184968
ENSFCAG00000012246:DNMT1	0	0	0	0	0	0	0	0	0	0.534677244417756	0.877414812468708	0.81513570849309	1	0.873690004390721	0.976693974922864	0.992008702435198	1	0.981749990282917	0.999967984184968
ENSFCAG00000006448:ROS1	0	0	0	0	0	0	0	0	0	0.539603327378617	0.872214799335594	0.818063115432267	1	0.873690004390721	0.976693974922864	0.992008702435198	1	0.982343103876364	0.999967984184968
ENSFCAG00000041416:IRS2	0	0	0	0	0	0	0	0	0	0.530027877231919	0.934160092438581	0.818313146485742	1	0.873690004390721	0.976693974922864	0.992008702435198	1	0.982393275853588	0.999967984184968
ENSFCAG00000030040:ATRX	0	0	0	0	0	0	0	0	0	0.547974907540542	0.865179282937227	0.823150048069484	1	0.873690004390721	0.976693974922864	0.992008702435198	1	0.983348856993274	0.999967984184968
ENSFCAG00000006877:CHD4	0	0	0	0	0	0	0	0	0	0.55580183529287	0.860828699656433	0.828118796964477	1	0.873690004390721	0.976693974922864	0.992008702435198	1	0.98430089263592	0.999967984184968
ENSFCAG00000024512:ZNF521	1	0	0	0	0	0	0	0	0	0.549161617193576	0.897450958783646	0.828968446804912	1	0.873690004390721	0.976693974922864	0.992008702435198	1	0.984460699736191	0.999967984184968
ENSFCAG00000002588:SETD1A	0	0	0	0	0	0	0	0	0	0.55131365175043	0.888637188168582	0.829357283962585	1	0.873690004390721	0.976693974922864	0.992008702435198	1	0.984533543980809	0.999967984184968
ENSFCAG00000009543:TERT	0	0	0	0	0	0	0	0	0	0.547529662506846	0.919821390931083	0.83039842061006	1	0.873690004390721	0.976693974922864	0.992008702435198	1	0.984727691832559	0.999967984184968
ENSFCAG00000022076:NIN	0	0	0	0	0	0	0	0	0	0.557411976716491	0.870416046101451	0.830966646137206	1	0.873690004390721	0.976693974922864	0.992008702435198	1	0.98483310198991	0.999967984184968
ENSFCAG00000012280:SLX4	0	0	0	0	0	0	0	0	0	0.551097633607872	0.907705196972775	0.831710366282069	1	0.873690004390721	0.976693974922864	0.992008702435198	1	0.984970480675337	0.999967984184968
ENSFCAG00000025265:CAMTA1	0	0	0	0	0	0	0	0	0	0.554152007196178	0.893610052930402	0.832149847554052	1	0.873690004390721	0.976693974922864	0.992008702435198	1	0.985051348243971	0.999967984184968
ENSFCAG00000005552:KAT6B	0	0	0	0	0	0	0	0	0	0.557953568556311	0.892251861829697	0.834738180190977	1	0.873690004390721	0.976693974922864	0.992008702435198	1	0.985522914369152	0.999967984184968
ENSFCAG00000012577:MYO5A	0	0	0	0	0	0	0	0	0	0.564809644997392	0.871273934872888	0.836423417514082	1	0.873690004390721	0.976693974922864	0.992008702435198	1	0.985825630849624	0.999967984184968
ENSFCAG00000003795:FANCA	1	0	0	0	0	0	0	0	0	0.563634662273896	0.880339204264015	0.837047082882743	1	0.873690004390721	0.976693974922864	0.992008702435198	1	0.985936797698357	0.999967984184968
ENSFCAG00000031869:BCORL1	0	0	0	0	0	0	0	0	0	0.561757467050375	0.90217289976627	0.838823735878445	1	0.873690004390721	0.976693974922864	0.992008702435198	1	0.986250935613343	0.999967984184968
ENSFCAG00000011453:RPTOR	0	0	0	0	0	0	0	0	0	0.565102310959121	0.891974748001274	0.839849068302422	1	0.873690004390721	0.976693974922864	0.992008702435198	1	0.986430516188353	0.999967984184968
ENSFCAG00000022277:TRIP11	0	0	0	0	0	0	0	0	0	0.569487604049237	0.880320297346434	0.841212865059621	1	0.873690004390721	0.976693974922864	0.992008702435198	1	0.986667437134005	0.999967984184968
ENSFCAG00000005120:NUP214	0	0	0	0	0	0	0	0	0	0.562381671114661	0.921193262973957	0.841469755396256	1	0.873690004390721	0.976693974922864	0.992008702435198	1	0.986711816960528	0.999967984184968
ENSFCAG00000004770:PTPRT	0	0	0	0	0	0	0	0	0	0.568136462026064	0.895662863995551	0.842521682902386	1	0.873690004390721	0.976693974922864	0.992008702435198	1	0.986892727888459	0.999967984184968
ENSFCAG00000000496:PCM1	0	0	0	0	0	0	0	0	0	0.571692836445903	0.880588762456999	0.842803658408386	1	0.873690004390721	0.976693974922864	0.992008702435198	1	0.986940998869051	0.999967984184968
ENSFCAG00000012831:ARID2	1	0	0	0	0	0	0	0	0	0.569415053369849	0.895712588079703	0.8434212721422	1	0.873690004390721	0.976693974922864	0.992008702435198	1	0.987046397704647	0.999967984184968
ENSFCAG00000000959:PASK	0	0	0	0	0	0	0	0	0	0.571588161629957	0.897982645565949	0.845272964348917	1	0.873690004390721	0.976693974922864	0.992008702435198	1	0.987359688826944	0.999967984184968
ENSFCAG00000018164:IGF1R	0	0	0	0	0	0	0	0	0	0.573232480805572	0.8971926424996	0.846319036982769	1	0.873690004390721	0.976693974922864	0.992008702435198	1	0.987534882086331	0.999967984184968
ENSFCAG00000007864:MAP3K6	0	0	0	0	0	0	0	0	0	0.574191721482682	0.893885489907629	0.846532249376316	1	0.873690004390721	0.976693974922864	0.992008702435198	1	0.987570431612187	0.999967984184968
ENSFCAG00000002747:CLTCL1	0	0	0	0	0	0	0	0	0	0.575958770732405	0.895799507343655	0.848028524094344	1	0.873690004390721	0.976693974922864	0.992008702435198	1	0.98781839984547	0.999967984184968
ENSFCAG00000015191:PER1	0	0	0	0	0	0	0	0	0	0.57502706216442	0.902825115624629	0.848317054191903	1	0.873690004390721	0.976693974922864	0.992008702435198	1	0.987865912358616	0.999967984184968
ENSFCAG00000014299:GRIN2A	0	0	0	0	0	0	0	0	0	0.57478869468347	0.913586641672747	0.849457540395886	1	0.873690004390721	0.976693974922864	0.992008702435198	1	0.988052756986576	0.999967984184968
ENSFCAG00000001882:FLT4	0	0	0	0	0	0	0	0	0	0.579488285984652	0.893129357331835	0.850093694530126	1	0.873690004390721	0.976693974922864	0.992008702435198	1	0.988156312044114	0.999967984184968
ENSFCAG00000011205:PTCH1	0	0	0	0	0	0	0	0	0	0.578436218480588	0.90181949132901	0.85055227931355	1	0.873690004390721	0.976693974922864	0.992008702435198	1	0.988230666535694	0.999967984184968
ENSFCAG00000004987:PLCG2	0	0	0	0	0	0	0	0	0	0.582402123922021	0.887980434206978	0.851338613329044	1	0.873690004390721	0.976693974922864	0.992008702435198	1	0.988357586580862	0.999967984184968
ENSFCAG00000022265:TP53BP1	0	0	0	0	0	0	0	0	0	0.584214604638183	0.886173909549448	0.85229887574005	1	0.873690004390721	0.976693974922864	0.992008702435198	1	0.988511594972888	0.999967984184968
ENSFCAG00000013540:ARHGEF28	0	0	0	0	0	0	0	0	0	0.585160297215982	0.886658602182933	0.853013076053505	1	0.873690004390721	0.976693974922864	0.992008702435198	1	0.988625437897829	0.999967984184968
ENSFCAG00000025470:KNL1	0	0	0	0	0	0	0	0	0	0.582237195625222	0.905755631371807	0.853668842624127	1	0.873690004390721	0.976693974922864	0.992008702435198	1	0.988729439930307	0.999967984184968
ENSFCAG00000008083:RICTOR	0	0	0	0	0	0	0	0	0	0.590765500288658	0.869296238111832	0.853929818723526	1	0.873690004390721	0.976693974922864	0.992008702435198	1	0.98877068957574	0.999967984184968
ENSFCAG00000037938:NSD2	0	0	0	0	0	0	0	0	0	0.585577607914568	0.893830674859219	0.854347658241361	1	0.873690004390721	0.976693974922864	0.992008702435198	1	0.988836566844025	0.999967984184968
ENSFCAG00000015718:PBRM1	0	0	0	0	0	0	0	0	0	0.588398958673359	0.882781981720857	0.854595788585597	1	0.873690004390721	0.976693974922864	0.992008702435198	1	0.988875590767731	0.999967984184968
ENSFCAG00000003741:NUP98	0	0	0	0	0	0	0	0	0	0.587323521637372	0.891174031808939	0.855144174073175	1	0.873690004390721	0.976693974922864	0.992008702435198	1	0.988961580851702	0.999967984184968
ENSFCAG00000002050:BCR	0	0	0	0	0	0	0	0	0	0.583968668930516	0.908809118939916	0.85522844814425	1	0.873690004390721	0.976693974922864	0.992008702435198	1	0.988974764344087	0.999967984184968
ENSFCAG00000007696:MDC1	0	0	0	0	0	0	0	0	0	0.584558787516882	0.906926054348374	0.855398747958467	1	0.873690004390721	0.976693974922864	0.992008702435198	1	0.989001380007773	0.999967984184968
ENSFCAG00000014002:COL2A1	0	0	0	0	0	0	0	0	0	0.596546333219824	0.879002487800314	0.859389153158551	1	0.873690004390721	0.976693974922864	0.992008702435198	1	0.989615338496255	0.999967984184968
ENSFCAG00000007401:PC	0	0	0	0	0	0	0	0	0	0.591238869287071	0.904721711936536	0.859623219209934	1	0.873690004390721	0.976693974922864	0.992008702435198	1	0.989650775455059	0.999967984184968
ENSFCAG00000004831:ARHGAP35	0	0	0	0	0	0	0	0	0	0.590547942473261	0.908931644760029	0.859687543645765	1	0.873690004390721	0.976693974922864	0.992008702435198	1	0.989660502833574	0.999967984184968
ENSFCAG00000005115:ABL1	1	0	0	0	0	0	0	0	0	0.591300064739999	0.912858997301323	0.860652686587207	1	0.873690004390721	0.976693974922864	0.992008702435198	1	0.989805877637257	0.999967984184968
ENSFCAG00000014340:KDM5A	0	0	0	0	0	0	0	0	0	0.597298610255104	0.883859006872724	0.860659561476736	1	0.873690004390721	0.976693974922864	0.992008702435198	1	0.989806909284869	0.999967984184968
ENSFCAG00000027260:CLTC	0	0	0	0	0	0	0	0	0	0.597724012587454	0.890758323427002	0.861988335067414	1	0.873690004390721	0.976693974922864	0.992008702435198	1	0.990005274848985	0.999967984184968
ENSFCAG00000013146:BRCA1	0	0	0	0	0	0	0	0	0	0.596749679149763	0.897645137453336	0.862332976517847	1	0.873690004390721	0.976693974922864	0.992008702435198	1	0.990056389882753	0.999967984184968
ENSFCAG00000011110:JARID2	0	0	0	0	0	0	0	0	0	0.595645126280415	0.903466201379364	0.862386206641533	1	0.873690004390721	0.976693974922864	0.992008702435198	1	0.990064272355745	0.999967984184968
ENSFCAG00000007346:SETBP1	0	0	0	0	0	0	0	0	0	0.592982769921928	0.926424298253055	0.863247213331501	1	0.873690004390721	0.976693974922864	0.992008702435198	1	0.990191316509437	0.999967984184968
ENSFCAG00000026560:ARHGEF12	0	0	0	0	0	0	0	0	0	0.60254053709173	0.880028047485803	0.863451888812385	1	0.873690004390721	0.976693974922864	0.992008702435198	1	0.990221390630258	0.999967984184968
ENSFCAG00000008561:CARD11	0	0	0	0	0	0	0	0	0	0.601645150182881	0.89433771183641	0.865062504305817	1	0.873690004390721	0.976693974922864	0.992008702435198	1	0.990456355300476	0.999967984184968
ENSFCAG00000014501:ROBO1	0	0	0	0	0	0	0	0	0	0.60620728172068	0.878001301154465	0.865469715176521	1	0.873690004390721	0.976693974922864	0.992008702435198	1	0.990515286119521	0.999967984184968
ENSFCAG00000015033:NCOA3	1	0	0	0	0	0	0	0	0	0.601485194361379	0.90044270128764	0.865797981623161	1	0.873690004390721	0.976693974922864	0.992008702435198	1	0.990562652759744	0.999967984184968
ENSFCAG00000005323:INPPL1	0	0	0	0	0	0	0	0	0	0.602791020002498	0.903437410527938	0.867051481776772	1	0.873690004390721	0.976693974922864	0.992008702435198	1	0.990742379769151	0.999967984184968
ENSFCAG00000044847:BCL11B	0	0	0	0	0	0	0	0	0	0.598206086491789	0.933728209694937	0.867394471315253	1	0.873690004390721	0.976693974922864	0.992008702435198	1	0.990791241770716	0.999967984184968
ENSFCAG00000009873:PTPRK	0	0	0	0	0	0	0	0	0	0.608843151661185	0.88270238784482	0.867912127228022	1	0.873690004390721	0.976693974922864	0.992008702435198	1	0.990864729800413	0.999967984184968
ENSFCAG00000014232:HDAC4	0	0	0	0	0	0	0	0	0	0.603706068475589	0.913127296369051	0.868848167058875	1	0.873690004390721	0.976693974922864	0.992008702435198	1	0.990996829124574	0.999967984184968
ENSFCAG00000014806:ZMYM3	0	0	0	0	0	0	0	0	0	0.606863492826219	0.897679963046332	0.86889272721475	1	0.873690004390721	0.976693974922864	0.992008702435198	1	0.991003092555679	0.999967984184968
ENSFCAG00000000349:BCL9	0	0	0	0	0	0	0	0	0	0.603846546795647	0.923574868085306	0.87009550349573	1	0.873690004390721	0.976693974922864	0.992008702435198	1	0.99117129335269	0.999967984184968
ENSFCAG00000032000:NCOA2	0	0	0	0	0	0	0	0	0	0.608759589462511	0.907717397122763	0.871431852286924	1	0.873690004390721	0.976693974922864	0.992008702435198	1	0.991356223659198	0.999967984184968
ENSFCAG00000027460:CPS1	0	0	0	0	0	0	0	0	0	0.611532211332768	0.896722606971035	0.871722774704889	1	0.873690004390721	0.976693974922864	0.992008702435198	1	0.991396211151947	0.999967984184968
ENSFCAG00000028848:CIITA	0	0	0	0	0	0	0	0	0	0.607923680004093	0.9164065177111	0.871938656590892	1	0.873690004390721	0.976693974922864	0.992008702435198	1	0.99142582151357	0.999967984184968
ENSFCAG00000009903:ERBB2	0	0	0	0	0	0	0	0	0	0.611953199582012	0.896615076112254	0.871972960233357	1	0.873690004390721	0.976693974922864	0.992008702435198	1	0.991430521679793	0.999967984184968
ENSFCAG00000000947:NFATC2	1	0	0	0	0	0	0	0	0	0.607307949424029	0.921205041742671	0.872068757786058	1	0.873690004390721	0.976693974922864	0.992008702435198	1	0.991443640382026	0.999967984184968
ENSFCAG00000000360:DROSHA	0	0	0	0	0	0	0	0	0	0.617747994618094	0.882091718978304	0.873387133832224	1	0.873690004390721	0.976693974922864	0.992008702435198	1	0.991623112888342	0.999967984184968
ENSFCAG00000013299:FLT1	0	0	0	0	0	0	0	0	0	0.613603607675713	0.899808881625032	0.873454942535326	1	0.873690004390721	0.976693974922864	0.992008702435198	1	0.991632289952142	0.999967984184968
ENSFCAG00000029975:AFF3	1	0	0	0	0	0	0	0	0	0.61455388961776	0.903823377013214	0.87458156872862	1	0.873690004390721	0.976693974922864	0.992008702435198	1	0.991783994771704	0.999967984184968
ENSFCAG00000022680:ZNRF3	0	0	0	0	0	0	0	0	0	0.609232372768552	0.938504820350084	0.874955872635788	1	0.873690004390721	0.976693974922864	0.992008702435198	1	0.991834075045343	0.999967984184968
ENSFCAG00000004091:TRIM24	0	0	0	0	0	0	0	0	0	0.613587419600942	0.912513430896839	0.875074919517091	1	0.873690004390721	0.976693974922864	0.992008702435198	1	0.99184996944661	0.999967984184968
ENSFCAG00000002822:SALL4	0	0	0	0	0	0	0	0	0	0.611391916829201	0.934525573673627	0.875986389159746	1	0.873690004390721	0.976693974922864	0.992008702435198	1	0.991971126694244	0.999967984184968
ENSFCAG00000015468:EGFR	0	0	0	0	0	0	0	0	0	0.617314193602175	0.901593587672888	0.876013861187288	1	0.873690004390721	0.976693974922864	0.992008702435198	1	0.991974763689739	0.999967984184968
ENSFCAG00000011321:INPP5D	0	0	0	0	0	0	0	0	0	0.618254099879316	0.901030353587294	0.876520483362718	1	0.873690004390721	0.976693974922864	0.992008702435198	1	0.992041680503509	0.999967984184968
ENSFCAG00000011228:FANCD2	0	0	0	0	0	0	0	0	0	0.622922222075025	0.886561052024413	0.877274215429354	1	0.873690004390721	0.976693974922864	0.992008702435198	1	0.992140694796593	0.999967984184968
ENSFCAG00000003634:PDGFRB	0	0	0	0	0	0	0	0	0	0.620286821962498	0.899648732040603	0.877586391785128	1	0.873690004390721	0.976693974922864	0.992008702435198	1	0.992181514277024	0.999967984184968
ENSFCAG00000012999:RET	0	0	0	0	0	0	0	0	0	0.618366757494672	0.909062261430126	0.877637058928743	1	0.873690004390721	0.976693974922864	0.992008702435198	1	0.992188128923773	0.999967984184968
ENSFCAG00000009445:KDM6A	0	0	0	0	0	0	0	0	0	0.622183119681504	0.892274564899934	0.877693846915925	1	0.873690004390721	0.976693974922864	0.992008702435198	1	0.992195539176366	0.999967984184968
ENSFCAG00000029845:ZNF217	0	0	0	0	0	0	0	0	0	0.615747169843568	0.92837063087201	0.878155451211855	1	0.873690004390721	0.976693974922864	0.992008702435198	1	0.992255637526871	0.999967984184968
ENSFCAG00000009757:UPF1	0	0	0	0	0	0	0	0	0	0.619001074113475	0.914480739465203	0.878686219154361	1	0.873690004390721	0.976693974922864	0.992008702435198	1	0.99232444071213	0.999967984184968
ENSFCAG00000009655:SETDB1	0	0	0	0	0	0	0	0	0	0.62302607398165	0.898868307286222	0.879157668445136	1	0.873690004390721	0.976693974922864	0.992008702435198	1	0.992385285579668	0.999967984184968
ENSFCAG00000013609:NSD3	0	0	0	0	0	0	0	0	0	0.624037812457986	0.897311390357068	0.879555788915379	1	0.873690004390721	0.976693974922864	0.992008702435198	1	0.992436469793602	0.999967984184968
ENSFCAG00000009897:CDK12	0	0	0	0	0	0	0	0	0	0.622121200306902	0.906567768259238	0.879635589689878	1	0.873690004390721	0.976693974922864	0.992008702435198	1	0.992446707668093	0.999967984184968
ENSFCAG00000010606:CLIP1	0	0	0	0	0	0	0	0	0	0.622639327624857	0.908935177712714	0.880253708348858	1	0.873690004390721	0.976693974922864	0.992008702435198	1	0.992525762753142	0.999967984184968
ENSFCAG00000026305:PIK3CD	0	0	0	0	0	0	0	0	0	0.623378973616546	0.906862680357286	0.880443192105011	1	0.873690004390721	0.976693974922864	0.992008702435198	1	0.992549910086597	0.999967984184968
ENSFCAG00000014494:MLLT6	0	0	0	0	0	0	0	0	0	0.623871132365798	0.916602931766497	0.881928345712812	1	0.873690004390721	0.976693974922864	0.992008702435198	1	0.992737762610315	0.999967984184968
ENSFCAG00000018200:PDS5B	0	0	0	0	0	0	0	0	0	0.629726653172001	0.890884188076545	0.882047381684395	1	0.873690004390721	0.976693974922864	0.992008702435198	1	0.992752710788591	0.999967984184968
ENSFCAG00000003659:DNMT3A	0	0	0	0	0	0	0	0	0	0.626155156904741	0.906424391475278	0.882075823158407	1	0.873690004390721	0.976693974922864	0.992008702435198	1	0.992756280005338	0.999967984184968
ENSFCAG00000002273:KSR2	1	0	0	0	0	0	0	0	0	0.625026981434816	0.913336404921299	0.882243907179304	1	0.873690004390721	0.976693974922864	0.992008702435198	1	0.99277735471401	0.999967984184968
ENSFCAG00000006087:BLM	0	0	0	0	0	0	0	0	0	0.625883025012166	0.909062127550341	0.88224677147747	1	0.873690004390721	0.976693974922864	0.992008702435198	1	0.99277771356789	0.999967984184968
ENSFCAG00000013897:SMC1A	0	0	0	0	0	0	0	0	0	0.628244061879221	0.901273800985144	0.882652801422564	1	0.873690004390721	0.976693974922864	0.992008702435198	1	0.992828488992953	0.999967984184968
ENSFCAG00000027902:ERBB4	0	0	0	0	0	0	0	0	0	0.631396153658791	0.895260736969094	0.883692587565134	1	0.873690004390721	0.976693974922864	0.992008702435198	1	0.992957666385848	0.999967984184968
ENSFCAG00000003633:CSF1R	0	0	0	0	0	0	0	0	0	0.628770613687708	0.907033507148198	0.883733264511679	1	0.873690004390721	0.976693974922864	0.992008702435198	1	0.992962694992558	0.999967984184968
ENSFCAG00000006852:EPHB4	0	0	0	0	0	0	0	0	0	0.628852190564944	0.916736315329573	0.88496491153134	1	0.873690004390721	0.976693974922864	0.992008702435198	1	0.993114068696375	0.999967984184968
ENSFCAG00000000247:PIK3C2G	0	0	0	0	0	0	0	0	0	0.63256117476349	0.899889068208563	0.885043345387122	1	0.873690004390721	0.976693974922864	0.992008702435198	1	0.993123650409098	0.999967984184968
ENSFCAG00000035450:ARID5B	0	0	0	0	0	0	0	0	0	0.627320336538514	0.92764883164152	0.885212950220107	1	0.873690004390721	0.976693974922864	0.992008702435198	1	0.993144346073549	0.999967984184968
ENSFCAG00000013378:ATP1A1	0	0	0	0	0	0	0	0	0	0.631427908988241	0.906358832421325	0.885237979647624	1	0.873690004390721	0.976693974922864	0.992008702435198	1	0.993147397483739	0.999967984184968
ENSFCAG00000003836:ASXL2	0	0	0	0	0	0	0	0	0	0.630393343057874	0.913932499319471	0.885562187771708	1	0.873690004390721	0.976693974922864	0.992008702435198	1	0.993186858692692	0.999967984184968
ENSFCAG00000009719:PTK7	0	0	0	0	0	0	0	0	0	0.632886610819654	0.913685430872492	0.887021223675983	1	0.873690004390721	0.976693974922864	0.992008702435198	1	0.99336297783193	0.999967984184968
ENSFCAG00000006634:LRIG3	1	0	0	0	0	0	0	0	0	0.633366215984728	0.913514338361253	0.887279711154159	1	0.873690004390721	0.976693974922864	0.992008702435198	1	0.993393929297893	0.999967984184968
ENSFCAG00000004554:PIK3CG	0	0	0	0	0	0	0	0	0	0.632523531238057	0.920513285398521	0.887590036055902	1	0.873690004390721	0.976693974922864	0.992008702435198	1	0.993430988343362	0.999967984184968
ENSFCAG00000001953:JAK1	0	0	0	0	0	0	0	0	0	0.636672067882525	0.902461502181127	0.887824673558553	1	0.873690004390721	0.976693974922864	0.992008702435198	1	0.993458936755085	0.999967984184968
ENSFCAG00000024759:WRN	0	0	0	0	0	0	0	0	0	0.639136336801461	0.892467942570639	0.887837071658952	1	0.873690004390721	0.976693974922864	0.992008702435198	1	0.993460411806842	0.999967984184968
ENSFCAG00000029806:AFF1	0	0	0	0	0	0	0	0	0	0.633398325529779	0.919517308545167	0.888000266895866	1	0.873690004390721	0.976693974922864	0.992008702435198	1	0.993479811661885	0.999967984184968
ENSFCAG00000024874:SOS1	0	0	0	0	0	0	0	0	0	0.640158426671635	0.893544801610438	0.888591725109157	1	0.873690004390721	0.976693974922864	0.992008702435198	1	0.993549870053551	0.999967984184968
ENSFCAG00000012003:EMSY	0	0	0	0	0	0	0	0	0	0.635742036992585	0.915291808570289	0.888903554709248	1	0.873690004390721	0.976693974922864	0.992008702435198	1	0.993586647847309	0.999967984184968
ENSFCAG00000009534:MET	0	0	0	0	0	0	0	0	0	0.638462761871639	0.903213584083755	0.888975164755409	1	0.873690004390721	0.976693974922864	0.992008702435198	1	0.993595078230067	0.999967984184968
ENSFCAG00000007112:TSC1	0	0	0	0	0	0	0	0	0	0.636754466691207	0.911118902406437	0.888996085249272	1	0.873690004390721	0.976693974922864	0.992008702435198	1	0.993597540032728	0.999967984184968
ENSFCAG00000013999:HDAC7	0	0	0	0	0	0	0	0	0	0.636829589817711	0.913664336555822	0.889350520874051	1	0.873690004390721	0.976693974922864	0.992008702435198	1	0.993639173149716	0.999967984184968
ENSFCAG00000007089:MSH6	0	0	0	0	0	0	0	0	0	0.641030357270313	0.898162709235757	0.88976874168516	1	0.873690004390721	0.976693974922864	0.992008702435198	1	0.993688117006052	0.999967984184968
ENSFCAG00000005777:PARP1	0	0	0	0	0	0	0	0	0	0.640008138030068	0.908871989974124	0.890617452344481	1	0.873690004390721	0.976693974922864	0.992008702435198	1	0.993786836411438	0.999967984184968
ENSFCAG00000002750:HIRA	0	0	0	0	0	0	0	0	0	0.642019075589921	0.901098691413684	0.890752346075123	1	0.873690004390721	0.976693974922864	0.992008702435198	1	0.993802452325283	0.999967984184968
ENSFCAG00000012184:NOD1	0	0	0	0	0	0	0	0	0	0.637158153254753	0.926162256367505	0.890936127654144	1	0.873690004390721	0.976693974922864	0.992008702435198	1	0.993823694845334	0.999967984184968
ENSFCAG00000004555:CBLB	0	0	0	0	0	0	0	0	0	0.642199467976843	0.902717024597375	0.891078391965936	1	0.873690004390721	0.976693974922864	0.992008702435198	1	0.993840112531693	0.999967984184968
ENSFCAG00000003098:PML	0	0	0	0	0	0	0	0	0	0.637576116558014	0.928972707601928	0.8914651063576	1	0.873690004390721	0.976693974922864	0.992008702435198	1	0.993884625644587	0.999967984184968
ENSFCAG00000028208:RBM15	0	0	0	0	0	0	0	0	0	0.640876436577228	0.91333857886561	0.891676240375787	1	0.873690004390721	0.976693974922864	0.992008702435198	1	0.993908857616727	0.999967984184968
ENSFCAG00000030096:ARID4B	0	0	0	0	0	0	0	0	0	0.641841898263349	0.910453366882943	0.891881246047332	1	0.873690004390721	0.976693974922864	0.992008702435198	1	0.993932338397475	0.999967984184968
ENSFCAG00000004892:DNM2	0	0	0	0	0	0	0	0	0	0.643327147007187	0.906777170926619	0.892269459988744	1	0.873690004390721	0.976693974922864	0.992008702435198	1	0.993976674246963	0.999967984184968
ENSFCAG00000013913:INPP4A	0	0	0	0	0	0	0	0	0	0.644529654937737	0.903010218148296	0.89245942008903	1	0.873690004390721	0.976693974922864	0.992008702435198	1	0.993998307029823	0.999967984184968
ENSFCAG00000000544:EPHB1	0	0	0	0	0	0	0	0	0	0.640231742653205	0.924885165670989	0.892603751451449	1	0.873690004390721	0.976693974922864	0.992008702435198	1	0.994014716549798	0.999967984184968
ENSFCAG00000018385:FGFR3	0	0	0	0	0	0	0	0	0	0.641981164649646	0.917310424992922	0.892786506044931	1	0.873690004390721	0.976693974922864	0.992008702435198	1	0.994035461052821	0.999967984184968
ENSFCAG00000003178:ATXN2	0	0	0	0	0	0	0	0	0	0.642859053593413	0.913921820326084	0.892894841103715	1	0.873690004390721	0.976693974922864	0.992008702435198	1	0.994047740520995	0.999967984184968
ENSFCAG00000012665:MECOM	0	0	0	0	0	0	0	0	0	0.643993379875505	0.913773691189138	0.893530909020018	1	0.873690004390721	0.976693974922864	0.992008702435198	1	0.994119571903403	0.999967984184968
ENSFCAG00000014971:CBFA2T3	0	0	0	0	0	0	0	0	0	0.641134735235331	0.929528919185677	0.893600916783127	1	0.873690004390721	0.976693974922864	0.992008702435198	1	0.994127450239488	0.999967984184968
ENSFCAG00000008747:PTPRO	0	0	0	0	0	0	0	0	0	0.646520960253811	0.903039095343395	0.893602058776104	1	0.873690004390721	0.976693974922864	0.992008702435198	1	0.994127578708406	0.999967984184968
ENSFCAG00000004047:HIP1	0	0	0	0	0	0	0	0	0	0.648255632134043	0.898841509654519	0.894004776764354	1	0.873690004390721	0.976693974922864	0.992008702435198	1	0.994172791626223	0.999967984184968
ENSFCAG00000005305:ABL2	0	0	0	0	0	0	0	0	0	0.646980474720132	0.907285522777514	0.8944284988019	1	0.873690004390721	0.976693974922864	0.992008702435198	1	0.994220166808606	0.999967984184968
ENSFCAG00000000512:RPS6KA4	0	0	0	0	0	0	0	0	0	0.645896724137068	0.912326791407208	0.894446915349548	1	0.873690004390721	0.976693974922864	0.992008702435198	1	0.994222221359001	0.999967984184968
ENSFCAG00000013850:MAP3K14	1	0	0	0	0	0	0	0	0	0.64475740902317	0.921614211684079	0.894868196397237	1	0.873690004390721	0.976693974922864	0.992008702435198	1	0.994269115948045	0.999967984184968
ENSFCAG00000027633:STAG2	0	0	0	0	0	0	0	0	0	0.654855715729032	0.880773222500089	0.894898215716275	1	0.873690004390721	0.976693974922864	0.992008702435198	1	0.994272449955617	0.999967984184968
ENSFCAG00000005038:SF3B1	0	0	0	0	0	0	0	0	0	0.651686888366006	0.894895274114738	0.895366384500261	1	0.873690004390721	0.976693974922864	0.992008702435198	1	0.994324315454607	0.999967984184968
ENSFCAG00000000407:CTR9	0	0	0	0	0	0	0	0	0	0.649771930138821	0.904528432741876	0.895647685724817	1	0.873690004390721	0.976693974922864	0.992008702435198	1	0.994355361322077	0.999967984184968
ENSFCAG00000002830:TEK	0	0	0	0	0	0	0	0	0	0.648389069594172	0.91096684550787	0.895698704381047	1	0.873690004390721	0.976693974922864	0.992008702435198	1	0.994360982540802	0.999967984184968
ENSFCAG00000024012:GRM3	0	0	0	0	0	0	0	0	0	0.645087099243696	0.92938831651626	0.895872492646126	1	0.873690004390721	0.976693974922864	0.992008702435198	1	0.994380108666432	0.999967984184968
ENSFCAG00000006091:FURIN	0	0	0	0	0	0	0	0	0	0.647518589649164	0.917426844297774	0.895981051796001	1	0.873690004390721	0.976693974922864	0.992008702435198	1	0.994392038947618	0.999967984184968
ENSFCAG00000010710:ALPK1	0	0	0	0	0	0	0	0	0	0.648523010990425	0.913220452722233	0.896052680069121	1	0.873690004390721	0.976693974922864	0.992008702435198	1	0.994399903448564	0.999967984184968
ENSFCAG00000023047:STAG1	0	0	0	0	0	0	0	0	0	0.654653925602029	0.892097749289438	0.896601258013671	1	0.873690004390721	0.976693974922864	0.992008702435198	1	0.994459945319614	0.999967984184968
ENSFCAG00000002782:AGO2	0	0	0	0	0	0	0	0	0	0.649461627144222	0.918809779989829	0.897243612023143	1	0.873690004390721	0.976693974922864	0.992008702435198	1	0.994529824387379	0.999967984184968
ENSFCAG00000010557:SMC3	0	0	0	0	0	0	0	0	0	0.658261987421099	0.887294941582885	0.897843301346764	1	0.873690004390721	0.976693974922864	0.992008702435198	1	0.994594647060414	0.999967984184968
ENSFCAG00000022073:DTX1	0	0	0	0	0	0	0	0	0	0.649053144402875	0.936555264103079	0.898812194340043	1	0.873690004390721	0.976693974922864	0.992008702435198	1	0.994698532106664	0.999967984184968
ENSFCAG00000038306:TRIM33	0	0	0	0	0	0	0	0	0	0.653323964888137	0.915691492993493	0.899055207566825	1	0.873690004390721	0.976693974922864	0.992008702435198	1	0.994724424193395	0.999967984184968
ENSFCAG00000002679:ERCC2	0	0	0	0	0	0	0	0	0	0.654052729102979	0.917694282187392	0.899697432069351	1	0.873690004390721	0.976693974922864	0.992008702435198	1	0.994792534513508	0.999967984184968
ENSFCAG00000011529:VAV2	0	0	0	0	0	0	0	0	0	0.657100052239223	0.906131674970068	0.89995340256492	1	0.873690004390721	0.976693974922864	0.992008702435198	1	0.994819553355945	0.999967984184968
ENSFCAG00000012141:STIL	0	0	0	0	0	0	0	0	0	0.654928242257031	0.916075154656277	0.89999602391661	1	0.873690004390721	0.976693974922864	0.992008702435198	1	0.994824045161064	0.999967984184968
ENSFCAG00000006093:FES	0	0	0	0	0	0	0	0	0	0.656813462782387	0.909591810605365	0.900245078502153	1	0.873690004390721	0.976693974922864	0.992008702435198	1	0.99485025232384	0.999967984184968
ENSFCAG00000012287:MAML2	0	0	0	0	0	0	0	0	0	0.651020619673526	0.941923179141332	0.900385040638546	1	0.873690004390721	0.976693974922864	0.992008702435198	1	0.994864949819406	0.999967984184968
ENSFCAG00000001563:SEC31A	0	0	0	0	0	0	0	0	0	0.659874461899872	0.902961890690561	0.90105066118844	1	0.873690004390721	0.976693974922864	0.992008702435198	1	0.994934549263515	0.999967984184968
ENSFCAG00000008085:MERTK	0	0	0	0	0	0	0	0	0	0.659861454496126	0.903558413791887	0.901125183699741	1	0.873690004390721	0.976693974922864	0.992008702435198	1	0.994942310965144	0.999967984184968
ENSFCAG00000040223:TBX3	0	0	0	0	0	0	0	0	0	0.652975824571999	0.939400907463314	0.901276565998593	1	0.873690004390721	0.976693974922864	0.992008702435198	1	0.994958058826812	0.999967984184968
ENSFCAG00000013266:SMAD2	0	0	0	0	0	0	0	0	0	0.65654383592882	0.921328235856302	0.901495609994526	1	0.873690004390721	0.976693974922864	0.992008702435198	1	0.994980800326053	0.999967984184968
ENSFCAG00000001242:NFKB2	0	0	0	0	0	0	0	0	0	0.659421298964578	0.908536854213839	0.901545593245069	1	0.873690004390721	0.976693974922864	0.992008702435198	1	0.994985982208803	0.999967984184968
ENSFCAG00000027384:ARID3A	0	0	0	0	0	0	0	0	0	0.654071175254922	0.935704771265902	0.901566073690461	1	0.873690004390721	0.976693974922864	0.992008702435198	1	0.994988104665033	0.999967984184968
ENSFCAG00000007834:KTN1	0	0	0	0	0	0	0	0	0	0.663140539613536	0.895351909107595	0.901740073414181	1	0.873690004390721	0.976693974922864	0.992008702435198	1	0.995006118065353	0.999967984184968
ENSFCAG00000006191:ERC1	0	0	0	0	0	0	0	0	0	0.661320936036965	0.903533613148781	0.90191855384811	1	0.873690004390721	0.976693974922864	0.992008702435198	1	0.99502456045028	0.999967984184968
ENSFCAG00000008289:SND1	0	0	0	0	0	0	0	0	0	0.662124450039308	0.901842456873849	0.902122468156473	1	0.873690004390721	0.976693974922864	0.992008702435198	1	0.995045587690383	0.999967984184968
ENSFCAG00000006913:NTRK1	0	0	0	0	0	0	0	0	0	0.65687052680267	0.925520351177925	0.902129415225637	1	0.873690004390721	0.976693974922864	0.992008702435198	1	0.995046303246453	0.999967984184968
ENSFCAG00000013582:PCSK7	0	0	0	0	0	0	0	0	0	0.659283431978984	0.914243654514646	0.902184787275684	1	0.873690004390721	0.976693974922864	0.992008702435198	1	0.995052004718421	0.999967984184968
ENSFCAG00000031292:ATXN7	0	0	0	0	0	0	0	0	0	0.65650233968699	0.930001929860904	0.902381728359718	1	0.873690004390721	0.976693974922864	0.992008702435198	1	0.99507225553538	0.999967984184968
ENSFCAG00000012425:AFF4	0	0	0	0	0	0	0	0	0	0.660819837702724	0.90916016613214	0.9023912382748	1	0.873690004390721	0.976693974922864	0.992008702435198	1	0.995073232321363	0.999967984184968
ENSFCAG00000004050:ERCC4	0	0	0	0	0	0	0	0	0	0.658305018768258	0.922404367835595	0.902587998201978	1	0.873690004390721	0.976693974922864	0.992008702435198	1	0.995093419514898	0.999967984184968
ENSFCAG00000014965:NTRK3	0	0	0	0	0	0	0	0	0	0.658565917315138	0.921936060939767	0.902680329828805	1	0.873690004390721	0.976693974922864	0.992008702435198	1	0.995102877776738	0.999967984184968
ENSFCAG00000004825:RASA1	0	0	0	0	0	0	0	0	0	0.663549637906365	0.901969371652391	0.902912447688877	1	0.873690004390721	0.976693974922864	0.992008702435198	1	0.99512661373985	0.999967984184968
ENSFCAG00000005619:EXT2	0	0	0	0	0	0	0	0	0	0.660311578103557	0.916320689294136	0.90299728410951	1	0.873690004390721	0.976693974922864	0.992008702435198	1	0.995135274071539	0.999967984184968
ENSFCAG00000045924:FBXO31	0	0	0	0	0	0	0	0	0	0.65793102264958	0.929625445636283	0.903135679234659	1	0.873690004390721	0.976693974922864	0.992008702435198	1	0.995149384714793	0.999967984184968
ENSFCAG00000008459:PMS2	0	0	0	0	0	0	0	0	0	0.660295155917531	0.921913203681877	0.903627914729984	1	0.873690004390721	0.976693974922864	0.992008702435198	1	0.99519940077223	0.999967984184968
ENSFCAG00000013369:RABEP1	0	0	0	0	0	0	0	0	0	0.664233941503305	0.912126053719933	0.904621296411594	1	0.873690004390721	0.976693974922864	0.992008702435198	1	0.995299521864595	0.999967984184968
ENSFCAG00000041663:PGR	0	0	0	0	0	0	0	0	0	0.660452633186153	0.932880861749107	0.904839889270863	1	0.873690004390721	0.976693974922864	0.992008702435198	1	0.995321406959671	0.999967984184968
ENSFCAG00000001865:XPC	0	0	0	0	0	0	0	0	0	0.66564782907815	0.910999755228529	0.905242270078997	1	0.873690004390721	0.976693974922864	0.992008702435198	1	0.995361554485747	0.999967984184968
ENSFCAG00000028243:MAP3K13	0	0	0	0	0	0	0	0	0	0.665094234423984	0.913651695547747	0.905274155627549	1	0.873690004390721	0.976693974922864	0.992008702435198	1	0.99536472821567	0.999967984184968
ENSFCAG00000027069:GATA6	1	0	0	0	0	0	0	0	0	0.659296257581711	0.945589016364063	0.905292808250737	1	0.873690004390721	0.976693974922864	0.992008702435198	1	0.995366584284944	0.999967984184968
ENSFCAG00000010530:DDR1	0	0	0	0	0	0	0	0	0	0.662757382167065	0.925047655336066	0.905311514180848	1	0.873690004390721	0.976693974922864	0.992008702435198	1	0.99536844527267	0.999967984184968
ENSFCAG00000018749:MLLT10	0	0	0	0	0	0	0	0	0	0.665174903741585	0.914325385106299	0.905399857273152	1	0.873690004390721	0.976693974922864	0.992008702435198	1	0.995377228995761	0.999967984184968
ENSFCAG00000001740:NUTM1	0	0	0	0	0	0	0	0	0	0.66263496453451	0.931091726468437	0.905860399164256	1	0.873690004390721	0.976693974922864	0.992008702435198	1	0.995422879894817	0.999967984184968
ENSFCAG00000010549:SNCAIP	0	0	0	0	0	0	0	0	0	0.665229844174721	0.920223678370725	0.906121751936486	1	0.873690004390721	0.976693974922864	0.992008702435198	1	0.995448682163352	0.999967984184968
ENSFCAG00000023857:LATS1	0	0	0	0	0	0	0	0	0	0.666439859519847	0.916345334462431	0.906323125050727	1	0.873690004390721	0.976693974922864	0.992008702435198	1	0.995468511472188	0.999967984184968
ENSFCAG00000005052:VAV1	0	0	0	0	0	0	0	0	0	0.669383700920339	0.904865271535721	0.906435989095297	1	0.873690004390721	0.976693974922864	0.992008702435198	1	0.995479605683189	0.999967984184968
ENSFCAG00000000746:AGO1	0	0	0	0	0	0	0	0	0	0.668168772997426	0.91184842695028	0.906699727131753	1	0.873690004390721	0.976693974922864	0.992008702435198	1	0.995505475588374	0.999967984184968
ENSFCAG00000022711:EPHA5	0	0	0	0	0	0	0	0	0	0.667778400302372	0.915544327356921	0.906944656850884	1	0.873690004390721	0.976693974922864	0.992008702435198	1	0.995529431892533	0.999967984184968
ENSFCAG00000026041:SMO	0	0	0	0	0	0	0	0	0	0.665865447066707	0.925136856103059	0.907003290364211	1	0.873690004390721	0.976693974922864	0.992008702435198	1	0.99553515695816	0.999967984184968
ENSFCAG00000012942:PALB2	0	0	0	0	0	0	0	0	0	0.666691404410682	0.921574962204292	0.907059972396686	1	0.873690004390721	0.976693974922864	0.992008702435198	1	0.995540687874969	0.999967984184968
ENSFCAG00000005630:BRSK1	0	0	0	0	0	0	0	0	0	0.66754299408282	0.918138293467156	0.907125277125221	1	0.873690004390721	0.976693974922864	0.992008702435198	1	0.995547055785557	0.999967984184968
ENSFCAG00000018496:SMARCA1	0	0	0	0	0	0	0	0	0	0.674437376886553	0.891651361669078	0.907176934170224	1	0.873690004390721	0.976693974922864	0.992008702435198	1	0.995552089570542	0.999967984184968
ENSFCAG00000006810:BCL6	0	0	0	0	0	0	0	0	0	0.664315667076061	0.937877176939047	0.90740312166992	1	0.873690004390721	0.976693974922864	0.992008702435198	1	0.995574096057277	0.999967984184968
ENSFCAG00000024008:EPHA3	0	0	0	0	0	0	0	0	0	0.671576956075769	0.905902035465981	0.907736299413262	1	0.873690004390721	0.976693974922864	0.992008702435198	1	0.995606409269192	0.999967984184968
ENSFCAG00000027154:BCL11A	0	0	0	0	0	0	0	0	0	0.665354369606638	0.937104596355986	0.907896788762687	1	0.873690004390721	0.976693974922864	0.992008702435198	1	0.995621930670195	0.999967984184968
ENSFCAG00000002828:PIK3CB	0	0	0	0	0	0	0	0	0	0.674199988563302	0.897497124166368	0.907933685361722	1	0.873690004390721	0.976693974922864	0.992008702435198	1	0.995625495038695	0.999967984184968
ENSFCAG00000004539:FLT3	0	0	0	0	0	0	0	0	0	0.669647975044469	0.917779106716112	0.908206181058261	1	0.873690004390721	0.976693974922864	0.992008702435198	1	0.995651772858215	0.999967984184968
ENSFCAG00000019223:ARID4A	0	0	0	0	0	0	0	0	0	0.67453998224382	0.900460739296618	0.908538828430781	1	0.873690004390721	0.976693974922864	0.992008702435198	1	0.995683740517732	0.999967984184968
ENSFCAG00000010755:PRDM1	0	0	0	0	0	0	0	0	0	0.66701703858543	0.935840116740396	0.908678657131434	1	0.873690004390721	0.976693974922864	0.992008702435198	1	0.995697141798903	0.999967984184968
ENSFCAG00000008135:TNFAIP3	0	0	0	0	0	0	0	0	0	0.671134015248982	0.915510769867348	0.908724951742028	1	0.873690004390721	0.976693974922864	0.992008702435198	1	0.995701573965603	0.999967984184968
ENSFCAG00000003112:KIT	0	0	0	0	0	0	0	0	0	0.671890888604529	0.913624809925258	0.908895133689187	1	0.873690004390721	0.976693974922864	0.992008702435198	1	0.995717846624184	0.999967984184968
ENSFCAG00000028024:KDSR	0	0	0	0	0	0	0	0	0	0.668838578143518	0.929339613166765	0.909031764240319	1	0.873690004390721	0.976693974922864	0.992008702435198	1	0.995730888064493	0.999967984184968
ENSFCAG00000028588:JAK2	0	0	0	0	0	0	0	0	0	0.674693378536316	0.903947673968253	0.909106002565076	1	0.873690004390721	0.976693974922864	0.992008702435198	1	0.995737965531281	0.999967984184968
ENSFCAG00000012620:TYRO3	0	0	0	0	0	0	0	0	0	0.670322328994155	0.924568340038223	0.90932596520603	1	0.873690004390721	0.976693974922864	0.992008702435198	1	0.995758899949798	0.999967984184968
ENSFCAG00000025772:MST1	0	0	0	0	0	0	0	0	0	0.672742033208565	0.917112574194005	0.909764313597419	1	0.873690004390721	0.976693974922864	0.992008702435198	1	0.995800460050501	0.999967984184968
ENSFCAG00000026102:AXIN2	0	0	0	0	0	0	0	0	0	0.670484468980393	0.928174960856538	0.909789934800434	1	0.873690004390721	0.976693974922864	0.992008702435198	1	0.995802882679442	0.999967984184968
ENSFCAG00000007779:DNMT3B	0	0	0	0	0	0	0	0	0	0.676946306467832	0.901771863225604	0.909975019239463	1	0.873690004390721	0.976693974922864	0.992008702435198	1	0.995820362023448	0.999967984184968
ENSFCAG00000010283:MIB1	0	0	0	0	0	0	0	0	0	0.67759969652011	0.900347005412376	0.910111224760123	1	0.873690004390721	0.976693974922864	0.992008702435198	1	0.995833201204584	0.999967984184968
ENSFCAG00000008249:KDM4C	0	0	0	0	0	0	0	0	0	0.675804295688953	0.907804251252151	0.910203516823695	1	0.873690004390721	0.976693974922864	0.992008702435198	1	0.995841889372707	0.999967984184968
ENSFCAG00000015184:ALOX12B	0	0	0	0	0	0	0	0	0	0.672259189907746	0.925607218583271	0.910461974680409	1	0.873690004390721	0.976693974922864	0.992008702435198	1	0.995866170220607	0.999967984184968
ENSFCAG00000011776:LMNA	0	0	0	0	0	0	0	0	0	0.672152081774864	0.926826554650632	0.910533616240049	1	0.873690004390721	0.976693974922864	0.992008702435198	1	0.995872887605571	0.999967984184968
ENSFCAG00000016224:FGFR4	0	0	0	0	0	0	0	0	0	0.675022129145899	0.918096968362707	0.911075585395023	1	0.873690004390721	0.976693974922864	0.992008702435198	1	0.995923522108036	0.999967984184968
ENSFCAG00000004737:CBL	0	0	0	0	0	0	0	0	0	0.675970673237546	0.914854459385441	0.911183432573272	1	0.873690004390721	0.976693974922864	0.992008702435198	1	0.995933559469836	0.999967984184968
ENSFCAG00000007533:PPFIBP1	0	0	0	0	0	0	0	0	0	0.680510733656431	0.89807230203632	0.911279075583112	1	0.873690004390721	0.976693974922864	0.992008702435198	1	0.995942450307068	0.999967984184968
ENSFCAG00000013629:EPAS1	0	0	0	0	0	0	0	0	0	0.673880651660441	0.926619004788202	0.911421971764288	1	0.873690004390721	0.976693974922864	0.992008702435198	1	0.995955715029294	0.999967984184968
ENSFCAG00000014491:PRKD1	0	0	0	0	0	0	0	0	0	0.675882651417643	0.918874355340964	0.911615041632399	1	0.873690004390721	0.976693974922864	0.992008702435198	1	0.995973601675104	0.999967984184968
ENSFCAG00000002153:STAT5A	0	0	0	0	0	0	0	0	0	0.676421903630611	0.917234635449847	0.911703742498097	1	0.873690004390721	0.976693974922864	0.992008702435198	1	0.995981805514629	0.999967984184968
ENSFCAG00000013612:FGFR1	0	0	0	0	0	0	0	0	0	0.676965915672544	0.915455651967408	0.911773610218699	1	0.873690004390721	0.976693974922864	0.992008702435198	1	0.995988261422616	0.999967984184968
ENSFCAG00000010119:SNX29	0	0	0	0	0	0	0	0	0	0.67664087545357	0.918417146504987	0.911956444569373	1	0.873690004390721	0.976693974922864	0.992008702435198	1	0.996005130322763	0.999967984184968
ENSFCAG00000009163:DDR2	0	0	0	0	0	0	0	0	0	0.676376413469954	0.922681972694443	0.912303091612942	1	0.873690004390721	0.976693974922864	0.992008702435198	1	0.996037012496665	0.999967984184968
ENSFCAG00000008675:NUP93	0	0	0	0	0	0	0	0	0	0.680867500571989	0.904079892957788	0.912313774557969	1	0.873690004390721	0.976693974922864	0.992008702435198	1	0.996037992946934	0.999967984184968
ENSFCAG00000025193:USP8	0	0	0	0	0	0	0	0	0	0.68002615641427	0.90915085382932	0.91256154827395	1	0.873690004390721	0.976693974922864	0.992008702435198	1	0.996060697819048	0.999967984184968
ENSFCAG00000045801:ZBTB7A	0	0	0	0	0	0	0	0	0	0.672687753768786	0.950751266156978	0.912902358919376	1	0.873690004390721	0.976693974922864	0.992008702435198	1	0.996091818273754	0.999967984184968
ENSFCAG00000015377:EML4	0	0	0	0	0	0	0	0	0	0.683065847417344	0.902917144048393	0.913272727407471	1	0.873690004390721	0.976693974922864	0.992008702435198	1	0.996125493482117	0.999967984184968
ENSFCAG00000001719:CTNNA1	0	0	0	0	0	0	0	0	0	0.68006497094168	0.914953552362142	0.91331261838809	1	0.873690004390721	0.976693974922864	0.992008702435198	1	0.996129111549703	0.999967984184968
ENSFCAG00000030995:AXL	0	0	0	0	0	0	0	0	0	0.680586563653976	0.913608874912792	0.913415109864949	1	0.873690004390721	0.976693974922864	0.992008702435198	1	0.996138399423829	0.999967984184968
ENSFCAG00000045383:CDH1	0	0	0	0	0	0	0	0	0	0.681053316429382	0.914411249472425	0.913753094340209	1	0.873690004390721	0.976693974922864	0.992008702435198	1	0.996168946409096	0.999967984184968
ENSFCAG00000013987:MALT1	0	0	0	0	0	0	0	0	0	0.680978481433853	0.916792934679211	0.914002881165084	1	0.873690004390721	0.976693974922864	0.992008702435198	1	0.996191441763967	0.999967984184968
ENSFCAG00000002702:XPO1	0	0	0	0	0	0	0	0	0	0.683957273521514	0.912389885368682	0.914981068167621	1	0.873690004390721	0.976693974922864	0.992008702435198	1	0.996278878608049	0.999967984184968
ENSFCAG00000018481:EPHA7	0	0	0	0	0	0	0	0	0	0.682359399808792	0.919878504030645	0.915069982649398	1	0.873690004390721	0.976693974922864	0.992008702435198	1	0.996286774509038	0.999967984184968
ENSFCAG00000007090:FBXO11	0	0	0	0	0	0	0	0	0	0.686113198409977	0.90838985518935	0.915554277442534	1	0.873690004390721	0.976693974922864	0.992008702435198	1	0.996329629831708	0.999967984184968
ENSFCAG00000008506:CYLD	0	0	0	0	0	0	0	0	0	0.682881431328982	0.922213703700933	0.915600528383819	1	0.873690004390721	0.976693974922864	0.992008702435198	1	0.996333709181907	0.999967984184968
ENSFCAG00000030862:NR4A3	1	0	0	0	0	0	0	0	0	0.681595442211314	0.92999194630078	0.915764826670721	1	0.873690004390721	0.976693974922864	0.992008702435198	1	0.99634818146183	0.999967984184968
ENSFCAG00000007325:AR	0	0	0	0	0	0	0	0	0	0.682597838648862	0.925521087689671	0.915817138851228	1	0.873690004390721	0.976693974922864	0.992008702435198	1	0.996352783213965	0.999967984184968
ENSFCAG00000024269:KIF5B	0	0	0	0	0	0	0	0	0	0.687688028254724	0.904723500696962	0.915850802877233	1	0.873690004390721	0.976693974922864	0.992008702435198	1	0.996355742961369	0.999967984184968
ENSFCAG00000025327:GMPS	1	0	0	0	0	0	0	0	0	0.684537238008874	0.918476921173151	0.916010067251718	1	0.873690004390721	0.976693974922864	0.992008702435198	1	0.996369728740548	0.999967984184968
ENSFCAG00000003177:SH2B3	0	0	0	0	0	0	0	0	0	0.682521330376552	0.92882280505323	0.916122908456463	1	0.873690004390721	0.976693974922864	0.992008702435198	1	0.996379621115132	0.999967984184968
ENSFCAG00000006344:CD276	0	0	0	0	0	0	0	0	0	0.681353692052945	0.937700137769854	0.916374527436283	1	0.873690004390721	0.976693974922864	0.992008702435198	1	0.996401629580175	0.999967984184968
ENSFCAG00000009081:NTRK2	0	0	0	0	0	0	0	0	0	0.687203693380065	0.913802361800954	0.916794077696905	1	0.873690004390721	0.976693974922864	0.992008702435198	1	0.996438172928747	0.999967984184968
ENSFCAG00000014042:CNOT3	0	0	0	0	0	0	0	0	0	0.685466930050749	0.922101361397532	0.916899213844775	1	0.873690004390721	0.976693974922864	0.992008702435198	1	0.996447300329309	0.999967984184968
ENSFCAG00000013131:EZH1	0	0	0	0	0	0	0	0	0	0.689019119016074	0.909748462112147	0.917186345792778	1	0.873690004390721	0.976693974922864	0.992008702435198	1	0.996472166289071	0.999967984184968
ENSFCAG00000046155:REST	0	0	0	0	0	0	0	0	0	0.684314859888947	0.93429671158476	0.91757328966292	1	0.873690004390721	0.976693974922864	0.992008702435198	1	0.996505533892194	0.999967984184968
ENSFCAG00000014571:STAT6	0	0	0	0	0	0	0	0	0	0.687565725954283	0.919454225257355	0.91765355660906	1	0.873690004390721	0.976693974922864	0.992008702435198	1	0.996512435170784	0.999967984184968
ENSFCAG00000023514:TCF3	0	0	0	0	0	0	0	0	0	0.686921949121942	0.925743916716217	0.918030622722939	1	0.873690004390721	0.976693974922864	0.992008702435198	1	0.99654476102075	0.999967984184968
ENSFCAG00000004893:CARM1	0	0	0	0	0	0	0	0	0	0.687049848776278	0.927536999318134	0.918284052383617	1	0.873690004390721	0.976693974922864	0.992008702435198	1	0.996566400496159	0.999967984184968
ENSFCAG00000042862:SFPQ	0	0	0	0	0	0	0	0	0	0.687494067694194	0.929102735152735	0.918668575716911	1	0.873690004390721	0.976693974922864	0.992008702435198	1	0.996599100041117	0.999967984184968
ENSFCAG00000013063:BUB1B	0	0	0	0	0	0	0	0	0	0.694476272500935	0.903395020973435	0.919020946292661	1	0.873690004390721	0.976693974922864	0.992008702435198	1	0.996628924016676	0.999967984184968
ENSFCAG00000014304:ASMTL	0	0	0	0	0	0	0	0	0	0.68918630182669	0.924777728671439	0.919060656285194	1	0.873690004390721	0.976693974922864	0.992008702435198	1	0.996632276523273	0.999967984184968
ENSFCAG00000006882:ZNF384	0	0	0	0	0	0	0	0	0	0.686259789340021	0.94148716207587	0.919199062092866	1	0.873690004390721	0.976693974922864	0.992008702435198	1	0.996643947989215	0.999967984184968
ENSFCAG00000024529:RB1	0	0	0	0	0	0	0	0	0	0.697591270432182	0.897593984921132	0.919697648674641	1	0.873690004390721	0.976693974922864	0.992008702435198	1	0.996685819995725	0.999967984184968
ENSFCAG00000002431:RXRA	0	0	0	0	0	0	0	0	0	0.687242581850069	0.944204008275931	0.919917499848845	1	0.873690004390721	0.976693974922864	0.992008702435198	1	0.996704197529413	0.999967984184968
ENSFCAG00000028112:STAT5B	0	0	0	0	0	0	0	0	0	0.693929982819217	0.913955616741843	0.920147571143427	1	0.873690004390721	0.976693974922864	0.992008702435198	1	0.996723373108474	0.999967984184968
ENSFCAG00000012518:KEAP1	0	0	0	0	0	0	0	0	0	0.692119951472739	0.923394776375735	0.920365324922759	1	0.873690004390721	0.976693974922864	0.992008702435198	1	0.996741469079513	0.999967984184968
ENSFCAG00000006989:ERCC3	0	0	0	0	0	0	0	0	0	0.693085843945161	0.921914559001435	0.920676221439308	1	0.873690004390721	0.976693974922864	0.992008702435198	1	0.996767216197144	0.999967984184968
ENSFCAG00000025248:ARAF	0	0	0	0	0	0	0	0	0	0.692471019942969	0.930899633916503	0.921327303059843	1	0.873690004390721	0.976693974922864	0.992008702435198	1	0.996820795884914	0.999967984184968
ENSFCAG00000008898:CD22	0	0	0	0	0	0	0	0	0	0.695693708652357	0.918117713871173	0.921514611026383	1	0.873690004390721	0.976693974922864	0.992008702435198	1	0.996836124847415	0.999967984184968
ENSFCAG00000002630:PPM1F	0	0	0	0	0	0	0	0	0	0.694477036562777	0.923922443833135	0.921582688279649	1	0.873690004390721	0.976693974922864	0.992008702435198	1	0.996841686739231	0.999967984184968
ENSFCAG00000042003:ASPSCR1	0	0	0	0	0	0	0	0	0	0.692998321260608	0.931049018344456	0.921602247139026	1	0.873690004390721	0.976693974922864	0.992008702435198	1	0.996843283762389	0.999967984184968
ENSFCAG00000026268:INPP4B	0	0	0	0	0	0	0	0	0	0.695901948111538	0.918577845016651	0.921670395715702	1	0.873690004390721	0.976693974922864	0.992008702435198	1	0.996848844998282	0.999967984184968
ENSFCAG00000003928:NCSTN	0	0	0	0	0	0	0	0	0	0.693069850411215	0.931925603308253	0.921724143649455	1	0.873690004390721	0.976693974922864	0.992008702435198	1	0.996853227521512	0.999967984184968
ENSFCAG00000013269:CSF3R	0	0	0	0	0	0	0	0	0	0.69351881459765	0.932478784811584	0.921999302595665	1	0.873690004390721	0.976693974922864	0.992008702435198	1	0.996875614465842	0.999967984184968
ENSFCAG00000007271:FLYWCH1	0	0	0	0	0	0	0	0	0	0.692151719566012	0.940555725657621	0.922064439386995	1	0.873690004390721	0.976693974922864	0.992008702435198	1	0.99688090197673	0.999967984184968
ENSFCAG00000009125:ARHGAP26	0	0	0	0	0	0	0	0	0	0.697124101823872	0.91774712366424	0.922166028223754	1	0.873690004390721	0.976693974922864	0.992008702435198	1	0.996889139315819	0.999967984184968
ENSFCAG00000003320:CDH11	0	0	0	0	0	0	0	0	0	0.69482631952347	0.929960987380122	0.922390982593841	1	0.873690004390721	0.976693974922864	0.992008702435198	1	0.996907339932297	0.999967984184968
ENSFCAG00000013487:GPHN	0	0	0	0	0	0	0	0	0	0.699246538759989	0.912674468560281	0.922568262760525	1	0.873690004390721	0.976693974922864	0.992008702435198	1	0.996921644667899	0.999967984184968
ENSFCAG00000006532:GTSE1	0	0	0	0	0	0	0	0	0	0.693601675609623	0.938483610663001	0.922599154875187	1	0.873690004390721	0.976693974922864	0.992008702435198	1	0.996924133866949	0.999967984184968
ENSFCAG00000018774:TCF7L2	0	0	0	0	0	0	0	0	0	0.697581540313961	0.919833232098359	0.922632897127868	1	0.873690004390721	0.976693974922864	0.992008702435198	1	0.996926851540107	0.999967984184968
ENSFCAG00000029965:SLC34A2	0	0	0	0	0	0	0	0	0	0.693713872381276	0.94048473151332	0.922829109518461	1	0.873690004390721	0.976693974922864	0.992008702435198	1	0.996942630455167	0.999967984184968
ENSFCAG00000026205:ZBTB16	0	0	0	0	0	0	0	0	0	0.694280287727661	0.940238865598804	0.923086390201317	1	0.873690004390721	0.976693974922864	0.992008702435198	1	0.99696325711668	0.999967984184968
ENSFCAG00000002807:SOX10	0	0	0	0	0	0	0	0	0	0.69429208921047	0.941973449466472	0.923239639979749	1	0.873690004390721	0.976693974922864	0.992008702435198	1	0.996975509351691	0.999967984184968
ENSFCAG00000024086:NRG1	0	0	0	0	0	0	0	0	0	0.697429968067008	0.926027134695213	0.92325023078499	1	0.873690004390721	0.976693974922864	0.992008702435198	1	0.996976355140927	0.999967984184968
ENSFCAG00000013448:MSH2	0	0	0	0	0	0	0	0	0	0.699564053885751	0.918291313709625	0.92340891785244	1	0.873690004390721	0.976693974922864	0.992008702435198	1	0.996989013456091	0.999967984184968
ENSFCAG00000023537:MLLT1	0	0	0	0	0	0	0	0	0	0.695866589082546	0.935564255321338	0.923443861374605	1	0.873690004390721	0.976693974922864	0.992008702435198	1	0.996991797203502	0.999967984184968
ENSFCAG00000006633:CLP1	0	0	0	0	0	0	0	0	0	0.696111536546861	0.935334627620153	0.923541965447796	1	0.873690004390721	0.976693974922864	0.992008702435198	1	0.996999605517951	0.999967984184968
ENSFCAG00000042984:EXT1	0	0	0	0	0	0	0	0	0	0.698029712604842	0.92643223587548	0.923584043447069	1	0.873690004390721	0.976693974922864	0.992008702435198	1	0.997002951403006	0.999967984184968
ENSFCAG00000013778:IKBKE	0	0	0	0	0	0	0	0	0	0.699979028971665	0.920527308777427	0.923869505782631	1	0.873690004390721	0.976693974922864	0.992008702435198	1	0.997025599685978	0.999967984184968
ENSFCAG00000014214:SYK	0	0	0	0	0	0	0	0	0	0.69732148408189	0.934745932849076	0.92407556997368	1	0.873690004390721	0.976693974922864	0.992008702435198	1	0.99704189378549	0.999967984184968
ENSFCAG00000008744:SEPTIN6	0	0	0	0	0	0	0	0	0	0.697694567776484	0.932928372091525	0.924082682055927	1	0.873690004390721	0.976693974922864	0.992008702435198	1	0.99704245533827	0.999967984184968
ENSFCAG00000030253:PATZ1	0	0	0	0	0	0	0	0	0	0.696062284812855	0.942419443524216	0.924143702359769	1	0.873690004390721	0.976693974922864	0.992008702435198	1	0.997047271104135	0.999967984184968
ENSFCAG00000000814:HSP90AA1	0	0	0	0	0	0	0	0	0	0.699407458813464	0.928431110984001	0.924459363750775	1	0.873690004390721	0.976693974922864	0.992008702435198	1	0.997072119000057	0.999967984184968
ENSFCAG00000014937:KEL	0	0	0	0	0	0	0	0	0	0.702737789665182	0.914625117436955	0.924481949540051	1	0.873690004390721	0.976693974922864	0.992008702435198	1	0.997073892751718	0.999967984184968
ENSFCAG00000030227:FOXO3	0	0	0	0	0	0	0	0	0	0.695899852690371	0.950102242946948	0.924660792498777	1	0.873690004390721	0.976693974922864	0.992008702435198	1	0.997087918516677	0.999967984184968
ENSFCAG00000043801:ZNF703	0	0	0	0	0	0	0	0	0	0.69369241524263	0.968763541953679	0.924669449362441	1	0.873690004390721	0.976693974922864	0.992008702435198	1	0.997088596553737	0.999967984184968
ENSFCAG00000024456:MDM2	0	0	0	0	0	0	0	0	0	0.702728927672645	0.917282221880656	0.924801974347504	1	0.873690004390721	0.976693974922864	0.992008702435198	1	0.997098966276009	0.999967984184968
ENSFCAG00000029266:CSDE1	0	0	0	0	0	0	0	0	0	0.702467427606488	0.923928198241418	0.92544340780839	1	0.873690004390721	0.976693974922864	0.992008702435198	1	0.997148888356765	0.999967984184968
ENSFCAG00000000765:FOXO1	0	0	0	0	0	0	0	0	0	0.697636772493185	0.951431359783222	0.925601892689124	1	0.873690004390721	0.976693974922864	0.992008702435198	1	0.997161154559566	0.999967984184968
ENSFCAG00000008145:CUL3	0	0	0	0	0	0	0	0	0	0.704634656942216	0.917724645192238	0.92575812359511	1	0.873690004390721	0.976693974922864	0.992008702435198	1	0.997173219751999	0.999967984184968
ENSFCAG00000044523:SOX9	0	0	0	0	0	0	0	0	0	0.699804839616743	0.940720406873871	0.925815217593435	1	0.873690004390721	0.976693974922864	0.992008702435198	1	0.997177622352903	0.999967984184968
ENSFCAG00000007246:DDX10	0	0	0	0	0	0	0	0	0	0.70354003567476	0.923664265170035	0.925924188049418	1	0.873690004390721	0.976693974922864	0.992008702435198	1	0.997186015449703	0.999967984184968
ENSFCAG00000002012:ARID3B	0	0	0	0	0	0	0	0	0	0.699685363813492	0.944754568037617	0.926092113957919	1	0.873690004390721	0.976693974922864	0.992008702435198	1	0.997198924291008	0.999967984184968
ENSFCAG00000009752:CRTC1	0	0	0	0	0	0	0	0	0	0.701536452091048	0.940233942755344	0.926604994987477	1	0.873690004390721	0.976693974922864	0.992008702435198	1	0.997238162110165	0.999967984184968
ENSFCAG00000014246:CUL4A	0	0	0	0	0	0	0	0	0	0.70954950252888	0.906604209023472	0.926635381230775	1	0.873690004390721	0.976693974922864	0.992008702435198	1	0.997240477891923	0.999967984184968
ENSFCAG00000015491:PMS1	0	0	0	0	0	0	0	0	0	0.705062327609858	0.925672128836133	0.926864453100387	1	0.873690004390721	0.976693974922864	0.992008702435198	1	0.997257903739267	0.999967984184968
ENSFCAG00000000790:TP63	0	0	0	0	0	0	0	0	0	0.704202603626934	0.929542217765312	0.9268648592122	1	0.873690004390721	0.976693974922864	0.992008702435198	1	0.997257934582536	0.999967984184968
ENSFCAG00000011809:ACSL3	0	0	0	0	0	0	0	0	0	0.70671530690938	0.92061621031496	0.927077282352093	1	0.873690004390721	0.976693974922864	0.992008702435198	1	0.997274043250242	0.999967984184968
ENSFCAG00000001371:MLH1	0	0	0	0	0	0	0	0	0	0.706508451440261	0.922073313734801	0.927146943061153	1	0.873690004390721	0.976693974922864	0.992008702435198	1	0.997279315227006	0.999967984184968
ENSFCAG00000010859:IL6ST	0	0	0	0	0	0	0	0	0	0.708079022742465	0.918253917168663	0.927438221220123	1	0.873690004390721	0.976693974922864	0.992008702435198	1	0.997301302692273	0.999967984184968
ENSFCAG00000009739:ELL	0	0	0	0	0	0	0	0	0	0.705883721431989	0.92822622630746	0.927522926483367	1	0.873690004390721	0.976693974922864	0.992008702435198	1	0.997307679595004	0.999967984184968
ENSFCAG00000013696:IKBKB	0	0	0	0	0	0	0	0	0	0.71205179401209	0.908924318394688	0.928101892771482	1	0.873690004390721	0.976693974922864	0.992008702435198	1	0.997351059065427	0.999967984184968
ENSFCAG00000012847:BRAF	0	0	0	0	0	0	0	0	0	0.710966096619301	0.913583651032178	0.928205524234529	1	0.873690004390721	0.976693974922864	0.992008702435198	1	0.997358785612408	0.999967984184968
ENSFCAG00000023059:FOXP1	0	0	0	0	0	0	0	0	0	0.710186407215671	0.919029541719197	0.928509757623879	1	0.873690004390721	0.976693974922864	0.992008702435198	1	0.997381401785899	0.999967984184968
ENSFCAG00000011083:TSHR	0	0	0	0	0	0	0	0	0	0.70629230995531	0.93641751526062	0.928521158390262	1	0.873690004390721	0.976693974922864	0.992008702435198	1	0.99738224736079	0.999967984184968
ENSFCAG00000009029:TOP1	0	0	0	0	0	0	0	0	0	0.714562431184632	0.904185602732399	0.928602287826379	1	0.873690004390721	0.976693974922864	0.992008702435198	1	0.997388260546781	0.999967984184968
ENSFCAG00000028305:FOXA1	0	0	0	0	0	0	0	0	0	0.704433382422081	0.948834326338805	0.928677639742178	1	0.873690004390721	0.976693974922864	0.992008702435198	1	0.997393839163174	0.999967984184968
ENSFCAG00000007459:GAB2	0	0	0	0	0	0	0	0	0	0.709219995904515	0.926156247563541	0.928865073402887	1	0.873690004390721	0.976693974922864	0.992008702435198	1	0.99740768914055	0.999967984184968
ENSFCAG00000010312:BARD1	0	0	0	0	0	0	0	0	0	0.708076203387399	0.931418920417042	0.928877395543436	1	0.873690004390721	0.976693974922864	0.992008702435198	1	0.997408598331618	0.999967984184968
ENSFCAG00000006761:RUNX1	0	0	0	0	0	0	0	0	0	0.705371675199615	0.946044515577896	0.92890901951183	1	0.873690004390721	0.976693974922864	0.992008702435198	1	0.997410930962995	0.999967984184968
ENSFCAG00000023085:CRTC3	0	0	0	0	0	0	0	0	0	0.708424727586661	0.933184066118899	0.929214127757682	1	0.873690004390721	0.976693974922864	0.992008702435198	1	0.997433380909305	0.999967984184968
ENSFCAG00000024132:TNFRSF11A	0	0	0	0	0	0	0	0	0	0.706844159448148	0.942439381900168	0.929310962110385	1	0.873690004390721	0.976693974922864	0.992008702435198	1	0.99744048506188	0.999967984184968
ENSFCAG00000004287:PTPN6	0	0	0	0	0	0	0	0	0	0.709852768639867	0.928660803582822	0.92942397868171	1	0.873690004390721	0.976693974922864	0.992008702435198	1	0.997448763646003	0.999967984184968
ENSFCAG00000010997:PRKAR1A	0	0	0	0	0	0	0	0	0	0.711718680683038	0.921006430393613	0.929448073830295	1	0.873690004390721	0.976693974922864	0.992008702435198	1	0.997450526863924	0.999967984184968
ENSFCAG00000006991:SRC	0	0	0	0	0	0	0	0	0	0.710136740811351	0.927999479459258	0.929486679622683	1	0.873690004390721	0.976693974922864	0.992008702435198	1	0.997453350629408	0.999967984184968
ENSFCAG00000041774:BIRC3	0	0	0	0	0	0	0	0	0	0.709734295858561	0.932292014338608	0.929736726148155	1	0.873690004390721	0.976693974922864	0.992008702435198	1	0.997471601101927	0.999967984184968
ENSFCAG00000009978:WIF1	0	0	0	0	0	0	0	0	0	0.709657106148689	0.933958022222109	0.929863133165973	1	0.873690004390721	0.976693974922864	0.992008702435198	1	0.997480801743679	0.999967984184968
ENSFCAG00000004020:DAXX	0	0	0	0	0	0	0	0	0	0.709865698874624	0.935580994074208	0.930114273581606	1	0.873690004390721	0.976693974922864	0.992008702435198	1	0.997499030229002	0.999967984184968
ENSFCAG00000043468:KLF2	0	0	0	0	0	0	0	0	0	0.708645377393569	0.944123190357902	0.930293824411068	1	0.873690004390721	0.976693974922864	0.992008702435198	1	0.997512020966892	0.999967984184968
ENSFCAG00000012784:STRN	0	0	0	0	0	0	0	0	0	0.715990117714193	0.914318836057082	0.930595219457727	1	0.873690004390721	0.976693974922864	0.992008702435198	1	0.997533749389003	0.999967984184968
ENSFCAG00000043374:MYCN	0	0	0	0	0	0	0	0	0	0.708136675694359	0.951327270697236	0.930603807582287	1	0.873690004390721	0.976693974922864	0.992008702435198	1	0.997534367100703	0.999967984184968
ENSFCAG00000009638:HNF1A	0	0	0	0	0	0	0	0	0	0.710883935384231	0.935903280523329	0.930616666595393	1	0.873690004390721	0.976693974922864	0.992008702435198	1	0.997535291853276	0.999967984184968
ENSFCAG00000004384:TGFBR2	0	0	0	0	0	0	0	0	0	0.711134719220818	0.934845614579075	0.930633075466336	1	0.873690004390721	0.976693974922864	0.992008702435198	1	0.99753647163492	0.999967984184968
ENSFCAG00000007992:EZR	0	0	0	0	0	0	0	0	0	0.714047529975511	0.922085572456936	0.930640025872304	1	0.873690004390721	0.976693974922864	0.992008702435198	1	0.997536971275028	0.999967984184968
ENSFCAG00000023797:SUZ12	0	0	0	0	0	0	0	0	0	0.715518780443971	0.91717892917471	0.930733825442848	1	0.873690004390721	0.976693974922864	0.992008702435198	1	0.997543709117312	0.999967984184968
ENSFCAG00000003492:CTCF	0	0	0	0	0	0	0	0	0	0.712551380543068	0.932522282158825	0.931061749986707	1	0.873690004390721	0.976693974922864	0.992008702435198	1	0.99756719041679	0.999967984184968
ENSFCAG00000027650:EPS15	0	0	0	0	0	0	0	0	0	0.715046018752785	0.923701359026001	0.931277415222621	1	0.873690004390721	0.976693974922864	0.992008702435198	1	0.99758257033928	0.999967984184968
ENSFCAG00000026219:ETAA1	0	0	0	0	0	0	0	0	0	0.711783183127917	0.939381558942927	0.931348504310809	1	0.873690004390721	0.976693974922864	0.992008702435198	1	0.997587629031972	0.999967984184968
ENSFCAG00000003644:ARNT	0	0	0	0	0	0	0	0	0	0.715749072167077	0.922383411441585	0.931448799650543	1	0.873690004390721	0.976693974922864	0.992008702435198	1	0.997594756810767	0.999967984184968
ENSFCAG00000003915:PPP2R1A	0	0	0	0	0	0	0	0	0	0.714463310765833	0.930607505349278	0.931746697906448	1	0.873690004390721	0.976693974922864	0.992008702435198	1	0.997615864141975	0.999967984184968
ENSFCAG00000014440:COP1	0	0	0	0	0	0	0	0	0	0.719798843138262	0.911204371829457	0.931910577351444	1	0.873690004390721	0.976693974922864	0.992008702435198	1	0.997627435071049	0.999967984184968
ENSFCAG00000007469:GOLGA5	0	0	0	0	0	0	0	0	0	0.719715862828276	0.914866003544247	0.932340250365869	1	0.873690004390721	0.976693974922864	0.992008702435198	1	0.997657635892644	0.999967984184968
ENSFCAG00000000389:TRAF2	0	0	0	0	0	0	0	0	0	0.716012546145379	0.931243273587537	0.932516327494839	1	0.873690004390721	0.976693974922864	0.992008702435198	1	0.997669954782779	0.999967984184968
ENSFCAG00000031492:ESR1	0	0	0	0	0	0	0	0	0	0.714060991827816	0.941692155422045	0.932596109199199	1	0.873690004390721	0.976693974922864	0.992008702435198	1	0.997675525607448	0.999967984184968
ENSFCAG00000008547:EBF1	0	0	0	0	0	0	0	0	0	0.715205904812518	0.936130196903118	0.932622941307646	1	0.873690004390721	0.976693974922864	0.992008702435198	1	0.997677397648264	0.999967984184968
ENSFCAG00000003427:HIF1A	0	0	0	0	0	0	0	0	0	0.717228768739076	0.927065280964239	0.932634390688759	1	0.873690004390721	0.976693974922864	0.992008702435198	1	0.997678196221499	0.999967984184968
ENSFCAG00000002211:NTHL1	0	0	0	0	0	0	0	0	0	0.712692355571045	0.950327262386917	0.932647780732247	1	0.873690004390721	0.976693974922864	0.992008702435198	1	0.997679129974047	0.999967984184968
ENSFCAG00000011053:PLK2	0	0	0	0	0	0	0	0	0	0.718131046236427	0.924500793250853	0.932762801081688	1	0.873690004390721	0.976693974922864	0.992008702435198	1	0.997687142981852	0.999967984184968
ENSFCAG00000011007:MSI1	0	0	0	0	0	0	0	0	0	0.716476427120749	0.93502973785346	0.9330969235953	1	0.873690004390721	0.976693974922864	0.992008702435198	1	0.997710339524447	0.999967984184968
ENSFCAG00000035160:FNBP1	0	0	0	0	0	0	0	0	0	0.718075206848243	0.928544531500868	0.933172525787063	1	0.873690004390721	0.976693974922864	0.992008702435198	1	0.997715571626247	0.999967984184968
ENSFCAG00000001108:SETD3	0	0	0	0	0	0	0	0	0	0.721609343833169	0.916102907030612	0.933336861395524	1	0.873690004390721	0.976693974922864	0.992008702435198	1	0.997726923458961	0.999967984184968
ENSFCAG00000030557:FOXF1	0	0	0	0	0	0	0	0	0	0.713412671059425	0.955721689243051	0.933348711670871	1	0.873690004390721	0.976693974922864	0.992008702435198	1	0.997727740923461	0.999967984184968
ENSFCAG00000012180:AKT2	0	0	0	0	0	0	0	0	0	0.717960017164714	0.931793002458015	0.933452561571216	1	0.873690004390721	0.976693974922864	0.992008702435198	1	0.997734898337928	0.999967984184968
ENSFCAG00000030412:RUNX1T1	0	0	0	0	0	0	0	0	0	0.720132189999107	0.92449462338466	0.933659625460247	1	0.873690004390721	0.976693974922864	0.992008702435198	1	0.99774913485626	0.999967984184968
ENSFCAG00000006724:SLC45A3	0	0	0	0	0	0	0	0	0	0.714750582440113	0.952856059265398	0.933770822697171	1	0.873690004390721	0.976693974922864	0.992008702435198	1	0.997756761183884	0.999967984184968
ENSFCAG00000012383:MPEG1	0	0	0	0	0	0	0	0	0	0.715736208341618	0.948100240683552	0.933876630162988	1	0.873690004390721	0.976693974922864	0.992008702435198	1	0.997764005565949	0.999967984184968
ENSFCAG00000009580:PAX8	0	0	0	0	0	0	0	0	0	0.718071926034076	0.937023917303527	0.934005018645529	1	0.873690004390721	0.976693974922864	0.992008702435198	1	0.997772779917393	0.999967984184968
ENSFCAG00000003694:TFRC	0	0	0	0	0	0	0	0	0	0.720426918652967	0.928030965992844	0.934173371476426	1	0.873690004390721	0.976693974922864	0.992008702435198	1	0.997784258777173	0.999967984184968
ENSFCAG00000012963:SAMHD1	0	0	0	0	0	0	0	0	0	0.721470106017371	0.924740145148137	0.934283091794164	1	0.873690004390721	0.976693974922864	0.992008702435198	1	0.997791723545428	0.999967984184968
ENSFCAG00000005955:PAK5	0	0	0	0	0	0	0	0	0	0.718835209352396	0.938418154185785	0.93447581363311	1	0.873690004390721	0.976693974922864	0.992008702435198	1	0.997804804089035	0.999967984184968
ENSFCAG00000044486:MNX1	0	0	0	0	0	0	0	0	0	0.715601967102957	0.961928810888973	0.934723938365939	1	0.873690004390721	0.976693974922864	0.992008702435198	1	0.997821586448076	0.999967984184968
ENSFCAG00000030357:NBN	0	0	0	0	0	0	0	0	0	0.721397002382611	0.929746436614355	0.934784607549063	1	0.873690004390721	0.976693974922864	0.992008702435198	1	0.997825679894573	0.999967984184968
ENSFCAG00000025339:DDX3X	0	0	0	0	0	0	0	0	0	0.723431185253844	0.922104619867867	0.934855554062159	1	0.873690004390721	0.976693974922864	0.992008702435198	1	0.997830461774365	0.999967984184968
ENSFCAG00000022556:HLF	0	0	0	0	0	0	0	0	0	0.718123180536829	0.946942385319161	0.934869896892693	1	0.873690004390721	0.976693974922864	0.992008702435198	1	0.997831427844008	0.999967984184968
ENSFCAG00000025219:MRE11	0	0	0	0	0	0	0	0	0	0.725940268351199	0.913300859286131	0.934892116641683	1	0.873690004390721	0.976693974922864	0.992008702435198	1	0.997832924033544	0.999967984184968
ENSFCAG00000004957:AKT1	0	0	0	0	0	0	0	0	0	0.721388897446046	0.931164976919637	0.934925617250025	1	0.873690004390721	0.976693974922864	0.992008702435198	1	0.99783517883296	0.999967984184968
ENSFCAG00000018634:STAT4	0	0	0	0	0	0	0	0	0	0.727322189920047	0.910719128231681	0.935159398472358	1	0.873690004390721	0.976693974922864	0.992008702435198	1	0.99785088034908	0.999967984184968
ENSFCAG00000000308:WT1	0	0	0	0	0	0	0	0	0	0.721238193385284	0.935824538612004	0.935312704936625	1	0.873690004390721	0.976693974922864	0.992008702435198	1	0.997861145185907	0.999967984184968
ENSFCAG00000042921:IKZF1	0	0	0	0	0	0	0	0	0	0.720968208749479	0.93769099507306	0.935365299903056	1	0.873690004390721	0.976693974922864	0.992008702435198	1	0.997864660961977	0.999967984184968
ENSFCAG00000045851:SOX17	0	0	0	0	0	0	0	0	0	0.717899804849275	0.956814726441492	0.935463713213525	1	0.873690004390721	0.976693974922864	0.992008702435198	1	0.997871231578403	0.999967984184968
ENSFCAG00000026299:RAF1	0	0	0	0	0	0	0	0	0	0.725519854494632	0.919713900822338	0.935495543977875	1	0.873690004390721	0.976693974922864	0.992008702435198	1	0.997873354560182	0.999967984184968
ENSFCAG00000028670:ETV5	0	0	0	0	0	0	0	0	0	0.721564820432914	0.938320769062945	0.93568839807068	1	0.873690004390721	0.976693974922864	0.992008702435198	1	0.997886193981038	0.999967984184968
ENSFCAG00000042273:MAF	0	0	0	0	0	0	0	0	0	0.720116127717244	0.947692604413915	0.935823874724818	1	0.873690004390721	0.976693974922864	0.992008702435198	1	0.997895189681725	0.999967984184968
ENSFCAG00000025031:HOOK3	0	0	0	0	0	0	0	0	0	0.728924546249634	0.914732459487016	0.936368559643889	1	0.873690004390721	0.976693974922864	0.992008702435198	1	0.997931159053756	0.999967984184968
ENSFCAG00000045890:FOXL2	0	0	0	0	0	0	0	0	0	0.719132544043098	0.964313210242106	0.936452298758302	1	0.873690004390721	0.976693974922864	0.992008702435198	1	0.997936660831327	0.999967984184968
ENSFCAG00000024950:ARID5A	0	0	0	0	0	0	0	0	0	0.720626763169959	0.953383033016923	0.936464598511893	1	0.873690004390721	0.976693974922864	0.992008702435198	1	0.997937468311711	0.999967984184968
ENSFCAG00000025491:ELP2	0	0	0	0	0	0	0	0	0	0.729032431290924	0.916596353228907	0.936646605680569	1	0.873690004390721	0.976693974922864	0.992008702435198	1	0.997949398224245	0.999967984184968
ENSFCAG00000004243:EWSR1	0	0	0	0	0	0	0	0	0	0.728513938383005	0.91984367936584	0.936813565755866	1	0.873690004390721	0.976693974922864	0.992008702435198	1	0.997960310751757	0.999967984184968
ENSFCAG00000030250:CMTR2	0	0	0	0	0	0	0	0	0	0.723800220414159	0.940845086031598	0.936903156190926	1	0.873690004390721	0.976693974922864	0.992008702435198	1	0.997966154124005	0.999967984184968
ENSFCAG00000028455:PRF1	0	0	0	0	0	0	0	0	0	0.721249900552054	0.956255068562286	0.936933112514995	1	0.873690004390721	0.976693974922864	0.992008702435198	1	0.997968106059225	0.999967984184968
ENSFCAG00000015395:BTK	0	0	0	0	0	0	0	0	0	0.728798155530779	0.921108167864266	0.937084492218183	1	0.873690004390721	0.976693974922864	0.992008702435198	1	0.997977955216858	0.999967984184968
ENSFCAG00000008222:RPN1	0	0	0	0	0	0	0	0	0	0.724622778662827	0.938894601940768	0.937093639375441	1	0.873690004390721	0.976693974922864	0.992008702435198	1	0.997978549571211	0.999967984184968
ENSFCAG00000013821:MSN	1	0	0	0	0	0	0	0	0	0.727582441710942	0.925964158636834	0.937101509987691	1	0.873690004390721	0.976693974922864	0.992008702435198	1	0.997979060908101	0.999967984184968
ENSFCAG00000012781:SHQ1	0	0	0	0	0	0	0	0	0	0.727503090090658	0.927547746834412	0.937240144807165	1	0.873690004390721	0.976693974922864	0.992008702435198	1	0.997988056880105	0.999967984184968
ENSFCAG00000030101:ERF	0	0	0	0	0	0	0	0	0	0.724288774143503	0.94299617362599	0.937302035746526	1	0.873690004390721	0.976693974922864	0.992008702435198	1	0.997992066343593	0.999967984184968
ENSFCAG00000015112:MPL	0	0	0	0	0	0	0	0	0	0.7309105285161	0.920537156216231	0.937927166391475	1	0.873690004390721	0.976693974922864	0.992008702435198	1	0.998032334950502	0.999967984184968
ENSFCAG00000023466:POT1	0	0	0	0	0	0	0	0	0	0.730761629934947	0.927284097640462	0.938619735271817	1	0.873690004390721	0.976693974922864	0.992008702435198	1	0.998076461193941	0.999967984184968
ENSFCAG00000026462:VEGFA	0	0	0	0	0	0	0	0	0	0.72963689632632	0.935410760629562	0.93895717319987	1	0.873690004390721	0.976693974922864	0.992008702435198	1	0.998097775500785	0.999967984184968
ENSFCAG00000009952:ITK	0	0	0	0	0	0	0	0	0	0.733611707758714	0.9198107150047	0.938993485512342	1	0.873690004390721	0.976693974922864	0.992008702435198	1	0.998100061944521	0.999967984184968
ENSFCAG00000031674:TCF12	0	0	0	0	0	0	0	0	0	0.732741914022334	0.926188776647076	0.939348295864709	1	0.873690004390721	0.976693974922864	0.992008702435198	1	0.998122329072321	0.999967984184968
ENSFCAG00000009182:LCP1	0	0	0	0	0	0	0	0	0	0.732363207282555	0.92796076153675	0.939377390400994	1	0.873690004390721	0.976693974922864	0.992008702435198	1	0.998124149036234	0.999967984184968
ENSFCAG00000008473:NFIB	1	0	0	0	0	0	0	0	0	0.733280908795044	0.92454618013345	0.939394287117896	1	0.873690004390721	0.976693974922864	0.992008702435198	1	0.998125205570712	0.999967984184968
ENSFCAG00000041373:CEBPA	0	0	0	0	0	0	0	0	0	0.726219570284334	0.963407382980068	0.939552959081183	1	0.873690004390721	0.976693974922864	0.992008702435198	1	0.998135112339974	0.999967984184968
ENSFCAG00000041932:RUNX2	0	0	0	0	0	0	0	0	0	0.730461068372983	0.938646864381707	0.939612381747177	1	0.873690004390721	0.976693974922864	0.992008702435198	1	0.998138815529032	0.999967984184968
ENSFCAG00000003395:RPS6KB2	0	0	0	0	0	0	0	0	0	0.732062497151185	0.931592410993458	0.939624929773762	1	0.873690004390721	0.976693974922864	0.992008702435198	1	0.998139597034826	0.999967984184968
ENSFCAG00000012482:LCK	0	0	0	0	0	0	0	0	0	0.731270242863907	0.936374599302363	0.939750924916106	1	0.873690004390721	0.976693974922864	0.992008702435198	1	0.998147434871568	0.999967984184968
ENSFCAG00000001964:PDPK1	0	0	0	0	0	0	0	0	0	0.734794267056404	0.922315625416101	0.939785891685824	1	0.873690004390721	0.976693974922864	0.992008702435198	1	0.998149607070532	0.999967984184968
ENSFCAG00000004249:NF2	0	0	0	0	0	0	0	0	0	0.736110261953624	0.920244564803302	0.940099382154464	1	0.873690004390721	0.976693974922864	0.992008702435198	1	0.998169023552493	0.999967984184968
ENSFCAG00000030898:NADK	0	0	0	0	0	0	0	0	0	0.730355206512135	0.945424058966374	0.940145134468178	1	0.873690004390721	0.976693974922864	0.992008702435198	1	0.998171848545128	0.999967984184968
ENSFCAG00000009146:PARP3	0	0	0	0	0	0	0	0	0	0.733082882970068	0.932848461692344	0.940185702942232	1	0.873690004390721	0.976693974922864	0.992008702435198	1	0.998174351597337	0.999967984184968
ENSFCAG00000028016:KLF4	0	0	0	0	0	0	0	0	0	0.729443625569853	0.95168295626328	0.940225417614923	1	0.873690004390721	0.976693974922864	0.992008702435198	1	0.998176800274846	0.999967984184968
ENSFCAG00000041347:HOXA13	0	0	0	0	0	0	0	0	0	0.728084201959921	0.961009883048564	0.940234261531572	1	0.873690004390721	0.976693974922864	0.992008702435198	1	0.998177345333595	0.999967984184968
ENSFCAG00000006864:GPC3	0	0	0	0	0	0	0	0	0	0.732167392113549	0.937781049182165	0.940265491175039	1	0.873690004390721	0.976693974922864	0.992008702435198	1	0.998179269379849	0.999967984184968
ENSFCAG00000015036:GATA4	0	0	0	0	0	0	0	0	0	0.730901950188292	0.944758631545824	0.940326649208059	1	0.873690004390721	0.976693974922864	0.992008702435198	1	0.998183034298036	0.999967984184968
ENSFCAG00000035050:YAP1	0	0	0	0	0	0	0	0	0	0.733540047201709	0.932770675070181	0.940372457630534	1	0.873690004390721	0.976693974922864	0.992008702435198	1	0.998185851681276	0.999967984184968
ENSFCAG00000006814:LPP	0	0	0	0	0	0	0	0	0	0.732418815150643	0.939566309326834	0.940534286149841	1	0.873690004390721	0.976693974922864	0.992008702435198	1	0.99819578685366	0.999967984184968
ENSFCAG00000023350:FYN	0	0	0	0	0	0	0	0	0	0.735768853536408	0.926230437539915	0.940634622414817	1	0.873690004390721	0.976693974922864	0.992008702435198	1	0.998201932834934	0.999967984184968
ENSFCAG00000007838:FSTL3	0	0	0	0	0	0	0	0	0	0.72936253838973	0.959437972315749	0.940697242621809	1	0.873690004390721	0.976693974922864	0.992008702435198	1	0.998205763138653	0.999967984184968
ENSFCAG00000004785:CBLC	0	0	0	0	0	0	0	0	0	0.732135316810343	0.942919329206587	0.940703423665856	1	0.873690004390721	0.976693974922864	0.992008702435198	1	0.998206140989868	0.999967984184968
ENSFCAG00000008071:TMPRSS2	0	0	0	0	0	0	0	0	0	0.73519535873211	0.930703879144062	0.940865393364341	1	0.873690004390721	0.976693974922864	0.992008702435198	1	0.998216027826903	0.999967984184968
ENSFCAG00000043446:GNA12	0	0	0	0	0	0	0	0	0	0.730601239542322	0.9538564330147	0.940876187858633	1	0.873690004390721	0.976693974922864	0.992008702435198	1	0.998216685745496	0.999967984184968
ENSFCAG00000004303:WDCP	0	0	0	0	0	0	0	0	0	0.731945504567671	0.946876600442168	0.940943436703648	1	0.873690004390721	0.976693974922864	0.992008702435198	1	0.998220781737249	0.999967984184968
ENSFCAG00000041799:E2F3	0	0	0	0	0	0	0	0	0	0.732631980783789	0.943503601433924	0.940964584737974	1	0.873690004390721	0.976693974922864	0.992008702435198	1	0.998222068828049	0.999967984184968
ENSFCAG00000009695:PTPN11	0	0	0	0	0	0	0	0	0	0.736014820015492	0.930769420713387	0.941217468936344	1	0.873690004390721	0.976693974922864	0.992008702435198	1	0.998237422796577	0.999967984184968
ENSFCAG00000012034:SETDB2	0	0	0	0	0	0	0	0	0	0.738377149626413	0.922044180695054	0.941257264656924	1	0.873690004390721	0.976693974922864	0.992008702435198	1	0.998239832822302	0.999967984184968
ENSFCAG00000005890:SLC1A2	0	0	0	0	0	0	0	0	0	0.733488951728254	0.947151967426878	0.941623967430344	1	0.873690004390721	0.976693974922864	0.992008702435198	1	0.998261961139216	0.999967984184968
ENSFCAG00000027219:IDH2	0	0	0	0	0	0	0	0	0	0.735090175677581	0.942503229939168	0.941925042668669	1	0.873690004390721	0.976693974922864	0.992008702435198	1	0.99828002246701	0.999967984184968
ENSFCAG00000009924:IL21R	0	0	0	0	0	0	0	0	0	0.734875425681315	0.944602696080155	0.942009047525808	1	0.873690004390721	0.976693974922864	0.992008702435198	1	0.998285044696497	0.999967984184968
ENSFCAG00000002791:P2RY8	0	0	0	0	0	0	0	0	0	0.731624273278796	0.967584268477153	0.942109954659038	1	0.873690004390721	0.976693974922864	0.992008702435198	1	0.998291067524639	0.999967984184968
ENSFCAG00000022519:NAB2	0	0	0	0	0	0	0	0	0	0.735523411660851	0.943613475983937	0.942201394073099	1	0.873690004390721	0.976693974922864	0.992008702435198	1	0.998296515920092	0.999967984184968
ENSFCAG00000023460:ELF4	0	0	0	0	0	0	0	0	0	0.734428169497699	0.949651579495277	0.942213295212752	1	0.873690004390721	0.976693974922864	0.992008702435198	1	0.998297224393955	0.999967984184968
ENSFCAG00000040498:YY1	0	0	0	0	0	0	0	0	0	0.73637139730236	0.940491818678423	0.942291703073103	1	0.873690004390721	0.976693974922864	0.992008702435198	1	0.998301888249898	0.999967984184968
ENSFCAG00000001436:PRDM14	0	0	0	0	0	0	0	0	0	0.736001643149625	0.942625658502372	0.942320160207443	1	0.873690004390721	0.976693974922864	0.992008702435198	1	0.998303579323329	0.999967984184968
ENSFCAG00000038609:FCRL4	0	0	0	0	0	0	0	0	0	0.736263399976131	0.943751999502524	0.942524874065908	1	0.873690004390721	0.976693974922864	0.992008702435198	1	0.998315719177548	0.999967984184968
ENSFCAG00000013654:PHF1	0	0	0	0	0	0	0	0	0	0.737718607991753	0.937368521601757	0.942575044446067	1	0.873690004390721	0.976693974922864	0.992008702435198	1	0.998318687576022	0.999967984184968
ENSFCAG00000018794:CREB3L1	1	0	0	0	0	0	0	0	0	0.736372134796673	0.944625210209977	0.942641271362955	1	0.873690004390721	0.976693974922864	0.992008702435198	1	0.998322601892119	0.999967984184968
ENSFCAG00000011327:FAF1	0	0	0	0	0	0	0	0	0	0.74132932465822	0.924456946645315	0.942753671193006	1	0.873690004390721	0.976693974922864	0.992008702435198	1	0.998329234590759	0.999967984184968
ENSFCAG00000038026:NKX2-1	0	0	0	0	0	0	0	0	0	0.735193616428152	0.95636946738915	0.943003251459896	1	0.873690004390721	0.976693974922864	0.992008702435198	1	0.998343914376117	0.999967984184968
ENSFCAG00000006154:GATA2	0	0	0	0	0	0	0	0	0	0.735795901500802	0.954614741004559	0.943142593823007	1	0.873690004390721	0.976693974922864	0.992008702435198	1	0.998352081464689	0.999967984184968
ENSFCAG00000001249:SUFU	0	0	0	0	0	0	0	0	0	0.73838273158847	0.940966733869236	0.943176030873346	1	0.873690004390721	0.976693974922864	0.992008702435198	1	0.998354038203169	0.999967984184968
ENSFCAG00000032199:EGR1	0	0	0	0	0	0	0	0	0	0.734589892822376	0.965602564357145	0.943278624910151	1	0.873690004390721	0.976693974922864	0.992008702435198	1	0.998360034615029	0.999967984184968
ENSFCAG00000011521:TFEB	0	0	0	0	0	0	0	0	0	0.738386671906827	0.942817348105993	0.943336621079791	1	0.873690004390721	0.976693974922864	0.992008702435198	1	0.998363419435753	0.999967984184968
ENSFCAG00000026263:ACVR1B	0	0	0	0	0	0	0	0	0	0.740403535447713	0.935296439751693	0.943496912251976	1	0.873690004390721	0.976693974922864	0.992008702435198	1	0.998372755937603	0.999967984184968
ENSFCAG00000026908:PRKCI	0	0	0	0	0	0	0	0	0	0.744198753313447	0.921312088945909	0.94356841743639	1	0.873690004390721	0.976693974922864	0.992008702435198	1	0.99837691212597	0.999967984184968
ENSFCAG00000009909:ETV4	0	0	0	0	0	0	0	0	0	0.740982453974688	0.934944481367083	0.943702357036156	1	0.873690004390721	0.976693974922864	0.992008702435198	1	0.998384682689528	0.999967984184968
ENSFCAG00000014348:TEC	0	0	0	0	0	0	0	0	0	0.743652751385993	0.925642396363181	0.943837441379841	1	0.873690004390721	0.976693974922864	0.992008702435198	1	0.998392500411464	0.999967984184968
ENSFCAG00000013396:SESN2	0	0	0	0	0	0	0	0	0	0.742910832332133	0.929036316574326	0.943899847175212	1	0.873690004390721	0.976693974922864	0.992008702435198	1	0.998396105486345	0.999967984184968
ENSFCAG00000012902:FANCE	0	0	0	0	0	0	0	0	0	0.74059294354101	0.939666938607778	0.943979606059678	1	0.873690004390721	0.976693974922864	0.992008702435198	1	0.998400707012802	0.999967984184968
ENSFCAG00000042993:GATA3	0	0	0	0	0	0	0	0	0	0.738671079029023	0.950605978461386	0.944068734873098	1	0.873690004390721	0.976693974922864	0.992008702435198	1	0.998405841145229	0.999967984184968
ENSFCAG00000011397:ATP6AP1	0	0	0	0	0	0	0	0	0	0.74013859331091	0.943673522745203	0.944137233608887	1	0.873690004390721	0.976693974922864	0.992008702435198	1	0.99840978119426	0.999967984184968
ENSFCAG00000028649:DUSP4	0	0	0	0	0	0	0	0	0	0.737947832424206	0.958766032884069	0.944312765726406	1	0.873690004390721	0.976693974922864	0.992008702435198	1	0.998419855122133	0.999967984184968
ENSFCAG00000046322:IRF8	0	0	0	0	0	0	0	0	0	0.741243255408315	0.940856409140553	0.94435342189035	1	0.873690004390721	0.976693974922864	0.992008702435198	1	0.998422183757652	0.999967984184968
ENSFCAG00000030907:MAP3K7	0	0	0	0	0	0	0	0	0	0.745189550538574	0.925827896141707	0.944482793593016	1	0.873690004390721	0.976693974922864	0.992008702435198	1	0.998429582046772	0.999967984184968
ENSFCAG00000041539:MYC	0	0	0	0	0	0	0	0	0	0.739667653560183	0.952709535943357	0.944634082757001	1	0.873690004390721	0.976693974922864	0.992008702435198	1	0.998438211236193	0.999967984184968
ENSFCAG00000029123:PICALM	0	0	0	0	0	0	0	0	0	0.744659413119832	0.929558600640335	0.944667785419422	1	0.873690004390721	0.976693974922864	0.992008702435198	1	0.998440130259107	0.999967984184968
ENSFCAG00000036087:LMO2	0	0	0	0	0	0	0	0	0	0.742170788701567	0.940156024055784	0.944673707168979	1	0.873690004390721	0.976693974922864	0.992008702435198	1	0.998440467318157	0.999967984184968
ENSFCAG00000009461:SMARCD1	0	0	0	0	0	0	0	0	0	0.746126047580891	0.925980118648144	0.944878446298554	1	0.873690004390721	0.976693974922864	0.992008702435198	1	0.998452098002962	0.999967984184968
ENSFCAG00000000648:CREB3L2	0	0	0	0	0	0	0	0	0	0.742864577367653	0.943322019993214	0.945231714858346	1	0.873690004390721	0.976693974922864	0.992008702435198	1	0.998472061941489	0.999967984184968
ENSFCAG00000010770:CSF1	0	0	0	0	0	0	0	0	0	0.744120913457339	0.938628633309743	0.945334922111166	1	0.873690004390721	0.976693974922864	0.992008702435198	1	0.998477869474394	0.999967984184968
ENSFCAG00000018967:PAX3	0	0	0	0	0	0	0	0	0	0.744056566535898	0.939430990114572	0.945381193740486	1	0.873690004390721	0.976693974922864	0.992008702435198	1	0.99848046954786	0.999967984184968
ENSFCAG00000030594:HOXD11	0	0	0	0	0	0	0	0	0	0.740491445823614	0.962160914048579	0.945570930103883	1	0.873690004390721	0.976693974922864	0.992008702435198	1	0.998491107441672	0.999967984184968
ENSFCAG00000012557:ACKR3	0	0	0	0	0	0	0	0	0	0.741195181789065	0.957951649141623	0.945613543132794	1	0.873690004390721	0.976693974922864	0.992008702435198	1	0.998493491378248	0.999967984184968
ENSFCAG00000033150:PTK6	0	0	0	0	0	0	0	0	0	0.744991749366629	0.93915839735156	0.945737385669213	1	0.873690004390721	0.976693974922864	0.992008702435198	1	0.998500408705957	0.999967984184968
ENSFCAG00000013314:TIPARP	0	0	0	0	0	0	0	0	0	0.745158553311924	0.938589921806692	0.945753606962654	1	0.873690004390721	0.976693974922864	0.992008702435198	1	0.998501313558539	0.999967984184968
ENSFCAG00000013705:NT5C2	0	0	0	0	0	0	0	0	0	0.748557127864722	0.925308316497786	0.945781108839639	1	0.873690004390721	0.976693974922864	0.992008702435198	1	0.998502847026404	0.999967984184968
ENSFCAG00000029939:SPRTN	0	0	0	0	0	0	0	0	0	0.745441321791277	0.937901248603024	0.945805272898109	1	0.873690004390721	0.976693974922864	0.992008702435198	1	0.99850419372196	0.999967984184968
ENSFCAG00000004033:CCNQ	0	0	0	0	0	0	0	0	0	0.744515089434144	0.943321841025039	0.945906196554126	1	0.873690004390721	0.976693974922864	0.992008702435198	1	0.99850981165971	0.999967984184968
ENSFCAG00000030888:RECQL	0	0	0	0	0	0	0	0	0	0.747476005902403	0.930826601773978	0.945937477734636	1	0.873690004390721	0.976693974922864	0.992008702435198	1	0.998511550747513	0.999967984184968
ENSFCAG00000024419:MITF	0	0	0	0	0	0	0	0	0	0.749201075353711	0.924599962292109	0.945959190528941	1	0.873690004390721	0.976693974922864	0.992008702435198	1	0.998512757269443	0.999967984184968
ENSFCAG00000004973:MYOD1	0	0	0	0	0	0	0	0	0	0.742564533697645	0.955441009981318	0.94601698646864	1	0.873690004390721	0.976693974922864	0.992008702435198	1	0.998515966406427	0.999967984184968
ENSFCAG00000001845:GAS7	0	0	0	0	0	0	0	0	0	0.747195804334269	0.933819804255024	0.94612559316741	1	0.873690004390721	0.976693974922864	0.992008702435198	1	0.998521987274444	0.999967984184968
ENSFCAG00000011506:PAK3	0	0	0	0	0	0	0	0	0	0.748668458319432	0.928472788943542	0.946169435024311	1	0.873690004390721	0.976693974922864	0.992008702435198	1	0.998524414218805	0.999967984184968
ENSFCAG00000023614:LYN	0	0	0	0	0	0	0	0	0	0.750136012484899	0.925212442337946	0.946399641293557	1	0.873690004390721	0.976693974922864	0.992008702435198	1	0.998537124362123	0.999967984184968
ENSFCAG00000028952:HOXA3	0	0	0	0	0	0	0	0	0	0.742801261939539	0.962595934137261	0.946548360090018	1	0.873690004390721	0.976693974922864	0.992008702435198	1	0.998545305647633	0.999967984184968
ENSFCAG00000028288:PRCC	0	0	0	0	0	0	0	0	0	0.744441100999003	0.952393673905012	0.946577155170863	1	0.873690004390721	0.976693974922864	0.992008702435198	1	0.998546887016045	0.999967984184968
ENSFCAG00000031608:KLF5	0	0	0	0	0	0	0	0	0	0.744969780708544	0.951099856298817	0.946699948854505	1	0.873690004390721	0.976693974922864	0.992008702435198	1	0.998553620768236	0.999967984184968
ENSFCAG00000007485:ERG	0	0	0	0	0	0	0	0	0	0.74605361070497	0.94575477528719	0.946731040378439	1	0.873690004390721	0.976693974922864	0.992008702435198	1	0.998555323236211	0.999967984184968
ENSFCAG00000006788:ACTB	0	0	0	0	0	0	0	0	0	0.744506200299251	0.954306405442901	0.946735931420619	1	0.873690004390721	0.976693974922864	0.992008702435198	1	0.998555590960392	0.999967984184968
ENSFCAG00000001254:CYP17A1	0	0	0	0	0	0	0	0	0	0.745904455142192	0.947737395245262	0.946827238890324	1	0.873690004390721	0.976693974922864	0.992008702435198	1	0.998560584278427	0.999967984184968
ENSFCAG00000003706:FANCC	0	0	0	0	0	0	0	0	0	0.752399116142451	0.924872614288149	0.947256409062095	1	0.873690004390721	0.976693974922864	0.992008702435198	1	0.998583936298956	0.999967984184968
ENSFCAG00000005081:SESN3	0	0	0	0	0	0	0	0	0	0.751432685431333	0.929125199577738	0.947337347047049	1	0.873690004390721	0.976693974922864	0.992008702435198	1	0.998588318503396	0.999967984184968
ENSFCAG00000044642:GNA11	0	0	0	0	0	0	0	0	0	0.746242385651986	0.952835056449838	0.94733997319449	1	0.873690004390721	0.976693974922864	0.992008702435198	1	0.998588460574391	0.999967984184968
ENSFCAG00000035960:TLX3	0	0	0	0	0	0	0	0	0	0.745595468966086	0.957801976377467	0.947406812150468	1	0.873690004390721	0.976693974922864	0.992008702435198	1	0.998592074020269	0.999967984184968
ENSFCAG00000013972:RASGEF1A	0	0	0	0	0	0	0	0	0	0.748115965198918	0.94398154584269	0.947417311822366	1	0.873690004390721	0.976693974922864	0.992008702435198	1	0.998592641224692	0.999967984184968
ENSFCAG00000005490:FH	0	0	0	0	0	0	0	0	0	0.747888796228985	0.945343376619793	0.947437976614966	1	0.873690004390721	0.976693974922864	0.992008702435198	1	0.998593757220821	0.999967984184968
ENSFCAG00000029143:MAPKAP1	0	0	0	0	0	0	0	0	0	0.752921278066554	0.926363113160266	0.947626733661448	1	0.873690004390721	0.976693974922864	0.992008702435198	1	0.998603930130149	0.999967984184968
ENSFCAG00000002126:TRAF5	0	0	0	0	0	0	0	0	0	0.750300277640701	0.937105297712614	0.94768234568736	1	0.873690004390721	0.976693974922864	0.992008702435198	1	0.998606920124787	0.999967984184968
ENSFCAG00000004034:DUSP9	0	0	0	0	0	0	0	0	0	0.747752966932556	0.950206897378812	0.947760437435797	1	0.873690004390721	0.976693974922864	0.992008702435198	1	0.998611113238648	0.999967984184968
ENSFCAG00000041254:CCDC6	0	0	0	0	0	0	0	0	0	0.750265453240953	0.938993335914317	0.947842389981274	1	0.873690004390721	0.976693974922864	0.992008702435198	1	0.998615506737409	0.999967984184968
ENSFCAG00000028515:RARA	0	0	0	0	0	0	0	0	0	0.748588988000769	0.949737970904267	0.948061277179331	1	0.873690004390721	0.976693974922864	0.992008702435198	1	0.998627206605891	0.999967984184968
ENSFCAG00000032144:ACTG1	0	0	0	0	0	0	0	0	0	0.747821423776308	0.95450971741986	0.948092248656221	1	0.873690004390721	0.976693974922864	0.992008702435198	1	0.998628857999046	0.999967984184968
ENSFCAG00000012147:NFE2L2	0	0	0	0	0	0	0	0	0	0.750045242829295	0.944026278362305	0.948192334605607	1	0.873690004390721	0.976693974922864	0.992008702435198	1	0.99863418764509	0.999967984184968
ENSFCAG00000012483:HDAC1	0	0	0	0	0	0	0	0	0	0.753047930959144	0.931703449938145	0.948240784407773	1	0.873690004390721	0.976693974922864	0.992008702435198	1	0.998636763835637	0.999967984184968
ENSFCAG00000011854:ALB	0	0	0	0	0	0	0	0	0	0.755100110024709	0.924733488437486	0.948297559943633	1	0.873690004390721	0.976693974922864	0.992008702435198	1	0.998639779574978	0.999967984184968
ENSFCAG00000027081:SMAD3	0	0	0	0	0	0	0	0	0	0.751392293326209	0.939718783107602	0.948354847852989	1	0.873690004390721	0.976693974922864	0.992008702435198	1	0.99864281908464	0.999967984184968
ENSFCAG00000039893:CHN1	0	0	0	0	0	0	0	0	0	0.754466207706089	0.928573804974899	0.948470366018383	1	0.873690004390721	0.976693974922864	0.992008702435198	1	0.998648937577353	0.999967984184968
ENSFCAG00000018167:TAF15	0	0	0	0	0	0	0	0	0	0.762557591306347	0.903983568731191	0.948493935739873	1	0.873690004390721	0.976693974922864	0.992008702435198	1	0.998650184234323	0.999967984184968
ENSFCAG00000002222:MUTYH	0	0	0	0	0	0	0	0	0	0.754919026353296	0.928234364797822	0.948610691070135	1	0.873690004390721	0.976693974922864	0.992008702435198	1	0.998656351056812	0.999967984184968
ENSFCAG00000014365:CHEK2	0	0	0	0	0	0	0	0	0	0.753529082554211	0.934370053443409	0.948695467404169	1	0.873690004390721	0.976693974922864	0.992008702435198	1	0.998660819796435	0.999967984184968
ENSFCAG00000014426:ESCO2	0	0	0	0	0	0	0	0	0	0.75281442457765	0.938056914696047	0.948764912957253	1	0.873690004390721	0.976693974922864	0.992008702435198	1	0.998664474773577	0.999967984184968
ENSFCAG00000044117:FANCG	0	0	0	0	0	0	0	0	0	0.755827549015563	0.926509432087991	0.948777080475595	1	0.873690004390721	0.976693974922864	0.992008702435198	1	0.998665114636837	0.999967984184968
ENSFCAG00000028312:AURKB	0	0	0	0	0	0	0	0	0	0.75407598656808	0.933097723388986	0.948784058567644	1	0.873690004390721	0.976693974922864	0.992008702435198	1	0.998665481529076	0.999967984184968
ENSFCAG00000003512:DDX5	0	0	0	0	0	0	0	0	0	0.75503696387575	0.929470263040351	0.948787669036519	1	0.873690004390721	0.976693974922864	0.992008702435198	1	0.998665671339187	0.999967984184968
ENSFCAG00000046742:TLX1	0	0	0	0	0	0	0	0	0	0.749351273074092	0.956373699140653	0.948829039717093	1	0.873690004390721	0.976693974922864	0.992008702435198	1	0.998667845304147	0.999967984184968
ENSFCAG00000006604:SETD6	0	0	0	0	0	0	0	0	0	0.751748061928139	0.945185667034996	0.948963529619625	1	0.873690004390721	0.976693974922864	0.992008702435198	1	0.998674900076383	0.999967984184968
ENSFCAG00000022640:MYCL	0	0	0	0	0	0	0	0	0	0.750597770714897	0.951186483091011	0.948969743464468	1	0.873690004390721	0.976693974922864	0.992008702435198	1	0.99867522556775	0.999967984184968
ENSFCAG00000005257:SMAD4	0	0	0	0	0	0	0	0	0	0.752730294402719	0.941230190797962	0.949016857049242	1	0.873690004390721	0.976693974922864	0.992008702435198	1	0.998677692130709	0.999967984184968
ENSFCAG00000018598:ETS1	0	0	0	0	0	0	0	0	0	0.752949240973792	0.940319924003236	0.949022770479316	1	0.873690004390721	0.976693974922864	0.992008702435198	1	0.998678001554498	0.999967984184968
ENSFCAG00000031493:FOXO4	0	0	0	0	0	0	0	0	0	0.751725030253016	0.946112535792132	0.949029346808976	1	0.873690004390721	0.976693974922864	0.992008702435198	1	0.998678345621632	0.999967984184968
ENSFCAG00000009216:ATIC	0	0	0	0	0	0	0	0	0	0.755020323851435	0.931957111724865	0.949037974788686	1	0.873690004390721	0.976693974922864	0.992008702435198	1	0.998678796959976	0.999967984184968
ENSFCAG00000006925:PARP2	0	0	0	0	0	0	0	0	0	0.756596175084946	0.927156897518154	0.949145417788225	1	0.873690004390721	0.976693974922864	0.992008702435198	1	0.998684410841816	0.999967984184968
ENSFCAG00000027549:NCOA4	0	0	0	0	0	0	0	0	0	0.755668794165177	0.931105034094964	0.949203240984942	1	0.873690004390721	0.976693974922864	0.992008702435198	1	0.998687427061628	0.999967984184968
ENSFCAG00000010694:DUSP2	0	0	0	0	0	0	0	0	0	0.750145018415568	0.957325458744551	0.949206853953915	1	0.873690004390721	0.976693974922864	0.992008702435198	1	0.998687615407278	0.999967984184968
ENSFCAG00000009499:KBTBD4	0	0	0	0	0	0	0	0	0	0.752025192478523	0.947661803310335	0.949270387386001	1	0.873690004390721	0.976693974922864	0.992008702435198	1	0.998690925185733	0.999967984184968
ENSFCAG00000042373:FLI1	0	0	0	0	0	0	0	0	0	0.75318773558406	0.943426665567392	0.949385313770215	1	0.873690004390721	0.976693974922864	0.992008702435198	1	0.998696901480812	0.999967984184968
ENSFCAG00000027895:BMPR1A	0	0	0	0	0	0	0	0	0	0.755554592538321	0.934058610876349	0.949455681447672	1	0.873690004390721	0.976693974922864	0.992008702435198	1	0.998700553808381	0.999967984184968
ENSFCAG00000009522:TNFRSF14	0	0	0	0	0	0	0	0	0	0.752448189288245	0.948310599137799	0.949487558797936	1	0.873690004390721	0.976693974922864	0.992008702435198	1	0.998702206637469	0.999967984184968
ENSFCAG00000013003:S1PR2	0	0	0	0	0	0	0	0	0	0.749905159198488	0.964897830428039	0.949548670018212	1	0.873690004390721	0.976693974922864	0.992008702435198	1	0.9987053722397	0.999967984184968
ENSFCAG00000022789:CCT6B	0	0	0	0	0	0	0	0	0	0.757777863440908	0.929126529136863	0.949812425624348	1	0.873690004390721	0.976693974922864	0.992008702435198	1	0.998718989841312	0.999967984184968
ENSFCAG00000043511:NONO	0	0	0	0	0	0	0	0	0	0.757162864079511	0.932636303956704	0.949937318040123	1	0.873690004390721	0.976693974922864	0.992008702435198	1	0.998725412435997	0.999967984184968
ENSFCAG00000008618:EZH2	0	0	0	0	0	0	0	0	0	0.757890700142603	0.930369563135625	0.949986153816931	1	0.873690004390721	0.976693974922864	0.992008702435198	1	0.998727919350925	0.999967984184968
ENSFCAG00000025247:SFRP4	0	0	0	0	0	0	0	0	0	0.753545723815136	0.949522516492705	0.950011578706134	1	0.873690004390721	0.976693974922864	0.992008702435198	1	0.998729223507594	0.999967984184968
ENSFCAG00000027928:FUS	0	0	0	0	0	0	0	0	0	0.759783010030337	0.925012089976521	0.950132581885121	1	0.873690004390721	0.976693974922864	0.992008702435198	1	0.998735420978711	0.999967984184968
ENSFCAG00000046021:EXOSC6	0	0	0	0	0	0	0	0	0	0.752844534925735	0.957374643057291	0.950279687111314	1	0.873690004390721	0.976693974922864	0.992008702435198	1	0.99874293457456	0.999967984184968
ENSFCAG00000008018:REL	0	0	0	0	0	0	0	0	0	0.757601660676409	0.934568045486102	0.950297894955263	1	0.873690004390721	0.976693974922864	0.992008702435198	1	0.998743862980689	0.999967984184968
ENSFCAG00000014980:PLAG1	0	0	0	0	0	0	0	0	0	0.751688098729107	0.966995095209742	0.950363763590968	1	0.873690004390721	0.976693974922864	0.992008702435198	1	0.998747218665835	0.999967984184968
ENSFCAG00000040324:ZNF331	0	0	0	0	0	0	0	0	0	0.757053019377097	0.937598859997142	0.950375122154997	1	0.873690004390721	0.976693974922864	0.992008702435198	1	0.998747796867662	0.999967984184968
ENSFCAG00000023859:CYP19A1	0	0	0	0	0	0	0	0	0	0.757167113573043	0.940548939606534	0.950687241941423	1	0.873690004390721	0.976693974922864	0.992008702435198	1	0.998763632051581	0.999967984184968
ENSFCAG00000038120:SMYD3	0	0	0	0	0	0	0	0	0	0.759616147960078	0.931930729185545	0.950808033575973	1	0.873690004390721	0.976693974922864	0.992008702435198	1	0.998769732828459	0.999967984184968
ENSFCAG00000013473:RAD21	0	0	0	0	0	0	0	0	0	0.760787098642948	0.929892052679601	0.951043713963651	1	0.873690004390721	0.976693974922864	0.992008702435198	1	0.998781592069386	0.999967984184968
ENSFCAG00000031620:PDK1	0	0	0	0	0	0	0	0	0	0.759708991435409	0.937089626414624	0.95134798701741	1	0.873690004390721	0.976693974922864	0.992008702435198	1	0.998796816462996	0.999967984184968
ENSFCAG00000031995:SESN1	0	0	0	0	0	0	0	0	0	0.760215276999051	0.936457461563481	0.951481500058511	1	0.873690004390721	0.976693974922864	0.992008702435198	1	0.99880346610661	0.999967984184968
ENSFCAG00000030694:HOXD13	0	0	0	0	0	0	0	0	0	0.755371491793736	0.964064710535745	0.951661496215853	1	0.873690004390721	0.976693974922864	0.992008702435198	1	0.99881240119758	0.999967984184968
ENSFCAG00000013380:ATP6V1B2	0	0	0	0	0	0	0	0	0	0.763343748867523	0.926698265412161	0.951667155148971	1	0.873690004390721	0.976693974922864	0.992008702435198	1	0.998812681557569	0.999967984184968
ENSFCAG00000038081:PRKN	0	0	0	0	0	0	0	0	0	0.763181127637014	0.928009229832955	0.951748517801309	1	0.873690004390721	0.976693974922864	0.992008702435198	1	0.998816708779909	0.999967984184968
ENSFCAG00000023383:GNA13	0	0	0	0	0	0	0	0	0	0.758316971736145	0.949245410079944	0.951845274971577	1	0.873690004390721	0.976693974922864	0.992008702435198	1	0.99882148893356	0.999967984184968
ENSFCAG00000035352:KCNJ5	0	0	0	0	0	0	0	0	0	0.757562487024202	0.954092320892765	0.951903783967031	1	0.873690004390721	0.976693974922864	0.992008702435198	1	0.998824374717149	0.999967984184968
ENSFCAG00000010866:INHBA	0	0	0	0	0	0	0	0	0	0.757133339318379	0.956992960812249	0.951930127419221	1	0.873690004390721	0.976693974922864	0.992008702435198	1	0.998825672856072	0.999967984184968
ENSFCAG00000048115:FANCF	0	0	0	0	0	0	0	0	0	0.757596971184029	0.95567625961791	0.952023642435671	1	0.873690004390721	0.976693974922864	0.992008702435198	1	0.998830275153227	0.999967984184968
ENSFCAG00000010727:PIGA	0	0	0	0	0	0	0	0	0	0.759086658806326	0.947938640452992	0.952040703129011	1	0.873690004390721	0.976693974922864	0.992008702435198	1	0.998831113796343	0.999967984184968
ENSFCAG00000027261:TGFBR1	0	0	0	0	0	0	0	0	0	0.763634810967475	0.929931161781238	0.952123147979452	1	0.873690004390721	0.976693974922864	0.992008702435198	1	0.998835162184105	0.999967984184968
ENSFCAG00000030732:IKZF3	0	0	0	0	0	0	0	0	0	0.760201373773816	0.944896064244498	0.952223735074737	1	0.873690004390721	0.976693974922864	0.992008702435198	1	0.998840091763992	0.999967984184968
ENSFCAG00000010841:MAFB	0	0	0	0	0	0	0	0	0	0.756795468843592	0.964574166376017	0.952242338127974	1	0.873690004390721	0.976693974922864	0.992008702435198	1	0.998841002299507	0.999967984184968
ENSFCAG00000004158:PAK1	0	0	0	0	0	0	0	0	0	0.76204767864667	0.937403861618732	0.952266422774963	1	0.873690004390721	0.976693974922864	0.992008702435198	1	0.998842180594463	0.999967984184968
ENSFCAG00000034591:FRS2	0	0	0	0	0	0	0	0	0	0.76085429447266	0.94270386060964	0.952288484595079	1	0.873690004390721	0.976693974922864	0.992008702435198	1	0.998843259391958	0.999967984184968
ENSFCAG00000029278:ETV1	0	0	0	0	0	0	0	0	0	0.761893482059528	0.940934420709975	0.95252904231288	1	0.873690004390721	0.976693974922864	0.992008702435198	1	0.998854989218567	0.999967984184968
ENSFCAG00000000348:CDC73	0	0	0	0	0	0	0	0	0	0.769105567706701	0.916583389996738	0.952615238160868	1	0.873690004390721	0.976693974922864	0.992008702435198	1	0.998859177426327	0.999967984184968
ENSFCAG00000018126:WAS	0	0	0	0	0	0	0	0	0	0.763281167238708	0.936813089530269	0.952676128044005	1	0.873690004390721	0.976693974922864	0.992008702435198	1	0.99886213133069	0.999967984184968
ENSFCAG00000009538:TRIP13	0	0	0	0	0	0	0	0	0	0.762922443454375	0.940019809616413	0.952836349611177	1	0.873690004390721	0.976693974922864	0.992008702435198	1	0.998869885444449	0.999967984184968
ENSFCAG00000011595:MEF2C	0	0	0	0	0	0	0	0	0	0.763328713517976	0.938829663559072	0.952881522619023	1	0.873690004390721	0.976693974922864	0.992008702435198	1	0.998872066777049	0.999967984184968
ENSFCAG00000036602:IKZF2	0	0	0	0	0	0	0	0	0	0.762566883912793	0.943002843332451	0.95296304195862	1	0.873690004390721	0.976693974922864	0.992008702435198	1	0.998875997796899	0.999967984184968
ENSFCAG00000026512:CRBN	0	0	0	0	0	0	0	0	0	0.767370091674975	0.92820495331577	0.953330041335072	1	0.873690004390721	0.976693974922864	0.992008702435198	1	0.998893608858186	0.999967984184968
ENSFCAG00000029740:SHOC2	0	0	0	0	0	0	0	0	0	0.762502820614873	0.950148439784277	0.953509377923967	1	0.873690004390721	0.976693974922864	0.992008702435198	1	0.998902163225117	0.999967984184968
ENSFCAG00000009769:NFKBIE	1	0	0	0	0	0	0	0	0	0.764250656287237	0.942078342858625	0.953515845727294	1	0.873690004390721	0.976693974922864	0.992008702435198	1	0.998902471109547	0.999967984184968
ENSFCAG00000008054:ACVR1	0	0	0	0	0	0	0	0	0	0.764713744909046	0.940303555488341	0.953534229614348	1	0.873690004390721	0.976693974922864	0.992008702435198	1	0.998903345991298	0.999967984184968
ENSFCAG00000003156:ARID3C	0	0	0	0	0	0	0	0	0	0.762838131017077	0.948834792923825	0.953536842779892	1	0.873690004390721	0.976693974922864	0.992008702435198	1	0.998903470322018	0.999967984184968
ENSFCAG00000031216:CA5B	0	0	0	0	0	0	0	0	0	0.768631598495973	0.927753070546114	0.953745561294028	1	0.873690004390721	0.976693974922864	0.992008702435198	1	0.998913377726271	0.999967984184968
ENSFCAG00000027765:HNRNPA2B1	0	0	0	0	0	0	0	0	0	0.765766000644474	0.938610383709367	0.953773367481969	1	0.873690004390721	0.976693974922864	0.992008702435198	1	0.998914694176124	0.999967984184968
ENSFCAG00000006231:PPARG	0	0	0	0	0	0	0	0	0	0.762794933823085	0.955624966682187	0.954005300099661	1	0.873690004390721	0.976693974922864	0.992008702435198	1	0.998925643162784	0.999967984184968
ENSFCAG00000001628:PAX5	0	0	0	0	0	0	0	0	0	0.763714862159549	0.950924694757117	0.954023649526796	1	0.873690004390721	0.976693974922864	0.992008702435198	1	0.998926506988396	0.999967984184968
ENSFCAG00000014173:MAPK3	0	0	0	0	0	0	0	0	0	0.76349411838757	0.954446497745218	0.954189716844978	1	0.873690004390721	0.976693974922864	0.992008702435198	1	0.998934308795766	0.999967984184968
ENSFCAG00000026699:CDX2	0	0	0	0	0	0	0	0	0	0.764790061930528	0.953275574430166	0.954595377681373	1	0.873690004390721	0.976693974922864	0.992008702435198	1	0.998953245134711	0.999967984184968
ENSFCAG00000005533:PBX1	0	0	0	0	0	0	0	0	0	0.766720197068063	0.945005077457113	0.95468498088897	1	0.873690004390721	0.976693974922864	0.992008702435198	1	0.998957404585989	0.999967984184968
ENSFCAG00000025662:SH3GL1	0	0	0	0	0	0	0	0	0	0.769694993728745	0.933456387953154	0.954728570525203	1	0.873690004390721	0.976693974922864	0.992008702435198	1	0.99895942501039	0.999967984184968
ENSFCAG00000028662:PSIP1	0	0	0	0	0	0	0	0	0	0.772427333333764	0.925261353023976	0.954851864733426	1	0.873690004390721	0.976693974922864	0.992008702435198	1	0.99896512904811	0.999967984184968
ENSFCAG00000023845:ACVR2A	0	0	0	0	0	0	0	0	0	0.771068584839732	0.931381116681763	0.955018646813651	1	0.873690004390721	0.976693974922864	0.992008702435198	1	0.998972819659542	0.999967984184968
ENSFCAG00000022941:IRF4	0	0	0	0	0	0	0	0	0	0.771449656512527	0.930385734111943	0.955053666288924	1	0.873690004390721	0.976693974922864	0.992008702435198	1	0.998974430768288	0.999967984184968
ENSFCAG00000033551:DNAJB1	0	0	0	0	0	0	0	0	0	0.766320281606705	0.954523503643525	0.955252292400199	1	0.873690004390721	0.976693974922864	0.992008702435198	1	0.998983544482168	0.999967984184968
ENSFCAG00000033222:TUSC3	0	0	0	0	0	0	0	0	0	0.770685821897902	0.93702026461227	0.955436223725462	1	0.873690004390721	0.976693974922864	0.992008702435198	1	0.998991947113529	0.999967984184968
ENSFCAG00000003665:EIF3E	0	0	0	0	0	0	0	0	0	0.772727189609508	0.934415514861893	0.955924577292363	1	0.873690004390721	0.976693974922864	0.992008702435198	1	0.999014085031329	0.999967984184968
ENSFCAG00000007999:MKNK1	0	0	0	0	0	0	0	0	0	0.773329664101229	0.932462555664989	0.955946290439945	1	0.873690004390721	0.976693974922864	0.992008702435198	1	0.999015063532284	0.999967984184968
ENSFCAG00000005528:NUF2	0	0	0	0	0	0	0	0	0	0.774660337558321	0.932133488569032	0.956389815445031	1	0.873690004390721	0.976693974922864	0.992008702435198	1	0.999034943033871	0.999967984184968
ENSFCAG00000039437:WWTR1	0	0	0	0	0	0	0	0	0	0.769253425661648	0.955460210360961	0.956398988360626	1	0.873690004390721	0.976693974922864	0.992008702435198	1	0.999035352007365	0.999967984184968
ENSFCAG00000003944:PTPN1	0	0	0	0	0	0	0	0	0	0.773259334134146	0.937649373086098	0.956426933271967	1	0.873690004390721	0.976693974922864	0.992008702435198	1	0.999036597386084	0.999967984184968
ENSFCAG00000022444:TENT5C	0	0	0	0	0	0	0	0	0	0.769985796412282	0.954343594280272	0.956591865782742	1	0.873690004390721	0.976693974922864	0.992008702435198	1	0.999043931054822	0.999967984184968
ENSFCAG00000030278:MCL1	0	0	0	0	0	0	0	0	0	0.771759910874178	0.947564314467173	0.956739422622421	1	0.873690004390721	0.976693974922864	0.992008702435198	1	0.999050468018874	0.999967984184968
ENSFCAG00000009774:MEF2B	0	0	0	0	0	0	0	0	0	0.770611058734974	0.954400827067571	0.956824182240827	1	0.873690004390721	0.976693974922864	0.992008702435198	1	0.999054212691652	0.999967984184968
ENSFCAG00000009235:YES1	0	0	0	0	0	0	0	0	0	0.780360908183353	0.921286692955899	0.957202741268308	1	0.873690004390721	0.976693974922864	0.992008702435198	1	0.999070845752911	0.999967984184968
ENSFCAG00000038251:MAP2K4	0	0	0	0	0	0	0	0	0	0.77549881768001	0.939233845846456	0.957375407199174	1	0.873690004390721	0.976693974922864	0.992008702435198	1	0.999078382598615	0.999967984184968
ENSFCAG00000025016:DDB2	0	0	0	0	0	0	0	0	0	0.7765066554334	0.937747580241198	0.957596186190686	1	0.873690004390721	0.976693974922864	0.992008702435198	1	0.999087974208108	0.999967984184968
ENSFCAG00000041934:SOCS1	0	0	0	0	0	0	0	0	0	0.771265166257373	0.96316470710954	0.957604158853131	1	0.873690004390721	0.976693974922864	0.992008702435198	1	0.999088319623266	0.999967984184968
ENSFCAG00000029360:DDX6	0	0	0	0	0	0	0	0	0	0.776569037486946	0.937826714490925	0.957625706801034	1	0.873690004390721	0.976693974922864	0.992008702435198	1	0.999089252854781	0.999967984184968
ENSFCAG00000009292:SETD4	0	0	0	0	0	0	0	0	0	0.776440448452091	0.939735518119739	0.95775582779994	1	0.873690004390721	0.976693974922864	0.992008702435198	1	0.999094878030295	0.999967984184968
ENSFCAG00000004068:SMARCB1	0	0	0	0	0	0	0	0	0	0.776507042894717	0.940323464603187	0.957832470078463	1	0.873690004390721	0.976693974922864	0.992008702435198	1	0.999098183029302	0.999967984184968
ENSFCAG00000027073:CDK8	0	0	0	0	0	0	0	0	0	0.780858383195623	0.926086036115034	0.957927510094987	1	0.873690004390721	0.976693974922864	0.992008702435198	1	0.999102272865479	0.999967984184968
ENSFCAG00000045230:PHOX2B	0	0	0	0	0	0	0	0	0	0.77184094343938	0.967520693131534	0.958039860867679	1	0.873690004390721	0.976693974922864	0.992008702435198	1	0.999107095469761	0.999967984184968
ENSFCAG00000003700:AKT3	0	0	0	0	0	0	0	0	0	0.778160756944528	0.936911535929748	0.95810163678529	1	0.873690004390721	0.976693974922864	0.992008702435198	1	0.999109741558002	0.999967984184968
ENSFCAG00000030336:IFNGR1	0	0	0	0	0	0	0	0	0	0.775246252688403	0.950401352907773	0.958211421661759	1	0.873690004390721	0.976693974922864	0.992008702435198	1	0.999114434216291	0.999967984184968
ENSFCAG00000029868:SOCS2	0	0	0	0	0	0	0	0	0	0.774856743663561	0.955799138229026	0.958452482944766	1	0.873690004390721	0.976693974922864	0.992008702435198	1	0.99912469403957	0.999967984184968
ENSFCAG00000003976:IDH1	0	0	0	0	0	0	0	0	0	0.776970849747962	0.946533830212318	0.958525143169503	1	0.873690004390721	0.976693974922864	0.992008702435198	1	0.999127774643318	0.999967984184968
ENSFCAG00000008358:CCND1	0	0	0	0	0	0	0	0	0	0.774797701437629	0.960844263766349	0.958747160606554	1	0.873690004390721	0.976693974922864	0.992008702435198	1	0.999137153477324	0.999967984184968
ENSFCAG00000029721:PPP2R2A	0	0	0	0	0	0	0	0	0	0.782332449332028	0.935722894775767	0.959441225784653	1	0.873690004390721	0.976693974922864	0.992008702435198	1	0.999166141810853	0.999967984184968
ENSFCAG00000000479:CALR	0	0	0	0	0	0	0	0	0	0.780251883009446	0.944089506853141	0.959477048113758	1	0.873690004390721	0.976693974922864	0.992008702435198	1	0.99916762433773	0.999967984184968
ENSFCAG00000034951:MYD88	0	0	0	0	0	0	0	0	0	0.779151786853976	0.95002893085886	0.959565674713124	1	0.873690004390721	0.976693974922864	0.992008702435198	1	0.999171286450949	0.999967984184968
ENSFCAG00000045474:CRLF2	0	0	0	0	0	0	0	0	0	0.781803427102544	0.940014536628304	0.95966031701408	1	0.873690004390721	0.976693974922864	0.992008702435198	1	0.999175188099256	0.999967984184968
ENSFCAG00000038352:HOXC11	0	0	0	0	0	0	0	0	0	0.779802125184402	0.951227239295484	0.959882459172593	1	0.873690004390721	0.976693974922864	0.992008702435198	1	0.999184309292386	0.999967984184968
ENSFCAG00000023667:HERPUD1	0	0	0	0	0	0	0	0	0	0.781720292339935	0.943639232631752	0.959949266790255	1	0.873690004390721	0.976693974922864	0.992008702435198	1	0.99918704236806	0.999967984184968
ENSFCAG00000023702:PIM1	0	0	0	0	0	0	0	0	0	0.780577837558173	0.950435980520396	0.960094636613739	1	0.873690004390721	0.976693974922864	0.992008702435198	1	0.999192973330296	0.999967984184968
ENSFCAG00000015151:PAG1	0	0	0	0	0	0	0	0	0	0.779897351625367	0.953764515783877	0.96009717935199	1	0.873690004390721	0.976693974922864	0.992008702435198	1	0.999193076875926	0.999967984184968
ENSFCAG00000022238:PCBP1	0	0	0	0	0	0	0	0	0	0.778151860936448	0.967345173539498	0.96029012034377	1	0.873690004390721	0.976693974922864	0.992008702435198	1	0.999200914196499	0.999967984184968
ENSFCAG00000015575:CXCR4	0	0	0	0	0	0	0	0	0	0.780273716003006	0.960135699532623	0.960641515334985	1	0.873690004390721	0.976693974922864	0.992008702435198	1	0.999215088377911	0.999967984184968
ENSFCAG00000025137:PRKACA	0	0	0	0	0	0	0	0	0	0.783198623470553	0.946144537135487	0.960667585597873	1	0.873690004390721	0.976693974922864	0.992008702435198	1	0.999216134848782	0.999967984184968
ENSFCAG00000025666:NFE2	0	0	0	0	0	0	0	0	0	0.781229444383542	0.955528466396838	0.960681904326366	1	0.873690004390721	0.976693974922864	0.992008702435198	1	0.999216709307321	0.999967984184968
ENSFCAG00000045613:FEV	0	0	0	0	0	0	0	0	0	0.779807401750202	0.968080111674839	0.960907610477606	1	0.873690004390721	0.976693974922864	0.992008702435198	1	0.999225736304544	0.999967984184968
ENSFCAG00000028366:XBP1	0	0	0	0	0	0	0	0	0	0.784160178885304	0.947639789702208	0.961117348323773	1	0.873690004390721	0.976693974922864	0.992008702435198	1	0.999234077135349	0.999967984184968
ENSFCAG00000008090:TTL	0	0	0	0	0	0	0	0	0	0.783849094863928	0.949447373028813	0.961150974052021	1	0.873690004390721	0.976693974922864	0.992008702435198	1	0.999235410102056	0.999967984184968
ENSFCAG00000000449:ELF3	0	0	0	0	0	0	0	0	0	0.784177290072438	0.949237449761903	0.961247431840375	1	0.873690004390721	0.976693974922864	0.992008702435198	1	0.999239227284449	0.999967984184968
ENSFCAG00000023627:GID4	0	0	0	0	0	0	0	0	0	0.782991888688377	0.955185103819513	0.961268670912002	1	0.873690004390721	0.976693974922864	0.992008702435198	1	0.999240066490766	0.999967984184968
ENSFCAG00000015103:CHEK1	0	0	0	0	0	0	0	0	0	0.786051808530525	0.942279033707417	0.961316948368527	1	0.873690004390721	0.976693974922864	0.992008702435198	1	0.999241972302448	0.999967984184968
ENSFCAG00000001593:EED	0	0	0	0	0	0	0	0	0	0.790080474538686	0.928453299702583	0.961319164731546	1	0.873690004390721	0.976693974922864	0.992008702435198	1	0.999242059737882	0.999967984184968
ENSFCAG00000014851:MDM4	0	0	0	0	0	0	0	0	0	0.787590442920047	0.938838340801937	0.961528064389214	1	0.873690004390721	0.976693974922864	0.992008702435198	1	0.999250277884488	0.999967984184968
ENSFCAG00000024503:GNAQ	0	0	0	0	0	0	0	0	0	0.787721484358022	0.93972361051612	0.961653351503037	1	0.873690004390721	0.976693974922864	0.992008702435198	1	0.999255184927081	0.999967984184968
ENSFCAG00000026744:GNB1	0	0	0	0	0	0	0	0	0	0.785198190214628	0.950109562674118	0.961662443068192	1	0.873690004390721	0.976693974922864	0.992008702435198	1	0.999255540375528	0.999967984184968
ENSFCAG00000032546:IGF2	0	0	0	0	0	0	0	0	0	0.781959031169162	0.968987978938099	0.961700097518305	1	0.873690004390721	0.976693974922864	0.992008702435198	1	0.999257011617852	0.999967984184968
ENSFCAG00000009681:RRAGC	0	0	0	0	0	0	0	0	0	0.786561924652471	0.944877584107494	0.961711107642391	1	0.873690004390721	0.976693974922864	0.992008702435198	1	0.999257441529084	0.999967984184968
ENSFCAG00000025854:CASP8	0	0	0	0	0	0	0	0	0	0.786583175361313	0.945113510993642	0.961737889608212	1	0.873690004390721	0.976693974922864	0.992008702435198	1	0.999258486755648	0.999967984184968
ENSFCAG00000040420:GSK3B	0	0	0	0	0	0	0	0	0	0.790761158213028	0.930522789922687	0.961765633726617	1	0.873690004390721	0.976693974922864	0.992008702435198	1	0.999259568745905	0.999967984184968
ENSFCAG00000043034:FGF3	0	0	0	0	0	0	0	0	0	0.783202543691962	0.965494227939721	0.961957370863591	1	0.873690004390721	0.976693974922864	0.992008702435198	1	0.999267024407824	0.999967984184968
ENSFCAG00000022485:TMEM30A	0	0	0	0	0	0	0	0	0	0.789149604417479	0.938805166104703	0.962047837067124	1	0.873690004390721	0.976693974922864	0.992008702435198	1	0.999270528898641	0.999967984184968
ENSFCAG00000006667:INHA	0	0	0	0	0	0	0	0	0	0.784808387442972	0.96119847928879	0.962271054101747	1	0.873690004390721	0.976693974922864	0.992008702435198	1	0.999279139518172	0.999967984184968
ENSFCAG00000039431:PNRC1	0	0	0	0	0	0	0	0	0	0.784113561032033	0.968509816711025	0.962420522448611	1	0.873690004390721	0.976693974922864	0.992008702435198	1	0.999284876329551	0.999967984184968
ENSFCAG00000045118:CDK6	0	0	0	0	0	0	0	0	0	0.788811262353474	0.944555048553053	0.962441404905277	1	0.873690004390721	0.976693974922864	0.992008702435198	1	0.999285675980242	0.999967984184968
ENSFCAG00000002637:SPOP	0	0	0	0	0	0	0	0	0	0.788162265691863	0.952916390415625	0.962871152888403	1	0.873690004390721	0.976693974922864	0.992008702435198	1	0.999302031701411	0.999967984184968
ENSFCAG00000012037:XIAP	0	0	0	0	0	0	0	0	0	0.79097181559758	0.941408109903075	0.962889656146877	1	0.873690004390721	0.976693974922864	0.992008702435198	1	0.999302731606877	0.999967984184968
ENSFCAG00000010904:GATA1	0	0	0	0	0	0	0	0	0	0.790031100450629	0.946180686739239	0.962982856568934	1	0.873690004390721	0.976693974922864	0.992008702435198	1	0.999306251606246	0.999967984184968
ENSFCAG00000001078:POU5F1	0	0	0	0	0	0	0	0	0	0.792407155066236	0.937298224550904	0.962986206664044	1	0.873690004390721	0.976693974922864	0.992008702435198	1	0.999306377964899	0.999967984184968
ENSFCAG00000041686:MSI2	0	0	0	0	0	0	0	0	0	0.788027932532594	0.956058827426283	0.963041948693042	1	0.873690004390721	0.976693974922864	0.992008702435198	1	0.999308478728618	0.999967984184968
ENSFCAG00000010809:GABRA6	0	0	0	0	0	0	0	0	0	0.789071466641965	0.953012855449244	0.963182932472742	1	0.873690004390721	0.976693974922864	0.992008702435198	1	0.999313777620074	0.999967984184968
ENSFCAG00000030830:PTPN2	0	0	0	0	0	0	0	0	0	0.794634521061369	0.933196776852871	0.963312128748607	1	0.873690004390721	0.976693974922864	0.992008702435198	1	0.999318615356514	0.999967984184968
ENSFCAG00000025542:HEY1	0	0	0	0	0	0	0	0	0	0.792074025744125	0.94252819667557	0.963352062341663	1	0.873690004390721	0.976693974922864	0.992008702435198	1	0.999320107158606	0.999967984184968
ENSFCAG00000018503:ABRAXAS1	0	0	0	0	0	0	0	0	0	0.792453141829798	0.941502005850249	0.963386811790069	1	0.873690004390721	0.976693974922864	0.992008702435198	1	0.999321403949272	0.999967984184968
ENSFCAG00000009200:IL7R	0	0	0	0	0	0	0	0	0	0.790422056497622	0.950493506667148	0.96344968894749	1	0.873690004390721	0.976693974922864	0.992008702435198	1	0.999323747232629	0.999967984184968
ENSFCAG00000036644:CCND3	0	0	0	0	0	0	0	0	0	0.790641071125384	0.952791333537615	0.963690414523992	1	0.873690004390721	0.976693974922864	0.992008702435198	1	0.999332680580652	0.999967984184968
ENSFCAG00000003608:TFPT	0	0	0	0	0	0	0	0	0	0.793347674601008	0.94275561605573	0.963790095599454	1	0.873690004390721	0.976693974922864	0.992008702435198	1	0.999336362148271	0.999967984184968
ENSFCAG00000037388:RAD52	0	0	0	0	0	0	0	0	0	0.794833942051691	0.938646658770305	0.963905880474827	1	0.873690004390721	0.976693974922864	0.992008702435198	1	0.999340625542615	0.999967984184968
ENSFCAG00000042983:CRKL	0	0	0	0	0	0	0	0	0	0.791650200990976	0.952498698015848	0.964003749418481	1	0.873690004390721	0.976693974922864	0.992008702435198	1	0.999344218395543	0.999967984184968
ENSFCAG00000024493:AURKA	0	0	0	0	0	0	0	0	0	0.793658559284367	0.944382240471379	0.964030745066462	1	0.873690004390721	0.976693974922864	0.992008702435198	1	0.999345207680576	0.999967984184968
ENSFCAG00000030589:APH1A	0	0	0	0	0	0	0	0	0	0.792786972880877	0.951776897173952	0.964326069688102	1	0.873690004390721	0.976693974922864	0.992008702435198	1	0.999355980808403	0.999967984184968
ENSFCAG00000013883:EIF4A2	0	0	0	0	0	0	0	0	0	0.796482688398217	0.94104281138352	0.964657712087119	1	0.873690004390721	0.976693974922864	0.992008702435198	1	0.999367970960996	0.999967984184968
ENSFCAG00000002120:HOXB13	0	0	0	0	0	0	0	0	0	0.794626655367421	0.954952148398931	0.965151965621025	1	0.873690004390721	0.976693974922864	0.992008702435198	1	0.999385628566875	0.999967984184968
ENSFCAG00000008160:FCGR2B	0	0	0	0	0	0	0	0	0	0.795797985882627	0.952055009486292	0.965328310520496	1	0.873690004390721	0.976693974922864	0.992008702435198	1	0.999391867360609	0.999967984184968
ENSFCAG00000015075:SETD7	0	0	0	0	0	0	0	0	0	0.797916015281828	0.944593687200305	0.965425794603834	1	0.873690004390721	0.976693974922864	0.992008702435198	1	0.999395302361079	0.999967984184968
ENSFCAG00000031618:FANCL	0	0	0	0	0	0	0	0	0	0.798628077596625	0.942126656195172	0.965441376162162	1	0.873690004390721	0.976693974922864	0.992008702435198	1	0.999395850488628	0.999967984184968
ENSFCAG00000028964:SIX1	0	0	0	0	0	0	0	0	0	0.795322774088073	0.956937933895213	0.965510743071812	1	0.873690004390721	0.976693974922864	0.992008702435198	1	0.999398287623792	0.999967984184968
ENSFCAG00000014287:PDCD1	0	0	0	0	0	0	0	0	0	0.797690148514594	0.947271299732489	0.965572919410053	1	0.873690004390721	0.976693974922864	0.992008702435198	1	0.999400467890082	0.999967984184968
ENSFCAG00000012114:OMD	0	0	0	0	0	0	0	0	0	0.796139821204437	0.960550795917138	0.966001149245737	1	0.873690004390721	0.976693974922864	0.992008702435198	1	0.999415375400839	0.999967984184968
ENSFCAG00000036639:FGF4	0	0	0	0	0	0	0	0	0	0.795809135653435	0.964968705912616	0.966143254893198	1	0.873690004390721	0.976693974922864	0.992008702435198	1	0.999420280419568	0.999967984184968
ENSFCAG00000001624:CCNE1	0	0	0	0	0	0	0	0	0	0.800725411945522	0.943108330205134	0.966191985794015	1	0.873690004390721	0.976693974922864	0.992008702435198	1	0.999421957636784	0.999967984184968
ENSFCAG00000033201:NEGR1	0	0	0	0	0	0	0	0	0	0.800282050198685	0.945753150083932	0.966274972882856	1	0.873690004390721	0.976693974922864	0.992008702435198	1	0.9994248082248	0.999967984184968
ENSFCAG00000006671:NFKBIA	0	0	0	0	0	0	0	0	0	0.801723239049948	0.940953646739356	0.966316315880308	1	0.873690004390721	0.976693974922864	0.992008702435198	1	0.999426225687724	0.999967984184968
ENSFCAG00000015580:PDGFB	0	0	0	0	0	0	0	0	0	0.802295899235927	0.939135660830316	0.966330206661441	1	0.873690004390721	0.976693974922864	0.992008702435198	1	0.999426701542293	0.999967984184968
ENSFCAG00000038036:ZNF24	0	0	0	0	0	0	0	0	0	0.80099356719745	0.944266441093076	0.966375504510972	1	0.873690004390721	0.976693974922864	0.992008702435198	1	0.99942825191721	0.999967984184968
ENSFCAG00000009646:SMARCE1	0	0	0	0	0	0	0	0	0	0.801617609068942	0.942437068091678	0.966414474363593	1	0.873690004390721	0.976693974922864	0.992008702435198	1	0.999429584009522	0.999967984184968
ENSFCAG00000040513:TPM3	0	0	0	0	0	0	0	0	0	0.80462441765165	0.932697099065236	0.966426951422035	1	0.873690004390721	0.976693974922864	0.992008702435198	1	0.999430010176167	0.999967984184968
ENSFCAG00000025659:TFG	0	0	0	0	0	0	0	0	0	0.801598386410634	0.943408272329093	0.966492595406107	1	0.873690004390721	0.976693974922864	0.992008702435198	1	0.99943224966022	0.999967984184968
ENSFCAG00000022826:CDKN2A	0	0	0	0	0	0	0	0	0	0.798708155864153	0.955702030367531	0.966518483815259	1	0.873690004390721	0.976693974922864	0.992008702435198	1	0.999433131632983	0.999967984184968
ENSFCAG00000030098:SS18	0	0	0	0	0	0	0	0	0	0.801274322474272	0.94563497734984	0.966578249150406	1	0.873690004390721	0.976693974922864	0.992008702435198	1	0.99943516508509	0.999967984184968
ENSFCAG00000033716:FGF14	0	0	0	0	0	0	0	0	0	0.798951643842333	0.955593004694664	0.966588795334381	1	0.873690004390721	0.976693974922864	0.992008702435198	1	0.999435523524223	0.999967984184968
ENSFCAG00000040786:LASP1	0	0	0	0	0	0	0	0	0	0.801153058109399	0.946961892338902	0.966648233491055	1	0.873690004390721	0.976693974922864	0.992008702435198	1	0.999437541530819	0.999967984184968
ENSFCAG00000022622:ETNK1	0	0	0	0	0	0	0	0	0	0.802488841569838	0.942015751725821	0.96665045841191	1	0.873690004390721	0.976693974922864	0.992008702435198	1	0.999437616998955	0.999967984184968
ENSFCAG00000002606:PRSS8	0	0	0	0	0	0	0	0	0	0.800345690560607	0.957418166086134	0.967151894495091	1	0.873690004390721	0.976693974922864	0.992008702435198	1	0.999454494834059	0.999967984184968
ENSFCAG00000045245:PHF6	0	0	0	0	0	0	0	0	0	0.805889069238602	0.937270514536834	0.967268423801133	1	0.873690004390721	0.976693974922864	0.992008702435198	1	0.99945837986014	0.999967984184968
ENSFCAG00000011605:EGFL7	0	0	0	0	0	0	0	0	0	0.802824600744433	0.949809947603887	0.967395548115107	1	0.873690004390721	0.976693974922864	0.992008702435198	1	0.999462602107076	0.999967984184968
ENSFCAG00000036433:POU2AF1	0	0	0	0	0	0	0	0	0	0.802402553727511	0.953347047828599	0.967523645112966	1	0.873690004390721	0.976693974922864	0.992008702435198	1	0.999466839762807	0.999967984184968
ENSFCAG00000004500:LTB	0	0	0	0	0	0	0	0	0	0.801110459860631	0.961090371976615	0.967620464535095	1	0.873690004390721	0.976693974922864	0.992008702435198	1	0.999470031452042	0.999967984184968
ENSFCAG00000029552:BCL2	0	0	0	0	0	0	0	0	0	0.800323972319182	0.968656384873701	0.967775055516035	1	0.873690004390721	0.976693974922864	0.992008702435198	1	0.999475107520008	0.999967984184968
ENSFCAG00000006305:CCN6	0	0	0	0	0	0	0	0	0	0.803749826266613	0.951950239978363	0.967843460180067	1	0.873690004390721	0.976693974922864	0.992008702435198	1	0.999477345738332	0.999967984184968
ENSFCAG00000013318:IRF1	0	0	0	0	0	0	0	0	0	0.806224279315179	0.944064155504709	0.967984216311725	1	0.873690004390721	0.976693974922864	0.992008702435198	1	0.999481936106382	0.999967984184968
ENSFCAG00000040792:BBC3	0	0	0	0	0	0	0	0	0	0.802789357961792	0.959569172783599	0.968055939998677	1	0.873690004390721	0.976693974922864	0.992008702435198	1	0.999484267301949	0.999967984184968
ENSFCAG00000012089:MOB3B	0	0	0	0	0	0	0	0	0	0.802572836636638	0.960953515056727	0.968071735422028	1	0.873690004390721	0.976693974922864	0.992008702435198	1	0.999484779977888	0.999967984184968
ENSFCAG00000019399:QKI	0	0	0	0	0	0	0	0	0	0.807783271818427	0.941786400539944	0.968262451789455	1	0.873690004390721	0.976693974922864	0.992008702435198	1	0.99949094976506	0.999967984184968
ENSFCAG00000027426:RAD51D	0	0	0	0	0	0	0	0	0	0.807563926318663	0.943245294203011	0.968323316118203	1	0.873690004390721	0.976693974922864	0.992008702435198	1	0.999492910854607	0.999967984184968
ENSFCAG00000045399:FGF23	0	0	0	0	0	0	0	0	0	0.80265349238792	0.965346709285668	0.968342712515226	1	0.873690004390721	0.976693974922864	0.992008702435198	1	0.999493535015686	0.999967984184968
ENSFCAG00000040666:CYSLTR2	0	0	0	0	0	0	0	0	0	0.803568839584252	0.962409801874615	0.968467356407878	1	0.873690004390721	0.976693974922864	0.992008702435198	1	0.999497536689896	0.999967984184968
ENSFCAG00000009419:SCG5	0	0	0	0	0	0	0	0	0	0.807136434921443	0.950336254863881	0.968766902696386	1	0.873690004390721	0.976693974922864	0.992008702435198	1	0.9995070879834	0.999967984184968
ENSFCAG00000004268:DEK	0	0	0	0	0	0	0	0	0	0.808397467898481	0.945541144026383	0.968770772631373	1	0.873690004390721	0.976693974922864	0.992008702435198	1	0.999507210773547	0.999967984184968
ENSFCAG00000036921:SDHB	0	0	0	0	0	0	0	0	0	0.806173166761006	0.955755261286796	0.968858869835233	1	0.873690004390721	0.976693974922864	0.992008702435198	1	0.999510001850541	0.999967984184968
ENSFCAG00000033129:FAS	0	0	0	0	0	0	0	0	0	0.80768271423743	0.949656390035189	0.968881733055344	1	0.873690004390721	0.976693974922864	0.992008702435198	1	0.999510724888992	0.999967984184968
ENSFCAG00000027677:SOCS3	0	0	0	0	0	0	0	0	0	0.803376822101575	0.972242721512847	0.968895322161611	1	0.873690004390721	0.976693974922864	0.992008702435198	1	0.999511154382375	0.999967984184968
ENSFCAG00000023035:JAZF1	0	0	0	0	0	0	0	0	0	0.809113445950511	0.94478933980047	0.968924652593734	1	0.873690004390721	0.976693974922864	0.992008702435198	1	0.999512080741947	0.999967984184968
ENSFCAG00000009047:CD274	1	0	0	0	0	0	0	0	0	0.808872433298008	0.955718291374658	0.96967871467131	1	0.873690004390721	0.976693974922864	0.992008702435198	1	0.999535591949421	0.999967984184968
ENSFCAG00000008999:TPM4	0	0	0	0	0	0	0	0	0	0.813371950317487	0.941064188508664	0.969871846670622	1	0.873690004390721	0.976693974922864	0.992008702435198	1	0.999541519345339	0.999967984184968
ENSFCAG00000045844:XPA	0	0	0	0	0	0	0	0	0	0.811759513189013	0.953075950423672	0.970362647120761	1	0.873690004390721	0.976693974922864	0.992008702435198	1	0.999556409422336	0.999967984184968
ENSFCAG00000007657:RAD51B	0	0	0	0	0	0	0	0	0	0.813404764203184	0.947010946524148	0.970388826169476	1	0.873690004390721	0.976693974922864	0.992008702435198	1	0.99955719667673	0.999967984184968
ENSFCAG00000024636:RAD51C	0	0	0	0	0	0	0	0	0	0.813357837654965	0.947246009282104	0.970393918991922	1	0.873690004390721	0.976693974922864	0.992008702435198	1	0.999557349745644	0.999967984184968
ENSFCAG00000030239:TMEM127	0	0	0	0	0	0	0	0	0	0.809489775175649	0.9647621172393	0.970412866957873	1	0.873690004390721	0.976693974922864	0.992008702435198	1	0.999557919007436	0.999967984184968
ENSFCAG00000031745:KLF6	0	0	0	0	0	0	0	0	0	0.810486648761687	0.960680596534072	0.970481349437456	1	0.873690004390721	0.976693974922864	0.992008702435198	1	0.999559973370718	0.999967984184968
ENSFCAG00000027163:FGF19	0	0	0	0	0	0	0	0	0	0.809166434085487	0.968232707616281	0.970492081935922	1	0.873690004390721	0.976693974922864	0.992008702435198	1	0.999560294890234	0.999967984184968
ENSFCAG00000038221:MTAP	0	0	0	0	0	0	0	0	0	0.813769007128958	0.948236744603385	0.970594079698051	1	0.873690004390721	0.976693974922864	0.992008702435198	1	0.999563344571046	0.999967984184968
ENSFCAG00000022323:PPP1CB	0	0	0	0	0	0	0	0	0	0.818463441887934	0.933430249495604	0.970621287223592	1	0.873690004390721	0.976693974922864	0.992008702435198	1	0.999564156251139	0.999967984184968
ENSFCAG00000006857:XRCC2	0	0	0	0	0	0	0	0	0	0.811521828894621	0.958498860378239	0.97065692762853	1	0.873690004390721	0.976693974922864	0.992008702435198	1	0.999565218354839	0.999967984184968
ENSFCAG00000039688:NKX3-1	0	0	0	0	0	0	0	0	0	0.811165837649173	0.960314106887844	0.970662785964679	1	0.873690004390721	0.976693974922864	0.992008702435198	1	0.999565392811251	0.999967984184968
ENSFCAG00000008220:CREB1	0	0	0	0	0	0	0	0	0	0.815167920778803	0.945576918020089	0.970789180150937	1	0.873690004390721	0.976693974922864	0.992008702435198	1	0.99956914811549	0.999967984184968
ENSFCAG00000024840:RRAS	0	0	0	0	0	0	0	0	0	0.813401514580262	0.952907818125297	0.970837605752803	1	0.873690004390721	0.976693974922864	0.992008702435198	1	0.999570582530705	0.999967984184968
ENSFCAG00000014712:RAD51	0	0	0	0	0	0	0	0	0	0.816058604108073	0.943519282583749	0.970874743009864	1	0.873690004390721	0.976693974922864	0.992008702435198	1	0.999571680937234	0.999967984184968
ENSFCAG00000013046:GADD45B	0	0	0	0	0	0	0	0	0	0.813638564037323	0.957144326959096	0.971197930413086	1	0.873690004390721	0.976693974922864	0.992008702435198	1	0.999581179865557	0.999967984184968
ENSFCAG00000014436:TCEA1	0	0	0	0	0	0	0	0	0	0.819588474371055	0.942481166291874	0.971800592735787	1	0.873690004390721	0.976693974922864	0.992008702435198	1	0.999598605717822	0.999967984184968
ENSFCAG00000013445:EPCAM	0	0	0	0	0	0	0	0	0	0.819988435113863	0.944154946492494	0.972059403115651	1	0.873690004390721	0.976693974922864	0.992008702435198	1	0.999605974437206	0.999967984184968
ENSFCAG00000037922:PPP6C	0	0	0	0	0	0	0	0	0	0.820255783300243	0.945472884088893	0.972246506088512	1	0.873690004390721	0.976693974922864	0.992008702435198	1	0.999611258623267	0.999967984184968
ENSFCAG00000028989:CD70	0	0	0	0	0	0	0	0	0	0.815467295144754	0.967161206382372	0.972312716671924	1	0.873690004390721	0.976693974922864	0.992008702435198	1	0.99961311992526	0.999967984184968
ENSFCAG00000025776:RAC2	0	0	0	0	0	0	0	0	0	0.817395592144189	0.958707885017737	0.972395176298079	1	0.873690004390721	0.976693974922864	0.992008702435198	1	0.99961543171375	0.999967984184968
ENSFCAG00000025748:BCL2L1	0	0	0	0	0	0	0	0	0	0.819134702421124	0.96447473405541	0.973233404394004	1	0.873690004390721	0.976693974922864	0.992008702435198	1	0.999638535047815	0.999967984184968
ENSFCAG00000009689:VTCN1	0	0	0	0	0	0	0	0	0	0.820401288419161	0.95957370977757	0.97331045103173	1	0.873690004390721	0.976693974922864	0.992008702435198	1	0.999640622377033	0.999967984184968
ENSFCAG00000008129:CD79A	0	0	0	0	0	0	0	0	0	0.821761262433045	0.954562388686359	0.973366629641836	1	0.873690004390721	0.976693974922864	0.992008702435198	1	0.999642140509753	0.999967984184968
ENSFCAG00000022176:MLF1	0	0	0	0	0	0	0	0	0	0.827553315940405	0.935805967761913	0.973397676519873	1	0.873690004390721	0.976693974922864	0.992008702435198	1	0.999642978108462	0.999967984184968
ENSFCAG00000002990:HRAS	0	0	0	0	0	0	0	0	0	0.824099046723806	0.958668724061666	0.974293546023432	1	0.873690004390721	0.976693974922864	0.992008702435198	1	0.999666720919681	0.999967984184968
ENSFCAG00000006923:CCNB1IP1	0	0	0	0	0	0	0	0	0	0.824485313133367	0.957645963325431	0.974335426259758	1	0.873690004390721	0.976693974922864	0.992008702435198	1	0.999667810691445	0.999967984184968
ENSFCAG00000044777:ARFRP1	0	0	0	0	0	0	0	0	0	0.824681563028868	0.957392017294869	0.974373360667334	1	0.873690004390721	0.976693974922864	0.992008702435198	1	0.999668796234482	0.999967984184968
ENSFCAG00000009373:BTLA	0	0	0	0	0	0	0	0	0	0.824974373503119	0.956842013132518	0.974418384202616	1	0.873690004390721	0.976693974922864	0.992008702435198	1	0.999669964037748	0.999967984184968
ENSFCAG00000043152:RMI2	0	0	0	0	0	0	0	0	0	0.82224144578188	0.975606342434086	0.974624539610187	1	0.873690004390721	0.976693974922864	0.992008702435198	1	0.99967528464878	0.999967984184968
ENSFCAG00000009155:RSPO3	0	0	0	0	0	0	0	0	0	0.830894439633371	0.940760356534141	0.974766475951915	1	0.873690004390721	0.976693974922864	0.992008702435198	1	0.999678922499553	0.999967984184968
ENSFCAG00000022142:SBDS	0	0	0	0	0	0	0	0	0	0.825280306530833	0.964937431012275	0.974987266103915	1	0.873690004390721	0.976693974922864	0.992008702435198	1	0.999684540307191	0.999967984184968
ENSFCAG00000025224:FGF12	0	0	0	0	0	0	0	0	0	0.827892889096958	0.960275810711569	0.975437018979648	1	0.873690004390721	0.976693974922864	0.992008702435198	1	0.999695829220597	0.999967984184968
ENSFCAG00000014272:CTLA4	0	0	0	0	0	0	0	0	0	0.82949831475302	0.955887818401553	0.975590055071825	1	0.873690004390721	0.976693974922864	0.992008702435198	1	0.999699623175551	0.999967984184968
ENSFCAG00000000062:MAD2L2	0	0	0	0	0	0	0	0	0	0.830953059004234	0.952770705468903	0.975762152535839	1	0.873690004390721	0.976693974922864	0.992008702435198	1	0.99970386100845	0.999967984184968
ENSFCAG00000030268:NPM1	0	0	0	0	0	0	0	0	0	0.830971037665411	0.953101897927109	0.975790841720724	1	0.873690004390721	0.976693974922864	0.992008702435198	1	0.999704564516542	0.999967984184968
ENSFCAG00000031909:ATG5	0	0	0	0	0	0	0	0	0	0.832311502577476	0.948837905640737	0.97582677649112	1	0.873690004390721	0.976693974922864	0.992008702435198	1	0.999705444508908	0.999967984184968
ENSFCAG00000005782:RSPO2	0	0	0	0	0	0	0	0	0	0.834263182120146	0.945968458097183	0.976108909500205	1	0.873690004390721	0.976693974922864	0.992008702435198	1	0.999712307576145	0.999967984184968
ENSFCAG00000036364:BCL10	0	0	0	0	0	0	0	0	0	0.833627752403082	0.955147134557811	0.976638477982424	1	0.873690004390721	0.976693974922864	0.992008702435198	1	0.999724969503043	0.999967984184968
ENSFCAG00000014271:CD28	0	0	0	0	0	0	0	0	0	0.83286123133132	0.958897877403329	0.976683728711787	1	0.873690004390721	0.976693974922864	0.992008702435198	1	0.999726038124447	0.999967984184968
ENSFCAG00000013892:ATF1	0	0	0	0	0	0	0	0	0	0.834874507699519	0.955653988379141	0.976999563128736	1	0.873690004390721	0.976693974922864	0.992008702435198	1	0.999733438354257	0.999967984184968
ENSFCAG00000040323:BCL7A	0	0	0	0	0	0	0	0	0	0.838460167984	0.950843334941661	0.977579004661987	1	0.873690004390721	0.976693974922864	0.992008702435198	1	0.999746749627815	0.999967984184968
ENSFCAG00000022046:SDC4	0	0	0	0	0	0	0	0	0	0.837060773474563	0.957440365056086	0.977685107856846	1	0.873690004390721	0.976693974922864	0.992008702435198	1	0.999749149883766	0.999967984184968
ENSFCAG00000032259:DCUN1D1	0	0	0	0	0	0	0	0	0	0.840442920932031	0.947700746056945	0.977836377449674	1	0.873690004390721	0.976693974922864	0.992008702435198	1	0.999752551979156	0.999967984184968
ENSFCAG00000043691:RYBP	0	0	0	0	0	0	0	0	0	0.835424954097107	0.970049489283616	0.97796337593674	1	0.873690004390721	0.976693974922864	0.992008702435198	1	0.999755390140133	0.999967984184968
ENSFCAG00000000258:BAX	0	0	0	0	0	0	0	0	0	0.840894076540826	0.948927417718249	0.978047245637496	1	0.873690004390721	0.976693974922864	0.992008702435198	1	0.999757255417292	0.999967984184968
ENSFCAG00000045823:CBFB	0	0	0	0	0	0	0	0	0	0.841168192445082	0.951274444977393	0.97829603498844	1	0.873690004390721	0.976693974922864	0.992008702435198	1	0.99976274622954	0.999967984184968
ENSFCAG00000027886:CDKN1A	0	0	0	0	0	0	0	0	0	0.839002316956471	0.961100830156604	0.978410733346761	1	0.873690004390721	0.976693974922864	0.992008702435198	1	0.999765256327558	0.999967984184968
ENSFCAG00000000142:FGF6	0	0	0	0	0	0	0	0	0	0.838656051103499	0.963078869233351	0.978437743500004	1	0.873690004390721	0.976693974922864	0.992008702435198	1	0.999765845470898	0.999967984184968
ENSFCAG00000043547:CDKN1B	0	0	0	0	0	0	0	0	0	0.839053125909284	0.962930913445509	0.978530420326968	1	0.873690004390721	0.976693974922864	0.992008702435198	1	0.999767861262365	0.999967984184968
ENSFCAG00000019293:CENPA	0	0	0	0	0	0	0	0	0	0.839911540591538	0.963444037341149	0.978777101828736	1	0.873690004390721	0.976693974922864	0.992008702435198	1	0.999773183999799	0.999967984184968
ENSFCAG00000029945:PAFAH1B2	0	0	0	0	0	0	0	0	0	0.84150456333402	0.956996255114616	0.978783677924429	1	0.873690004390721	0.976693974922864	0.992008702435198	1	0.999773325043784	0.999967984184968
ENSFCAG00000037118:DUSP22	0	0	0	0	0	0	0	0	0	0.843272852637161	0.958862782853238	0.979344406421628	1	0.873690004390721	0.976693974922864	0.992008702435198	1	0.999785189069856	0.999967984184968
ENSFCAG00000036350:BCL2L11	0	0	0	0	0	0	0	0	0	0.848095425727431	0.957648831090843	0.980441015017385	1	0.873690004390721	0.976693974922864	0.992008702435198	1	0.999807463651612	0.999967984184968
ENSFCAG00000000499:SDHC	0	0	0	0	0	0	0	0	0	0.848068683011491	0.958757427568117	0.980505957609604	1	0.873690004390721	0.976693974922864	0.992008702435198	1	0.999808744298416	0.999967984184968
ENSFCAG00000040747:BCL2L2	0	0	0	0	0	0	0	0	0	0.84651747236299	0.975295937077205	0.980971393881486	1	0.873690004390721	0.976693974922864	0.992008702435198	1	0.999817796684766	0.999967984184968
ENSFCAG00000036606:FGF10	0	0	0	0	0	0	0	0	0	0.848637983638624	0.965909243496312	0.981057053501891	1	0.873690004390721	0.976693974922864	0.992008702435198	1	0.999819438635838	0.999967984184968
ENSFCAG00000043871:BTG1	0	0	0	0	0	0	0	0	0	0.848543592911904	0.966710743652933	0.981076070856558	1	0.873690004390721	0.976693974922864	0.992008702435198	1	0.999819802152009	0.999967984184968
ENSFCAG00000013515:IL10	0	0	0	0	0	0	0	0	0	0.853258500947286	0.951297039539395	0.981211344105677	1	0.873690004390721	0.976693974922864	0.992008702435198	1	0.99982237725959	0.999967984184968
ENSFCAG00000042197:CNBP	0	0	0	0	0	0	0	0	0	0.851117221456676	0.960150920253115	0.981316526533657	1	0.873690004390721	0.976693974922864	0.992008702435198	1	0.999824366659929	0.999967984184968
ENSFCAG00000027456:RHOA	0	0	0	0	0	0	0	0	0	0.84926949240469	0.969305604905675	0.981377081953996	1	0.873690004390721	0.976693974922864	0.992008702435198	1	0.999825506879793	0.999967984184968
ENSFCAG00000045832:ID3	0	0	0	0	0	0	0	0	0	0.850032463898315	0.967328314965778	0.981461700308777	1	0.873690004390721	0.976693974922864	0.992008702435198	1	0.999827093930646	0.999967984184968
ENSFCAG00000012862:RHEB	0	0	0	0	0	0	0	0	0	0.854746060849177	0.951504015460371	0.981569230006575	1	0.874216358362826	0.976693974922864	0.992008702435198	1	0.999829100166976	0.999967984184968
ENSFCAG00000012394:RHOH	0	0	0	0	0	0	0	0	0	0.851902786553855	0.963488408594773	0.981696986534812	1	0.873690004390721	0.976693974922864	0.992008702435198	1	0.999831468473801	0.999967984184968
ENSFCAG00000046660:TNFRSF17	0	0	0	0	0	0	0	0	0	0.852994126254949	0.963068104744386	0.981927298797079	1	0.873690004390721	0.976693974922864	0.992008702435198	1	0.999835695922619	0.999967984184968
ENSFCAG00000024009:IGF1	0	0	0	0	0	0	0	0	0	0.851781133164806	0.969224111028068	0.981965948465636	1	0.873690004390721	0.976693974922864	0.992008702435198	1	0.999836400054916	0.999967984184968
ENSFCAG00000001199:PTP4A1	0	0	0	0	0	0	0	0	0	0.856055919765873	0.959197330787175	0.982397895411661	1	0.874559972639083	0.976693974922864	0.992008702435198	1	0.999844165916445	0.999967984184968
ENSFCAG00000024623:LMO1	0	0	0	0	0	0	0	0	0	0.857358484510172	0.963402349518832	0.98294344225782	1	0.874895362602426	0.976693974922864	0.992008702435198	1	0.999853702759665	0.999967984184968
ENSFCAG00000045270:CHIC2	0	0	0	0	0	0	0	0	0	0.861805336560635	0.955789889731614	0.983452945359382	1	0.877913011355919	0.976693974922864	0.992008702435198	1	0.999862336070113	0.999967984184968
ENSFCAG00000033306:CDKN2C	0	0	0	0	0	0	0	0	0	0.862270908703698	0.96439144580076	0.984084718943266	1	0.877913011355919	0.976693974922864	0.992008702435198	1	0.999872674636301	0.999967984184968
ENSFCAG00000022679:YPEL5	0	0	0	0	0	0	0	0	0	0.866567289786432	0.967659347264717	0.985174903635548	1	0.8812881384238	0.976693974922864	0.992008702435198	1	0.999889561145446	0.999967984184968
ENSFCAG00000002084:DDIT3	0	0	0	0	0	0	0	0	0	0.870666425520917	0.962477097370459	0.985743653796527	1	0.882764477282819	0.976693974922864	0.992008702435198	1	0.99989789190635	0.999967984184968
ENSFCAG00000018336:TCL1B	0	0	0	0	0	0	0	0	0	0.869169934530146	0.971249805311881	0.985886833539107	1	0.882764477282819	0.976693974922864	0.992008702435198	1	0.999899937418322	0.999967984184968
ENSFCAG00000033312:FHIT	0	0	0	0	0	0	0	0	0	0.873017448337776	0.962134310807945	0.986198392462186	1	0.882764477282819	0.976693974922864	0.992008702435198	1	0.999904316600636	0.999967984184968
ENSFCAG00000008354:SH2D1A	0	0	0	0	0	0	0	0	0	0.873305373691487	0.96359778921849	0.986340132092802	1	0.882764477282819	0.976693974922864	0.992008702435198	1	0.999906276275341	0.999967984184968
ENSFCAG00000029629:MTCP1	0	0	0	0	0	0	0	0	0	0.872408287142058	0.968183227953668	0.986402687031392	1	0.882764477282819	0.976693974922864	0.992008702435198	1	0.999907134673747	0.999967984184968
ENSFCAG00000035249:EIF1AX	0	0	0	0	0	0	0	0	0	0.878125733433362	0.954163086953713	0.98668215911075	1	0.884935765773544	0.976693974922864	0.992008702435198	1	0.999910921228142	0.999967984184968
ENSFCAG00000023293:MLLT3	0	0	0	0	0	0	0	0	0	0.874900205770278	0.967596827561124	0.986869708697114	1	0.882764477282819	0.976693974922864	0.992008702435198	1	0.999913417941527	0.999967984184968
ENSFCAG00000013688:IL2	0	0	0	0	0	0	0	0	0	0.879023054643654	0.974908051249369	0.987994995569238	1	0.884935765773544	0.976693974922864	0.992008702435198	1	0.999927649830387	0.999967984184968
ENSFCAG00000012230:B2M	0	0	0	0	0	0	0	0	0	0.88561659010791	0.96451471432317	0.988728632421373	1	0.889579080443964	0.976693974922864	0.992008702435198	1	0.999936238122855	0.999967984184968
ENSFCAG00000044104:HMGA1	0	0	0	0	0	0	0	0	0	0.885076856962098	0.967756093251871	0.988801690253629	1	0.889579080443964	0.976693974922864	0.992008702435198	1	0.999937063561396	0.999967984184968
ENSFCAG00000032392:CKS1B	0	0	0	0	0	0	0	0	0	0.888083648281931	0.965928270254266	0.989244520052387	1	0.891060464980083	0.976693974922864	0.992008702435198	1	0.999941951336859	0.999967984184968
ENSFCAG00000032943:CHCHD7	0	0	0	0	0	0	0	0	0	0.890633537738696	0.96857739229177	0.989823548141467	1	0.892621559028291	0.976693974922864	0.992008702435198	1	0.999948043368714	0.999967984184968
ENSFCAG00000027874:MLLT11	0	0	0	0	0	0	0	0	0	0.900765753504968	0.979959232594959	0.991943081694787	1	0.901769951669411	0.979959232594959	0.992008702435198	1	0.999967455513145	0.999967984184968
ENSFCAG00000042068:PMAIP1	0	0	0	0	0	0	0	0	0	0.902214366907152	0.975387235110231	0.992008702435198	1	0.902214366907152	0.976693974922864	0.992008702435198	1	0.999967984184968	0.999967984184968
