gene_name	n_syn	n_mis	n_non	n_spl	n_ind	wmis_cv	wnon_cv	wspl_cv	wind_cv	pmis_cv	ptrunc_cv	pallsubs_cv	pind_cv	qmis_cv	qtrunc_cv	qallsubs_cv	qind_cv	pglobal_cv	qglobal_cv
ENSFCAG00000009623:TP53	0	6	4	0	3	14.0050217442797	153.439282337218	153.439282337218	158.977910817506	0.000667672440992306	2.52211083573428e-07	4.91115428657984e-07	1.5802696933774e-05	0.591624144957988	0.000226485553048938	0.00044102165493487	0.014190821846529	2.06300865279729e-10	1.85258177021197e-07
ENSFCAG00000010003:TRAF3	0	0	1	1	0	0	76.6016890872896	76.6016890872896	0	0.335182140286401	0.000368451753227528	0.000811567439026994	1	0.591624144957988	0.16543483719916	0.364393780123121	1	0.00658712207331658	0.999371909584678
ENSFCAG00000025616:FAT1	0	0	0	0	1	0	0	0	5.99589678906226	0.00951155223883959	0.599347814659275	0.0301952614981302	0.13362000810904	0.591624144957988	0.922942863783269	0.928531524130267	1	0.0262772391473761	0.999371909584678
ENSFCAG00000023517:NOTCH1	0	0	0	0	1	0	0	0	10.8109978661276	0.023375865536886	0.604720422130424	0.0669275198106785	0.0812038525042394	0.591624144957988	0.922942863783269	0.928531524130267	1	0.0337767717779579	0.999371909584678
ENSFCAG00000030594:HOXD11	2	0	0	0	1	0	0	0	81.1303202697008	0.258627422236264	0.806428856654964	0.517916604851714	0.0120987135646932	0.591624144957988	0.922942863783269	0.928531524130267	1	0.0380516509768669	0.999371909584678
ENSFCAG00000010165:SPEN	0	0	0	0	1	0	0	0	7.47572127519124	0.0184718675619793	0.658176791389696	0.0565126546434499	0.111476978897096	0.591624144957988	0.922942863783269	0.928531524130267	1	0.0382226862029833	0.999371909584678
ENSFCAG00000041373:CEBPA	2	0	0	0	1	0	0	0	76.3977182539683	0.245663826990754	0.830847168775015	0.50224832361039	0.0128335743930702	0.591624144957988	0.922942863783269	0.928531524130267	1	0.0389597189867018	0.999371909584678
ENSFCAG00000044486:MNX1	2	0	0	0	1	0	0	0	66.2727194492254	0.234251433362243	0.82034756707491	0.484924338855277	0.0147503296506388	0.591624144957988	0.922942863783269	0.928531524130267	1	0.0424893997821725	0.999371909584678
ENSFCAG00000045414:TAL1	0	0	0	0	1	0	0	0	66.2727194492254	0.369862252124002	0.885388733017239	0.662024970966257	0.0147503296506388	0.591624144957988	0.922942863783269	0.928531524130267	1	0.0549671044041957	0.999371909584678
ENSFCAG00000030557:FOXF1	1	0	0	0	1	0	0	0	59.7895186335404	0.335779551386266	0.850108442965832	0.618105459619682	0.0163101618936114	0.591624144957988	0.922942863783269	0.928531524130267	1	0.056426232833089	0.999371909584678
ENSFCAG00000027069:GATA6	0	0	0	0	1	0	0	0	42.5087767719143	0.261885421686867	0.82296743099221	0.519749192717044	0.0227123137849961	0.591624144957988	0.922942863783269	0.928531524130267	1	0.0642088332516542	0.999371909584678
ENSFCAG00000028024:KDSR	0	0	0	0	1	0	0	0	42.9066748384221	0.269265324542896	0.820283187947334	0.529380155602602	0.0225088684661371	0.591624144957988	0.922942863783269	0.928531524130267	1	0.0647012545356299	0.999371909584678
ENSFCAG00000001108:SETD3	0	0	0	0	1	0	0	0	45.6863431419079	0.322480654418598	0.799250885107129	0.59347035588613	0.0211833149902519	0.591624144957988	0.922942863783269	0.928531524130267	1	0.0675891854614052	0.999371909584678
ENSFCAG00000041932:RUNX2	1	0	0	0	1	0	0	0	47.0139804639805	0.333819233177671	0.830353347073022	0.612648665234997	0.0206037897852524	0.591624144957988	0.922942863783269	0.928531524130267	1	0.0678132132034748	0.999371909584678
ENSFCAG00000026041:SMO	0	0	0	0	1	0	0	0	34.551731873654	0.238375263363708	0.786563527749329	0.481067304557986	0.0277234412078721	0.591624144957988	0.922942863783269	0.928531524130267	1	0.0709149859441864	0.999371909584678
ENSFCAG00000000093:KMT2D	2	0	0	0	0	0	0	0	0	0.0044007844022782	0.556259707329651	0.0145757399690937	1	0.591624144957988	0.922942863783269	0.928531524130267	1	0.076207751895532	0.999371909584678
ENSFCAG00000025491:ELP2	0	0	0	0	1	0	0	0	36.2838767433095	0.312258235947856	0.779323266539417	0.577061578875115	0.026452890107911	0.591624144957988	0.922942863783269	0.928531524130267	1	0.0791059472291793	0.999371909584678
ENSFCAG00000009655:SETDB1	0	0	0	0	1	0	0	0	21.30377890893	0.165461734828266	0.7304223781571	0.360178425767849	0.0438247915449052	0.591624144957988	0.922942863783269	0.928531524130267	1	0.0812710927614474	0.999371909584678
ENSFCAG00000018200:PDS5B	0	0	0	0	1	0	0	0	18.9807995662033	0.171698301839605	0.717711313030991	0.36810969168263	0.0487953394625205	0.591624144957988	0.922942863783269	0.928531524130267	1	0.0901603528552331	0.999371909584678
ENSFCAG00000011776:LMNA	0	1	0	0	1	1.5536819229795	0	0	41.3581632653061	0.68143061495602	0.78836424286857	0.886664422355484	0.0233218750541419	0.715701394421645	0.922942863783269	0.939674349296134	1	0.100884072676149	0.999371909584678
ENSFCAG00000029544:FAT4	0	0	0	0	0	0	0	0	0	0.00862547501022082	0.624621642117712	0.0281811799491404	1	0.591624144957988	0.922942863783269	0.928531524130267	1	0.12876265471162	0.999371909584678
ENSFCAG00000014491:PRKD1	0	1	0	0	1	1.40306448534807	0	0	29.5415451895044	0.748531980795388	0.767914552279976	0.909438849483936	0.0321966448490592	0.778022089545726	0.922942863783269	0.943043980180802	1	0.13266641116712	0.999371909584678
ENSFCAG00000008632:KMT2C	1	2	1	0	1	0.538410038351166	5.44961232629158	5.44961232629158	5.63012867378272	0.329022182458613	0.184863239061564	0.257840256533251	0.140528204661538	0.591624144957988	0.922942863783269	0.928531524130267	1	0.156449051178691	0.999371909584678
ENSFCAG00000015061:TRRAP	1	0	0	0	0	0	0	0	0	0.0131312353497246	0.547760081494311	0.0385289998325884	1	0.591624144957988	0.922942863783269	0.928531524130267	1	0.16399268030061	0.999371909584678
ENSFCAG00000040513:TPM3	0	0	1	0	0	0	43.9528619675264	43.9528619675264	0	0.486865232026399	0.0178405515648721	0.0474730668033793	1	0.598091625663073	0.922942863783269	0.928531524130267	1	0.192151640701291	0.999371909584678
ENSFCAG00000009897:CDK12	0	0	0	1	0	0	19.9793132801296	19.9793132801296	0	0.158152231469343	0.0431504473954859	0.0478037161640326	1	0.591624144957988	0.922942863783269	0.928531524130267	1	0.193158176473038	0.999371909584678
ENSFCAG00000011374:PRKDC	0	1	0	0	1	0.369265239940128	0	0	6.69339950631019	0.23279850174086	0.563990508019513	0.415504712144212	0.122176068946344	0.591624144957988	0.922942863783269	0.928531524130267	1	0.202071728517999	0.999371909584678
ENSFCAG00000023839:ZFHX3	2	0	0	0	0	0	0	0	0	0.017153664368699	0.638175403471781	0.052424919309537	1	0.591624144957988	0.922942863783269	0.928531524130267	1	0.206993148581989	0.999371909584678
ENSFCAG00000012737:CIC	1	1	0	0	1	0.489156110162035	0	0	11.0989421192206	0.41708042390987	0.696314184443019	0.666689495120359	0.079345109856809	0.591624144957988	0.922942863783269	0.928531524130267	1	0.20838745916956	0.999371909584678
ENSFCAG00000027260:CLTC	0	0	0	1	0	0	15.0912176899105	15.0912176899105	0	0.129381395128195	0.0591608837708933	0.0533792987548865	1	0.591624144957988	0.922942863783269	0.928531524130267	1	0.209798380550027	0.999371909584678
ENSFCAG00000030907:MAP3K7	0	0	0	1	0	0	32.1060620315396	32.1060620315396	0	0.358347309479967	0.0253417065862819	0.0538243108147376	1	0.591624144957988	0.922942863783269	0.928531524130267	1	0.211100563897632	0.999371909584678
ENSFCAG00000012814:ARID1A	1	1	0	0	1	0.54440957718288	0	0	12.0364020006252	0.498748777167639	0.684662023441378	0.732522337360388	0.0738431143386233	0.60523838094127	0.922942863783269	0.928531524130267	1	0.211881309649493	0.999371909584678
ENSFCAG00000001124:MYH9	0	2	0	0	1	1.22068535207285	0	0	13.87647758397	0.784897470661221	0.631638522719975	0.858841011352217	0.0649990452184236	0.811090826989386	0.922942863783269	0.933793881327955	1	0.21690657590114	0.999371909584678
ENSFCAG00000009757:UPF1	1	0	1	0	0	0	17.8985708869353	17.8985708869353	0	0.172948645560235	0.0611108267547398	0.0567448828704692	1	0.591624144957988	0.922942863783269	0.928531524130267	1	0.219556721798603	0.999371909584678
ENSFCAG00000005610:SETD5	0	0	1	0	0	0	15.8328798761998	15.8328798761998	0	0.148771131383881	0.0560524836195434	0.0568322441783099	1	0.591624144957988	0.922942863783269	0.928531524130267	1	0.219807310757803	0.999371909584678
ENSFCAG00000000512:RPS6KA4	1	0	0	1	0	0	20.5019547030377	20.5019547030377	0	0.227230433585591	0.0542562515728124	0.0609102935297227	1	0.591624144957988	0.922942863783269	0.928531524130267	1	0.231358801950402	0.999371909584678
ENSFCAG00000010119:SNX29	0	0	0	1	0	0	21.6635544727368	21.6635544727368	0	0.25190649256435	0.0393989209979712	0.0621539121895596	1	0.591624144957988	0.922942863783269	0.928531524130267	1	0.234826275992088	0.999371909584678
ENSFCAG00000004825:RASA1	0	0	0	1	0	0	20.328071598651	20.328071598651	0	0.232434396375392	0.0423192109863756	0.0624026936006293	1	0.591624144957988	0.922942863783269	0.928531524130267	1	0.235516928726865	0.999371909584678
ENSFCAG00000018078:ATR	0	1	0	0	1	0.586628454466459	0	0	10.4021098984223	0.558340472644104	0.660146345073475	0.764933936572998	0.0839984293657321	0.629741774213092	0.922942863783269	0.928531524130267	1	0.240623469919615	0.999371909584678
ENSFCAG00000014803:MED12	1	2	0	0	1	1.11804353423962	0	0	12.0680906412587	0.876886254524862	0.642858444422477	0.88735395122842	0.0736704552095084	0.893806874646227	0.922942863783269	0.939674349296134	1	0.243684042348003	0.999371909584678
ENSFCAG00000031193:NCOR2	0	0	0	0	0	0	0	0	0	0.0330158355183698	0.614883607450108	0.0908049817605824	1	0.591624144957988	0.922942863783269	0.928531524130267	1	0.308649867783633	0.999371909584678
ENSFCAG00000025587:BRCA2	0	0	0	0	0	0	0	0	0	0.0374758180357609	0.665047525766597	0.1045538370154	1	0.591624144957988	0.922942863783269	0.928531524130267	1	0.340641958397522	0.999371909584678
ENSFCAG00000006065:NF1	2	0	0	0	0	0	0	0	0	0.0409807196790516	0.579162896613484	0.110013282841085	1	0.591624144957988	0.922942863783269	0.928531524130267	1	0.352829558530832	0.999371909584678
ENSFCAG00000012430:ATM	0	0	0	0	0	0	0	0	0	0.0421758299956924	0.598877305042488	0.110536079521549	1	0.591624144957988	0.922942863783269	0.928531524130267	1	0.353982211168707	0.999371909584678
ENSFCAG00000000945:RNF213	0	1	0	0	0	0.225668434577693	0	0	0	0.0487139563886354	0.496585413466958	0.113755425958445	1	0.591624144957988	0.922942863783269	0.928531524130267	1	0.361026109715748	0.999371909584678
ENSFCAG00000007347:MGA	0	0	0	0	0	0	0	0	0	0.0446232312759837	0.672621542592079	0.121762043034806	1	0.591624144957988	0.922942863783269	0.928531524130267	1	0.378154746149786	0.999371909584678
ENSFCAG00000002498:POLE	2	0	0	0	0	0	0	0	0	0.0484433335247124	0.563526958780612	0.125841463981501	1	0.591624144957988	0.922942863783269	0.928531524130267	1	0.386677141956396	0.999371909584678
ENSFCAG00000001147:BCL9L	3	0	0	0	0	0	0	0	0	0.0446935538349622	0.628747980166314	0.126362856459709	1	0.591624144957988	0.922942863783269	0.928531524130267	1	0.387756770391441	0.999371909584678
ENSFCAG00000006278:ARID1B	0	0	0	0	0	0	0	0	0	0.0482731846922427	0.657559410198864	0.128931275676844	1	0.591624144957988	0.922942863783269	0.928531524130267	1	0.39304386902854	0.999371909584678
ENSFCAG00000009998:NCOR1	0	0	0	0	0	0	0	0	0	0.0538140629393565	0.629789900637658	0.138705591110881	1	0.591624144957988	0.922942863783269	0.928531524130267	1	0.412704843497731	0.999371909584678
ENSFCAG00000000787:APC	0	0	0	0	0	0	0	0	0	0.0534319155879712	0.672600311223863	0.141639931813188	1	0.591624144957988	0.922942863783269	0.928531524130267	1	0.418470523283365	0.999371909584678
ENSFCAG00000007234:PTPRS	1	0	0	0	0	0	0	0	0	0.0546176486944726	0.644822433885817	0.141832913533094	1	0.591624144957988	0.922942863783269	0.928531524130267	1	0.418847568304921	0.999371909584678
ENSFCAG00000001531:NSD1	0	0	0	0	0	0	0	0	0	0.0563947628881872	0.690261951142208	0.149631359641165	1	0.591624144957988	0.922942863783269	0.928531524130267	1	0.433868189383644	0.999371909584678
ENSFCAG00000005002:EP300	0	0	0	0	0	0	0	0	0	0.0584756740737872	0.666574114886572	0.152153222767041	1	0.591624144957988	0.922942863783269	0.928531524130267	1	0.438637538538103	0.999371909584678
ENSFCAG00000015145:CAD	0	0	0	0	0	0	0	0	0	0.0607319165253973	0.651589715268696	0.155580410173914	1	0.591624144957988	0.922942863783269	0.928531524130267	1	0.445052165970541	0.999371909584678
ENSFCAG00000001819:LRRK2	1	0	0	0	0	0	0	0	0	0.0651863586924621	0.643003709949827	0.164056418853138	1	0.591624144957988	0.922942863783269	0.928531524130267	1	0.460595760902064	0.999371909584678
ENSFCAG00000007047:MYO18A	1	0	0	0	0	0	0	0	0	0.0667815685502376	0.657616868375368	0.16890495554594	1	0.591624144957988	0.922942863783269	0.928531524130267	1	0.469288757188264	0.999371909584678
ENSFCAG00000051264:WDR90	0	0	0	0	0	0	0	0	0	0.0681233238685164	0.65369236104646	0.171276984744013	1	0.591624144957988	0.922942863783269	0.928531524130267	1	0.47349064079958	0.999371909584678
ENSFCAG00000008606:DOT1L	0	0	0	0	0	0	0	0	0	0.0662514733091598	0.699229299403559	0.171803358701183	1	0.591624144957988	0.922942863783269	0.928531524130267	1	0.47441860555336	0.999371909584678
ENSFCAG00000019287:SETD2	0	0	0	0	0	0	0	0	0	0.0682719658903058	0.688157509746902	0.175067013065922	1	0.591624144957988	0.922942863783269	0.928531524130267	1	0.480136417273119	0.999371909584678
ENSFCAG00000023397:POLQ	0	0	0	0	0	0	0	0	0	0.0693341980903148	0.682473047185781	0.176747344963233	1	0.591624144957988	0.922942863783269	0.928531524130267	1	0.483056502441778	0.999371909584678
ENSFCAG00000018332:PTPN13	0	0	0	0	0	0	0	0	0	0.0712388049789493	0.645824917707105	0.176802144430893	1	0.591624144957988	0.922942863783269	0.928531524130267	1	0.483151463287935	0.999371909584678
ENSFCAG00000004858:BCOR	2	0	0	0	0	0	0	0	0	0.0691688236260041	0.6624705266467	0.178551053462007	1	0.591624144957988	0.922942863783269	0.928531524130267	1	0.48617321830481	0.999371909584678
ENSFCAG00000005317:NUMA1	0	0	0	0	0	0	0	0	0	0.0699425858452607	0.704351358101774	0.180112080003357	1	0.591624144957988	0.922942863783269	0.928531524130267	1	0.488855876783122	0.999371909584678
ENSFCAG00000013232:MYH11	1	0	0	0	0	0	0	0	0	0.0752285400979942	0.642337052043067	0.18444727870779	1	0.591624144957988	0.922942863783269	0.928531524130267	1	0.49623541086414	0.999371909584678
ENSFCAG00000053177:CNTRL	0	0	0	0	0	0	0	0	0	0.0746705882203538	0.662975194575962	0.18570670908453	1	0.591624144957988	0.922942863783269	0.928531524130267	1	0.49836005137934	0.999371909584678
ENSFCAG00000009906:PTPRB	0	0	0	0	0	0	0	0	0	0.075684606681211	0.66700890881909	0.188215225895065	1	0.591624144957988	0.922942863783269	0.928531524130267	1	0.502566490190697	0.999371909584678
ENSFCAG00000006877:CHD4	2	0	0	0	0	0	0	0	0	0.0761007646074321	0.582424222139365	0.189092661733856	1	0.591624144957988	0.922942863783269	0.928531524130267	1	0.50402991438461	0.999371909584678
ENSFCAG00000000864:AFDN	0	0	0	0	0	0	0	0	0	0.0761959536091061	0.674365991346973	0.190066031358996	1	0.591624144957988	0.922942863783269	0.928531524130267	1	0.505648578161903	0.999371909584678
ENSFCAG00000006448:ROS1	0	0	0	0	0	0	0	0	0	0.078829828657092	0.654212932874159	0.193061425497342	1	0.591624144957988	0.922942863783269	0.928531524130267	1	0.510598601552416	0.999371909584678
ENSFCAG00000029985:KAT6A	2	0	0	0	0	0	0	0	0	0.0761716327379505	0.670593026754405	0.196063680743646	1	0.591624144957988	0.922942863783269	0.928531524130267	1	0.515513327853986	0.999371909584678
ENSFCAG00000024678:TET3	2	0	0	0	0	0	0	0	0	0.0791396956445507	0.673782902723105	0.20167909754874	1	0.591624144957988	0.922942863783269	0.928531524130267	1	0.524582956961586	0.999371909584678
ENSFCAG00000022076:NIN	0	0	0	0	0	0	0	0	0	0.0850897308941387	0.689716834174253	0.2096856184745	1	0.591624144957988	0.922942863783269	0.928531524130267	1	0.537245152874994	0.999371909584678
ENSFCAG00000034298:CUX1	0	0	0	0	0	0	0	0	0	0.0856016782773189	0.707945396404471	0.212721972652734	1	0.591624144957988	0.922942863783269	0.928531524130267	1	0.541966502557524	0.999371909584678
ENSFCAG00000003535:DICER1	0	0	0	0	0	0	0	0	0	0.0877779121871689	0.683682264851273	0.214309273647258	1	0.591624144957988	0.922942863783269	0.928531524130267	1	0.544417370809565	0.999371909584678
ENSFCAG00000012246:DNMT1	0	0	0	0	0	0	0	0	0	0.0937233024305508	0.650541246820478	0.221523935681594	1	0.591624144957988	0.922942863783269	0.928531524130267	1	0.555410268465667	0.999371909584678
ENSFCAG00000012673:TET1	1	0	0	0	0	0	0	0	0	0.0888636210260374	0.734807486349892	0.2220636253728	1	0.591624144957988	0.922942863783269	0.928531524130267	1	0.556223045184015	0.999371909584678
ENSFCAG00000004894:SMARCA4	1	0	0	0	0	0	0	0	0	0.0942735178259436	0.668864432317612	0.225059983290136	1	0.591624144957988	0.922942863783269	0.928531524130267	1	0.560711813647408	0.999371909584678
ENSFCAG00000005552:KAT6B	0	0	0	0	0	0	0	0	0	0.0917783687787556	0.724915286583268	0.226872646577319	1	0.591624144957988	0.922942863783269	0.928531524130267	1	0.563407918304325	0.999371909584678
ENSFCAG00000000496:PCM1	1	0	0	0	0	0	0	0	0	0.0974093812249139	0.684280679864332	0.233073637449624	1	0.591624144957988	0.922942863783269	0.928531524130267	1	0.572522277598894	0.999371909584678
ENSFCAG00000025265:CAMTA1	0	0	0	0	0	0	0	0	0	0.0966554775219031	0.707122992468834	0.234447431831601	1	0.591624144957988	0.922942863783269	0.928531524130267	1	0.574519032070998	0.999371909584678
ENSFCAG00000012280:SLX4	0	0	0	0	0	0	0	0	0	0.0954784070850356	0.743564732518881	0.236157704984182	1	0.591624144957988	0.922942863783269	0.928531524130267	1	0.576993601101589	0.999371909584678
ENSFCAG00000002384:PDCD11	0	0	0	0	0	0	0	0	0	0.0994302033138466	0.687112436440432	0.237296662943763	1	0.591624144957988	0.922942863783269	0.928531524130267	1	0.578634666272088	0.999371909584678
ENSFCAG00000031869:BCORL1	1	0	0	0	0	0	0	0	0	0.0976972016471364	0.742740946247581	0.240451850298369	1	0.591624144957988	0.922942863783269	0.928531524130267	1	0.583152343219982	0.999371909584678
ENSFCAG00000002588:SETD1A	0	0	0	0	0	0	0	0	0	0.100418718534234	0.699429231941566	0.240755463009248	1	0.591624144957988	0.922942863783269	0.928531524130267	1	0.583584871206747	0.999371909584678
ENSFCAG00000013481:PRDM16	2	0	0	0	0	0	0	0	0	0.0983237220679248	0.689924447371572	0.241834440459568	1	0.591624144957988	0.922942863783269	0.928531524130267	1	0.585118892356686	0.999371909584678
ENSFCAG00000014850:PIK3C2B	0	0	0	0	0	0	0	0	0	0.103444053823787	0.680211319863615	0.24395856010067	1	0.591624144957988	0.922942863783269	0.928531524130267	1	0.588124782995413	0.999371909584678
ENSFCAG00000012577:MYO5A	0	0	0	0	0	0	0	0	0	0.104625956439346	0.680058184399114	0.246149251192981	1	0.591624144957988	0.922942863783269	0.928531524130267	1	0.591205508939855	0.999371909584678
ENSFCAG00000025470:KNL1	0	0	0	0	0	0	0	0	0	0.101304094537846	0.733380509836749	0.246483276585967	1	0.591624144957988	0.922942863783269	0.928531524130267	1	0.591673524951577	0.999371909584678
ENSFCAG00000022277:TRIP11	0	0	0	0	0	0	0	0	0	0.102673374837707	0.725386380232855	0.248216388059911	1	0.591624144957988	0.922942863783269	0.928531524130267	1	0.594094601376611	0.999371909584678
ENSFCAG00000007696:MDC1	0	0	0	0	0	0	0	0	0	0.103195012624899	0.744554510223587	0.251374588268663	1	0.591624144957988	0.922942863783269	0.928531524130267	1	0.598475402166953	0.999371909584678
ENSFCAG00000022265:TP53BP1	0	0	0	0	0	0	0	0	0	0.105692076809953	0.710839033867452	0.252218152347938	1	0.591624144957988	0.922942863783269	0.928531524130267	1	0.599638790947259	0.999371909584678
ENSFCAG00000005120:NUP214	0	0	0	0	0	0	0	0	0	0.106548525143639	0.730733461765148	0.256260533982814	1	0.591624144957988	0.922942863783269	0.928531524130267	1	0.605174790933594	0.999371909584678
ENSFCAG00000004564:COL1A1	2	0	0	0	0	0	0	0	0	0.113799929226961	0.595479661657629	0.25764684840882	1	0.591624144957988	0.922942863783269	0.928531524130267	1	0.607058599004414	0.999371909584678
ENSFCAG00000002901:PCLO	1	1	0	0	0	0.289220228436357	0	0	0	0.118728684296927	0.600744201871555	0.25821997610007	1	0.591624144957988	0.922942863783269	0.928531524130267	1	0.607835217989355	0.999371909584678
ENSFCAG00000004031:ATP2B3	1	0	0	0	0	0	0	0	0	0.107940687701135	0.729930076056235	0.258813982514736	1	0.591624144957988	0.922942863783269	0.928531524130267	1	0.608638786376259	0.999371909584678
ENSFCAG00000003009:IRS1	2	0	0	0	0	0	0	0	0	0.108605853774112	0.74842915666466	0.267429217700033	1	0.591624144957988	0.922942863783269	0.928531524130267	1	0.620141707698703	0.999371909584678
ENSFCAG00000009543:TERT	0	0	0	0	0	0	0	0	0	0.111866353978637	0.747826876993096	0.268337279404852	1	0.591624144957988	0.922942863783269	0.928531524130267	1	0.621337810673367	0.999371909584678
ENSFCAG00000001568:SMARCA2	0	0	0	0	0	0	0	0	0	0.116330046674551	0.696763786507115	0.270102302634811	1	0.591624144957988	0.922942863783269	0.928531524130267	1	0.623653925265379	0.999371909584678
ENSFCAG00000000959:PASK	0	0	0	0	0	0	0	0	0	0.115233208546448	0.718026852137919	0.270991823937798	1	0.591624144957988	0.922942863783269	0.928531524130267	1	0.624816805057528	0.999371909584678
ENSFCAG00000012831:ARID2	1	0	0	0	0	0	0	0	0	0.115496698932208	0.718072973695441	0.271485020573624	1	0.591624144957988	0.922942863783269	0.928531524130267	1	0.625460306917031	0.999371909584678
ENSFCAG00000015536:ADGRA2	0	0	0	0	0	0	0	0	0	0.116277171120781	0.732216841993459	0.274741552512581	1	0.591624144957988	0.922942863783269	0.928531524130267	1	0.629686876760116	0.999371909584678
ENSFCAG00000002747:CLTCL1	0	0	0	0	0	0	0	0	0	0.118852034133919	0.699279869488025	0.275049837763216	1	0.591624144957988	0.922942863783269	0.928531524130267	1	0.630084985109992	0.999371909584678
ENSFCAG00000003741:NUP98	0	0	0	0	0	0	0	0	0	0.119476700965384	0.695712578987804	0.275664969622729	1	0.591624144957988	0.922942863783269	0.928531524130267	1	0.630878311801019	0.999371909584678
ENSFCAG00000013146:BRCA1	0	0	0	0	0	0	0	0	0	0.117852291240358	0.737512711450474	0.27832126344008	1	0.591624144957988	0.922942863783269	0.928531524130267	1	0.634288372698355	0.999371909584678
ENSFCAG00000003208:CHD2	0	0	0	0	0	0	0	0	0	0.122494943159957	0.678149909519901	0.278406939955384	1	0.591624144957988	0.922942863783269	0.928531524130267	1	0.634397937994413	0.999371909584678
ENSFCAG00000013540:ARHGEF28	0	0	0	0	0	0	0	0	0	0.121581976890018	0.692364807301825	0.278961943607976	1	0.591624144957988	0.922942863783269	0.928531524130267	1	0.635107052472474	0.999371909584678
ENSFCAG00000007256:KDM5C	1	0	0	0	0	0	0	0	0	0.121014697583163	0.719950071979015	0.281861426456816	1	0.591624144957988	0.922942863783269	0.928531524130267	1	0.638793747544304	0.999371909584678
ENSFCAG00000011453:RPTOR	0	0	0	0	0	0	0	0	0	0.123828155743929	0.696892273010001	0.283661792007284	1	0.591624144957988	0.922942863783269	0.928531524130267	1	0.641067884322652	0.999371909584678
ENSFCAG00000018164:IGF1R	0	0	0	0	0	0	0	0	0	0.125302270742224	0.694946557004058	0.285997727022007	1	0.591624144957988	0.922942863783269	0.928531524130267	1	0.644001506654566	0.999371909584678
ENSFCAG00000003795:FANCA	0	0	0	0	0	0	0	0	0	0.126334849886011	0.687674564707485	0.286707266790721	1	0.591624144957988	0.922942863783269	0.928531524130267	1	0.644888808823751	0.999371909584678
ENSFCAG00000015191:PER1	0	0	0	0	0	0	0	0	0	0.124342944890088	0.720682767518441	0.288000586923577	1	0.591624144957988	0.922942863783269	0.928531524130267	1	0.646501632666521	0.999371909584678
ENSFCAG00000001882:FLT4	0	0	0	0	0	0	0	0	0	0.126928881331059	0.701924470246468	0.289942341115505	1	0.591624144957988	0.922942863783269	0.928531524130267	1	0.648912183053599	0.999371909584678
ENSFCAG00000004091:TRIM24	2	0	0	0	0	0	0	0	0	0.122635346924019	0.693826034365035	0.290220728932266	1	0.591624144957988	0.922942863783269	0.928531524130267	1	0.649256713944477	0.999371909584678
ENSFCAG00000014299:GRIN2A	1	0	0	0	0	0	0	0	0	0.124771648951815	0.735869559734111	0.290810407610555	1	0.591624144957988	0.922942863783269	0.928531524130267	1	0.649985614747114	0.999371909584678
ENSFCAG00000011205:PTCH1	0	0	0	0	0	0	0	0	0	0.125974877484423	0.722685631892613	0.291220158910783	1	0.591624144957988	0.922942863783269	0.928531524130267	1	0.650491403383354	0.999371909584678
ENSFCAG00000008083:RICTOR	0	0	0	0	0	0	0	0	0	0.128841525965781	0.693732542579859	0.29207609405144	1	0.591624144957988	0.922942863783269	0.928531524130267	1	0.651546093176093	0.999371909584678
ENSFCAG00000001908:ASXL1	0	0	0	0	0	0	0	0	0	0.124425340238783	0.763540020196385	0.293579365381165	1	0.591624144957988	0.922942863783269	0.928531524130267	1	0.653392368772557	0.999371909584678
ENSFCAG00000015718:PBRM1	0	0	0	0	0	0	0	0	0	0.128506351212471	0.712527119677339	0.294313159827206	1	0.591624144957988	0.922942863783269	0.928531524130267	1	0.654290796289913	0.999371909584678
ENSFCAG00000009032:PLCG1	0	0	0	0	0	0	0	0	0	0.13276139774249	0.676637703611656	0.296139421754827	1	0.591624144957988	0.922942863783269	0.928531524130267	1	0.656518862730959	0.999371909584678
ENSFCAG00000009679:KDR	0	0	0	0	0	0	0	0	0	0.131059025325255	0.713454500124888	0.29897863743043	1	0.591624144957988	0.922942863783269	0.928531524130267	1	0.65996040792838	0.999371909584678
ENSFCAG00000014340:KDM5A	0	0	0	0	0	0	0	0	0	0.130770175878417	0.720792416939354	0.299531332540244	1	0.591624144957988	0.922942863783269	0.928531524130267	1	0.660627212149199	0.999371909584678
ENSFCAG00000004987:PLCG2	0	0	0	0	0	0	0	0	0	0.140922744633481	0.685433475192313	0.31162214464845	1	0.591624144957988	0.922942863783269	0.928531524130267	1	0.674962315737011	0.999371909584678
ENSFCAG00000008986:PREX2	0	0	0	0	0	0	0	0	0	0.140070609886833	0.694714310681358	0.311733626721216	1	0.591624144957988	0.922942863783269	0.928531524130267	1	0.675092279870505	0.999371909584678
ENSFCAG00000026584:LRP1B	2	1	0	0	0	0.286068546406026	0	0	0	0.167829784071541	0.501339055579328	0.312312525292764	1	0.591624144957988	0.922942863783269	0.928531524130267	1	0.675766510460662	0.999371909584678
ENSFCAG00000002050:BCR	1	0	0	0	0	0	0	0	0	0.139285398236521	0.727334312309236	0.315465873697856	1	0.591624144957988	0.922942863783269	0.928531524130267	1	0.679420356522038	0.999371909584678
ENSFCAG00000014501:ROBO1	0	0	0	0	0	0	0	0	0	0.142336289421931	0.697482908666749	0.316063922732125	1	0.591624144957988	0.922942863783269	0.928531524130267	1	0.680109762022538	0.999371909584678
ENSFCAG00000026560:ARHGEF12	0	0	0	0	0	0	0	0	0	0.144119407770283	0.693002392660307	0.318340284061856	1	0.591624144957988	0.922942863783269	0.928531524130267	1	0.682723521767767	0.999371909584678
ENSFCAG00000044847:BCL11B	2	0	0	0	0	0	0	0	0	0.135305079481149	0.758609084478781	0.318488537004019	1	0.591624144957988	0.922942863783269	0.928531524130267	1	0.682893182668404	0.999371909584678
ENSFCAG00000014104:MAP3K1	0	0	0	0	0	0	0	0	0	0.139079143361931	0.752504507295483	0.318612916196914	1	0.591624144957988	0.922942863783269	0.928531524130267	1	0.683035469175968	0.999371909584678
ENSFCAG00000012455:KDM2B	0	0	0	0	0	0	0	0	0	0.145224989743756	0.708226803615645	0.322749518798879	1	0.591624144957988	0.922942863783269	0.928531524130267	1	0.687740088017417	0.999371909584678
ENSFCAG00000014806:ZMYM3	0	0	0	0	0	0	0	0	0	0.14746672086191	0.709534838050233	0.326768996736262	1	0.591624144957988	0.922942863783269	0.928531524130267	1	0.69226070441233	0.999371909584678
ENSFCAG00000027460:CPS1	0	0	0	0	0	0	0	0	0	0.147824604828264	0.70610565157936	0.326809707176857	1	0.591624144957988	0.922942863783269	0.928531524130267	1	0.69230623657715	0.999371909584678
ENSFCAG00000009873:PTPRK	0	0	0	0	0	0	0	0	0	0.14985796181208	0.691006475442206	0.327637647376362	1	0.591624144957988	0.922942863783269	0.928531524130267	1	0.693231138161816	0.999371909584678
ENSFCAG00000011529:VAV2	2	0	0	0	0	0	0	0	0	0.150167532567992	0.623122043687622	0.333492401548875	1	0.591624144957988	0.922942863783269	0.928531524130267	1	0.699712145904357	0.999371909584678
ENSFCAG00000007517:JAK3	0	0	0	0	0	0	0	0	0	0.150964247162492	0.723248191894495	0.334894032574519	1	0.591624144957988	0.922942863783269	0.928531524130267	1	0.701248384937109	0.999371909584678
ENSFCAG00000008561:CARD11	0	0	0	0	0	0	0	0	0	0.15250313930628	0.71429417498395	0.336038592749404	1	0.591624144957988	0.922942863783269	0.928531524130267	1	0.702498512729251	0.999371909584678
ENSFCAG00000009903:ERBB2	0	0	0	0	0	0	0	0	0	0.153055931886781	0.710246587638543	0.336290838672046	1	0.591624144957988	0.922942863783269	0.928531524130267	1	0.702773499640205	0.999371909584678
ENSFCAG00000005323:INPPL1	0	0	0	0	0	0	0	0	0	0.152128513357124	0.722560676608048	0.33674988570751	1	0.591624144957988	0.922942863783269	0.928531524130267	1	0.703273446250549	0.999371909584678
ENSFCAG00000025791:NCOA1	0	0	0	0	0	0	0	0	0	0.152566890854211	0.733850817782164	0.339255761689798	1	0.591624144957988	0.922942863783269	0.928531524130267	1	0.705991578246975	0.999371909584678
ENSFCAG00000010606:CLIP1	0	0	0	0	0	0	0	0	0	0.151780377487376	0.743064980801492	0.339304095699005	1	0.591624144957988	0.922942863783269	0.928531524130267	1	0.706043823916181	0.999371909584678
ENSFCAG00000009436:TYK2	0	0	0	0	0	0	0	0	0	0.15484333593127	0.716775532722768	0.340363815917759	1	0.591624144957988	0.922942863783269	0.928531524130267	1	0.707187578412854	0.999371909584678
ENSFCAG00000000325:POLD1	0	0	0	0	0	0	0	0	0	0.154936021378456	0.718562634447688	0.340813060773228	1	0.591624144957988	0.922942863783269	0.928531524130267	1	0.707671451299337	0.999371909584678
ENSFCAG00000007401:PC	0	0	0	0	0	0	0	0	0	0.153739228257383	0.737213821400022	0.341751486112073	1	0.591624144957988	0.922942863783269	0.928531524130267	1	0.708680301403801	0.999371909584678
ENSFCAG00000045823:CBFB	0	1	0	0	0	6.75943486446409	0	0	0	0.145599232746089	0.881306891221638	0.342998985206425	1	0.591624144957988	0.922942863783269	0.928531524130267	1	0.71001743145713	0.999371909584678
ENSFCAG00000000349:BCL9	1	0	0	0	0	0	0	0	0	0.151466972306914	0.794234709616424	0.345514838346579	1	0.591624144957988	0.922942863783269	0.928531524130267	1	0.712700259981751	0.999371909584678
ENSFCAG00000015033:NCOA3	0	0	0	0	0	0	0	0	0	0.155053389056847	0.749347343843298	0.345781147283589	1	0.591624144957988	0.922942863783269	0.928531524130267	1	0.712983169128781	0.999371909584678
ENSFCAG00000013609:NSD3	0	0	0	0	0	0	0	0	0	0.159270381244235	0.714144316951408	0.347268773237049	1	0.591624144957988	0.922942863783269	0.928531524130267	1	0.714559756892668	0.999371909584678
ENSFCAG00000018385:FGFR3	2	0	0	0	0	0	0	0	0	0.154947012180971	0.684298136881364	0.347339616773095	1	0.591624144957988	0.922942863783269	0.928531524130267	1	0.714634677774741	0.999371909584678
ENSFCAG00000014859:ERBB3	0	0	0	0	0	0	0	0	0	0.159946324953491	0.717405607902978	0.348937383995802	1	0.591624144957988	0.922942863783269	0.928531524130267	1	0.716320571073155	0.999371909584678
ENSFCAG00000013299:FLT1	0	0	0	0	0	0	0	0	0	0.160449111751797	0.71522356930617	0.349395143389	1	0.591624144957988	0.922942863783269	0.928531524130267	1	0.7168022287758	0.999371909584678
ENSFCAG00000000247:PIK3C2G	0	0	0	0	0	0	0	0	0	0.163663775299306	0.714521006186273	0.354543774943152	1	0.591624144957988	0.922942863783269	0.928531524130267	1	0.722178531719935	0.999371909584678
ENSFCAG00000028848:CIITA	0	0	0	0	0	0	0	0	0	0.159986734919793	0.754224023371934	0.354806194242506	1	0.591624144957988	0.922942863783269	0.928531524130267	1	0.722450543354759	0.999371909584678
ENSFCAG00000000360:DROSHA	0	0	0	0	0	0	0	0	0	0.165903553328572	0.698791787746007	0.355349577265385	1	0.591624144957988	0.922942863783269	0.928531524130267	1	0.723013172034185	0.999371909584678
ENSFCAG00000014232:HDAC4	0	0	0	0	0	0	0	0	0	0.162154078187214	0.738718050682752	0.356065921669517	1	0.591624144957988	0.922942863783269	0.928531524130267	1	0.723753618549762	0.999371909584678
ENSFCAG00000011228:FANCD2	0	0	0	0	0	0	0	0	0	0.166800228961078	0.696280125009799	0.356322325486541	1	0.591624144957988	0.922942863783269	0.928531524130267	1	0.724018298935179	0.999371909584678
ENSFCAG00000006087:BLM	0	0	0	0	0	0	0	0	0	0.163390608358178	0.74047269096347	0.358388784559051	1	0.591624144957988	0.922942863783269	0.928531524130267	1	0.726144737878455	0.999371909584678
ENSFCAG00000029975:AFF3	0	0	0	0	0	0	0	0	0	0.164424314966729	0.742513516893254	0.360416967048865	1	0.591624144957988	0.922942863783269	0.928531524130267	1	0.728220202636007	0.999371909584678
ENSFCAG00000015468:EGFR	0	0	0	0	0	0	0	0	0	0.167113214838222	0.719772237522424	0.361070920227922	1	0.591624144957988	0.922942863783269	0.928531524130267	1	0.728886964800329	0.999371909584678
ENSFCAG00000011321:INPP5D	0	0	0	0	0	0	0	0	0	0.166528396235022	0.725561558193399	0.361109746689284	1	0.591624144957988	0.922942863783269	0.928531524130267	1	0.728926514486894	0.999371909584678
ENSFCAG00000027154:BCL11A	2	0	0	0	0	0	0	0	0	0.159221654016962	0.750269611684766	0.361456644388233	1	0.591624144957988	0.922942863783269	0.928531524130267	1	0.729279688672316	0.999371909584678
ENSFCAG00000014494:MLLT6	0	0	0	0	0	0	0	0	0	0.165517587780527	0.745112123986009	0.362626534427154	1	0.591624144957988	0.922942863783269	0.928531524130267	1	0.730468292998756	0.999371909584678
ENSFCAG00000002822:SALL4	0	0	0	0	0	0	0	0	0	0.161020827994478	0.813678684387358	0.364189946974373	1	0.591624144957988	0.922942863783269	0.928531524130267	1	0.732050824858487	0.999371909584678
ENSFCAG00000003836:ASXL2	0	0	0	0	0	0	0	0	0	0.165173048574711	0.763229470565041	0.364772474903173	1	0.591624144957988	0.922942863783269	0.928531524130267	1	0.732638758869451	0.999371909584678
ENSFCAG00000012999:RET	0	0	0	0	0	0	0	0	0	0.168742685449131	0.744122033389723	0.367766399084827	1	0.591624144957988	0.922942863783269	0.928531524130267	1	0.73564582288669	0.999371909584678
ENSFCAG00000027902:ERBB4	0	0	0	0	0	0	0	0	0	0.173135382823307	0.720614303291751	0.370929138088072	1	0.591624144957988	0.922942863783269	0.928531524130267	1	0.738795973150493	0.999371909584678
ENSFCAG00000003633:CSF1R	1	0	0	0	0	0	0	0	0	0.171721837474347	0.737971777069737	0.371620431080015	1	0.591624144957988	0.922942863783269	0.928531524130267	1	0.739480915216937	0.999371909584678
ENSFCAG00000003634:PDGFRB	0	0	0	0	0	0	0	0	0	0.173293903910328	0.724236504186738	0.371821066326484	1	0.591624144957988	0.922942863783269	0.928531524130267	1	0.73967946634357	0.999371909584678
ENSFCAG00000011119:LATS2	0	0	0	0	0	0	0	0	0	0.168608261964616	0.774571878171215	0.3720788626209	1	0.591624144957988	0.922942863783269	0.928531524130267	1	0.739934425836703	0.999371909584678
ENSFCAG00000030408:ZMYM2	0	0	0	0	0	0	0	0	0	0.176740210533353	0.72227915584544	0.376976895274741	1	0.591624144957988	0.922942863783269	0.928531524130267	1	0.744744764907704	0.999371909584678
ENSFCAG00000029806:AFF1	0	0	0	0	0	0	0	0	0	0.174530293712532	0.751185020058507	0.378300672343337	1	0.591624144957988	0.922942863783269	0.928531524130267	1	0.74603388238259	0.999371909584678
ENSFCAG00000013897:SMC1A	1	0	0	0	0	0	0	0	0	0.17908008125615	0.736306280805754	0.38315305300599	1	0.591624144957988	0.922942863783269	0.928531524130267	1	0.750719728492076	0.999371909584678
ENSFCAG00000035450:ARID5B	0	0	0	0	0	0	0	0	0	0.176349469278196	0.772615393550041	0.384500996965968	1	0.591624144957988	0.922942863783269	0.928531524130267	1	0.752010470829246	0.999371909584678
ENSFCAG00000006882:ZNF384	2	0	0	0	0	0	0	0	0	0.17519405483025	0.721804085188103	0.385131965491594	1	0.591624144957988	0.922942863783269	0.928531524130267	1	0.752613038731182	0.999371909584678
ENSFCAG00000024759:WRN	0	0	0	0	0	0	0	0	0	0.182241274879357	0.720451897414939	0.38532976593423	1	0.591624144957988	0.922942863783269	0.928531524130267	1	0.752801723042792	0.999371909584678
ENSFCAG00000022073:DTX1	2	0	0	0	0	0	0	0	0	0.174291324479971	0.764508396703926	0.387665151787039	1	0.591624144957988	0.922942863783269	0.928531524130267	1	0.755021814415519	0.999371909584678
ENSFCAG00000024874:SOS1	0	0	0	0	0	0	0	0	0	0.181746245474564	0.740877062616778	0.38816606484782	1	0.591624144957988	0.922942863783269	0.928531524130267	1	0.755496162822853	0.999371909584678
ENSFCAG00000042984:EXT1	2	0	0	0	0	0	0	0	0	0.178235846876747	0.713322449586578	0.389086232509467	1	0.591624144957988	0.922942863783269	0.928531524130267	1	0.756365847959567	0.999371909584678
ENSFCAG00000013185:SETD1B	1	0	0	0	0	0	0	0	0	0.177287461238424	0.806603097701128	0.390598711596391	1	0.591624144957988	0.922942863783269	0.928531524130267	1	0.757790623173422	0.999371909584678
ENSFCAG00000003659:DNMT3A	0	0	0	0	0	0	0	0	0	0.184483733000084	0.736595544407569	0.391748454237856	1	0.591624144957988	0.922942863783269	0.928531524130267	1	0.75886977648171	0.999371909584678
ENSFCAG00000007089:MSH6	0	0	0	0	0	0	0	0	0	0.181659550811476	0.769616300461121	0.392630691990086	1	0.591624144957988	0.922942863783269	0.928531524130267	1	0.759695559983147	0.999371909584678
ENSFCAG00000029845:ZNF217	0	0	0	0	0	0	0	0	0	0.178740050384621	0.804832838148187	0.392757446000676	1	0.591624144957988	0.922942863783269	0.928531524130267	1	0.759814040052811	0.999371909584678
ENSFCAG00000030096:ARID4B	1	0	0	0	0	0	0	0	0	0.185065532878622	0.754798636836713	0.395736800895004	1	0.591624144957988	0.922942863783269	0.928531524130267	1	0.762587163193941	0.999371909584678
ENSFCAG00000030253:PATZ1	2	0	0	0	0	0	0	0	0	0.179593477699529	0.758569534332968	0.395747097278046	1	0.591624144957988	0.922942863783269	0.928531524130267	1	0.762596707868162	0.999371909584678
ENSFCAG00000006852:EPHB4	0	0	0	0	0	0	0	0	0	0.185666942641875	0.753613822944813	0.396493913151437	1	0.591624144957988	0.922942863783269	0.928531524130267	1	0.763288286966268	0.999371909584678
ENSFCAG00000015690:PTPRC	0	0	0	0	0	0	0	0	0	0.189247953558133	0.730694532905652	0.398133185848806	1	0.591624144957988	0.922942863783269	0.928531524130267	1	0.764801385208175	0.999371909584678
ENSFCAG00000002750:HIRA	0	0	0	0	0	0	0	0	0	0.188259900285345	0.739430021967976	0.398158316416861	1	0.591624144957988	0.922942863783269	0.928531524130267	1	0.764824528881445	0.999371909584678
ENSFCAG00000008747:PTPRO	0	0	0	0	0	0	0	0	0	0.189661799072234	0.733092189736217	0.399210256732044	1	0.591624144957988	0.922942863783269	0.928531524130267	1	0.765791878181049	0.999371909584678
ENSFCAG00000023514:TCF3	2	0	0	0	0	0	0	0	0	0.18742777351455	0.694582134489091	0.401254443448714	1	0.591624144957988	0.922942863783269	0.928531524130267	1	0.767663762672982	0.999371909584678
ENSFCAG00000001953:JAK1	0	0	0	0	0	0	0	0	0	0.190896280649228	0.734664569214592	0.401407063448912	1	0.591624144957988	0.922942863783269	0.928531524130267	1	0.767803100059345	0.999371909584678
ENSFCAG00000009719:PTK7	0	0	0	0	0	0	0	0	0	0.189290460948866	0.74958213017164	0.401516372367714	1	0.591624144957988	0.922942863783269	0.928531524130267	1	0.767902860089957	0.999371909584678
ENSFCAG00000009141:PDGFRA	0	0	0	0	0	0	0	0	0	0.191071847088286	0.737775048244778	0.40223742446802	1	0.591624144957988	0.922942863783269	0.928531524130267	1	0.768560178102538	0.999371909584678
ENSFCAG00000007112:TSC1	0	0	0	0	0	0	0	0	0	0.188462184793545	0.76725432086362	0.403089023130951	1	0.591624144957988	0.922942863783269	0.928531524130267	1	0.769334839021017	0.999371909584678
ENSFCAG00000001563:SEC31A	0	0	0	0	0	0	0	0	0	0.192760064368298	0.732698867241252	0.403926782232282	1	0.591624144957988	0.922942863783269	0.928531524130267	1	0.770095155156418	0.999371909584678
ENSFCAG00000010710:ALPK1	0	0	0	0	0	0	0	0	0	0.189345771483352	0.769114477648559	0.404772015001222	1	0.591624144957988	0.922942863783269	0.928531524130267	1	0.77086049323506	0.999371909584678
ENSFCAG00000003178:ATXN2	0	0	0	0	0	0	0	0	0	0.190710989449027	0.755914257645096	0.404795896537096	1	0.591624144957988	0.922942863783269	0.928531524130267	1	0.770882091739017	0.999371909584678
ENSFCAG00000004555:CBLB	0	0	0	0	0	0	0	0	0	0.190042295061289	0.767277616665327	0.405581100411829	1	0.591624144957988	0.922942863783269	0.928531524130267	1	0.771591447312983	0.999371909584678
ENSFCAG00000012665:MECOM	1	0	0	0	0	0	0	0	0	0.191395711323072	0.764457911042849	0.407257223670432	1	0.591624144957988	0.922942863783269	0.928531524130267	1	0.773100579989942	0.999371909584678
ENSFCAG00000005305:ABL2	1	0	0	0	0	0	0	0	0	0.190880019632932	0.772051791348567	0.407641615919537	1	0.591624144957988	0.922942863783269	0.928531524130267	1	0.773445702155784	0.999371909584678
ENSFCAG00000005038:SF3B1	0	0	0	0	0	0	0	0	0	0.19384713528989	0.748957274599671	0.408496613887206	1	0.591624144957988	0.922942863783269	0.928531524130267	1	0.774212052995862	0.999371909584678
ENSFCAG00000006634:LRIG3	0	0	0	0	0	0	0	0	0	0.193197074058067	0.755082811809624	0.408530590394485	1	0.591624144957988	0.922942863783269	0.928531524130267	1	0.774242469786775	0.999371909584678
ENSFCAG00000045801:ZBTB7A	2	0	0	0	0	0	0	0	0	0.186860565508815	0.788976427751025	0.410026135115469	1	0.591624144957988	0.922942863783269	0.928531524130267	1	0.775578530093187	0.999371909584678
ENSFCAG00000013378:ATP1A1	0	0	0	0	0	0	0	0	0	0.196492001824852	0.735752261810379	0.410213829092639	1	0.591624144957988	0.922942863783269	0.928531524130267	1	0.775745822773276	0.999371909584678
ENSFCAG00000004802:MRTFA	1	0	0	0	0	0	0	0	0	0.191386873894674	0.784855797893931	0.410360926912119	1	0.591624144957988	0.922942863783269	0.928531524130267	1	0.775876871845289	0.999371909584678
ENSFCAG00000007143:TLL2	0	0	0	0	0	0	0	0	0	0.199791971297996	0.724968565021874	0.413193992892002	1	0.591624144957988	0.922942863783269	0.928531524130267	1	0.778390578178453	0.999371909584678
ENSFCAG00000012141:STIL	0	0	0	0	0	0	0	0	0	0.19508949683054	0.772478953135948	0.414294397022058	1	0.591624144957988	0.922942863783269	0.928531524130267	1	0.779361693271512	0.999371909584678
ENSFCAG00000004047:HIP1	0	0	0	0	0	0	0	0	0	0.20322232499947	0.719261742821761	0.417223734860277	1	0.591624144957988	0.922942863783269	0.928531524130267	1	0.781932630794751	0.999371909584678
ENSFCAG00000009580:PAX8	2	0	0	0	0	0	0	0	0	0.196059235453434	0.717636985045937	0.417252236995241	1	0.591624144957988	0.922942863783269	0.928531524130267	1	0.78195754446847	0.999371909584678
ENSFCAG00000023047:STAG1	0	0	0	0	0	0	0	0	0	0.202395905126212	0.73240558208624	0.418550574891949	1	0.591624144957988	0.922942863783269	0.928531524130267	1	0.783090357458107	0.999371909584678
ENSFCAG00000007834:KTN1	0	0	0	0	0	0	0	0	0	0.204601582515809	0.721782656115861	0.419788120641385	1	0.591624144957988	0.922942863783269	0.928531524130267	1	0.784166379519227	0.999371909584678
ENSFCAG00000002830:TEK	0	0	0	0	0	0	0	0	0	0.202202856376002	0.742886870199543	0.420210879940969	1	0.591624144957988	0.922942863783269	0.928531524130267	1	0.784533123972458	0.999371909584678
ENSFCAG00000005777:PARP1	0	0	0	0	0	0	0	0	0	0.204157787783565	0.727921122160422	0.420334807408511	1	0.591624144957988	0.922942863783269	0.928531524130267	1	0.784640550640764	0.999371909584678
ENSFCAG00000012184:NOD1	0	0	0	0	0	0	0	0	0	0.198606680562631	0.782613384287495	0.42132114768388	1	0.591624144957988	0.922942863783269	0.928531524130267	1	0.785494259082797	0.999371909584678
ENSFCAG00000002081:GLI1	0	0	0	0	0	0	0	0	0	0.198908855897705	0.782132509468342	0.42171671996203	1	0.591624144957988	0.922942863783269	0.928531524130267	1	0.785835990263083	0.999371909584678
ENSFCAG00000002807:SOX10	2	0	0	0	0	0	0	0	0	0.196318946129727	0.761131169144579	0.422400160496559	1	0.591624144957988	0.922942863783269	0.928531524130267	1	0.786425533995965	0.999371909584678
ENSFCAG00000000407:CTR9	0	0	0	0	0	0	0	0	0	0.204312722996524	0.751166556597505	0.424894659435474	1	0.591624144957988	0.922942863783269	0.928531524130267	1	0.788567947367509	0.999371909584678
ENSFCAG00000012287:MAML2	0	0	0	0	0	0	0	0	0	0.19811932258782	0.815655223981533	0.425169043832968	1	0.591624144957988	0.922942863783269	0.928531524130267	1	0.788802708239364	0.999371909584678
ENSFCAG00000009155:RSPO3	0	1	0	0	0	5.1889420359278	0	0	0	0.195124593738349	0.860481419288953	0.425413615003156	1	0.591624144957988	0.922942863783269	0.928531524130267	1	0.789011811913109	0.999371909584678
ENSFCAG00000002273:KSR2	1	0	0	0	0	0	0	0	0	0.204659749972576	0.752898480361019	0.4257262878779	1	0.591624144957988	0.922942863783269	0.928531524130267	1	0.789278936469728	0.999371909584678
ENSFCAG00000012425:AFF4	0	0	0	0	0	0	0	0	0	0.205801356610442	0.751333166481913	0.427172844856938	1	0.591624144957988	0.922942863783269	0.928531524130267	1	0.790511781505318	0.999371909584678
ENSFCAG00000038306:TRIM33	0	0	0	0	0	0	0	0	0	0.204428664968177	0.779543504809873	0.429814940241265	1	0.591624144957988	0.922942863783269	0.928531524130267	1	0.79275090550112	0.999371909584678
ENSFCAG00000028208:RBM15	0	0	0	0	0	0	0	0	0	0.204383886109349	0.806181593025421	0.433664752272206	1	0.591624144957988	0.922942863783269	0.928531524130267	1	0.795984498881968	0.999371909584678
ENSFCAG00000022796:PGBD5	2	0	0	0	0	0	0	0	0	0.203939986403274	0.770497149346762	0.435050426230853	1	0.591624144957988	0.922942863783269	0.928531524130267	1	0.797139995171899	0.999371909584678
ENSFCAG00000024623:LMO1	1	1	0	0	0	7.74106655221882	0	0	0	0.204185951992928	0.887044638088361	0.436916446042715	1	0.591624144957988	0.922942863783269	0.928531524130267	1	0.798689074859159	0.999371909584678
ENSFCAG00000001740:NUTM1	0	0	0	0	0	0	0	0	0	0.205944222205973	0.814795228154661	0.437232344303608	1	0.591624144957988	0.922942863783269	0.928531524130267	1	0.798950528648509	0.999371909584678
ENSFCAG00000044523:SOX9	2	0	0	0	0	0	0	0	0	0.204835666430109	0.7815724543545	0.437493874000721	1	0.591624144957988	0.922942863783269	0.928531524130267	1	0.799166811492973	0.999371909584678
ENSFCAG00000013913:INPP4A	0	0	0	0	0	0	0	0	0	0.213074486752404	0.749575212091082	0.437731026555776	1	0.591624144957988	0.922942863783269	0.928531524130267	1	0.799362799484413	0.999371909584678
ENSFCAG00000003098:PML	0	0	0	0	0	0	0	0	0	0.20844471581772	0.797865564390593	0.438719910665118	1	0.591624144957988	0.922942863783269	0.928531524130267	1	0.800178650575392	0.999371909584678
ENSFCAG00000018749:MLLT10	0	0	0	0	0	0	0	0	0	0.21399823797306	0.75045232602169	0.439261461424473	1	0.591624144957988	0.922942863783269	0.928531524130267	1	0.800624496938882	0.999371909584678
ENSFCAG00000006091:FURIN	0	0	0	0	0	0	0	0	0	0.211961003744942	0.773545114442785	0.440260721309323	1	0.591624144957988	0.922942863783269	0.928531524130267	1	0.801445412805441	0.999371909584678
ENSFCAG00000029172:KMT5A	2	0	0	0	0	0	0	0	0	0.206803933989334	0.781753326684982	0.440516069965544	1	0.591624144957988	0.922942863783269	0.928531524130267	1	0.801654823788505	0.999371909584678
ENSFCAG00000006191:ERC1	0	0	0	0	0	0	0	0	0	0.212402694846904	0.776198220364074	0.441360405802211	1	0.591624144957988	0.922942863783269	0.928531524130267	1	0.802346208708701	0.999371909584678
ENSFCAG00000018250:LIFR	0	0	0	0	0	0	0	0	0	0.213756601788289	0.765546161702657	0.441594543855575	1	0.591624144957988	0.922942863783269	0.928531524130267	1	0.802537646605271	0.999371909584678
ENSFCAG00000012942:PALB2	0	0	0	0	0	0	0	0	0	0.212878144964245	0.779928614497281	0.442680222700259	1	0.591624144957988	0.922942863783269	0.928531524130267	1	0.803423706972965	0.999371909584678
ENSFCAG00000031292:ATXN7	0	0	0	0	0	0	0	0	0	0.212284712300771	0.790469710111139	0.443442725854024	1	0.591624144957988	0.922942863783269	0.928531524130267	1	0.80404442028159	0.999371909584678
ENSFCAG00000029436:TET2	0	0	0	0	0	0	0	0	0	0.210968489404725	0.808289482173303	0.444049450748898	1	0.591624144957988	0.922942863783269	0.928531524130267	1	0.804537385976447	0.999371909584678
ENSFCAG00000026440:TRIM27	2	0	0	0	0	0	0	0	0	0.214327935074124	0.746311726068	0.448031580577508	1	0.591624144957988	0.922942863783269	0.928531524130267	1	0.807752353754163	0.999371909584678
ENSFCAG00000005686:MSH3	0	0	0	0	0	0	0	0	0	0.219549427991307	0.759370067719168	0.449073256510456	1	0.591624144957988	0.922942863783269	0.928531524130267	1	0.808587496551747	0.999371909584678
ENSFCAG00000004892:DNM2	0	0	0	0	0	0	0	0	0	0.220757194845663	0.752099655825365	0.449504817100127	1	0.591624144957988	0.922942863783269	0.928531524130267	1	0.808932783390195	0.999371909584678
ENSFCAG00000023857:LATS1	0	0	0	0	0	0	0	0	0	0.216471425276724	0.792655549014128	0.450069201685916	1	0.591624144957988	0.922942863783269	0.928531524130267	1	0.809383716056095	0.999371909584678
ENSFCAG00000006348:TRAF7	0	0	0	0	0	0	0	0	0	0.220382437501742	0.761223986023809	0.450629727136432	1	0.591624144957988	0.922942863783269	0.928531524130267	1	0.809830864850271	0.999371909584678
ENSFCAG00000008085:MERTK	0	0	0	0	0	0	0	0	0	0.221713173589065	0.753370476887881	0.451136941952738	1	0.591624144957988	0.922942863783269	0.928531524130267	1	0.810234885142139	0.999371909584678
ENSFCAG00000013850:MAP3K14	0	0	0	0	0	0	0	0	0	0.218636773734266	0.781892219383576	0.451593759512107	1	0.591624144957988	0.922942863783269	0.928531524130267	1	0.810598273561034	0.999371909584678
ENSFCAG00000013582:PCSK7	0	0	0	0	0	0	0	0	0	0.221368195345767	0.776774040011049	0.454783769125869	1	0.591624144957988	0.922942863783269	0.928531524130267	1	0.813123002224643	0.999371909584678
ENSFCAG00000010549:SNCAIP	0	0	0	0	0	0	0	0	0	0.222434664481841	0.773044104701093	0.455717043702141	1	0.591624144957988	0.922942863783269	0.928531524130267	1	0.813857403308156	0.999371909584678
ENSFCAG00000006093:FES	0	0	0	0	0	0	0	0	0	0.224446896834061	0.758327709575073	0.456034016343451	1	0.591624144957988	0.922942863783269	0.928531524130267	1	0.814106396566424	0.999371909584678
ENSFCAG00000043374:MYCN	2	0	0	0	0	0	0	0	0	0.216116044119868	0.801889491063412	0.456480203748354	1	0.591624144957988	0.922942863783269	0.928531524130267	1	0.814456519301187	0.999371909584678
ENSFCAG00000002828:PIK3CB	0	0	0	0	0	0	0	0	0	0.226333097053871	0.754618904116407	0.458074080661283	1	0.591624144957988	0.922942863783269	0.928531524130267	1	0.815703674016934	0.999371909584678
ENSFCAG00000028243:MAP3K13	0	0	0	0	0	0	0	0	0	0.22454336941526	0.774013380608956	0.458970371839739	1	0.591624144957988	0.922942863783269	0.928531524130267	1	0.816402554080173	0.999371909584678
ENSFCAG00000014971:CBFA2T3	0	0	0	0	0	0	0	0	0	0.221926960158403	0.80294709725911	0.459752269816793	1	0.591624144957988	0.922942863783269	0.928531524130267	1	0.817010806831486	0.999371909584678
ENSFCAG00000005090:AMER1	0	0	0	0	0	0	0	0	0	0.222083326407598	0.801860410898536	0.459822535704507	1	0.591624144957988	0.922942863783269	0.928531524130267	1	0.817065402798429	0.999371909584678
ENSFCAG00000008289:SND1	0	0	0	0	0	0	0	0	0	0.228618492952665	0.746944215906398	0.45988615489679	1	0.591624144957988	0.922942863783269	0.928531524130267	1	0.817114825080464	0.999371909584678
ENSFCAG00000041663:PGR	0	0	0	0	0	0	0	0	0	0.222406622066547	0.802341072346653	0.460373495985693	1	0.591624144957988	0.922942863783269	0.928531524130267	1	0.817493121966592	0.999371909584678
ENSFCAG00000001242:NFKB2	0	0	0	0	0	0	0	0	0	0.228698960837255	0.753590358984664	0.461286150676339	1	0.591624144957988	0.922942863783269	0.928531524130267	1	0.818200179845147	0.999371909584678
ENSFCAG00000004539:FLT3	0	0	0	0	0	0	0	0	0	0.231282773980891	0.736904143534582	0.461667331039922	1	0.591624144957988	0.922942863783269	0.928531524130267	1	0.818494955636648	0.999371909584678
ENSFCAG00000013369:RABEP1	0	0	0	0	0	0	0	0	0	0.227513921159713	0.768347162931153	0.462298522894006	1	0.591624144957988	0.922942863783269	0.928531524130267	1	0.818982379294271	0.999371909584678
ENSFCAG00000014965:NTRK3	0	0	0	0	0	0	0	0	0	0.227995304553746	0.764745602156453	0.462347349099151	1	0.591624144957988	0.922942863783269	0.928531524130267	1	0.819020048303201	0.999371909584678
ENSFCAG00000004050:ERCC4	0	0	0	0	0	0	0	0	0	0.225094350536507	0.790971286299374	0.462586053072962	1	0.591624144957988	0.922942863783269	0.928531524130267	1	0.819204132208784	0.999371909584678
ENSFCAG00000028588:JAK2	0	0	0	0	0	0	0	0	0	0.230918937132265	0.750347265983779	0.463839902390796	1	0.591624144957988	0.922942863783269	0.928531524130267	1	0.820169055324145	0.999371909584678
ENSFCAG00000003112:KIT	0	0	0	0	0	0	0	0	0	0.230042832757767	0.758618911680048	0.464165853944001	1	0.591624144957988	0.922942863783269	0.928531524130267	1	0.82041934196504	0.999371909584678
ENSFCAG00000001865:XPC	0	0	0	0	0	0	0	0	0	0.229916147400096	0.763513216156575	0.464891343631204	1	0.591624144957988	0.922942863783269	0.928531524130267	1	0.820975598309093	0.999371909584678
ENSFCAG00000041799:E2F3	2	0	0	0	0	0	0	0	0	0.222779167170766	0.786403992284088	0.464894928704463	1	0.591624144957988	0.922942863783269	0.928531524130267	1	0.820978344287762	0.999371909584678
ENSFCAG00000005619:EXT2	0	0	0	0	0	0	0	0	0	0.229500709555374	0.770698091765891	0.465589202049014	1	0.591624144957988	0.922942863783269	0.928531524130267	1	0.821509600536803	0.999371909584678
ENSFCAG00000018496:SMARCA1	0	0	0	0	0	0	0	0	0	0.233243863038266	0.749093426566848	0.466903793319362	1	0.591624144957988	0.922942863783269	0.928531524130267	1	0.822512687772771	0.999371909584678
ENSFCAG00000002617:GTF2I	0	0	0	0	0	0	0	0	0	0.236112571044684	0.732655674709965	0.467586436553619	1	0.591624144957988	0.922942863783269	0.928531524130267	1	0.823032111949419	0.999371909584678
ENSFCAG00000010530:DDR1	1	0	0	0	0	0	0	0	0	0.230707350645501	0.786582070745879	0.470057253272428	1	0.591624144957988	0.922942863783269	0.928531524130267	1	0.824903838637357	0.999371909584678
ENSFCAG00000008249:KDM4C	0	0	0	0	0	0	0	0	0	0.234730969659001	0.754905690266692	0.470147712785964	1	0.591624144957988	0.922942863783269	0.928531524130267	1	0.824972117890723	0.999371909584678
ENSFCAG00000025193:USP8	0	0	0	0	0	0	0	0	0	0.233720705043832	0.765003572822635	0.470616136752701	1	0.591624144957988	0.922942863783269	0.928531524130267	1	0.825325408094479	0.999371909584678
ENSFCAG00000013063:BUB1B	0	0	0	0	0	0	0	0	0	0.23590299408489	0.750677368305239	0.470981251521361	1	0.591624144957988	0.922942863783269	0.928531524130267	1	0.825600458068911	0.999371909584678
ENSFCAG00000008459:PMS2	0	0	0	0	0	0	0	0	0	0.230187448653423	0.800779669238689	0.471569561785623	1	0.591624144957988	0.922942863783269	0.928531524130267	1	0.826043051348303	0.999371909584678
ENSFCAG00000042273:MAF	2	0	0	0	0	0	0	0	0	0.229802699152172	0.801845365025947	0.476720268282005	1	0.591624144957988	0.922942863783269	0.928531524130267	1	0.829886751613895	0.999371909584678
ENSFCAG00000007485:ERG	2	0	0	0	0	0	0	0	0	0.236227342393843	0.730765214015747	0.477459421239159	1	0.591624144957988	0.922942863783269	0.928531524130267	1	0.830433762167885	0.999371909584678
ENSFCAG00000006007:LZTR1	0	0	0	0	0	0	0	0	0	0.242002557483304	0.745007811112317	0.478388406127456	1	0.591624144957988	0.922942863783269	0.928531524130267	1	0.831119635327439	0.999371909584678
ENSFCAG00000041539:MYC	2	0	0	0	0	0	0	0	0	0.23221436183319	0.78656562574851	0.478652848279372	1	0.591624144957988	0.922942863783269	0.928531524130267	1	0.831314543995204	0.999371909584678
ENSFCAG00000004770:PTPRT	3	1	0	0	0	0.293371998637965	0	0	0	0.26899787371408	0.522585318159402	0.479334448768503	1	0.591624144957988	0.922942863783269	0.928531524130267	1	0.831816248321688	0.999371909584678
ENSFCAG00000024008:EPHA3	0	0	0	0	0	0	0	0	0	0.242011034747863	0.750675748406555	0.479552079880809	1	0.591624144957988	0.922942863783269	0.928531524130267	1	0.831976235420956	0.999371909584678
ENSFCAG00000004737:CBL	0	0	0	0	0	0	0	0	0	0.238673473706462	0.776505944876624	0.479745968865335	1	0.591624144957988	0.922942863783269	0.928531524130267	1	0.832118685783637	0.999371909584678
ENSFCAG00000007779:DNMT3B	0	0	0	0	0	0	0	0	0	0.243345365705935	0.742937843486419	0.479824354994889	1	0.591624144957988	0.922942863783269	0.928531524130267	1	0.832176253878434	0.999371909584678
ENSFCAG00000012620:TYRO3	0	0	0	0	0	0	0	0	0	0.237994268940943	0.78516099661806	0.480286287678407	1	0.591624144957988	0.922942863783269	0.928531524130267	1	0.83251524501096	0.999371909584678
ENSFCAG00000040223:TBX3	0	0	0	0	0	0	0	0	0	0.234396144721393	0.826347972577844	0.481399630099944	1	0.591624144957988	0.922942863783269	0.928531524130267	1	0.83333045078093	0.999371909584678
ENSFCAG00000010283:MIB1	0	0	0	0	0	0	0	0	0	0.241680968390221	0.763120725059704	0.481524750402196	1	0.591624144957988	0.922942863783269	0.928531524130267	1	0.833421904660484	0.999371909584678
ENSFCAG00000027384:ARID3A	1	0	0	0	0	0	0	0	0	0.23504246131197	0.821221770480746	0.481632429232192	1	0.591624144957988	0.922942863783269	0.928531524130267	1	0.833500584057305	0.999371909584678
ENSFCAG00000026102:AXIN2	0	0	0	0	0	0	0	0	0	0.237906285527389	0.794798013850187	0.481763999878235	1	0.591624144957988	0.922942863783269	0.928531524130267	1	0.833596688187786	0.999371909584678
ENSFCAG00000007533:PPFIBP1	0	0	0	0	0	0	0	0	0	0.243051180633994	0.754619588182208	0.481788682727603	1	0.591624144957988	0.922942863783269	0.928531524130267	1	0.833614713462888	0.999371909584678
ENSFCAG00000000639:RELN	1	1	0	0	0	0.407195764386422	0	0	0	0.291058218796236	0.558312973932792	0.482547064558686	1	0.591624144957988	0.922942863783269	0.928531524130267	1	0.834167924981207	0.999371909584678
ENSFCAG00000026883:PIK3R2	0	0	0	0	0	0	0	0	0	0.241644584584291	0.77254598717374	0.483230780373248	1	0.591624144957988	0.922942863783269	0.928531524130267	1	0.834665648700398	0.999371909584678
ENSFCAG00000010755:PRDM1	0	0	0	0	0	0	0	0	0	0.237835823070763	0.806834621540355	0.483559508380865	1	0.591624144957988	0.922942863783269	0.928531524130267	1	0.834904607951254	0.999371909584678
ENSFCAG00000013266:SMAD2	0	0	0	0	0	0	0	0	0	0.238113297409009	0.811578144293054	0.484673583035614	1	0.591624144957988	0.922942863783269	0.928531524130267	1	0.835712790933076	0.999371909584678
ENSFCAG00000005052:VAV1	0	0	0	0	0	0	0	0	0	0.249733290351438	0.727888189893226	0.485329466640527	1	0.591624144957988	0.922942863783269	0.928531524130267	1	0.836187390487291	0.999371909584678
ENSFCAG00000046155:REST	0	0	0	0	0	0	0	0	0	0.236992092328001	0.834710401452646	0.486280801300754	1	0.591624144957988	0.922942863783269	0.928531524130267	1	0.836874204503847	0.999371909584678
ENSFCAG00000018481:EPHA7	0	0	0	0	0	0	0	0	0	0.24271908133508	0.781693942716524	0.486381714184553	1	0.591624144957988	0.922942863783269	0.928531524130267	1	0.836946949098967	0.999371909584678
ENSFCAG00000015377:EML4	0	0	0	0	0	0	0	0	0	0.247335821936289	0.748025131663351	0.486390335721753	1	0.591624144957988	0.922942863783269	0.928531524130267	1	0.836953163095013	0.999371909584678
ENSFCAG00000014215:ECT2L	0	0	0	0	0	0	0	0	0	0.245791606466255	0.76255285531628	0.487154200146544	1	0.591624144957988	0.922942863783269	0.928531524130267	1	0.837503114154925	0.999371909584678
ENSFCAG00000013612:FGFR1	1	0	0	0	0	0	0	0	0	0.246149517588466	0.765415706588174	0.488201306114122	1	0.591624144957988	0.922942863783269	0.928531524130267	1	0.838255041604984	0.999371909584678
ENSFCAG00000008135:TNFAIP3	0	0	0	0	0	0	0	0	0	0.243524446778269	0.786312721669487	0.488319338268102	1	0.591624144957988	0.922942863783269	0.928531524130267	1	0.838339659631724	0.999371909584678
ENSFCAG00000007325:AR	0	0	0	0	0	0	0	0	0	0.242704504932178	0.795306577898372	0.488674280965459	1	0.591624144957988	0.922942863783269	0.928531524130267	1	0.838593948516806	0.999371909584678
ENSFCAG00000013629:EPAS1	0	0	0	0	0	0	0	0	0	0.246188050721919	0.771713755227002	0.489440552468293	1	0.591624144957988	0.922942863783269	0.928531524130267	1	0.839142043735408	0.999371909584678
ENSFCAG00000012236:MEN1	0	0	0	0	0	0	0	0	0	0.24432936132146	0.792321917593301	0.490474251000507	1	0.591624144957988	0.922942863783269	0.928531524130267	1	0.839879522527909	0.999371909584678
ENSFCAG00000000746:AGO1	0	0	0	0	0	0	0	0	0	0.249493524478587	0.756285999907426	0.491039400669021	1	0.591624144957988	0.922942863783269	0.928531524130267	1	0.840281799787532	0.999371909584678
ENSFCAG00000008506:CYLD	0	0	0	0	0	0	0	0	0	0.247016128458377	0.77611460335776	0.491404198731991	1	0.591624144957988	0.922942863783269	0.928531524130267	1	0.840541119972817	0.999371909584678
ENSFCAG00000038026:NKX2-1	2	0	0	0	0	0	0	0	0	0.240514226136559	0.812534061812809	0.493209346045571	1	0.591624144957988	0.922942863783269	0.928531524130267	1	0.841820344468712	0.999371909584678
ENSFCAG00000005630:BRSK1	0	0	0	0	0	0	0	0	0	0.248974127260111	0.771573891735338	0.493285389496203	1	0.591624144957988	0.922942863783269	0.928531524130267	1	0.841874087757047	0.999371909584678
ENSFCAG00000030995:AXL	1	0	0	0	0	0	0	0	0	0.251093135942344	0.759808025630286	0.49393962407158	1	0.591624144957988	0.922942863783269	0.928531524130267	1	0.842335980338806	0.999371909584678
ENSFCAG00000045383:CDH1	0	0	0	0	0	0	0	0	0	0.248986516007122	0.780228202750618	0.494891257431794	1	0.591624144957988	0.922942863783269	0.928531524130267	1	0.8430062911755	0.999371909584678
ENSFCAG00000016224:FGFR4	0	0	0	0	0	0	0	0	0	0.249494038299104	0.776563414933713	0.494930158676124	1	0.591624144957988	0.922942863783269	0.928531524130267	1	0.84303365345185	0.999371909584678
ENSFCAG00000025772:MST1	0	0	0	0	0	0	0	0	0	0.252053317893883	0.7657949268281	0.49643158672853	1	0.591624144957988	0.922942863783269	0.928531524130267	1	0.844087390707509	0.999371909584678
ENSFCAG00000008901:BACH2	0	0	0	0	0	0	0	0	0	0.245990567484342	0.82402096425581	0.497732964746824	1	0.591624144957988	0.922942863783269	0.928531524130267	1	0.844997053951966	0.999371909584678
ENSFCAG00000001719:CTNNA1	0	0	0	0	0	0	0	0	0	0.250666841343345	0.785740844339398	0.498205991468194	1	0.591624144957988	0.922942863783269	0.928531524130267	1	0.845326856001414	0.999371909584678
ENSFCAG00000009163:DDR2	0	0	0	0	0	0	0	0	0	0.253412696234299	0.770797802689808	0.499257860038606	1	0.591624144957988	0.922942863783269	0.928531524130267	1	0.846058627013727	0.999371909584678
ENSFCAG00000013987:MALT1	0	0	0	0	0	0	0	0	0	0.25376980007927	0.772425669673583	0.500056385501815	1	0.591624144957988	0.922942863783269	0.928531524130267	1	0.846612670552375	0.999371909584678
ENSFCAG00000041347:HOXA13	2	0	0	0	0	0	0	0	0	0.246336456982435	0.808956380766624	0.501110102948851	1	0.591624144957988	0.922942863783269	0.928531524130267	1	0.84734182359154	0.999371909584678
ENSFCAG00000018470:BRIP1	0	0	0	0	0	0	0	0	0	0.252946591906125	0.784446262829526	0.501131366568492	1	0.591624144957988	0.922942863783269	0.928531524130267	1	0.847356514801125	0.999371909584678
ENSFCAG00000014571:STAT6	0	0	0	0	0	0	0	0	0	0.256588012439657	0.762992199302959	0.502075892143465	1	0.591624144957988	0.922942863783269	0.928531524130267	1	0.848008185689622	0.999371909584678
ENSFCAG00000028493:DIS3	0	0	0	0	0	0	0	0	0	0.254629739319193	0.777693738218659	0.502221041375646	1	0.591624144957988	0.922942863783269	0.928531524130267	1	0.848108173110738	0.999371909584678
ENSFCAG00000045890:FOXL2	2	0	0	0	0	0	0	0	0	0.247358779697182	0.807676515320089	0.502416934876427	1	0.591624144957988	0.922942863783269	0.928531524130267	1	0.848243049690754	0.999371909584678
ENSFCAG00000002153:STAT5A	0	0	0	0	0	0	0	0	0	0.255578357992721	0.776310847229572	0.503263989899917	1	0.591624144957988	0.922942863783269	0.928531524130267	1	0.848825385153265	0.999371909584678
ENSFCAG00000008898:CD22	0	0	0	0	0	0	0	0	0	0.256037260413983	0.775425437140941	0.503725950795502	1	0.591624144957988	0.922942863783269	0.928531524130267	1	0.849142374215729	0.999371909584678
ENSFCAG00000006810:BCL6	0	0	0	0	0	0	0	0	0	0.25203935600719	0.817141281594563	0.505243816818711	1	0.591624144957988	0.922942863783269	0.928531524130267	1	0.850180925135781	0.999371909584678
ENSFCAG00000008675:NUP93	0	0	0	0	0	0	0	0	0	0.25995667291296	0.756155389067048	0.505246254753199	1	0.591624144957988	0.922942863783269	0.928531524130267	1	0.850182589542297	0.999371909584678
ENSFCAG00000003692:FGFR2	0	0	0	0	0	0	0	0	0	0.260181905198242	0.758943527946345	0.506121497269613	1	0.591624144957988	0.922942863783269	0.928531524130267	1	0.850779368121211	0.999371909584678
ENSFCAG00000045924:FBXO31	0	0	0	0	0	0	0	0	0	0.254235925718481	0.810634727148204	0.507304591750332	1	0.591624144957988	0.922942863783269	0.928531524130267	1	0.851583648349073	0.999371909584678
ENSFCAG00000035352:KCNJ5	2	0	0	0	0	0	0	0	0	0.250595281073339	0.825863100530768	0.50875188901589	1	0.591624144957988	0.922942863783269	0.928531524130267	1	0.852563784947816	0.999371909584678
ENSFCAG00000013269:CSF3R	0	0	0	0	0	0	0	0	0	0.259077634959025	0.782913451165292	0.509260134657161	1	0.591624144957988	0.922942863783269	0.928531524130267	1	0.852907000938687	0.999371909584678
ENSFCAG00000005710:BRD3	0	0	0	0	0	0	0	0	0	0.257383401813576	0.800985307065005	0.510094892906541	1	0.591624144957988	0.922942863783269	0.928531524130267	1	0.853469608958729	0.999371909584678
ENSFCAG00000024269:KIF5B	0	0	0	0	0	0	0	0	0	0.261481868074634	0.770586435254078	0.510193729281507	1	0.591624144957988	0.922942863783269	0.928531524130267	1	0.853536131930557	0.999371909584678
ENSFCAG00000043012:ANKRD11	1	1	0	0	0	0.401102227463337	0	0	0	0.281635227687247	0.666501817249135	0.510455542278705	1	0.591624144957988	0.922942863783269	0.928531524130267	1	0.853712255687443	0.999371909584678
ENSFCAG00000026268:INPP4B	0	0	0	0	0	0	0	0	0	0.262566246651538	0.770274858846286	0.511593795710081	1	0.591624144957988	0.922942863783269	0.928531524130267	1	0.854476408037869	0.999371909584678
ENSFCAG00000024529:RB1	0	0	0	0	0	0	0	0	0	0.264949297088415	0.757186245588956	0.512143324850344	1	0.591624144957988	0.922942863783269	0.928531524130267	1	0.854844420808231	0.999371909584678
ENSFCAG00000013131:EZH1	0	0	0	0	0	0	0	0	0	0.266780451704681	0.756117851554916	0.514353691683813	1	0.591624144957988	0.922942863783269	0.928531524130267	1	0.856318726428788	0.999371909584678
ENSFCAG00000030040:ATRX	0	3	0	0	0	1.99550332250494	0	0	0	0.283885862027242	0.67779104679424	0.515632484640612	1	0.591624144957988	0.922942863783269	0.928531524130267	1	0.857167336064587	0.999371909584678
ENSFCAG00000007090:FBXO11	0	0	0	0	0	0	0	0	0	0.265864711284757	0.774226179401504	0.516788551502046	1	0.591624144957988	0.922942863783269	0.928531524130267	1	0.857931774669706	0.999371909584678
ENSFCAG00000014042:CNOT3	0	0	0	0	0	0	0	0	0	0.269139898155346	0.766666186039892	0.519655297727563	1	0.591624144957988	0.922942863783269	0.928531524130267	1	0.859816238837221	0.999371909584678
ENSFCAG00000006989:ERCC3	0	0	0	0	0	0	0	0	0	0.267356635326484	0.779820157251771	0.519855362510112	1	0.591624144957988	0.922942863783269	0.928531524130267	1	0.859947160651395	0.999371909584678
ENSFCAG00000006344:CD276	0	0	0	0	0	0	0	0	0	0.262313771448669	0.820373202419289	0.519945371575997	1	0.591624144957988	0.922942863783269	0.928531524130267	1	0.860006037209551	0.999371909584678
ENSFCAG00000035960:TLX3	2	0	0	0	0	0	0	0	0	0.259975243198234	0.826838074811439	0.521874232271512	1	0.591624144957988	0.922942863783269	0.928531524130267	1	0.861263999549611	0.999371909584678
ENSFCAG00000013448:MSH2	0	0	0	0	0	0	0	0	0	0.268443323301617	0.788493729428398	0.522920550342058	1	0.591624144957988	0.922942863783269	0.928531524130267	1	0.861943401978861	0.999371909584678
ENSFCAG00000015184:ALOX12B	0	0	0	0	0	0	0	0	0	0.271948471293907	0.7705572218453	0.524151314862698	1	0.591624144957988	0.922942863783269	0.928531524130267	1	0.862739891044102	0.999371909584678
ENSFCAG00000027650:EPS15	0	0	0	0	0	0	0	0	0	0.272082902154086	0.781093024353483	0.52638593827821	1	0.591624144957988	0.922942863783269	0.928531524130267	1	0.864178644909452	0.999371909584678
ENSFCAG00000028112:STAT5B	0	0	0	0	0	0	0	0	0	0.273744473664971	0.771870054508146	0.526779650193457	1	0.591624144957988	0.922942863783269	0.928531524130267	1	0.864431150758485	0.999371909584678
ENSFCAG00000010841:MAFB	2	0	0	0	0	0	0	0	0	0.263963196315193	0.844414506352261	0.528987613798881	1	0.591624144957988	0.922942863783269	0.928531524130267	1	0.865841774861267	0.999371909584678
ENSFCAG00000007246:DDX10	0	0	0	0	0	0	0	0	0	0.273098393686815	0.795941611374446	0.530467488006324	1	0.591624144957988	0.922942863783269	0.928531524130267	1	0.866782076254933	0.999371909584678
ENSFCAG00000009125:ARHGAP26	0	0	0	0	0	0	0	0	0	0.2788018721647	0.759103000534952	0.530741427178565	1	0.591624144957988	0.922942863783269	0.928531524130267	1	0.866955682040625	0.999371909584678
ENSFCAG00000006532:GTSE1	0	0	0	0	0	0	0	0	0	0.271291962018021	0.821293508701578	0.532265609826151	1	0.591624144957988	0.922942863783269	0.928531524130267	1	0.867919035287446	0.999371909584678
ENSFCAG00000002154:STAT3	0	0	0	0	0	0	0	0	0	0.279253858272241	0.770968026368006	0.533801645662783	1	0.591624144957988	0.922942863783269	0.928531524130267	1	0.868885464661866	0.999371909584678
ENSFCAG00000003928:NCSTN	0	0	0	0	0	0	0	0	0	0.276152200982364	0.793171986904687	0.534011731869842	1	0.591624144957988	0.922942863783269	0.928531524130267	1	0.869017300942139	0.999371909584678
ENSFCAG00000014937:KEL	0	0	0	0	0	0	0	0	0	0.279994519712332	0.775566639681671	0.535690036446186	1	0.591624144957988	0.922942863783269	0.928531524130267	1	0.870067529740808	0.999371909584678
ENSFCAG00000042003:ASPSCR1	0	0	0	0	0	0	0	0	0	0.275757780959535	0.807797823987303	0.536049265285183	1	0.591624144957988	0.922942863783269	0.928531524130267	1	0.870291639808709	0.999371909584678
ENSFCAG00000023537:MLLT1	0	0	0	0	0	0	0	0	0	0.276770821793503	0.800264064489095	0.536094420011936	1	0.591624144957988	0.922942863783269	0.928531524130267	1	0.870319793198	0.999371909584678
ENSFCAG00000026219:ETAA1	0	0	0	0	0	0	0	0	0	0.274609358741982	0.826408620216152	0.537494594235625	1	0.591624144957988	0.922942863783269	0.928531524130267	1	0.871190897882859	0.999371909584678
ENSFCAG00000015711:BAP1	0	0	0	0	0	0	0	0	0	0.280403367138392	0.795936878115955	0.540097151658551	1	0.591624144957988	0.922942863783269	0.928531524130267	1	0.872800370055505	0.999371909584678
ENSFCAG00000013487:GPHN	0	0	0	0	0	0	0	0	0	0.284716282825266	0.769088401362991	0.540473067843313	1	0.591624144957988	0.922942863783269	0.928531524130267	1	0.87303180598149	0.999371909584678
ENSFCAG00000025327:GMPS	0	0	0	0	0	0	0	0	0	0.27971970830486	0.807782074999651	0.541279125193291	1	0.591624144957988	0.922942863783269	0.928531524130267	1	0.873527180734201	0.999371909584678
ENSFCAG00000015491:PMS1	0	0	0	0	0	0	0	0	0	0.280297370328349	0.808346892913846	0.542134457319872	1	0.591624144957988	0.922942863783269	0.928531524130267	1	0.874051525418285	0.999371909584678
ENSFCAG00000007945:HOXA11	2	0	0	0	0	0	0	0	0	0.276858660469553	0.808640641677077	0.542670327113295	1	0.591624144957988	0.922942863783269	0.928531524130267	1	0.874379342249296	0.999371909584678
ENSFCAG00000044781:ELN	0	0	0	0	0	0	0	0	0	0.296869970304225	0.715922923526672	0.543178505621229	1	0.591624144957988	0.922942863783269	0.928531524130267	1	0.874689730161723	0.999371909584678
ENSFCAG00000030227:FOXO3	1	0	0	0	0	0	0	0	0	0.276463645727729	0.849850021034023	0.543288285056555	1	0.591624144957988	0.922942863783269	0.928531524130267	1	0.874756719354597	0.999371909584678
ENSFCAG00000008145:CUL3	0	0	0	0	0	0	0	0	0	0.283948741167447	0.788324908266411	0.543302564558434	1	0.591624144957988	0.922942863783269	0.928531524130267	1	0.874765431307917	0.999371909584678
ENSFCAG00000012518:KEAP1	0	0	0	0	0	0	0	0	0	0.281179737063066	0.810949836893291	0.543732428820183	1	0.591624144957988	0.922942863783269	0.928531524130267	1	0.875027516713945	0.999371909584678
ENSFCAG00000002431:RXRA	0	0	0	0	0	0	0	0	0	0.281255790183898	0.811350354497527	0.543899367913584	1	0.591624144957988	0.922942863783269	0.928531524130267	1	0.875129206747104	0.999371909584678
ENSFCAG00000029965:SLC34A2	0	0	0	0	0	0	0	0	0	0.282788781997899	0.809964338269856	0.545674497457952	1	0.591624144957988	0.922942863783269	0.928531524130267	1	0.876207351117699	0.999371909584678
ENSFCAG00000029266:CSDE1	0	0	0	0	0	0	0	0	0	0.286493470359154	0.786826604651778	0.546303522349215	1	0.591624144957988	0.922942863783269	0.928531524130267	1	0.87658800961121	0.999371909584678
ENSFCAG00000012847:BRAF	0	0	0	0	0	0	0	0	0	0.2886131290042	0.77362830752882	0.546398944243442	1	0.591624144957988	0.922942863783269	0.928531524130267	1	0.876645691499968	0.999371909584678
ENSFCAG00000018774:TCF7L2	0	0	0	0	0	0	0	0	0	0.288090637437128	0.779500638744022	0.546919867531269	1	0.591624144957988	0.922942863783269	0.928531524130267	1	0.876960292371269	0.999371909584678
ENSFCAG00000026699:CDX2	2	0	0	0	0	0	0	0	0	0.280739765754299	0.805881601280584	0.547438586149452	1	0.591624144957988	0.922942863783269	0.928531524130267	1	0.877273068760065	0.999371909584678
ENSFCAG00000014304:ASMTL	0	0	0	0	0	0	0	0	0	0.287404551276995	0.789345677211112	0.547957686242303	1	0.591624144957988	0.922942863783269	0.928531524130267	1	0.877585583122388	0.999371909584678
ENSFCAG00000003177:SH2B3	0	0	0	0	0	0	0	0	0	0.283134677572265	0.825630735358962	0.54866959207613	1	0.591624144957988	0.922942863783269	0.928531524130267	1	0.878013372956126	0.999371909584678
ENSFCAG00000003470:CTNNB1	0	0	0	0	0	0	0	0	0	0.286409608079667	0.800818500125566	0.548792043666064	1	0.591624144957988	0.922942863783269	0.928531524130267	1	0.878086861943938	0.999371909584678
ENSFCAG00000000814:HSP90AA1	0	0	0	0	0	0	0	0	0	0.288537634375661	0.787978862119136	0.549152323029729	1	0.591624144957988	0.922942863783269	0.928531524130267	1	0.878302924189271	0.999371909584678
ENSFCAG00000043801:ZNF703	0	0	0	0	0	0	0	0	0	0.281906504208321	0.842183551600009	0.549493363743423	1	0.591624144957988	0.922942863783269	0.928531524130267	1	0.878507231098078	0.999371909584678
ENSFCAG00000024086:NRG1	0	0	0	0	0	0	0	0	0	0.287786950489525	0.796634721712582	0.549812113739719	1	0.591624144957988	0.922942863783269	0.928531524130267	1	0.878697992961564	0.999371909584678
ENSFCAG00000042862:SFPQ	0	0	0	0	0	0	0	0	0	0.284040147890156	0.830700619626265	0.55063429241336	1	0.591624144957988	0.922942863783269	0.928531524130267	1	0.879189188278422	0.999371909584678
ENSFCAG00000038352:HOXC11	2	0	0	0	0	0	0	0	0	0.285164727986197	0.787241881198161	0.55080501036763	1	0.591624144957988	0.922942863783269	0.928531524130267	1	0.879291026557758	0.999371909584678
ENSFCAG00000025248:ARAF	0	0	0	0	0	0	0	0	0	0.289235409569042	0.793553625387561	0.551104076666397	1	0.591624144957988	0.922942863783269	0.928531524130267	1	0.879469300870767	0.999371909584678
ENSFCAG00000004893:CARM1	1	0	0	0	0	0	0	0	0	0.291175474040611	0.786413997462788	0.552223971165113	1	0.591624144957988	0.922942863783269	0.928531524130267	1	0.88013543230798	0.999371909584678
ENSFCAG00000002630:PPM1F	0	0	0	0	0	0	0	0	0	0.289846761691877	0.797875196493669	0.552689132511719	1	0.591624144957988	0.922942863783269	0.928531524130267	1	0.880411449988516	0.999371909584678
ENSFCAG00000013696:IKBKB	0	0	0	0	0	0	0	0	0	0.293896366964064	0.772016426474641	0.55276782265977	1	0.591624144957988	0.922942863783269	0.928531524130267	1	0.880458104464319	0.999371909584678
ENSFCAG00000001371:MLH1	0	0	0	0	0	0	0	0	0	0.29177926445779	0.786435333945833	0.552997626388092	1	0.591624144957988	0.922942863783269	0.928531524130267	1	0.880594288308945	0.999371909584678
ENSFCAG00000009752:CRTC1	1	0	0	0	0	0	0	0	0	0.290699013795085	0.797617515051086	0.553734913206112	1	0.591624144957988	0.922942863783269	0.928531524130267	1	0.881030566899907	0.999371909584678
ENSFCAG00000003444:RAD54L	0	0	0	0	0	0	0	0	0	0.291827351867782	0.794019246197922	0.554509558196283	1	0.591624144957988	0.922942863783269	0.928531524130267	1	0.88148789410609	0.999371909584678
ENSFCAG00000003644:ARNT	0	0	0	0	0	0	0	0	0	0.294780348242221	0.776981617052436	0.554911690974872	1	0.591624144957988	0.922942863783269	0.928531524130267	1	0.881724874459211	0.999371909584678
ENSFCAG00000011083:TSHR	0	0	0	0	0	0	0	0	0	0.289802438953723	0.814777637244945	0.555598150847403	1	0.591624144957988	0.922942863783269	0.928531524130267	1	0.882128738035054	0.999371909584678
ENSFCAG00000010312:BARD1	0	0	0	0	0	0	0	0	0	0.28980112993107	0.82154927163144	0.556710717647779	1	0.591624144957988	0.922942863783269	0.928531524130267	1	0.882781491469013	0.999371909584678
ENSFCAG00000014246:CUL4A	0	0	0	0	0	0	0	0	0	0.298426036080655	0.768388971840351	0.557681486188165	1	0.591624144957988	0.922942863783269	0.928531524130267	1	0.883349233955391	0.999371909584678
ENSFCAG00000024456:MDM2	0	0	0	0	0	0	0	0	0	0.291561686313423	0.815609883482805	0.558004626315559	1	0.591624144957988	0.922942863783269	0.928531524130267	1	0.883537843619539	0.999371909584678
ENSFCAG00000000765:FOXO1	0	0	0	0	0	0	0	0	0	0.287158685584782	0.854674629595794	0.558097970408965	1	0.591624144957988	0.922942863783269	0.928531524130267	1	0.883592291638952	0.999371909584678
ENSFCAG00000007271:FLYWCH1	0	0	0	0	0	0	0	0	0	0.290473689175814	0.828777466373914	0.558724602299493	1	0.591624144957988	0.922942863783269	0.928531524130267	1	0.883957404705742	0.999371909584678
ENSFCAG00000014214:SYK	0	0	0	0	0	0	0	0	0	0.296916679252239	0.784266453075831	0.559076536957174	1	0.591624144957988	0.922942863783269	0.928531524130267	1	0.884162154556576	0.999371909584678
ENSFCAG00000008744:SEPTIN6	0	0	0	0	0	0	0	0	0	0.294299430240147	0.802001837100027	0.559135374014459	1	0.591624144957988	0.922942863783269	0.928531524130267	1	0.884196363379523	0.999371909584678
ENSFCAG00000029481:PPP4R2	2	0	0	0	0	0	0	0	0	0.29450749009625	0.774816771947253	0.560908750723686	1	0.591624144957988	0.922942863783269	0.928531524130267	1	0.88522453087102	0.999371909584678
ENSFCAG00000007459:GAB2	0	0	0	0	0	0	0	0	0	0.295965269943177	0.801858380844016	0.561227401225977	1	0.591624144957988	0.922942863783269	0.928531524130267	1	0.885408683153635	0.999371909584678
ENSFCAG00000030862:NR4A3	0	0	0	0	0	0	0	0	0	0.294296086781158	0.817143055878922	0.561769706687637	1	0.591624144957988	0.922942863783269	0.928531524130267	1	0.885721672646143	0.999371909584678
ENSFCAG00000006991:SRC	0	0	0	0	0	0	0	0	0	0.299041178781554	0.786284279515745	0.562147688887156	1	0.591624144957988	0.922942863783269	0.928531524130267	1	0.885939513971367	0.999371909584678
ENSFCAG00000009399:SEPTIN9	0	0	0	0	0	0	0	0	0	0.297814020977104	0.802379194869392	0.563664618055979	1	0.591624144957988	0.922942863783269	0.928531524130267	1	0.886811206180066	0.999371909584678
ENSFCAG00000012784:STRN	1	0	0	0	0	0	0	0	0	0.300545619391597	0.787854398155577	0.564343236987826	1	0.591624144957988	0.922942863783269	0.928531524130267	1	0.887199847254865	0.999371909584678
ENSFCAG00000024132:TNFRSF11A	0	0	0	0	0	0	0	0	0	0.298061709392256	0.820485532445024	0.567128384402737	1	0.591624144957988	0.922942863783269	0.928531524130267	1	0.888786348228851	0.999371909584678
ENSFCAG00000003427:HIF1A	0	0	0	0	0	0	0	0	0	0.299995221817959	0.806570792616438	0.567176899891651	1	0.591624144957988	0.922942863783269	0.928531524130267	1	0.888813862662909	0.999371909584678
ENSFCAG00000004020:DAXX	0	0	0	0	0	0	0	0	0	0.297569173404331	0.835713067392784	0.568910930675985	1	0.591624144957988	0.922942863783269	0.928531524130267	1	0.889794555800025	0.999371909584678
ENSFCAG00000000790:TP63	0	0	0	0	0	0	0	0	0	0.301839398553209	0.805867316616826	0.569370372380993	1	0.591624144957988	0.922942863783269	0.928531524130267	1	0.890053509876933	0.999371909584678
ENSFCAG00000023059:FOXP1	0	0	0	0	0	0	0	0	0	0.304204521355366	0.794156467535138	0.570139306644184	1	0.591624144957988	0.922942863783269	0.928531524130267	1	0.890486073225919	0.999371909584678
ENSFCAG00000001812:MYB	0	0	0	0	0	0	0	0	0	0.30408540809685	0.795810935956362	0.570308784175317	1	0.591624144957988	0.922942863783269	0.928531524130267	1	0.890581273150885	0.999371909584678
ENSFCAG00000003694:TFRC	0	0	0	0	0	0	0	0	0	0.303036946018159	0.803296459066179	0.570403028298361	1	0.591624144957988	0.922942863783269	0.928531524130267	1	0.890634190728105	0.999371909584678
ENSFCAG00000023797:SUZ12	0	0	0	0	0	0	0	0	0	0.303335866472915	0.801958945556673	0.570530298574324	1	0.591624144957988	0.922942863783269	0.928531524130267	1	0.890705627603671	0.999371909584678
ENSFCAG00000011030:PIK3R1	0	0	0	0	0	0	0	0	0	0.30740818155933	0.780311127561506	0.571331492822635	1	0.591624144957988	0.922942863783269	0.928531524130267	1	0.891154686710141	0.999371909584678
ENSFCAG00000009739:ELL	1	0	0	0	0	0	0	0	0	0.304800717072711	0.798808988977342	0.571769137240348	1	0.591624144957988	0.922942863783269	0.928531524130267	1	0.891399506215703	0.999371909584678
ENSFCAG00000009638:HNF1A	0	0	0	0	0	0	0	0	0	0.303062414251914	0.818677457180282	0.573147623984174	1	0.591624144957988	0.922942863783269	0.928531524130267	1	0.892168447467858	0.999371909584678
ENSFCAG00000006633:CLP1	0	0	0	0	0	0	0	0	0	0.300654024651736	0.847273355772018	0.574535954409974	1	0.591624144957988	0.922942863783269	0.928531524130267	1	0.89293952867579	0.999371909584678
ENSFCAG00000018634:STAT4	0	0	0	0	0	0	0	0	0	0.310825349043125	0.777494392908791	0.574928214163262	1	0.591624144957988	0.922942863783269	0.928531524130267	1	0.893156782252655	0.999371909584678
ENSFCAG00000027102:GAB1	0	0	0	0	0	0	0	0	0	0.306680329266268	0.804855494416963	0.57523274665694	1	0.591624144957988	0.922942863783269	0.928531524130267	1	0.893325263421571	0.999371909584678
ENSFCAG00000041686:MSI2	2	0	0	0	0	0	0	0	0	0.307284141884004	0.766215704247218	0.575343149572558	1	0.591624144957988	0.922942863783269	0.928531524130267	1	0.893386303491837	0.999371909584678
ENSFCAG00000023085:CRTC3	0	0	0	0	0	0	0	0	0	0.306298464797667	0.809755655848698	0.575645663256676	1	0.591624144957988	0.922942863783269	0.928531524130267	1	0.893553450101691	0.999371909584678
ENSFCAG00000011809:ACSL3	0	0	0	0	0	0	0	0	0	0.310711774195669	0.782778508808907	0.575895454570762	1	0.591624144957988	0.922942863783269	0.928531524130267	1	0.893691346407634	0.999371909584678
ENSFCAG00000009029:TOP1	0	0	0	0	0	0	0	0	0	0.31264379240875	0.77200032494204	0.575959872204349	1	0.591624144957988	0.922942863783269	0.928531524130267	1	0.893726890332169	0.999371909584678
ENSFCAG00000028964:SIX1	2	0	0	0	0	0	0	0	0	0.303247181560523	0.807026824954208	0.576298292348984	1	0.591624144957988	0.922942863783269	0.928531524130267	1	0.893913503171948	0.999371909584678
ENSFCAG00000008554:HGF	0	0	0	0	0	0	0	0	0	0.315460716127852	0.770078491817363	0.578944570055786	1	0.591624144957988	0.922942863783269	0.928531524130267	1	0.895365879514248	0.999371909584678
ENSFCAG00000004287:PTPN6	0	0	0	0	0	0	0	0	0	0.312456689011116	0.79009543618801	0.579517708922167	1	0.591624144957988	0.922942863783269	0.928531524130267	1	0.895678844122719	0.999371909584678
ENSFCAG00000003492:CTCF	0	0	0	0	0	0	0	0	0	0.310349806842373	0.822435083540692	0.582879904262079	1	0.591624144957988	0.922942863783269	0.928531524130267	1	0.897503385805528	0.999371909584678
ENSFCAG00000007469:GOLGA5	0	0	0	0	0	0	0	0	0	0.312411455206294	0.810160842158265	0.583285072351797	1	0.591624144957988	0.922942863783269	0.928531524130267	1	0.897721944264119	0.999371909584678
ENSFCAG00000041774:BIRC3	0	0	0	0	0	0	0	0	0	0.311452997246565	0.819116896239631	0.583681659313143	1	0.591624144957988	0.922942863783269	0.928531524130267	1	0.89793560126767	0.999371909584678
ENSFCAG00000028366:XBP1	0	1	0	0	0	3.40703971169295	0	0	0	0.308122273957768	0.867688374227019	0.58670640260674	1	0.591624144957988	0.922942863783269	0.928531524130267	1	0.899556297813355	0.999371909584678
ENSFCAG00000015112:MPL	0	0	0	0	0	0	0	0	0	0.318736215563339	0.788503403030012	0.586816645337348	1	0.591624144957988	0.922942863783269	0.928531524130267	1	0.899615072270589	0.999371909584678
ENSFCAG00000035160:FNBP1	0	0	0	0	0	0	0	0	0	0.321056075141761	0.779286347886817	0.587670107821653	1	0.591624144957988	0.922942863783269	0.928531524130267	1	0.900069384025349	0.999371909584678
ENSFCAG00000003915:PPP2R1A	0	0	0	0	0	0	0	0	0	0.319192079641394	0.791206327214	0.587915613052763	1	0.591624144957988	0.922942863783269	0.928531524130267	1	0.900199840761652	0.999371909584678
ENSFCAG00000023466:POT1	0	0	0	0	0	0	0	0	0	0.318138372408538	0.800122728488413	0.588402288326955	1	0.591624144957988	0.922942863783269	0.928531524130267	1	0.900458147591795	0.999371909584678
ENSFCAG00000008547:EBF1	0	0	0	0	0	0	0	0	0	0.318839501956763	0.802207051386955	0.589651521086417	1	0.591624144957988	0.922942863783269	0.928531524130267	1	0.90111934601042	0.999371909584678
ENSFCAG00000009978:WIF1	0	0	0	0	0	0	0	0	0	0.315318773952131	0.826385297117221	0.589672694520467	1	0.591624144957988	0.922942863783269	0.928531524130267	1	0.901130529936958	0.999371909584678
ENSFCAG00000011053:PLK2	0	0	0	0	0	0	0	0	0	0.322786193611288	0.785662537828267	0.591088519645227	1	0.591624144957988	0.922942863783269	0.928531524130267	1	0.901876652919404	0.999371909584678
ENSFCAG00000033551:DNAJB1	0	1	0	0	0	3.3770452525803	0	0	0	0.311044369840718	0.873742608628076	0.591115638594934	1	0.591624144957988	0.922942863783269	0.928531524130267	1	0.901890911156136	0.999371909584678
ENSFCAG00000025031:HOOK3	0	0	0	0	0	0	0	0	0	0.323116980448847	0.784697304210284	0.591281033069031	1	0.591624144957988	0.922942863783269	0.928531524130267	1	0.901977843108232	0.999371909584678
ENSFCAG00000030250:CMTR2	0	0	0	0	0	0	0	0	0	0.31370724805666	0.857705656937037	0.592398961301992	1	0.591624144957988	0.922942863783269	0.928531524130267	1	0.902564217823677	0.999371909584678
ENSFCAG00000010997:PRKAR1A	0	0	0	0	0	0	0	0	0	0.320470559089889	0.811295779527084	0.593324121463973	1	0.591624144957988	0.922942863783269	0.928531524130267	1	0.903047886465301	0.999371909584678
ENSFCAG00000001593:EED	0	1	0	0	0	3.31239924604822	0	0	0	0.317519297861698	0.834435171000951	0.593681233108152	1	0.591624144957988	0.922942863783269	0.928531524130267	1	0.903234196455723	0.999371909584678
ENSFCAG00000026299:RAF1	0	0	0	0	0	0	0	0	0	0.323469382711592	0.795503584703765	0.593915542175827	1	0.591624144957988	0.922942863783269	0.928531524130267	1	0.903356321959167	0.999371909584678
ENSFCAG00000004384:TGFBR2	0	0	0	0	0	0	0	0	0	0.32079802546115	0.818791837327527	0.59506282495138	1	0.591624144957988	0.922942863783269	0.928531524130267	1	0.903952969707909	0.999371909584678
ENSFCAG00000000914:NOTCH3	0	1	0	0	0	0.452576325180673	0	0	0	0.361249052491975	0.653287282958997	0.595911220122797	1	0.591624144957988	0.922942863783269	0.928531524130267	1	0.904392757206076	0.999371909584678
ENSFCAG00000025219:MRE11	0	0	0	0	0	0	0	0	0	0.328161676846509	0.78541195699206	0.597419550606251	1	0.591624144957988	0.922942863783269	0.928531524130267	1	0.905171657683869	0.999371909584678
ENSFCAG00000015395:BTK	0	0	0	0	0	0	0	0	0	0.329751687313784	0.785477917433845	0.599308148703615	1	0.591624144957988	0.922942863783269	0.928531524130267	1	0.906141559854315	0.999371909584678
ENSFCAG00000012180:AKT2	1	0	0	0	0	0	0	0	0	0.328998596345431	0.791823517870019	0.59974494282366	1	0.591624144957988	0.922942863783269	0.928531524130267	1	0.906365030298909	0.999371909584678
ENSFCAG00000045613:FEV	2	0	0	0	0	0	0	0	0	0.322383179322226	0.810823201799114	0.600183894685956	1	0.591624144957988	0.922942863783269	0.928531524130267	1	0.906589284199087	0.999371909584678
ENSFCAG00000031674:TCF12	0	0	0	0	0	0	0	0	0	0.329184633771461	0.793602291590182	0.600328657815976	1	0.591624144957988	0.922942863783269	0.928531524130267	1	0.906663171096577	0.999371909584678
ENSFCAG00000014851:MDM4	0	1	0	0	0	3.25302166239804	0	0	0	0.323689180046886	0.838226573577368	0.601798893527745	1	0.591624144957988	0.922942863783269	0.928531524130267	1	0.907411601177381	0.999371909584678
ENSFCAG00000004243:EWSR1	1	0	0	0	0	0	0	0	0	0.332995449123582	0.781107853011637	0.602170738976342	1	0.591624144957988	0.922942863783269	0.928531524130267	1	0.907600321321785	0.999371909584678
ENSFCAG00000006761:RUNX1	0	0	0	0	0	0	0	0	0	0.325269498852418	0.829898261332498	0.602362212842436	1	0.591624144957988	0.922942863783269	0.928531524130267	1	0.907697409157492	0.999371909584678
ENSFCAG00000031492:ESR1	0	0	0	0	0	0	0	0	0	0.325591431647243	0.833507567921039	0.603342909085284	1	0.591624144957988	0.922942863783269	0.928531524130267	1	0.90819372259094	0.999371909584678
ENSFCAG00000024950:ARID5A	0	0	0	0	0	0	0	0	0	0.322684646982422	0.857770454345584	0.60345990312335	1	0.591624144957988	0.922942863783269	0.928531524130267	1	0.908252824776086	0.999371909584678
ENSFCAG00000000389:TRAF2	0	0	0	0	0	0	0	0	0	0.329252176705531	0.810684086043339	0.60374158737842	1	0.591624144957988	0.922942863783269	0.928531524130267	1	0.908395030910751	0.999371909584678
ENSFCAG00000006724:SLC45A3	0	0	0	0	0	0	0	0	0	0.323667043396908	0.853136398575747	0.604006859365638	1	0.591624144957988	0.922942863783269	0.928531524130267	1	0.908528831276016	0.999371909584678
ENSFCAG00000028305:FOXA1	0	0	0	0	0	0	0	0	0	0.325768048147974	0.837154170645639	0.604141923710412	1	0.591624144957988	0.922942863783269	0.928531524130267	1	0.908596911529508	0.999371909584678
ENSFCAG00000028455:PRF1	0	0	0	0	0	0	0	0	0	0.322958580293105	0.865721513727554	0.60485875754473	1	0.591624144957988	0.922942863783269	0.928531524130267	1	0.908957732065087	0.999371909584678
ENSFCAG00000012781:SHQ1	0	0	0	0	0	0	0	0	0	0.330242330381983	0.812621093128351	0.605276993157437	1	0.591624144957988	0.922942863783269	0.928531524130267	1	0.909167859766777	0.999371909584678
ENSFCAG00000012034:SETDB2	0	0	0	0	0	0	0	0	0	0.333422651318676	0.802340729288465	0.607071237632639	1	0.591624144957988	0.922942863783269	0.928531524130267	1	0.910066037702125	0.999371909584678
ENSFCAG00000023460:ELF4	0	0	0	0	0	0	0	0	0	0.330090562366485	0.832816264444539	0.60862621519621	1	0.591624144957988	0.922942863783269	0.928531524130267	1	0.910840151414264	0.999371909584678
ENSFCAG00000004303:WDCP	0	0	0	0	0	0	0	0	0	0.328743303163758	0.854467864768732	0.610337903703923	1	0.591624144957988	0.922942863783269	0.928531524130267	1	0.911687687292996	0.999371909584678
ENSFCAG00000009182:LCP1	0	0	0	0	0	0	0	0	0	0.336572929169507	0.800936429505439	0.61048171051165	1	0.591624144957988	0.922942863783269	0.928531524130267	1	0.911758673890317	0.999371909584678
ENSFCAG00000000053:MTOR	0	1	0	0	0	0.474574277419299	0	0	0	0.394956056374218	0.608645887292792	0.610858263084031	1	0.591624144957988	0.922942863783269	0.928531524130267	1	0.911944389092361	0.999371909584678
ENSFCAG00000025662:SH3GL1	0	1	0	0	0	3.15600435178499	0	0	0	0.334259178773053	0.81868384577617	0.611134518059702	1	0.591624144957988	0.922942863783269	0.928531524130267	1	0.912080490038823	0.999371909584678
ENSFCAG00000014173:MAPK3	0	1	0	0	0	3.17364421144296	0	0	0	0.332290339103258	0.841389770890296	0.612627048103675	1	0.591624144957988	0.922942863783269	0.928531524130267	1	0.912813647754868	0.999371909584678
ENSFCAG00000008222:RPN1	0	0	0	0	0	0	0	0	0	0.334195570731016	0.828701055334427	0.61281428749749	1	0.591624144957988	0.922942863783269	0.928531524130267	1	0.912905366247569	0.999371909584678
ENSFCAG00000009952:ITK	0	0	0	0	0	0	0	0	0	0.342225642453829	0.781618565201165	0.612956782131474	1	0.591624144957988	0.922942863783269	0.928531524130267	1	0.912975128356135	0.999371909584678
ENSFCAG00000015088:KLHL6	0	0	0	0	0	0	0	0	0	0.332629624575634	0.841314761800737	0.613019230938147	1	0.591624144957988	0.922942863783269	0.928531524130267	1	0.913005691420917	0.999371909584678
ENSFCAG00000000308:WT1	0	0	0	0	0	0	0	0	0	0.337946147793437	0.819162714164819	0.615550921696058	1	0.591624144957988	0.922942863783269	0.928531524130267	1	0.914239376409751	0.999371909584678
ENSFCAG00000008765:PAX7	0	0	0	0	0	0	0	0	0	0.338332080120727	0.824331887054074	0.616925212766979	1	0.591624144957988	0.922942863783269	0.928531524130267	1	0.91490470112277	0.999371909584678
ENSFCAG00000042921:IKZF1	0	0	0	0	0	0	0	0	0	0.338337070476152	0.824593760024369	0.616977088050347	1	0.591624144957988	0.922942863783269	0.928531524130267	1	0.914929755091374	0.999371909584678
ENSFCAG00000006814:LPP	0	0	0	0	0	0	0	0	0	0.339392535145399	0.818051613995994	0.617038298232738	1	0.591624144957988	0.922942863783269	0.928531524130267	1	0.914959311883944	0.999371909584678
ENSFCAG00000012963:SAMHD1	0	0	0	0	0	0	0	0	0	0.341741119514734	0.804923176311604	0.617272855979867	1	0.591624144957988	0.922942863783269	0.928531524130267	1	0.915072517460974	0.999371909584678
ENSFCAG00000006864:GPC3	0	0	0	0	0	0	0	0	0	0.339692875279556	0.818398722359646	0.617451801364231	1	0.591624144957988	0.922942863783269	0.928531524130267	1	0.915158822674612	0.999371909584678
ENSFCAG00000029123:PICALM	0	0	0	0	0	0	0	0	0	0.344194568356406	0.7926348526163	0.617591234019617	1	0.591624144957988	0.922942863783269	0.928531524130267	1	0.915226034982384	0.999371909584678
ENSFCAG00000025339:DDX3X	0	0	0	0	0	0	0	0	0	0.346794184103217	0.781968895703194	0.618243470309755	1	0.591624144957988	0.922942863783269	0.928531524130267	1	0.915540021931138	0.999371909584678
ENSFCAG00000030101:ERF	0	0	0	0	0	0	0	0	0	0.338116957562129	0.837575227790439	0.618912899441675	1	0.591624144957988	0.922942863783269	0.928531524130267	1	0.915861569986506	0.999371909584678
ENSFCAG00000013314:TIPARP	0	0	0	0	0	0	0	0	0	0.337513124725146	0.842882894449475	0.619049268936007	1	0.591624144957988	0.922942863783269	0.928531524130267	1	0.91592698378293	0.999371909584678
ENSFCAG00000002574:TFE3	0	0	0	0	0	0	0	0	0	0.339221194412591	0.833771307915785	0.619583166063059	1	0.591624144957988	0.922942863783269	0.928531524130267	1	0.916182794886946	0.999371909584678
ENSFCAG00000004957:AKT1	0	0	0	0	0	0	0	0	0	0.34759708713248	0.789979574483156	0.620907759159061	1	0.591624144957988	0.922942863783269	0.928531524130267	1	0.916815473747756	0.999371909584678
ENSFCAG00000022556:HLF	0	0	0	0	0	0	0	0	0	0.338202870486719	0.851339587465037	0.621153502214356	1	0.591624144957988	0.922942863783269	0.928531524130267	1	0.916932539566236	0.999371909584678
ENSFCAG00000011327:FAF1	0	0	0	0	0	0	0	0	0	0.346590973698843	0.798367748609943	0.621524715257366	1	0.591624144957988	0.922942863783269	0.928531524130267	1	0.917109191795165	0.999371909584678
ENSFCAG00000009924:IL21R	0	0	0	0	0	0	0	0	0	0.342235108743765	0.831040863436178	0.622642315847717	1	0.591624144957988	0.922942863783269	0.928531524130267	1	0.917639695628454	0.999371909584678
ENSFCAG00000002211:NTHL1	0	0	0	0	0	0	0	0	0	0.339109895955588	0.862111944161624	0.623765851159927	1	0.591624144957988	0.922942863783269	0.928531524130267	1	0.918170994543209	0.999371909584678
ENSFCAG00000004249:NF2	0	0	0	0	0	0	0	0	0	0.348696247618205	0.799278911118255	0.624110846594361	1	0.591624144957988	0.922942863783269	0.928531524130267	1	0.918333730175813	0.999371909584678
ENSFCAG00000004913:EPOR	0	0	0	0	0	0	0	0	0	0.345753679437269	0.818938162251322	0.624570884809056	1	0.591624144957988	0.922942863783269	0.928531524130267	1	0.918550435235873	0.999371909584678
ENSFCAG00000010330:FUBP1	0	0	0	0	0	0	0	0	0	0.354472425671668	0.776306018059339	0.625591569030251	1	0.591624144957988	0.922942863783269	0.928531524130267	1	0.919030027994906	0.999371909584678
ENSFCAG00000001964:PDPK1	0	0	0	0	0	0	0	0	0	0.352392464626891	0.787962815304042	0.625890077876157	1	0.591624144957988	0.922942863783269	0.928531524130267	1	0.919169974620441	0.999371909584678
ENSFCAG00000005890:SLC1A2	0	0	0	0	0	0	0	0	0	0.343506050044448	0.845134432707942	0.626423773165285	1	0.591624144957988	0.922942863783269	0.928531524130267	1	0.919419826359504	0.999371909584678
ENSFCAG00000012902:FANCE	0	0	0	0	0	0	0	0	0	0.343040970130885	0.849009057706282	0.626479244303128	1	0.591624144957988	0.922942863783269	0.928531524130267	1	0.919445769318044	0.999371909584678
ENSFCAG00000028016:KLF4	0	0	0	0	0	0	0	0	0	0.342566073748328	0.852743520828365	0.626485600906021	1	0.591624144957988	0.922942863783269	0.928531524130267	1	0.919448741885251	0.999371909584678
ENSFCAG00000008071:TMPRSS2	0	0	0	0	0	0	0	0	0	0.353536932548001	0.792275267019739	0.628110522141445	1	0.591624144957988	0.922942863783269	0.928531524130267	1	0.920206497504358	0.999371909584678
ENSFCAG00000013654:PHF1	0	0	0	0	0	0	0	0	0	0.35242372762759	0.804888979629382	0.629476917210112	1	0.591624144957988	0.922942863783269	0.928531524130267	1	0.920840439533231	0.999371909584678
ENSFCAG00000013874:SGK1	0	0	0	0	0	0	0	0	0	0.351809729363458	0.808845340578194	0.629568227008672	1	0.591624144957988	0.922942863783269	0.928531524130267	1	0.920882697120866	0.999371909584678
ENSFCAG00000027801:BCL3	0	0	0	0	0	0	0	0	0	0.347361338205457	0.840012594339619	0.63007663215895	1	0.591624144957988	0.922942863783269	0.928531524130267	1	0.921117741660097	0.999371909584678
ENSFCAG00000011007:MSI1	1	0	0	0	0	0	0	0	0	0.350294595361056	0.822573228808023	0.630440905168148	1	0.591624144957988	0.922942863783269	0.928531524130267	1	0.92128589912019	0.999371909584678
ENSFCAG00000006262:CREBBP	2	1	0	0	0	0.39569606139306	0	0	0	0.394081115020276	0.629411268525448	0.630522416064603	1	0.591624144957988	0.922942863783269	0.928531524130267	1	0.921323497750168	0.999371909584678
ENSFCAG00000038609:FCRL4	0	0	0	0	0	0	0	0	0	0.351512697827625	0.818187265867057	0.631020998309988	1	0.591624144957988	0.922942863783269	0.928531524130267	1	0.921553250084418	0.999371909584678
ENSFCAG00000014348:TEC	0	0	0	0	0	0	0	0	0	0.356279540826884	0.796096594496532	0.631998518894229	1	0.591624144957988	0.922942863783269	0.928531524130267	1	0.922002559585251	0.999371909584678
ENSFCAG00000023350:FYN	0	0	0	0	0	0	0	0	0	0.356147427861559	0.796870121206369	0.632014114468421	1	0.591624144957988	0.922942863783269	0.928531524130267	1	0.922009715706329	0.999371909584678
ENSFCAG00000027549:NCOA4	0	0	0	0	0	0	0	0	0	0.354290933937669	0.816804680251738	0.633910970390466	1	0.591624144957988	0.922942863783269	0.928531524130267	1	0.922877232154042	0.999371909584678
ENSFCAG00000011854:ALB	0	0	0	0	0	0	0	0	0	0.359729130446299	0.787998492854324	0.634082775080375	1	0.591624144957988	0.922942863783269	0.928531524130267	1	0.92295552548579	0.999371909584678
ENSFCAG00000030898:NADK	0	0	0	0	0	0	0	0	0	0.35516674462155	0.815698252587288	0.634689771593706	1	0.591624144957988	0.922942863783269	0.928531524130267	1	0.923231767950574	0.999371909584678
ENSFCAG00000004785:CBLC	0	0	0	0	0	0	0	0	0	0.3551866557229	0.81843301976055	0.635229319702665	1	0.591624144957988	0.922942863783269	0.928531524130267	1	0.923476827475082	0.999371909584678
ENSFCAG00000009695:PTPN11	0	0	0	0	0	0	0	0	0	0.357507537959547	0.807877106924806	0.635794682102022	1	0.591624144957988	0.922942863783269	0.928531524130267	1	0.923733120010115	0.999371909584678
ENSFCAG00000032199:EGR1	0	0	0	0	0	0	0	0	0	0.351562889344228	0.85417698002725	0.637122318065281	1	0.591624144957988	0.922942863783269	0.928531524130267	1	0.924332994057945	0.999371909584678
ENSFCAG00000044117:FANCG	0	0	0	0	0	0	0	0	0	0.360083429046296	0.801789621825369	0.637430787021442	1	0.591624144957988	0.922942863783269	0.928531524130267	1	0.924471975233206	0.999371909584678
ENSFCAG00000043468:KLF2	0	0	0	0	0	0	0	0	0	0.352404870073878	0.852932900711432	0.637901280708598	1	0.591624144957988	0.922942863783269	0.928531524130267	1	0.924683669451342	0.999371909584678
ENSFCAG00000008473:NFIB	0	0	0	0	0	0	0	0	0	0.361360208016613	0.800533250835267	0.638586543087923	1	0.591624144957988	0.922942863783269	0.928531524130267	1	0.924991376113423	0.999371909584678
ENSFCAG00000012482:LCK	0	0	0	0	0	0	0	0	0	0.361424884631814	0.806765357352487	0.639938688798436	1	0.591624144957988	0.922942863783269	0.928531524130267	1	0.925596380346822	0.999371909584678
ENSFCAG00000015036:GATA4	0	0	0	0	0	0	0	0	0	0.356603694068986	0.838516296447503	0.640392016861646	1	0.591624144957988	0.922942863783269	0.928531524130267	1	0.925798577715732	0.999371909584678
ENSFCAG00000044642:GNA11	0	1	0	0	0	2.96767806805985	0	0	0	0.356697432622561	0.837992515237215	0.640410455292684	1	0.591624144957988	0.922942863783269	0.928531524130267	1	0.925806794993689	0.999371909584678
ENSFCAG00000010770:CSF1	0	0	0	0	0	0	0	0	0	0.356994755193253	0.838524827178964	0.640835799258255	1	0.591624144957988	0.922942863783269	0.928531524130267	1	0.925996206598638	0.999371909584678
ENSFCAG00000006154:GATA2	0	0	0	0	0	0	0	0	0	0.354913834720621	0.853815884137186	0.640901512077773	1	0.591624144957988	0.922942863783269	0.928531524130267	1	0.926025444252635	0.999371909584678
ENSFCAG00000035050:YAP1	0	0	0	0	0	0	0	0	0	0.358140974222274	0.831520451199935	0.64093166785606	1	0.591624144957988	0.922942863783269	0.928531524130267	1	0.926038859230198	0.999371909584678
ENSFCAG00000003395:RPS6KB2	0	0	0	0	0	0	0	0	0	0.361890774119155	0.809399562570811	0.640984835077379	1	0.591624144957988	0.922942863783269	0.928531524130267	1	0.926062507529332	0.999371909584678
ENSFCAG00000030888:RECQL	0	0	0	0	0	0	0	0	0	0.362034411977336	0.811309441231381	0.64152339344988	1	0.591624144957988	0.922942863783269	0.928531524130267	1	0.926301804899499	0.999371909584678
ENSFCAG00000005262:STK40	0	0	0	0	0	0	0	0	0	0.359116524842994	0.828667825367211	0.641525116404786	1	0.591624144957988	0.922942863783269	0.928531524130267	1	0.926302569733458	0.999371909584678
ENSFCAG00000003512:DDX5	0	0	0	0	0	0	0	0	0	0.36131056351237	0.817948651830841	0.642005241171028	1	0.591624144957988	0.922942863783269	0.928531524130267	1	0.926515520830095	0.999371909584678
ENSFCAG00000013821:MSN	0	0	0	0	0	0	0	0	0	0.359783098718686	0.827357758707215	0.642038460165668	1	0.591624144957988	0.922942863783269	0.928531524130267	1	0.926530241260876	0.999371909584678
ENSFCAG00000045851:SOX17	0	0	0	0	0	0	0	0	0	0.354524306237511	0.869050732966557	0.642628432269939	1	0.591624144957988	0.922942863783269	0.928531524130267	1	0.926791391090494	0.999371909584678
ENSFCAG00000011506:PAK3	0	0	0	0	0	0	0	0	0	0.363396679041914	0.811262111969004	0.643024395313942	1	0.591624144957988	0.922942863783269	0.928531524130267	1	0.926966359466077	0.999371909584678
ENSFCAG00000022148:FIP1L1	0	0	0	0	0	0	0	0	0	0.367926163223882	0.788094986395748	0.643102537968146	1	0.591624144957988	0.922942863783269	0.928531524130267	1	0.927000860374389	0.999371909584678
ENSFCAG00000040498:YY1	1	0	0	0	0	0	0	0	0	0.356368792819463	0.85786217189721	0.643159684808586	1	0.591624144957988	0.922942863783269	0.928531524130267	1	0.927026085370936	0.999371909584678
ENSFCAG00000009146:PARP3	0	0	0	0	0	0	0	0	0	0.364483063213036	0.810194616707695	0.644013417033474	1	0.591624144957988	0.922942863783269	0.928531524130267	1	0.92740232416703	0.999371909584678
ENSFCAG00000029143:MAPKAP1	0	0	0	0	0	0	0	0	0	0.366853355167286	0.80075364745632	0.644684985349632	1	0.591624144957988	0.922942863783269	0.928531524130267	1	0.927697488184571	0.999371909584678
ENSFCAG00000029939:SPRTN	0	0	0	0	0	0	0	0	0	0.363629360323816	0.826867692899552	0.646243281513497	1	0.591624144957988	0.922942863783269	0.928531524130267	1	0.928379688237455	0.999371909584678
ENSFCAG00000009461:SMARCD1	0	0	0	0	0	0	0	0	0	0.367355119507878	0.810331173413229	0.647202811207825	1	0.591624144957988	0.922942863783269	0.928531524130267	1	0.928797886997715	0.999371909584678
ENSFCAG00000022519:NAB2	1	0	0	0	0	0	0	0	0	0.360964207304924	0.851664637794429	0.64742554732664	1	0.591624144957988	0.922942863783269	0.928531524130267	1	0.928894760173061	0.999371909584678
ENSFCAG00000003706:FANCC	0	0	0	0	0	0	0	0	0	0.369248663182248	0.802254847711108	0.647618628994324	1	0.591624144957988	0.922942863783269	0.928531524130267	1	0.928978673924735	0.999371909584678
ENSFCAG00000026462:VEGFA	0	0	0	0	0	0	0	0	0	0.364311562112066	0.830433209259938	0.647642050831434	1	0.591624144957988	0.922942863783269	0.928531524130267	1	0.928988849195425	0.999371909584678
ENSFCAG00000011521:TFEB	0	0	0	0	0	0	0	0	0	0.364678074527041	0.833022421974942	0.648506385985976	1	0.591624144957988	0.922942863783269	0.928531524130267	1	0.929363754679966	0.999371909584678
ENSFCAG00000009216:ATIC	0	0	0	0	0	0	0	0	0	0.366694120446564	0.822471057172015	0.648827206808803	1	0.591624144957988	0.922942863783269	0.928531524130267	1	0.929502617518562	0.999371909584678
ENSFCAG00000009909:ETV4	0	0	0	0	0	0	0	0	0	0.371206849574333	0.800176085564766	0.649310054585173	1	0.591624144957988	0.922942863783269	0.928531524130267	1	0.929711312459897	0.999371909584678
ENSFCAG00000038081:PRKN	0	1	0	0	0	2.86144226401982	0	0	0	0.37061548575847	0.809217192906399	0.650544498064245	1	0.591624144957988	0.922942863783269	0.928531524130267	1	0.930243227927563	0.999371909584678
ENSFCAG00000042993:GATA3	0	0	0	0	0	0	0	0	0	0.365495044324987	0.840005035025217	0.650612515319415	1	0.591624144957988	0.922942863783269	0.928531524130267	1	0.930272468089986	0.999371909584678
ENSFCAG00000014426:ESCO2	0	0	0	0	0	0	0	0	0	0.367532870916966	0.830612095730192	0.651241571170895	1	0.591624144957988	0.922942863783269	0.928531524130267	1	0.930542558095452	0.999371909584678
ENSFCAG00000000648:CREB3L2	0	0	0	0	0	0	0	0	0	0.368336868721573	0.828246970327663	0.651702210121937	1	0.591624144957988	0.922942863783269	0.928531524130267	1	0.930739951582318	0.999371909584678
ENSFCAG00000012147:NFE2L2	0	0	0	0	0	0	0	0	0	0.366287722036046	0.844366067007039	0.652216255915639	1	0.591624144957988	0.922942863783269	0.928531524130267	1	0.930959846632912	0.999371909584678
ENSFCAG00000018167:TAF15	0	0	0	0	0	0	0	0	0	0.381116011709372	0.770027404183518	0.652933143001793	1	0.591624144957988	0.922942863783269	0.928531524130267	1	0.931265835343362	0.999371909584678
ENSFCAG00000002222:MUTYH	0	0	0	0	0	0	0	0	0	0.374218228848513	0.807535055139701	0.654111805910541	1	0.591624144957988	0.922942863783269	0.928531524130267	1	0.931767213193046	0.999371909584678
ENSFCAG00000013396:SESN2	0	0	0	0	0	0	0	0	0	0.372027172371627	0.819554216169723	0.654122846684188	1	0.591624144957988	0.922942863783269	0.928531524130267	1	0.931771899654179	0.999371909584678
ENSFCAG00000026263:ACVR1B	0	0	0	0	0	0	0	0	0	0.371166192118507	0.82666744845323	0.654519538616831	1	0.591624144957988	0.922942863783269	0.928531524130267	1	0.931940159291696	0.999371909584678
ENSFCAG00000008018:REL	0	0	0	0	0	0	0	0	0	0.371115019925903	0.827886863808559	0.654687078767632	1	0.591624144957988	0.922942863783269	0.928531524130267	1	0.932011150387039	0.999371909584678
ENSFCAG00000018967:PAX3	0	0	0	0	0	0	0	0	0	0.371253508880926	0.827589854375453	0.654784358011363	1	0.591624144957988	0.922942863783269	0.928531524130267	1	0.932052350443431	0.999371909584678
ENSFCAG00000007838:FSTL3	0	0	0	0	0	0	0	0	0	0.365877699638092	0.864398811425292	0.654822438995019	1	0.591624144957988	0.922942863783269	0.928531524130267	1	0.932068474702803	0.999371909584678
ENSFCAG00000014365:CHEK2	0	0	0	0	0	0	0	0	0	0.373494431774421	0.816058862264214	0.655040632154968	1	0.591624144957988	0.922942863783269	0.928531524130267	1	0.932160819411123	0.999371909584678
ENSFCAG00000011397:ATP6AP1	0	0	0	0	0	0	0	0	0	0.371975348654703	0.830468870806737	0.656096798450907	1	0.591624144957988	0.922942863783269	0.928531524130267	1	0.932606788017135	0.999371909584678
ENSFCAG00000002126:TRAF5	0	0	0	0	0	0	0	0	0	0.372278676061533	0.830473978696242	0.656429326396365	1	0.591624144957988	0.922942863783269	0.928531524130267	1	0.932746846650048	0.999371909584678
ENSFCAG00000028288:PRCC	0	0	0	0	0	0	0	0	0	0.370852082596432	0.84354256440993	0.657125667805533	1	0.591624144957988	0.922942863783269	0.928531524130267	1	0.933039595562548	0.999371909584678
ENSFCAG00000018794:CREB3L1	0	0	0	0	0	0	0	0	0	0.373239550909768	0.832246947610489	0.657796737251356	1	0.591624144957988	0.922942863783269	0.928531524130267	1	0.9333210216659	0.999371909584678
ENSFCAG00000023614:LYN	0	0	0	0	0	0	0	0	0	0.377675560093648	0.811062677865961	0.658559180233772	1	0.591624144957988	0.922942863783269	0.928531524130267	1	0.933639936306003	0.999371909584678
ENSFCAG00000009522:TNFRSF14	0	0	0	0	0	0	0	0	0	0.372009473590197	0.846992354228668	0.65896366751973	1	0.591624144957988	0.922942863783269	0.928531524130267	1	0.933808766812875	0.999371909584678
ENSFCAG00000006925:PARP2	0	0	0	0	0	0	0	0	0	0.3801626686991	0.802235838211779	0.659382392749946	1	0.591624144957988	0.922942863783269	0.928531524130267	1	0.933983278605098	0.999371909584678
ENSFCAG00000009499:KBTBD4	0	0	0	0	0	0	0	0	0	0.37014501139762	0.864215094309418	0.659540966874136	1	0.591624144957988	0.922942863783269	0.928531524130267	1	0.934049297994736	0.999371909584678
ENSFCAG00000027219:IDH2	0	0	0	0	0	0	0	0	0	0.375175477712178	0.83050027205835	0.659590390263297	1	0.591624144957988	0.922942863783269	0.928531524130267	1	0.934069866710635	0.999371909584678
ENSFCAG00000013473:RAD21	0	0	0	0	0	0	0	0	0	0.376434141020551	0.824470820225903	0.659842148982513	1	0.591624144957988	0.922942863783269	0.928531524130267	1	0.934174584601111	0.999371909584678
ENSFCAG00000028952:HOXA3	0	0	0	0	0	0	0	0	0	0.371149850022379	0.861208201708706	0.660215200546142	1	0.591624144957988	0.922942863783269	0.928531524130267	1	0.934329577084684	0.999371909584678
ENSFCAG00000042373:FLI1	0	0	0	0	0	0	0	0	0	0.378527042819304	0.816184115060863	0.660500170023525	1	0.591624144957988	0.922942863783269	0.928531524130267	1	0.934447831909171	0.999371909584678
ENSFCAG00000001249:SUFU	0	0	0	0	0	0	0	0	0	0.375896437389934	0.832103809471251	0.660662253580444	1	0.591624144957988	0.922942863783269	0.928531524130267	1	0.93451503745884	0.999371909584678
ENSFCAG00000024419:MITF	0	0	0	0	0	0	0	0	0	0.378458029930221	0.820015909763266	0.661175451688141	1	0.591624144957988	0.922942863783269	0.928531524130267	1	0.934727565233279	0.999371909584678
ENSFCAG00000033150:PTK6	0	0	0	0	0	0	0	0	0	0.377470005942394	0.825631624495957	0.661179187437984	1	0.591624144957988	0.922942863783269	0.928531524130267	1	0.934729110837074	0.999371909584678
ENSFCAG00000039893:CHN1	0	0	0	0	0	0	0	0	0	0.382361665104118	0.802221109203768	0.661717836320458	1	0.591624144957988	0.922942863783269	0.928531524130267	1	0.934951746896113	0.999371909584678
ENSFCAG00000001845:GAS7	0	0	0	0	0	0	0	0	0	0.380864516978111	0.811320780749157	0.662026956252615	1	0.591624144957988	0.922942863783269	0.928531524130267	1	0.935079315284237	0.999371909584678
ENSFCAG00000005490:FH	0	0	0	0	0	0	0	0	0	0.375629583757701	0.843028378388959	0.662268378313688	1	0.591624144957988	0.922942863783269	0.928531524130267	1	0.935178845558513	0.999371909584678
ENSFCAG00000013705:NT5C2	0	0	0	0	0	0	0	0	0	0.383383445265039	0.801034813475737	0.662545333090382	1	0.591624144957988	0.922942863783269	0.928531524130267	1	0.935292916399517	0.999371909584678
ENSFCAG00000040324:ZNF331	0	0	0	0	0	0	0	0	0	0.380226106581539	0.818969082078001	0.662870015715911	1	0.591624144957988	0.922942863783269	0.928531524130267	1	0.935426497750467	0.999371909584678
ENSFCAG00000004375:ERRFI1	0	0	0	0	0	0	0	0	0	0.374302528796606	0.856602523671754	0.662992362040249	1	0.591624144957988	0.922942863783269	0.928531524130267	1	0.93547679237703	0.999371909584678
ENSFCAG00000012483:HDAC1	0	0	0	0	0	0	0	0	0	0.383425885376095	0.809007195682572	0.664277290672549	1	0.591624144957988	0.922942863783269	0.928531524130267	1	0.936003643180132	0.999371909584678
ENSFCAG00000013722:STK11	0	0	0	0	0	0	0	0	0	0.381606001034896	0.821966415630176	0.664927605099427	1	0.591624144957988	0.922942863783269	0.928531524130267	1	0.936269339726167	0.999371909584678
ENSFCAG00000031493:FOXO4	0	0	0	0	0	0	0	0	0	0.374690658141217	0.869646632037958	0.665317964637849	1	0.591624144957988	0.922942863783269	0.928531524130267	1	0.93642852195607	0.999371909584678
ENSFCAG00000029740:SHOC2	0	0	0	0	0	0	0	0	0	0.377098422642478	0.857693743913044	0.666212889031101	1	0.591624144957988	0.922942863783269	0.928531524130267	1	0.936792593270056	0.999371909584678
ENSFCAG00000018598:ETS1	0	0	0	0	0	0	0	0	0	0.383715333007702	0.817730700200061	0.666350536170421	1	0.591624144957988	0.922942863783269	0.928531524130267	1	0.936848483887221	0.999371909584678
ENSFCAG00000024379:MGAM	0	1	0	0	0	0.525412508381229	0	0	0	0.471102129558571	0.589011467460722	0.666549946125005	1	0.597937038395808	0.922942863783269	0.928531524130267	1	0.936929402413373	0.999371909584678
ENSFCAG00000029098:RAP1GDS1	0	0	0	0	0	0	0	0	0	0.382292335347294	0.827959023582906	0.666794960941282	1	0.591624144957988	0.922942863783269	0.928531524130267	1	0.937028745246929	0.999371909584678
ENSFCAG00000014980:PLAG1	0	0	0	0	0	0	0	0	0	0.377602471280609	0.871599055058824	0.668774605840985	1	0.591624144957988	0.922942863783269	0.928531524130267	1	0.937828105475174	0.999371909584678
ENSFCAG00000005257:SMAD4	0	0	0	0	0	0	0	0	0	0.383762590198625	0.83135796025337	0.668992066730472	1	0.591624144957988	0.922942863783269	0.928531524130267	1	0.937915556420205	0.999371909584678
ENSFCAG00000001254:CYP17A1	0	0	0	0	0	0	0	0	0	0.381942445317144	0.844357307801091	0.669320929781637	1	0.591624144957988	0.922942863783269	0.928531524130267	1	0.93804767298354	0.999371909584678
ENSFCAG00000013972:RASGEF1A	0	0	0	0	0	0	0	0	0	0.385427467017176	0.827477700020369	0.670046695752561	1	0.591624144957988	0.922942863783269	0.928531524130267	1	0.938338668594234	0.999371909584678
ENSFCAG00000018126:WAS	0	0	0	0	0	0	0	0	0	0.390763005637136	0.805681436139036	0.671298450626439	1	0.591624144957988	0.922942863783269	0.928531524130267	1	0.938838712589721	0.999371909584678
ENSFCAG00000043446:GNA12	0	0	0	0	0	0	0	0	0	0.381306549677752	0.863943026279399	0.67171289082426	1	0.591624144957988	0.922942863783269	0.928531524130267	1	0.939003756284249	0.999371909584678
ENSFCAG00000027895:BMPR1A	0	0	0	0	0	0	0	0	0	0.388150950475609	0.821544438715959	0.671795187210061	1	0.591624144957988	0.922942863783269	0.928531524130267	1	0.939036498972793	0.999371909584678
ENSFCAG00000034591:FRS2	0	0	0	0	0	0	0	0	0	0.382439038768219	0.861949490335699	0.672641430964574	1	0.591624144957988	0.922942863783269	0.928531524130267	1	0.939372603460192	0.999371909584678
ENSFCAG00000027928:FUS	0	0	0	0	0	0	0	0	0	0.394170535949539	0.797312282781491	0.673007412528744	1	0.591624144957988	0.922942863783269	0.928531524130267	1	0.939517631298388	0.999371909584678
ENSFCAG00000013380:ATP6V1B2	0	0	0	0	0	0	0	0	0	0.391563295665102	0.811771515163176	0.673412939694895	1	0.591624144957988	0.922942863783269	0.928531524130267	1	0.939678097471756	0.999371909584678
ENSFCAG00000002791:P2RY8	0	0	0	0	0	0	0	0	0	0.381001016663302	0.879466009272111	0.673523061912083	1	0.591624144957988	0.922942863783269	0.928531524130267	1	0.939721630413708	0.999371909584678
ENSFCAG00000041254:CCDC6	0	0	0	0	0	0	0	0	0	0.386138394078394	0.844404550248275	0.673819245467504	1	0.591624144957988	0.922942863783269	0.928531524130267	1	0.939838626827048	0.999371909584678
ENSFCAG00000005621:CACNA1D	2	1	0	0	0	0.390550714943757	0	0	0	0.451060180542549	0.57499098088555	0.673849554536915	1	0.595387326068126	0.922942863783269	0.928531524130267	1	0.939850591965526	0.999371909584678
ENSFCAG00000028515:RARA	0	0	0	0	0	0	0	0	0	0.386161079292442	0.845257086960492	0.67398707214645	1	0.591624144957988	0.922942863783269	0.928531524130267	1	0.939904862791487	0.999371909584678
ENSFCAG00000028649:DUSP4	1	0	0	0	0	0	0	0	0	0.382809766189988	0.874098749773033	0.674769911338838	1	0.591624144957988	0.922942863783269	0.928531524130267	1	0.940213273111249	0.999371909584678
ENSFCAG00000012557:ACKR3	0	0	0	0	0	0	0	0	0	0.386448290951149	0.854814251729241	0.675849513809915	1	0.591624144957988	0.922942863783269	0.928531524130267	1	0.940637107731467	0.999371909584678
ENSFCAG00000004158:PAK1	0	0	0	0	0	0	0	0	0	0.393300265271465	0.824935641952097	0.67785481431677	1	0.591624144957988	0.922942863783269	0.928531524130267	1	0.941419782063604	0.999371909584678
ENSFCAG00000005081:SESN3	0	0	0	0	0	0	0	0	0	0.394526011439816	0.822640815805397	0.678687155542916	1	0.591624144957988	0.922942863783269	0.928531524130267	1	0.941742903961587	0.999371909584678
ENSFCAG00000000348:CDC73	0	0	0	0	0	0	0	0	0	0.398899718460985	0.800975187561428	0.678687991903885	1	0.591624144957988	0.922942863783269	0.928531524130267	1	0.941743228130402	0.999371909584678
ENSFCAG00000036602:IKZF2	0	0	0	0	0	0	0	0	0	0.392037422227667	0.844588442196356	0.680096828898221	1	0.591624144957988	0.922942863783269	0.928531524130267	1	0.942287823331582	0.999371909584678
ENSFCAG00000011595:MEF2C	0	0	0	0	0	0	0	0	0	0.394108707296264	0.833798831352635	0.680363184424532	1	0.591624144957988	0.922942863783269	0.928531524130267	1	0.942390456588123	0.999371909584678
ENSFCAG00000046742:TLX1	0	0	0	0	0	0	0	0	0	0.389866256998914	0.867172126452949	0.681358899988933	1	0.591624144957988	0.922942863783269	0.928531524130267	1	0.942773206795755	0.999371909584678
ENSFCAG00000004033:CCNQ	0	0	0	0	0	0	0	0	0	0.391533205025121	0.859540757769751	0.681986939341727	1	0.591624144957988	0.922942863783269	0.928531524130267	1	0.943013874842966	0.999371909584678
ENSFCAG00000022789:CCT6B	1	0	0	0	0	0	0	0	0	0.398438928455425	0.81925136994456	0.682069175697676	1	0.591624144957988	0.922942863783269	0.928531524130267	1	0.943045345420288	0.999371909584678
ENSFCAG00000004034:DUSP9	0	0	0	0	0	0	0	0	0	0.392137580440821	0.859371778150908	0.682599479207131	1	0.591624144957988	0.922942863783269	0.928531524130267	1	0.943248046274006	0.999371909584678
ENSFCAG00000024841:ETV6	0	0	0	0	0	0	0	0	0	0.39510722245646	0.841205543106289	0.682731500619323	1	0.591624144957988	0.922942863783269	0.928531524130267	1	0.943298445488617	0.999371909584678
ENSFCAG00000006788:ACTB	1	0	0	0	0	0	0	0	0	0.397012053940894	0.835004850207653	0.683608074638496	1	0.591624144957988	0.922942863783269	0.928531524130267	1	0.943632430645642	0.999371909584678
ENSFCAG00000010347:MAX	0	0	0	0	0	0	0	0	0	0.392882955821476	0.864026050045463	0.684091301003343	1	0.591624144957988	0.922942863783269	0.928531524130267	1	0.943816064956913	0.999371909584678
ENSFCAG00000036087:LMO2	0	0	0	0	0	0	0	0	0	0.393795459859097	0.860820754746434	0.684569344857878	1	0.591624144957988	0.922942863783269	0.928531524130267	1	0.943997393956039	0.999371909584678
ENSFCAG00000018839:SS18L1	0	0	0	0	0	0	0	0	0	0.407316856377431	0.790158736655125	0.684740616726443	1	0.591624144957988	0.922942863783269	0.928531524130267	1	0.944062278633183	0.999371909584678
ENSFCAG00000008618:EZH2	0	0	0	0	0	0	0	0	0	0.39845231713979	0.837906987085687	0.685627537727102	1	0.591624144957988	0.922942863783269	0.928531524130267	1	0.944397594923085	0.999371909584678
ENSFCAG00000008054:ACVR1	0	0	0	0	0	0	0	0	0	0.398464776413314	0.838075941834534	0.685670763023037	1	0.591624144957988	0.922942863783269	0.928531524130267	1	0.944413907684012	0.999371909584678
ENSFCAG00000028312:AURKB	0	0	0	0	0	0	0	0	0	0.401872361874057	0.821328000542118	0.686012410706286	1	0.591624144957988	0.922942863783269	0.928531524130267	1	0.944542745967361	0.999371909584678
ENSFCAG00000006604:SETD6	0	0	0	0	0	0	0	0	0	0.397533487000133	0.846669929957982	0.686202156952678	1	0.591624144957988	0.922942863783269	0.928531524130267	1	0.944614227415466	0.999371909584678
ENSFCAG00000046322:IRF8	0	1	0	0	0	2.64703812584732	0	0	0	0.401963652393283	0.826053695412358	0.687034669908571	1	0.591624144957988	0.922942863783269	0.928531524130267	1	0.944927232840456	0.999371909584678
ENSFCAG00000022640:MYCL	0	0	0	0	0	0	0	0	0	0.396218707282063	0.861217671566775	0.687173979779464	1	0.591624144957988	0.922942863783269	0.928531524130267	1	0.944979511536503	0.999371909584678
ENSFCAG00000026512:CRBN	0	0	0	0	0	0	0	0	0	0.403982288084754	0.820059030259753	0.687914036657872	1	0.591624144957988	0.922942863783269	0.928531524130267	1	0.945256758665811	0.999371909584678
ENSFCAG00000023859:CYP19A1	0	0	0	0	0	0	0	0	0	0.397577989396475	0.862736913256953	0.688826806766169	1	0.591624144957988	0.922942863783269	0.928531524130267	1	0.945597612815066	0.999371909584678
ENSFCAG00000030732:IKZF3	0	0	0	0	0	0	0	0	0	0.400463500437171	0.845332420136374	0.689013353106572	1	0.591624144957988	0.922942863783269	0.928531524130267	1	0.945667125580136	0.999371909584678
ENSFCAG00000027261:TGFBR1	0	0	0	0	0	0	0	0	0	0.403210905077173	0.830058626871916	0.689080603695118	1	0.591624144957988	0.922942863783269	0.928531524130267	1	0.945692172781219	0.999371909584678
ENSFCAG00000029278:ETV1	0	0	0	0	0	0	0	0	0	0.402459007637496	0.8394551238262	0.690040573679479	1	0.591624144957988	0.922942863783269	0.928531524130267	1	0.946048994385657	0.999371909584678
ENSFCAG00000003212:NDRG1	0	0	0	0	0	0	0	0	0	0.409635818971517	0.804643658024854	0.690376816589823	1	0.591624144957988	0.922942863783269	0.928531524130267	1	0.946173660237586	0.999371909584678
ENSFCAG00000010727:PIGA	0	0	0	0	0	0	0	0	0	0.40093581995961	0.853060404006051	0.690795670195737	1	0.591624144957988	0.922942863783269	0.928531524130267	1	0.946328725886277	0.999371909584678
ENSFCAG00000004973:MYOD1	0	0	0	0	0	0	0	0	0	0.397209481413058	0.88046713221232	0.690951587731561	1	0.591624144957988	0.922942863783269	0.928531524130267	1	0.94638638393461	0.999371909584678
ENSFCAG00000011214:UBR5	0	1	0	0	0	0.531540118314459	0	0	0	0.480072824419958	0.6252504760885	0.691683154648997	1	0.597937038395808	0.922942863783269	0.928531524130267	1	0.946656446481815	0.999371909584678
ENSFCAG00000043511:NONO	0	0	0	0	0	0	0	0	0	0.403519027083341	0.843563100757658	0.691855345961928	1	0.591624144957988	0.922942863783269	0.928531524130267	1	0.946719899468771	0.999371909584678
ENSFCAG00000009538:TRIP13	0	0	0	0	0	0	0	0	0	0.407894715453858	0.820828559480184	0.692040511617593	1	0.591624144957988	0.922942863783269	0.928531524130267	1	0.946788085717241	0.999371909584678
ENSFCAG00000031995:SESN1	0	0	0	0	0	0	0	0	0	0.406032524543194	0.835056237724154	0.692898390633533	1	0.591624144957988	0.922942863783269	0.928531524130267	1	0.947103348723199	0.999371909584678
ENSFCAG00000031608:KLF5	0	1	0	0	0	2.64907418966204	0	0	0	0.401643204347877	0.862327405484962	0.692992231095868	1	0.591624144957988	0.922942863783269	0.928531524130267	1	0.94713776979893	0.999371909584678
ENSFCAG00000006231:PPARG	0	0	0	0	0	0	0	0	0	0.401724085477992	0.871315215560901	0.694405059907009	1	0.591624144957988	0.922942863783269	0.928531524130267	1	0.947654466463292	0.999371909584678
ENSFCAG00000038120:SMYD3	0	0	0	0	0	0	0	0	0	0.410147058573834	0.821361021106447	0.694419633066282	1	0.591624144957988	0.922942863783269	0.928531524130267	1	0.947659781139067	0.999371909584678
ENSFCAG00000031620:PDK1	0	0	0	0	0	0	0	0	0	0.407956809612694	0.833339984406511	0.694535587149782	1	0.591624144957988	0.922942863783269	0.928531524130267	1	0.947702057459574	0.999371909584678
ENSFCAG00000023845:ACVR2A	0	0	0	0	0	0	0	0	0	0.407463269625555	0.836039731427811	0.694535725699095	1	0.591624144957988	0.922942863783269	0.928531524130267	1	0.947702107962431	0.999371909584678
ENSFCAG00000002457:TBL1XR1	0	0	0	0	0	0	0	0	0	0.411217864941238	0.819229281576473	0.695062930706655	1	0.591624144957988	0.922942863783269	0.928531524130267	1	0.9478940803004	0.999371909584678
ENSFCAG00000032144:ACTG1	0	0	0	0	0	0	0	0	0	0.405961604605652	0.854007824768737	0.696123975060084	1	0.591624144957988	0.922942863783269	0.928531524130267	1	0.948279228796279	0.999371909584678
ENSFCAG00000010866:INHBA	0	0	0	0	0	0	0	0	0	0.404680950706198	0.86510913586908	0.696550431936996	1	0.591624144957988	0.922942863783269	0.928531524130267	1	0.948433572608134	0.999371909584678
ENSFCAG00000027081:SMAD3	0	1	0	0	0	2.59299947241547	0	0	0	0.41064306642797	0.830861659723855	0.696783303137432	1	0.591624144957988	0.922942863783269	0.928531524130267	1	0.948517743423589	0.999371909584678
ENSFCAG00000029513:ABI1	0	0	0	0	0	0	0	0	0	0.409938520779841	0.835764208316169	0.696993519242364	1	0.591624144957988	0.922942863783269	0.928531524130267	1	0.948593658762105	0.999371909584678
ENSFCAG00000009235:YES1	0	0	0	0	0	0	0	0	0	0.412810457165786	0.821345683035563	0.69708906976447	1	0.591624144957988	0.922942863783269	0.928531524130267	1	0.948628143960729	0.999371909584678
ENSFCAG00000031216:CA5B	0	0	0	0	0	0	0	0	0	0.414721787151363	0.821034861906224	0.698934453924283	1	0.591624144957988	0.922942863783269	0.928531524130267	1	0.949291595766737	0.999371909584678
ENSFCAG00000005533:PBX1	0	0	0	0	0	0	0	0	0	0.413917111577948	0.838493926571725	0.701501643461498	1	0.591624144957988	0.922942863783269	0.928531524130267	1	0.950206449838572	0.999371909584678
ENSFCAG00000023383:GNA13	0	0	0	0	0	0	0	0	0	0.410156097352039	0.864518917203019	0.702064159685889	1	0.591624144957988	0.922942863783269	0.928531524130267	1	0.950405654387832	0.999371909584678
ENSFCAG00000005528:NUF2	0	0	0	0	0	0	0	0	0	0.41787233155535	0.824412913334729	0.702746257761411	1	0.591624144957988	0.922942863783269	0.928531524130267	1	0.95064660202728	0.999371909584678
ENSFCAG00000028662:PSIP1	0	0	0	0	0	0	0	0	0	0.420427540599589	0.813413626054896	0.702989231473412	1	0.591624144957988	0.922942863783269	0.928531524130267	1	0.950732271287667	0.999371909584678
ENSFCAG00000030336:IFNGR1	0	0	0	0	0	0	0	0	0	0.413639245319415	0.852959132314375	0.703748408126481	1	0.591624144957988	0.922942863783269	0.928531524130267	1	0.950999405764931	0.999371909584678
ENSFCAG00000003156:ARID3C	0	0	0	0	0	0	0	0	0	0.414181154854278	0.851645175994136	0.704074191682266	1	0.591624144957988	0.922942863783269	0.928531524130267	1	0.951113789327262	0.999371909584678
ENSFCAG00000001628:PAX5	0	0	0	0	0	0	0	0	0	0.415983707986933	0.841520369415133	0.704119794124286	1	0.591624144957988	0.922942863783269	0.928531524130267	1	0.951129788449645	0.999371909584678
ENSFCAG00000030694:HOXD13	0	0	0	0	0	0	0	0	0	0.41111244450622	0.873602874493923	0.704374935864729	1	0.591624144957988	0.922942863783269	0.928531524130267	1	0.951219247680391	0.999371909584678
ENSFCAG00000009649:NOTCH2	1	1	0	0	0	0.527680420639229	0	0	0	0.474428063989829	0.664400290205085	0.704735202632854	1	0.597937038395808	0.922942863783269	0.928531524130267	1	0.951345409065347	0.999371909584678
ENSFCAG00000007999:MKNK1	0	0	0	0	0	0	0	0	0	0.419960794791145	0.825406410779054	0.705009545131799	1	0.591624144957988	0.922942863783269	0.928531524130267	1	0.951441357207322	0.999371909584678
ENSFCAG00000022941:IRF4	0	0	0	0	0	0	0	0	0	0.421419568839904	0.831385227700261	0.707622061468802	1	0.591624144957988	0.922942863783269	0.928531524130267	1	0.952349711890107	0.999371909584678
ENSFCAG00000003665:EIF3E	0	0	0	0	0	0	0	0	0	0.422273364893448	0.83068075619655	0.708325772993564	1	0.591624144957988	0.922942863783269	0.928531524130267	1	0.952592737305052	0.999371909584678
ENSFCAG00000027765:HNRNPA2B1	0	0	0	0	0	0	0	0	0	0.425666704967478	0.814558552512138	0.708351150924146	1	0.591624144957988	0.922942863783269	0.928531524130267	1	0.95260148845923	0.999371909584678
ENSFCAG00000039437:WWTR1	0	0	0	0	0	0	0	0	0	0.415245997954255	0.874517263361009	0.708691365235532	1	0.591624144957988	0.922942863783269	0.928531524130267	1	0.952718717882315	0.999371909584678
ENSFCAG00000043897:RANBP2	1	1	0	0	0	0.533912023676794	0	0	0	0.483531861848043	0.656913705860603	0.708864624955991	1	0.597937038395808	0.922942863783269	0.928531524130267	1	0.952778356117991	0.999371909584678
ENSFCAG00000013003:S1PR2	0	0	0	0	0	0	0	0	0	0.413227040136432	0.893227073572482	0.70910174935059	1	0.591624144957988	0.922942863783269	0.928531524130267	1	0.952859908762807	0.999371909584678
ENSFCAG00000027073:CDK8	0	0	0	0	0	0	0	0	0	0.429540533143116	0.801330680235291	0.709148456538674	1	0.591624144957988	0.922942863783269	0.928531524130267	1	0.952875963112485	0.999371909584678
ENSFCAG00000003944:PTPN1	0	0	0	0	0	0	0	0	0	0.424801242506915	0.830524907389847	0.710773607021046	1	0.591624144957988	0.922942863783269	0.928531524130267	1	0.953432650956627	0.999371909584678
ENSFCAG00000029360:DDX6	0	0	0	0	0	0	0	0	0	0.42353368810828	0.837111650353782	0.710790087840634	1	0.591624144957988	0.922942863783269	0.928531524130267	1	0.953438277339032	0.999371909584678
ENSFCAG00000010694:DUSP2	0	0	0	0	0	0	0	0	0	0.416182288395729	0.885281323043917	0.711099277971375	1	0.591624144957988	0.922942863783269	0.928531524130267	1	0.953543760848691	0.999371909584678
ENSFCAG00000048115:FANCF	0	0	0	0	0	0	0	0	0	0.41651915084814	0.888540914014264	0.711856531446359	1	0.591624144957988	0.922942863783269	0.928531524130267	1	0.953801538233841	0.999371909584678
ENSFCAG00000024268:CD36	0	0	0	0	0	0	0	0	0	0.426272622229984	0.837331533954989	0.713513205624717	1	0.591624144957988	0.922942863783269	0.928531524130267	1	0.954362680551614	0.999371909584678
ENSFCAG00000025247:SFRP4	0	0	0	0	0	0	0	0	0	0.423592721569169	0.853558920682548	0.713767604533681	1	0.591624144957988	0.922942863783269	0.928531524130267	1	0.954448508659077	0.999371909584678
ENSFCAG00000015151:PAG1	0	0	0	0	0	0	0	0	0	0.423027537607003	0.859647212253436	0.714210311621576	1	0.591624144957988	0.922942863783269	0.928531524130267	1	0.954597651274926	0.999371909584678
ENSFCAG00000025016:DDB2	0	0	0	0	0	0	0	0	0	0.428462105211994	0.8326714487322	0.714756643413353	1	0.591624144957988	0.922942863783269	0.928531524130267	1	0.954781325527011	0.999371909584678
ENSFCAG00000026908:PRKCI	0	1	0	0	0	2.44063153551571	0	0	0	0.437065884495995	0.802063313770837	0.716478886422871	1	0.591624144957988	0.922942863783269	0.928531524130267	1	0.955357604130258	0.999371909584678
ENSFCAG00000033222:TUSC3	0	0	0	0	0	0	0	0	0	0.4293114185251	0.840183358519971	0.71700250965772	1	0.591624144957988	0.922942863783269	0.928531524130267	1	0.955531992227393	0.999371909584678
ENSFCAG00000010904:GATA1	0	0	0	0	0	0	0	0	0	0.427917746224778	0.851672882260338	0.71769134959256	1	0.591624144957988	0.922942863783269	0.928531524130267	1	0.95576082191311	0.999371909584678
ENSFCAG00000003700:AKT3	0	0	0	0	0	0	0	0	0	0.43124888447562	0.835060247493002	0.717913771296328	1	0.591624144957988	0.922942863783269	0.928531524130267	1	0.955834568217182	0.999371909584678
ENSFCAG00000038251:MAP2K4	0	0	0	0	0	0	0	0	0	0.430568435289189	0.839765045247964	0.71814336809972	1	0.591624144957988	0.922942863783269	0.928531524130267	1	0.955910621222542	0.999371909584678
ENSFCAG00000040420:GSK3B	0	0	0	0	0	0	0	0	0	0.432183600602275	0.831980826927168	0.718219220765715	1	0.591624144957988	0.922942863783269	0.928531524130267	1	0.955935730976562	0.999371909584678
ENSFCAG00000046021:EXOSC6	0	0	0	0	0	0	0	0	0	0.422845804325403	0.894051329744554	0.71887729296842	1	0.591624144957988	0.922942863783269	0.928531524130267	1	0.95615323861151	0.999371909584678
ENSFCAG00000024972:JUN	0	0	0	0	0	0	0	0	0	0.422497144209979	0.906418021496505	0.719938625834689	1	0.591624144957988	0.922942863783269	0.928531524130267	1	0.956502763941055	0.999371909584678
ENSFCAG00000025854:CASP8	0	0	0	0	0	0	0	0	0	0.432067843081781	0.84330182238084	0.720243184353552	1	0.591624144957988	0.922942863783269	0.928531524130267	1	0.956602774205162	0.999371909584678
ENSFCAG00000022444:TENT5C	0	0	0	0	0	0	0	0	0	0.427760700938575	0.869743851844194	0.720439989030058	1	0.591624144957988	0.922942863783269	0.928531524130267	1	0.956667331995299	0.999371909584678
ENSFCAG00000004068:SMARCB1	0	0	0	0	0	0	0	0	0	0.43425134651682	0.83706071636006	0.721184715274471	1	0.591624144957988	0.922942863783269	0.928531524130267	1	0.956911137852195	0.999371909584678
ENSFCAG00000010809:GABRA6	0	0	0	0	0	0	0	0	0	0.433268652235322	0.848952155629485	0.722412174512913	1	0.591624144957988	0.922942863783269	0.928531524130267	1	0.957311301177845	0.999371909584678
ENSFCAG00000027039:LEF1	0	0	0	0	0	0	0	0	0	0.436671874723226	0.83417666125593	0.722946866597452	1	0.591624144957988	0.922942863783269	0.928531524130267	1	0.957484963521257	0.999371909584678
ENSFCAG00000029868:SOCS2	0	0	0	0	0	0	0	0	0	0.431752958794287	0.86190635877352	0.72311961116298	1	0.591624144957988	0.922942863783269	0.928531524130267	1	0.957540984598835	0.999371909584678
ENSFCAG00000030278:MCL1	0	0	0	0	0	0	0	0	0	0.429483221378137	0.876683107040645	0.723141796375905	1	0.591624144957988	0.922942863783269	0.928531524130267	1	0.957548176274893	0.999371909584678
ENSFCAG00000045474:CRLF2	0	0	0	0	0	0	0	0	0	0.436372551633092	0.840724582738948	0.723904953850713	1	0.591624144957988	0.922942863783269	0.928531524130267	1	0.957795151182964	0.999371909584678
ENSFCAG00000015103:CHEK1	0	0	0	0	0	0	0	0	0	0.435808827677733	0.845356780794899	0.724214208058662	1	0.591624144957988	0.922942863783269	0.928531524130267	1	0.957895003677499	0.999371909584678
ENSFCAG00000000479:CALR	0	0	0	0	0	0	0	0	0	0.437569268195824	0.838638579872228	0.724656217737341	1	0.591624144957988	0.922942863783269	0.928531524130267	1	0.958037491225833	0.999371909584678
ENSFCAG00000029721:PPP2R2A	0	0	0	0	0	0	0	0	0	0.437370467976962	0.840564962015028	0.724828167331981	1	0.591624144957988	0.922942863783269	0.928531524130267	1	0.958092848555596	0.999371909584678
ENSFCAG00000028389:MAP2K1	0	0	0	0	0	0	0	0	0	0.435823154694681	0.84975360666674	0.725009883603761	1	0.591624144957988	0.922942863783269	0.928531524130267	1	0.958151305830158	0.999371909584678
ENSFCAG00000009774:MEF2B	0	0	0	0	0	0	0	0	0	0.434022795670558	0.86331162638382	0.725541628073722	1	0.591624144957988	0.922942863783269	0.928531524130267	1	0.95832210394374	0.999371909584678
ENSFCAG00000009292:SETD4	0	0	0	0	0	0	0	0	0	0.437636278633249	0.845359269395758	0.725962407356293	1	0.591624144957988	0.922942863783269	0.928531524130267	1	0.958456983442521	0.999371909584678
ENSFCAG00000003976:IDH1	0	0	0	0	0	0	0	0	0	0.437045781891786	0.852321174904248	0.726627975182112	1	0.591624144957988	0.922942863783269	0.928531524130267	1	0.958669831222718	0.999371909584678
ENSFCAG00000009200:IL7R	0	0	0	0	0	0	0	0	0	0.436671910157883	0.858398931329399	0.72729597605337	1	0.591624144957988	0.922942863783269	0.928531524130267	1	0.958882844102826	0.999371909584678
ENSFCAG00000012037:XIAP	0	0	0	0	0	0	0	0	0	0.438609574645096	0.848494311706167	0.727452345862659	1	0.591624144957988	0.922942863783269	0.928531524130267	1	0.958932618844746	0.999371909584678
ENSFCAG00000023667:HERPUD1	0	0	0	0	0	0	0	0	0	0.439925948900707	0.846857567175305	0.728412878756488	1	0.591624144957988	0.922942863783269	0.928531524130267	1	0.959237633061718	0.999371909584678
ENSFCAG00000037388:RAD52	0	0	0	0	0	0	0	0	0	0.444923462834198	0.824174197610384	0.728725775830647	1	0.594555460751652	0.922942863783269	0.928531524130267	1	0.959336718960786	0.999371909584678
ENSFCAG00000045230:PHOX2B	0	0	0	0	0	0	0	0	0	0.434017566226337	0.887094283293567	0.728983873961295	1	0.591624144957988	0.922942863783269	0.928531524130267	1	0.959418350422044	0.999371909584678
ENSFCAG00000009769:NFKBIE	0	0	0	0	0	0	0	0	0	0.440094575536677	0.860587683768988	0.730928128735836	1	0.591624144957988	0.922942863783269	0.928531524130267	1	0.960030346052915	0.999371909584678
ENSFCAG00000012379:SPRED1	0	0	0	0	0	0	0	0	0	0.443741627114006	0.843589226124694	0.73142656471894	1	0.593875021156717	0.922942863783269	0.928531524130267	1	0.960186405990202	0.999371909584678
ENSFCAG00000024493:AURKA	0	0	0	0	0	0	0	0	0	0.446524215339136	0.845202169338143	0.734335070476213	1	0.595112597847464	0.922942863783269	0.928531524130267	1	0.96109029059013	0.999371909584678
ENSFCAG00000000449:ELF3	0	0	0	0	0	0	0	0	0	0.447748369296513	0.844410291197029	0.735333748585042	1	0.595112597847464	0.922942863783269	0.928531524130267	1	0.961397993477276	0.999371909584678
ENSFCAG00000022238:PCBP1	0	0	0	0	0	0	0	0	0	0.439778023555553	0.895238854009907	0.735576809680891	1	0.591624144957988	0.922942863783269	0.928531524130267	1	0.961472677778259	0.999371909584678
ENSFCAG00000030098:SS18	0	0	0	0	0	0	0	0	0	0.457231983972277	0.807562006725089	0.736390431763042	1	0.595387326068126	0.922942863783269	0.928531524130267	1	0.961722091565723	0.999371909584678
ENSFCAG00000008090:TTL	0	0	0	0	0	0	0	0	0	0.448653929557609	0.847854226597421	0.7368067176169	1	0.595112597847464	0.922942863783269	0.928531524130267	1	0.96184935523962	0.999371909584678
ENSFCAG00000025666:NFE2	0	0	0	0	0	0	0	0	0	0.443752938971222	0.877041850315872	0.736940196539042	1	0.593875021156717	0.922942863783269	0.928531524130267	1	0.961890111573967	0.999371909584678
ENSFCAG00000006381:KMT2B	1	1	0	0	0	0.554525299364451	0	0	0	0.5132661299112	0.669223247199095	0.737154767030642	1	0.606929945158122	0.922942863783269	0.928531524130267	1	0.961955577667507	0.999371909584678
ENSFCAG00000006667:INHA	0	0	0	0	0	0	0	0	0	0.441387045699539	0.898546602622154	0.737518061524373	1	0.59247468914527	0.922942863783269	0.928531524130267	1	0.962066277509297	0.999371909584678
ENSFCAG00000025137:PRKACA	0	0	0	0	0	0	0	0	0	0.453537043281839	0.834953808281017	0.73889167949961	1	0.595387326068126	0.922942863783269	0.928531524130267	1	0.962483217315667	0.999371909584678
ENSFCAG00000015575:CXCR4	0	0	0	0	0	0	0	0	0	0.448054747062576	0.86822942572142	0.739673234089589	1	0.595112597847464	0.922942863783269	0.928531524130267	1	0.962719305623788	0.999371909584678
ENSFCAG00000008358:CCND1	0	0	0	0	0	0	0	0	0	0.448274579955626	0.872672141900519	0.740560536015416	1	0.595112597847464	0.922942863783269	0.928531524130267	1	0.962986336664897	0.999371909584678
ENSFCAG00000009681:RRAGC	0	0	0	0	0	0	0	0	0	0.45083864976557	0.858464528698844	0.7406908784117	1	0.595387326068126	0.922942863783269	0.928531524130267	1	0.963025473259909	0.999371909584678
ENSFCAG00000002637:SPOP	0	0	0	0	0	0	0	0	0	0.453541383300897	0.850781294916426	0.741864951341035	1	0.595387326068126	0.922942863783269	0.928531524130267	1	0.963376966948988	0.999371909584678
ENSFCAG00000023702:PIM1	0	0	0	0	0	0	0	0	0	0.452471924281418	0.857331987851683	0.742015615904213	1	0.595387326068126	0.922942863783269	0.928531524130267	1	0.963421938290299	0.999371909584678
ENSFCAG00000026744:GNB1	0	0	0	0	0	0	0	0	0	0.45586925468319	0.847354501231837	0.743388875199526	1	0.595387326068126	0.922942863783269	0.928531524130267	1	0.963830428279417	0.999371909584678
ENSFCAG00000024503:GNAQ	0	0	0	0	0	0	0	0	0	0.459169831735107	0.832434025027572	0.743533087985445	1	0.595387326068126	0.922942863783269	0.928531524130267	1	0.963873178572798	0.999371909584678
ENSFCAG00000030144:IRF2	0	0	0	0	0	0	0	0	0	0.457420101343507	0.844668862554229	0.7443131858424	1	0.595387326068126	0.922942863783269	0.928531524130267	1	0.964103945253212	0.999371909584678
ENSFCAG00000013883:EIF4A2	0	0	0	0	0	0	0	0	0	0.458055428126127	0.84700156637152	0.745324874983866	1	0.595387326068126	0.922942863783269	0.928531524130267	1	0.964402003118043	0.999371909584678
ENSFCAG00000025659:TFG	0	0	0	0	0	0	0	0	0	0.459916708638098	0.841464366801309	0.745982730761078	1	0.595387326068126	0.922942863783269	0.928531524130267	1	0.964595079769249	0.999371909584678
ENSFCAG00000001078:POU5F1	0	0	0	0	0	0	0	0	0	0.458154015480079	0.85094506996633	0.746129617148279	1	0.595387326068126	0.922942863783269	0.928531524130267	1	0.964638110780186	0.999371909584678
ENSFCAG00000030830:PTPN2	0	0	0	0	0	0	0	0	0	0.458816126129526	0.850810910430999	0.746710016818315	1	0.595387326068126	0.922942863783269	0.928531524130267	1	0.964807858591372	0.999371909584678
ENSFCAG00000034951:MYD88	0	0	0	0	0	0	0	0	0	0.455803558441486	0.875163672599093	0.747941444006817	1	0.595387326068126	0.922942863783269	0.928531524130267	1	0.96516651699433	0.999371909584678
ENSFCAG00000031618:FANCL	0	0	0	0	0	0	0	0	0	0.465193208565994	0.829399380288267	0.748338845625041	1	0.597387338154211	0.922942863783269	0.928531524130267	1	0.965281829023331	0.999371909584678
ENSFCAG00000012114:OMD	0	0	0	0	0	0	0	0	0	0.457446770646484	0.871876194715628	0.748958065665004	1	0.595387326068126	0.922942863783269	0.928531524130267	1	0.965461084423157	0.999371909584678
ENSFCAG00000001436:PRDM14	0	1	0	0	0	2.2840822623935	0	0	0	0.467637103231786	0.825786714364564	0.749761015106202	1	0.597387338154211	0.922942863783269	0.928531524130267	1	0.965692764589405	0.999371909584678
ENSFCAG00000001624:CCNE1	0	0	0	0	0	0	0	0	0	0.466058870336708	0.835842165162468	0.75042069683157	1	0.597387338154211	0.922942863783269	0.928531524130267	1	0.965882463306721	0.999371909584678
ENSFCAG00000042983:CRKL	0	0	0	0	0	0	0	0	0	0.46054237687553	0.875901891808515	0.752403860619276	1	0.595387326068126	0.922942863783269	0.928531524130267	1	0.966449253688971	0.999371909584678
ENSFCAG00000018503:ABRAXAS1	0	0	0	0	0	0	0	0	0	0.464425891732304	0.854426506571634	0.752439417363192	1	0.597387338154211	0.922942863783269	0.928531524130267	1	0.966459368104241	0.999371909584678
ENSFCAG00000023627:GID4	0	0	0	0	0	0	0	0	0	0.46640157281385	0.850958557155458	0.753597711085379	1	0.597387338154211	0.922942863783269	0.928531524130267	1	0.966787936067908	0.999371909584678
ENSFCAG00000032546:IGF2	0	0	0	0	0	0	0	0	0	0.460795313605064	0.895760772941064	0.755357620372131	1	0.595387326068126	0.922942863783269	0.928531524130267	1	0.967283755010928	0.999371909584678
ENSFCAG00000025160:HSD3B2	0	0	0	0	0	0	0	0	0	0.462786961012356	0.885564411745092	0.755837230069387	1	0.597101567513069	0.922942863783269	0.928531524130267	1	0.96741816398244	0.999371909584678
ENSFCAG00000039431:PNRC1	0	0	0	0	0	0	0	0	0	0.459604186151326	0.910243618745332	0.755947474082015	1	0.595387326068126	0.922942863783269	0.928531524130267	1	0.967449016464492	0.999371909584678
ENSFCAG00000022485:TMEM30A	0	0	0	0	0	0	0	0	0	0.467423220375672	0.860713068420186	0.756218650114251	1	0.597387338154211	0.922942863783269	0.928531524130267	1	0.967524838379659	0.999371909584678
ENSFCAG00000003608:TFPT	0	0	0	0	0	0	0	0	0	0.467665143343442	0.859723854536776	0.756267848639738	1	0.597387338154211	0.922942863783269	0.928531524130267	1	0.967538584063749	0.999371909584678
ENSFCAG00000033201:NEGR1	0	0	0	0	0	0	0	0	0	0.468940425827675	0.855534497926459	0.75668442011505	1	0.597937038395808	0.922942863783269	0.928531524130267	1	0.967654842624963	0.999371909584678
ENSFCAG00000019200:PTEN	0	0	0	0	0	0	0	0	0	0.472129349743488	0.841134879041791	0.756855818201948	1	0.597937038395808	0.922942863783269	0.928531524130267	1	0.967702610542877	0.999371909584678
ENSFCAG00000009646:SMARCE1	0	0	0	0	0	0	0	0	0	0.471382670020786	0.856349299961568	0.759001754385377	1	0.597937038395808	0.922942863783269	0.928531524130267	1	0.968297391480042	0.999371909584678
ENSFCAG00000002606:PRSS8	0	0	0	0	0	0	0	0	0	0.470910660406813	0.865322074485552	0.760102635222559	1	0.597937038395808	0.922942863783269	0.928531524130267	1	0.968600162690131	0.999371909584678
ENSFCAG00000045118:CDK6	0	0	0	0	0	0	0	0	0	0.472912584050324	0.858307336524658	0.76069897922459	1	0.597937038395808	0.922942863783269	0.928531524130267	1	0.968763507056522	0.999371909584678
ENSFCAG00000015075:SETD7	0	0	0	0	0	0	0	0	0	0.479109566755922	0.834271004456877	0.761600833243724	1	0.597937038395808	0.922942863783269	0.928531524130267	1	0.969009645576564	0.999371909584678
ENSFCAG00000006305:CCN6	0	0	0	0	0	0	0	0	0	0.474663491150792	0.855997742733308	0.761842528470492	1	0.597937038395808	0.922942863783269	0.928531524130267	1	0.969075428743469	0.999371909584678
ENSFCAG00000025542:HEY1	0	0	0	0	0	0	0	0	0	0.474498956306746	0.866542003338386	0.763485822752597	1	0.597937038395808	0.922942863783269	0.928531524130267	1	0.969520659075345	0.999371909584678
ENSFCAG00000022622:ETNK1	0	0	0	0	0	0	0	0	0	0.477180901392285	0.853221977157315	0.763559846968535	1	0.597937038395808	0.922942863783269	0.928531524130267	1	0.969540631715381	0.999371909584678
ENSFCAG00000006671:NFKBIA	0	0	0	0	0	0	0	0	0	0.478751577930854	0.851909057307625	0.764695022468271	1	0.597937038395808	0.922942863783269	0.928531524130267	1	0.969846017532274	0.999371909584678
ENSFCAG00000036644:CCND3	0	0	0	0	0	0	0	0	0	0.476087194086763	0.869210152355918	0.765318505872718	1	0.597937038395808	0.922942863783269	0.928531524130267	1	0.970013030425128	0.999371909584678
ENSFCAG00000019399:QKI	0	0	0	0	0	0	0	0	0	0.480407668701656	0.852394819871731	0.766225540100588	1	0.597937038395808	0.922942863783269	0.928531524130267	1	0.970255091404279	0.999371909584678
ENSFCAG00000030589:APH1A	0	0	0	0	0	0	0	0	0	0.481417070397719	0.860081788927554	0.76846418731901	1	0.597937038395808	0.922942863783269	0.928531524130267	1	0.970847928408293	0.999371909584678
ENSFCAG00000045245:PHF6	0	0	0	0	0	0	0	0	0	0.486301819457826	0.839373373449745	0.768825054655729	1	0.598091625663073	0.922942863783269	0.928531524130267	1	0.970942882188077	0.999371909584678
ENSFCAG00000008160:FCGR2B	0	0	0	0	0	0	0	0	0	0.482524136486499	0.858380314393737	0.769129196834932	1	0.597937038395808	0.922942863783269	0.928531524130267	1	0.971022778532525	0.999371909584678
ENSFCAG00000002120:HOXB13	0	0	0	0	0	0	0	0	0	0.480077105175923	0.871240571250517	0.769142124906649	1	0.597937038395808	0.922942863783269	0.928531524130267	1	0.971026171995089	0.999371909584678
ENSFCAG00000004268:DEK	0	0	0	0	0	0	0	0	0	0.483345179698643	0.858418012520706	0.769846342169984	1	0.597937038395808	0.922942863783269	0.928531524130267	1	0.971210692308332	0.999371909584678
ENSFCAG00000033129:FAS	0	0	0	0	0	0	0	0	0	0.484741830681679	0.853856956186077	0.770240092255915	1	0.597937038395808	0.922942863783269	0.928531524130267	1	0.971313582611863	0.999371909584678
ENSFCAG00000014287:PDCD1	0	0	0	0	0	0	0	0	0	0.482230237689035	0.866514494710789	0.770254408134935	1	0.597937038395808	0.922942863783269	0.928531524130267	1	0.971317319682057	0.999371909584678
ENSFCAG00000004500:LTB	0	0	0	0	0	0	0	0	0	0.479553223551615	0.882585518123369	0.77039947180377	1	0.597937038395808	0.922942863783269	0.928531524130267	1	0.971355172633282	0.999371909584678
ENSFCAG00000041934:SOCS1	0	0	0	0	0	0	0	0	0	0.481358196838966	0.898884589424225	0.774168464844672	1	0.597937038395808	0.922942863783269	0.928531524130267	1	0.972329095339058	0.999371909584678
ENSFCAG00000043034:FGF3	1	0	0	0	0	0	0	0	0	0.484542299284816	0.879830852967867	0.774343556934429	1	0.597937038395808	0.922942863783269	0.928531524130267	1	0.972373893122759	0.999371909584678
ENSFCAG00000033716:FGF14	0	0	0	0	0	0	0	0	0	0.489022763191657	0.857323759931584	0.774530185603692	1	0.599162081593977	0.922942863783269	0.928531524130267	1	0.972421598981553	0.999371909584678
ENSFCAG00000038036:ZNF24	0	0	0	0	0	0	0	0	0	0.486477681251811	0.871462846765075	0.77472787801774	1	0.598091625663073	0.922942863783269	0.928531524130267	1	0.972472083898054	0.999371909584678
ENSFCAG00000027426:RAD51D	0	0	0	0	0	0	0	0	0	0.493517207039992	0.844438097199733	0.775943506927249	1	0.60132761454805	0.922942863783269	0.928531524130267	1	0.97278141197245	0.999371909584678
ENSFCAG00000011605:EGFL7	0	0	0	0	0	0	0	0	0	0.492118221271822	0.851652930545155	0.7761324073102	1	0.601254643132104	0.922942863783269	0.928531524130267	1	0.972829308391559	0.999371909584678
ENSFCAG00000028670:ETV5	0	1	0	0	0	2.10720803786841	0	0	0	0.507194420684226	0.807054545217875	0.778996270614872	1	0.606929945158122	0.922942863783269	0.928531524130267	1	0.973549826192416	0.999371909584678
ENSFCAG00000036921:SDHB	0	0	0	0	0	0	0	0	0	0.493081156307101	0.86379422134249	0.77910306781247	1	0.60132761454805	0.922942863783269	0.928531524130267	1	0.973576491367516	0.999371909584678
ENSFCAG00000024636:RAD51C	0	0	0	0	0	0	0	0	0	0.495398194040959	0.855020136185557	0.779515247500891	1	0.602801596543064	0.922942863783269	0.928531524130267	1	0.973679267325362	0.999371909584678
ENSFCAG00000012089:MOB3B	0	0	0	0	0	0	0	0	0	0.489071053238736	0.888761723053711	0.77952800648358	1	0.599162081593977	0.922942863783269	0.928531524130267	1	0.973682445267013	0.999371909584678
ENSFCAG00000040666:CYSLTR2	1	0	0	0	0	0	0	0	0	0.490232462553144	0.912000722901814	0.783397678295012	1	0.599766691243492	0.922942863783269	0.928531524130267	1	0.97463666260251	0.999371909584678
ENSFCAG00000013318:IRF1	0	0	0	0	0	0	0	0	0	0.500184168109712	0.85545949640396	0.783594655938267	1	0.605603405507749	0.922942863783269	0.928531524130267	1	0.974684723002739	0.999371909584678
ENSFCAG00000031745:KLF6	0	0	0	0	0	0	0	0	0	0.49623040710516	0.878398234858598	0.784115490116218	1	0.602997165873388	0.922942863783269	0.928531524130267	1	0.974811562349027	0.999371909584678
ENSFCAG00000013445:EPCAM	0	0	0	0	0	0	0	0	0	0.501708103848668	0.851988626024109	0.784218915112206	1	0.605603405507749	0.922942863783269	0.928531524130267	1	0.974836708379969	0.999371909584678
ENSFCAG00000014712:RAD51	0	0	0	0	0	0	0	0	0	0.500597256485919	0.857322536311089	0.784274603491792	1	0.605603405507749	0.922942863783269	0.928531524130267	1	0.974850242413976	0.999371909584678
ENSFCAG00000040786:LASP1	0	0	0	0	0	0	0	0	0	0.503965766548209	0.843571468053888	0.784462353383956	1	0.605603405507749	0.922942863783269	0.928531524130267	1	0.974895842426896	0.999371909584678
ENSFCAG00000015580:PDGFB	0	0	0	0	0	0	0	0	0	0.502536440153105	0.852566550583169	0.78501138635057	1	0.605603405507749	0.922942863783269	0.928531524130267	1	0.975028931770867	0.999371909584678
ENSFCAG00000022323:PPP1CB	0	0	0	0	0	0	0	0	0	0.504115881915245	0.850196863986039	0.785868382354748	1	0.605603405507749	0.922942863783269	0.928531524130267	1	0.975235906080358	0.999371909584678
ENSFCAG00000007657:RAD51B	0	0	0	0	0	0	0	0	0	0.503671517303369	0.861117865825951	0.787493690877422	1	0.605603405507749	0.922942863783269	0.928531524130267	1	0.975625870548744	0.999371909584678
ENSFCAG00000000620:FBXW7	0	1	0	0	0	2.05272921210915	0	0	0	0.520625962729265	0.801929669909198	0.788368592467062	1	0.607967041286247	0.922942863783269	0.928531524130267	1	0.975834398642646	0.999371909584678
ENSFCAG00000008220:CREB1	0	0	0	0	0	0	0	0	0	0.509774904293866	0.851598439698233	0.790757527311342	1	0.606929945158122	0.922942863783269	0.928531524130267	1	0.976398846508513	0.999371909584678
ENSFCAG00000036433:POU2AF1	0	0	0	0	0	0	0	0	0	0.505119098803234	0.874797336719411	0.790969224644297	1	0.605603405507749	0.922942863783269	0.928531524130267	1	0.976448517064812	0.999371909584678
ENSFCAG00000024457:PTPRD	0	2	0	0	0	1.5233339543394	0	0	0	0.578033369309721	0.690924668100364	0.791555336479778	1	0.639934955151461	0.922942863783269	0.928531524130267	1	0.9765857409719	0.999371909584678
ENSFCAG00000045399:FGF23	0	0	0	0	0	0	0	0	0	0.504649900585887	0.887987471768297	0.792556328487211	1	0.605603405507749	0.922942863783269	0.928531524130267	1	0.976819095692747	0.999371909584678
ENSFCAG00000008999:TPM4	0	0	0	0	0	0	0	0	0	0.513328854471791	0.846868874087675	0.792720593211101	1	0.606929945158122	0.922942863783269	0.928531524130267	1	0.976857268855932	0.999371909584678
ENSFCAG00000009419:SCG5	0	0	0	0	0	0	0	0	0	0.51027405832146	0.868072252292152	0.794097995598316	1	0.606929945158122	0.922942863783269	0.928531524130267	1	0.977176022057318	0.999371909584678
ENSFCAG00000037922:PPP6C	0	0	0	0	0	0	0	0	0	0.517039429895282	0.860121566034784	0.798177668059481	1	0.606929945158122	0.922942863783269	0.928531524130267	1	0.978106122294144	0.999371909584678
ENSFCAG00000029552:BCL2	0	0	0	0	0	0	0	0	0	0.508733413943732	0.906799248391113	0.798365164581898	1	0.606929945158122	0.922942863783269	0.928531524130267	1	0.978148366502051	0.999371909584678
ENSFCAG00000023035:JAZF1	0	0	0	0	0	0	0	0	0	0.516657765074157	0.864071480485773	0.798569226456188	1	0.606929945158122	0.922942863783269	0.928531524130267	1	0.97819429295266	0.999371909584678
ENSFCAG00000036639:FGF4	0	0	0	0	0	0	0	0	0	0.511625359539484	0.89096815349822	0.798703029572844	1	0.606929945158122	0.922942863783269	0.928531524130267	1	0.978224378563016	0.999371909584678
ENSFCAG00000027677:SOCS3	0	0	0	0	0	0	0	0	0	0.509976985716311	0.90530566388833	0.79920874321823	1	0.606929945158122	0.922942863783269	0.928531524130267	1	0.97833788576945	0.999371909584678
ENSFCAG00000009047:CD274	0	0	0	0	0	0	0	0	0	0.51390920847212	0.882396113981002	0.799321820201497	1	0.606929945158122	0.922942863783269	0.928531524130267	1	0.978363222066539	0.999371909584678
ENSFCAG00000025024:PRRX1	0	0	0	0	0	0	0	0	0	0.514737669019155	0.879030514483388	0.799479598054347	1	0.606929945158122	0.922942863783269	0.928531524130267	1	0.978398547415025	0.999371909584678
ENSFCAG00000006857:XRCC2	0	0	0	0	0	0	0	0	0	0.512785215801243	0.898676001416841	0.800677774916307	1	0.606929945158122	0.922942863783269	0.928531524130267	1	0.978665795122459	0.999371909584678
ENSFCAG00000025748:BCL2L1	0	0	0	0	0	0	0	0	0	0.514262115235788	0.893503474847154	0.801192940374366	1	0.606929945158122	0.922942863783269	0.928531524130267	1	0.978780149003075	0.999371909584678
ENSFCAG00000009048:PDCD1LG2	0	0	0	0	0	0	0	0	0	0.516573398577289	0.882256591069128	0.801449929085285	1	0.606929945158122	0.922942863783269	0.928531524130267	1	0.97883707023572	0.999371909584678
ENSFCAG00000007992:EZR	0	1	0	0	0	1.96728170499449	0	0	0	0.543038768902234	0.789106032465309	0.801926036731546	1	0.621208680858861	0.922942863783269	0.928531524130267	1	0.978942307075079	0.999371909584678
ENSFCAG00000013046:GADD45B	0	0	0	0	0	0	0	0	0	0.518345298582304	0.879867148818884	0.802507947272852	1	0.607668509304059	0.922942863783269	0.928531524130267	1	0.979070546289151	0.999371909584678
ENSFCAG00000045844:XPA	0	0	0	0	0	0	0	0	0	0.519920704830325	0.874814704521756	0.802971831644017	1	0.607967041286247	0.922942863783269	0.928531524130267	1	0.979172473076124	0.999371909584678
ENSFCAG00000022826:CDKN2A	0	0	0	0	0	0	0	0	0	0.515772533165185	0.898845015361836	0.803121709700458	1	0.606929945158122	0.922942863783269	0.928531524130267	1	0.97920534767723	0.999371909584678
ENSFCAG00000014436:TCEA1	0	0	0	0	0	0	0	0	0	0.52457711299093	0.857830597255622	0.803733547427958	1	0.607967041286247	0.922942863783269	0.928531524130267	1	0.979339259494606	0.999371909584678
ENSFCAG00000009373:BTLA	0	0	0	0	0	0	0	0	0	0.524737661624481	0.869237831288756	0.805866812003614	1	0.607967041286247	0.922942863783269	0.928531524130267	1	0.979802522534464	0.999371909584678
ENSFCAG00000038221:MTAP	0	0	0	0	0	0	0	0	0	0.524957387978863	0.869473738924413	0.806079303278552	1	0.607967041286247	0.922942863783269	0.928531524130267	1	0.97984835795795	0.999371909584678
ENSFCAG00000024840:RRAS	0	0	0	0	0	0	0	0	0	0.52436379418266	0.874956811213109	0.806514934213694	1	0.607967041286247	0.922942863783269	0.928531524130267	1	0.979942150597724	0.999371909584678
ENSFCAG00000025776:RAC2	0	0	0	0	0	0	0	0	0	0.526047206101797	0.867568489754375	0.806611552510537	1	0.607967041286247	0.922942863783269	0.928531524130267	1	0.979962920919762	0.999371909584678
ENSFCAG00000009689:VTCN1	0	0	0	0	0	0	0	0	0	0.52279593744012	0.884051907075387	0.806685911110631	1	0.607967041286247	0.922942863783269	0.928531524130267	1	0.979978898127779	0.999371909584678
ENSFCAG00000011746:TSC2	0	1	0	0	0	0.643923797118366	0	0	0	0.634799872749406	0.65270599617054	0.807302627858361	1	0.677824358774039	0.922942863783269	0.928531524130267	1	0.980111146087683	0.999371909584678
ENSFCAG00000040177:CD79B	0	0	0	0	0	0	0	0	0	0.528859925953415	0.862823734472828	0.807980433659508	1	0.609648541086222	0.922942863783269	0.928531524130267	1	0.980255950484471	0.999371909584678
ENSFCAG00000039688:NKX3-1	0	0	0	0	0	0	0	0	0	0.52394914888763	0.887856953653628	0.808156793484291	1	0.607967041286247	0.922942863783269	0.928531524130267	1	0.980293534228376	0.999371909584678
ENSFCAG00000027163:FGF19	1	0	0	0	0	0	0	0	0	0.525676476091438	0.898796823277257	0.8110231849953	1	0.607967041286247	0.922942863783269	0.928531524130267	1	0.980898995995832	0.999371909584678
ENSFCAG00000040792:BBC3	0	0	0	0	0	0	0	0	0	0.526040344279362	0.898952617012593	0.811330435696785	1	0.607967041286247	0.922942863783269	0.928531524130267	1	0.980963294116432	0.999371909584678
ENSFCAG00000008129:CD79A	0	0	0	0	0	0	0	0	0	0.53181860147635	0.872201754964402	0.8118854024542	1	0.612273210417644	0.922942863783269	0.928531524130267	1	0.981079136730368	0.999371909584678
ENSFCAG00000030239:TMEM127	0	0	0	0	0	0	0	0	0	0.528761789695671	0.888577869923194	0.812044732484436	1	0.609648541086222	0.922942863783269	0.928531524130267	1	0.981112324850905	0.999371909584678
ENSFCAG00000025224:FGF12	0	0	0	0	0	0	0	0	0	0.532956123203528	0.877285167794065	0.813591005770262	1	0.612797181353096	0.922942863783269	0.928531524130267	1	0.981432787466703	0.999371909584678
ENSFCAG00000022176:MLF1	0	0	0	0	0	0	0	0	0	0.540922357692677	0.859078042096877	0.816541039450396	1	0.619576884193908	0.922942863783269	0.928531524130267	1	0.982036030135111	0.999371909584678
ENSFCAG00000014272:CTLA4	0	0	0	0	0	0	0	0	0	0.537502581925417	0.883307735011588	0.818022158669284	1	0.616446128440644	0.922942863783269	0.928531524130267	1	0.982334878086489	0.999371909584678
ENSFCAG00000006923:CCNB1IP1	0	0	0	0	0	0	0	0	0	0.535032644940437	0.902053688077532	0.818743115463415	1	0.614398101223161	0.922942863783269	0.928531524130267	1	0.982479376077333	0.999371909584678
ENSFCAG00000030268:NPM1	0	0	0	0	0	0	0	0	0	0.544493851159835	0.857920195483821	0.819007885626726	1	0.621326735229533	0.922942863783269	0.928531524130267	1	0.982532283305256	0.999371909584678
ENSFCAG00000010626:SMG1	1	2	0	0	0	0.796380664300317	0	0	0	0.737865354377623	0.592216770961631	0.819178162907512	1	0.769573853926952	0.922942863783269	0.928531524130267	1	0.982566263434258	0.999371909584678
ENSFCAG00000030357:NBN	0	1	0	0	0	1.89566533844928	0	0	0	0.56320904857955	0.803058162138526	0.820216338430569	1	0.632202157030544	0.922942863783269	0.928531524130267	1	0.982772673782687	0.999371909584678
ENSFCAG00000002012:ARID3B	0	1	0	0	0	1.91838635149814	0	0	0	0.556664942390906	0.827281364146063	0.821552710478407	1	0.629578234593242	0.922942863783269	0.928531524130267	1	0.983036437465588	0.999371909584678
ENSFCAG00000014271:CD28	0	0	0	0	0	0	0	0	0	0.545120250208686	0.880010969236794	0.823279315496733	1	0.621326735229533	0.922942863783269	0.928531524130267	1	0.983374004453728	0.999371909584678
ENSFCAG00000013892:ATF1	0	0	0	0	0	0	0	0	0	0.548720264572579	0.874761252127204	0.825118380536588	1	0.623855471944586	0.922942863783269	0.928531524130267	1	0.98372957602913	0.999371909584678
ENSFCAG00000044777:ARFRP1	0	0	0	0	0	0	0	0	0	0.552077358395046	0.863750819157215	0.825696561020737	1	0.625177134727303	0.922942863783269	0.928531524130267	1	0.983840516219837	0.999371909584678
ENSFCAG00000028989:CD70	0	0	0	0	0	0	0	0	0	0.545217669666895	0.902239365731977	0.826528186815861	1	0.621326735229533	0.922942863783269	0.928531524130267	1	0.983999377130713	0.999371909584678
ENSFCAG00000031909:ATG5	0	0	0	0	0	0	0	0	0	0.550215516458922	0.88120039413385	0.827262754634785	1	0.623855471944586	0.922942863783269	0.928531524130267	1	0.984139001593138	0.999371909584678
ENSFCAG00000030412:RUNX1T1	1	1	0	0	0	2.01063853359123	0	0	0	0.581701298549491	0.808909201124312	0.827939676106304	1	0.640942044291341	0.922942863783269	0.928531524130267	1	0.984267091308854	0.999371909584678
ENSFCAG00000022142:SBDS	0	0	0	0	0	0	0	0	0	0.549296080413565	0.899055737514213	0.829165201633392	1	0.623855471944586	0.922942863783269	0.928531524130267	1	0.984497582318361	0.999371909584678
ENSFCAG00000043691:RYBP	1	0	0	0	0	0	0	0	0	0.549685174324264	0.903493491135093	0.830031652324438	1	0.623855471944586	0.922942863783269	0.928531524130267	1	0.984659447059673	0.999371909584678
ENSFCAG00000022869:PIK3C3	0	1	0	0	0	1.77951805256825	0	0	0	0.598948347513913	0.756694663646525	0.830034522039174	1	0.655122553066375	0.922942863783269	0.928531524130267	1	0.984659981658013	0.999371909584678
ENSFCAG00000040323:BCL7A	0	0	0	0	0	0	0	0	0	0.558774713148242	0.870254489156598	0.831724281558186	1	0.629741774213092	0.922942863783269	0.928531524130267	1	0.984973044741001	0.999371909584678
ENSFCAG00000005955:PAK5	1	1	0	0	0	1.95849611115048	0	0	0	0.592803489972124	0.800154685609766	0.832724949047557	1	0.649984778992634	0.922942863783269	0.928531524130267	1	0.985156820291924	0.999371909584678
ENSFCAG00000000062:MAD2L2	0	0	0	0	0	0	0	0	0	0.560863099874936	0.872556638168433	0.833624685870699	1	0.631146696350492	0.922942863783269	0.928531524130267	1	0.985321032917305	0.999371909584678
ENSFCAG00000013778:IKBKE	0	1	0	0	0	1.77438756781774	0	0	0	0.600621115879226	0.76856872589222	0.83500223014907	1	0.655355725467248	0.922942863783269	0.928531524130267	1	0.985570569845048	0.999371909584678
ENSFCAG00000002990:HRAS	0	0	0	0	0	0	0	0	0	0.558913356400706	0.893316956993698	0.835448059935675	1	0.629741774213092	0.922942863783269	0.928531524130267	1	0.985650843266986	0.999371909584678
ENSFCAG00000005782:RSPO2	0	0	0	0	0	0	0	0	0	0.5639775863406	0.875160277245736	0.836295477578722	1	0.632274497545392	0.922942863783269	0.928531524130267	1	0.985802768392826	0.999371909584678
ENSFCAG00000012383:MPEG1	0	1	0	0	0	1.85875939662381	0	0	0	0.574139636871739	0.843993314865779	0.837557542749241	1	0.638294929732675	0.922942863783269	0.928531524130267	1	0.986027440109444	0.999371909584678
ENSFCAG00000036606:FGF10	0	0	0	0	0	0	0	0	0	0.565135469191931	0.899751255534486	0.840818090610631	1	0.632782607648821	0.922942863783269	0.928531524130267	1	0.986599083823496	0.999371909584678
ENSFCAG00000000142:FGF6	0	0	0	0	0	0	0	0	0	0.568744326502067	0.887378297284488	0.841623546140073	1	0.636030392526596	0.922942863783269	0.928531524130267	1	0.986738347990862	0.999371909584678
ENSFCAG00000043152:RMI2	0	0	0	0	0	0	0	0	0	0.562240471615479	0.932914664533538	0.842431529177201	1	0.631904810401377	0.935758201133111	0.928531524130267	1	0.986877274693877	0.999371909584678
ENSFCAG00000014440:COP1	1	1	0	0	0	1.81607122898619	0	0	0	0.62324120149604	0.771179933117325	0.842753581745167	1	0.669390992085537	0.922942863783269	0.928531524130267	1	0.986932433207471	0.999371909584678
ENSFCAG00000011361:RAC1	0	0	0	0	0	0	0	0	0	0.576399411477322	0.86498302248803	0.843241611245151	1	0.639020582106957	0.922942863783269	0.928531524130267	1	0.987015784344616	0.999371909584678
ENSFCAG00000032259:DCUN1D1	0	0	0	0	0	0	0	0	0	0.574323277532296	0.873625203852612	0.843327067226737	1	0.638294929732675	0.922942863783269	0.928531524130267	1	0.987030350409295	0.999371909584678
ENSFCAG00000022046:SDC4	0	0	0	0	0	0	0	0	0	0.571708797278919	0.889686402729881	0.844057343439716	1	0.636965880839292	0.922942863783269	0.928531524130267	1	0.987154473680995	0.999371909584678
ENSFCAG00000043547:CDKN1B	0	0	0	0	0	0	0	0	0	0.569636540825926	0.903855302498104	0.844558782435963	1	0.636235837887663	0.922942863783269	0.928531524130267	1	0.987239336144743	0.999371909584678
ENSFCAG00000036364:BCL10	0	0	0	0	0	0	0	0	0	0.571597614022302	0.899532098298731	0.845372275607276	1	0.636965880839292	0.922942863783269	0.928531524130267	1	0.987376376785543	0.999371909584678
ENSFCAG00000029945:PAFAH1B2	0	0	0	0	0	0	0	0	0	0.57526140746982	0.887679274550188	0.846238849294776	1	0.638547273062915	0.922942863783269	0.928531524130267	1	0.987521498259705	0.999371909584678
ENSFCAG00000000258:BAX	0	0	0	0	0	0	0	0	0	0.579850681610633	0.871905793313603	0.846845565994085	1	0.640474676612975	0.922942863783269	0.928531524130267	1	0.987622574373044	0.999371909584678
ENSFCAG00000037118:DUSP22	0	0	0	0	0	0	0	0	0	0.578649424925375	0.889658577167542	0.848881699880334	1	0.639934955151461	0.922942863783269	0.929628983527488	1	0.987958609167764	0.999371909584678
ENSFCAG00000027886:CDKN1A	0	0	0	0	0	0	0	0	0	0.581477757275227	0.910710404795943	0.853667223357832	1	0.640942044291341	0.922942863783269	0.933731018971173	1	0.988729183741522	0.999371909584678
ENSFCAG00000000499:SDHC	0	0	0	0	0	0	0	0	0	0.590089615213125	0.888676140414777	0.856501416204888	1	0.648121152454081	0.922942863783269	0.933793881327955	1	0.989172892653512	0.999371909584678
ENSFCAG00000036350:BCL2L11	0	0	0	0	0	0	0	0	0	0.587901669220827	0.899492735079082	0.856592732105092	1	0.646980023235665	0.922942863783269	0.933793881327955	1	0.98918703255559	0.999371909584678
ENSFCAG00000010859:IL6ST	0	1	0	0	0	1.70550599867572	0	0	0	0.623920111776832	0.796363139986352	0.857705285960453	1	0.669390992085537	0.922942863783269	0.933793881327955	1	0.989358525581838	0.999371909584678
ENSFCAG00000026205:ZBTB16	1	1	0	0	0	1.79175151411597	0	0	0	0.626064873375491	0.81205549948339	0.858923993292751	1	0.670090889500824	0.922942863783269	0.933793881327955	1	0.989544725315897	0.999371909584678
ENSFCAG00000040747:BCL2L2	0	0	0	0	0	0	0	0	0	0.590382074284453	0.916826712676023	0.860426580908829	1	0.648121152454081	0.922942863783269	0.93429633573897	1	0.989771917557354	0.999371909584678
ENSFCAG00000024009:IGF1	0	0	0	0	0	0	0	0	0	0.599757590026398	0.88773242559508	0.862736563475398	1	0.655209629980177	0.922942863783269	0.935018974141384	1	0.990116072252204	0.999371909584678
ENSFCAG00000012394:RHOH	0	0	0	0	0	0	0	0	0	0.595327215958375	0.912858887997835	0.863260751724206	1	0.651955902354416	0.922942863783269	0.935018974141384	1	0.990193307280389	0.999371909584678
ENSFCAG00000012862:RHEB	0	0	0	0	0	0	0	0	0	0.608031938555322	0.865207179476402	0.86421575560952	1	0.66042207614653	0.922942863783269	0.935018974141384	1	0.990333201553752	0.999371909584678
ENSFCAG00000043254:BTG2	0	0	0	0	0	0	0	0	0	0.602249087740914	0.89520627658528	0.865469168989936	1	0.655539007019807	0.922942863783269	0.935248271664215	1	0.990515207204729	0.999371909584678
ENSFCAG00000046660:TNFRSF17	0	0	0	0	0	0	0	0	0	0.601464598315109	0.908995404453507	0.866815435114595	1	0.655479622921078	0.922942863783269	0.935517683585042	1	0.990708673944562	0.999371909584678
ENSFCAG00000013515:IL10	0	0	0	0	0	0	0	0	0	0.60820607680755	0.885358511291384	0.867802038336682	1	0.66042207614653	0.922942863783269	0.935517683585042	1	0.990849127096731	0.999371909584678
ENSFCAG00000042197:CNBP	0	0	0	0	0	0	0	0	0	0.610370209792642	0.893166482441991	0.870370630119877	1	0.661006024006491	0.922942863783269	0.935684750148562	1	0.991209534361699	0.999371909584678
ENSFCAG00000027456:RHOA	0	0	0	0	0	0	0	0	0	0.609879216039804	0.912607612339644	0.872669859292714	1	0.661006024006491	0.922942863783269	0.935684750148562	1	0.991525716251767	0.999371909584678
ENSFCAG00000043871:BTG1	0	0	0	0	0	0	0	0	0	0.611688202616252	0.907242873356691	0.873148144298457	1	0.661006024006491	0.922942863783269	0.935684750148562	1	0.991590726652024	0.999371909584678
ENSFCAG00000033306:CDKN2C	0	0	0	0	0	0	0	0	0	0.610961675349592	0.92456524225055	0.874702842143561	1	0.661006024006491	0.928701999486571	0.935684750148562	1	0.991800238179606	0.999371909584678
ENSFCAG00000030516:TPR	0	2	0	0	0	1.2078871507074	0	0	0	0.795668986079162	0.654648056121997	0.874962484071435	1	0.820333811135577	0.922942863783269	0.935684750148562	1	0.991834958188005	0.999371909584678
ENSFCAG00000003320:CDH11	1	1	0	0	0	1.69655244643971	0	0	0	0.656401518202468	0.808541020180276	0.875387323182432	1	0.697572264314576	0.922942863783269	0.935684750148562	1	0.991891602637765	0.999371909584678
ENSFCAG00000009081:NTRK2	0	1	0	0	0	1.57652125556968	0	0	0	0.672184629150077	0.768151074232106	0.875482187039989	1	0.708476287531419	0.922942863783269	0.935684750148562	1	0.991904222818187	0.999371909584678
ENSFCAG00000037994:NRAS	0	0	0	0	0	0	0	0	0	0.618613738373054	0.898441911625758	0.876292733713742	1	0.667686462811302	0.922942863783269	0.935684750148562	1	0.992011634600651	0.999371909584678
ENSFCAG00000045270:CHIC2	0	0	0	0	0	0	0	0	0	0.623381147508787	0.887197608416034	0.877539930591115	1	0.669390992085537	0.922942863783269	0.93590363143803	1	0.99217544615016	0.999371909584678
ENSFCAG00000001199:PTP4A1	0	0	0	0	0	0	0	0	0	0.621836689767972	0.905478924940856	0.879240138763153	1	0.669390992085537	0.922942863783269	0.93660456062789	1	0.992395903148459	0.999371909584678
ENSFCAG00000019293:CENPA	0	0	0	0	0	0	0	0	0	0.623846454237741	0.910725589503431	0.881143335182087	1	0.669390992085537	0.922942863783269	0.937519804494685	1	0.992638780905259	0.999371909584678
ENSFCAG00000002084:DDIT3	0	0	0	0	0	0	0	0	0	0.626048920768006	0.916204541810196	0.88314696908964	1	0.670090889500824	0.922942863783269	0.938539619221889	1	0.99289003435297	0.999371909584678
ENSFCAG00000045832:ID3	0	0	0	0	0	0	0	0	0	0.628795239681313	0.911810718659421	0.884279274958089	1	0.672212053849784	0.922942863783269	0.938632138194283	1	0.993030013242842	0.999371909584678
ENSFCAG00000002679:ERCC2	0	1	0	0	0	1.46386874208986	0	0	0	0.720088192670265	0.744934672788409	0.889476246157396	1	0.753658737783098	0.922942863783269	0.940812331035738	1	0.993653907292215	0.999371909584678
ENSFCAG00000033312:FHIT	0	0	0	0	0	0	0	0	0	0.646375819975484	0.896129321566512	0.892461450449145	1	0.689365185674566	0.922942863783269	0.942859273533332	1	0.99399853803018	0.999371909584678
ENSFCAG00000014002:COL2A1	1	1	0	0	0	0.908186907208058	0	0	0	0.922030767665205	0.647808643746362	0.896616638312176	1	0.931365162388475	0.922942863783269	0.943043980180802	1	0.994461623855677	0.999371909584678
ENSFCAG00000013688:IL2	0	0	0	0	0	0	0	0	0	0.64958532450247	0.913438527418228	0.896623021499126	1	0.691966336184126	0.922942863783269	0.943043980180802	1	0.994462320410298	0.999371909584678
ENSFCAG00000000947:NFATC2	2	1	0	0	0	0.678874444729412	0	0	0	0.760530980081921	0.702972935942705	0.897237339344214	1	0.788633741470629	0.922942863783269	0.943043980180802	1	0.994529144232247	0.999371909584678
ENSFCAG00000018336:TCL1B	0	0	0	0	0	0	0	0	0	0.650882526119424	0.916201300101187	0.897690197002582	1	0.692526668785832	0.922942863783269	0.943043980180802	1	0.994578135523882	0.999371909584678
ENSFCAG00000008354:SH2D1A	0	0	0	0	0	0	0	0	0	0.660218381712003	0.89708538410255	0.900329780061475	1	0.699725203825895	0.922942863783269	0.943043980180802	1	0.99485914947737	0.999371909584678
ENSFCAG00000023293:MLLT3	0	0	0	0	0	0	0	0	0	0.660311938815936	0.909219625022072	0.902061066893877	1	0.699725203825895	0.922942863783269	0.943043980180802	1	0.995039260964062	0.999371909584678
ENSFCAG00000002702:XPO1	0	1	0	0	0	1.44281207765608	0	0	0	0.729718792116003	0.769192843781218	0.902365320873176	1	0.76196218060485	0.922942863783269	0.943043980180802	1	0.995070570047816	0.999371909584678
ENSFCAG00000022679:YPEL5	0	0	0	0	0	0	0	0	0	0.660765003167438	0.933674107143951	0.905053816074233	1	0.699725203825895	0.935758201133111	0.943043980180802	1	0.995342773768912	0.999371909584678
ENSFCAG00000037105:RPL22	0	0	0	0	0	0	0	0	0	0.666739660096168	0.906017504087895	0.905118643949046	1	0.705220512092295	0.922942863783269	0.943043980180802	1	0.995349238732504	0.999371909584678
ENSFCAG00000018737:PIK3CA	0	1	0	0	0	1.409836250092	0	0	0	0.745266562777492	0.760291974541932	0.905454722040935	1	0.776391384424812	0.922942863783269	0.943043980180802	1	0.995382679717367	0.999371909584678
ENSFCAG00000044104:HMGA1	0	0	0	0	0	0	0	0	0	0.669158377953224	0.917803983695389	0.907901634157574	1	0.706946145178818	0.922942863783269	0.943043980180802	1	0.995622398841489	0.999371909584678
ENSFCAG00000035249:EIF1AX	0	0	0	0	0	0	0	0	0	0.675184307346109	0.895073912624667	0.908013713837037	1	0.709971320839351	0.922942863783269	0.943043980180802	1	0.995633220977004	0.999371909584678
ENSFCAG00000029629:MTCP1	0	0	0	0	0	0	0	0	0	0.671441583700707	0.915485836855797	0.908835522776654	1	0.708476287531419	0.922942863783269	0.943043980180802	1	0.995712150303757	0.999371909584678
ENSFCAG00000012230:B2M	0	0	0	0	0	0	0	0	0	0.674200118926849	0.904623883329838	0.908879430157916	1	0.709767534345029	0.922942863783269	0.943043980180802	1	0.995716346399968	0.999371909584678
ENSFCAG00000002782:AGO2	0	1	0	0	0	1.37356075032238	0	0	0	0.763058256608855	0.751805780447516	0.908962739711018	1	0.790341769820937	0.922942863783269	0.943043980180802	1	0.995724302212709	0.999371909584678
ENSFCAG00000006913:NTRK1	0	1	0	0	0	1.39020962569717	0	0	0	0.754800663318556	0.774568151642709	0.914128285663981	1	0.783596526774639	0.922942863783269	0.946077191111176	1	0.996202709728964	0.999371909584678
ENSFCAG00000010557:SMC3	0	1	0	0	0	1.27533387508663	0	0	0	0.815189456313744	0.726497404411587	0.915310054999585	1	0.837574521475677	0.922942863783269	0.946077191111176	1	0.996308050577118	0.999371909584678
ENSFCAG00000003030:INSR	0	1	0	0	0	0.842695625832676	0	0	0	0.860157274856445	0.705661752146106	0.916820964500107	1	0.879733099166696	0.922942863783269	0.946077191111176	1	0.996440508255426	0.999371909584678
ENSFCAG00000001395:RBM10	0	1	0	0	0	1.19745993723053	0	0	0	0.861119592614171	0.707906146334816	0.918060225519182	1	0.879733099166696	0.922942863783269	0.946077191111176	1	0.99654729230873	0.999371909584678
ENSFCAG00000027633:STAG2	1	1	0	0	0	1.23796466941562	0	0	0	0.836684278780281	0.721918597943542	0.918900858155351	1	0.856718908032716	0.922942863783269	0.946077191111176	1	0.996618775163793	0.999371909584678
ENSFCAG00000032943:CHCHD7	0	0	0	0	0	0	0	0	0	0.695606583680617	0.903441369133627	0.919523131067885	1	0.729736813253731	0.922942863783269	0.946077191111176	1	0.996671194514636	0.999371909584678
ENSFCAG00000037938:NSD2	0	1	0	0	0	0.862522787845618	0	0	0	0.879478147252765	0.70400465040346	0.919738739242824	1	0.895432399357123	0.922942863783269	0.946077191111176	1	0.996689258781834	0.999371909584678
ENSFCAG00000024512:ZNF521	1	1	0	0	0	0.793568857333037	0	0	0	0.809958764750587	0.751278273821073	0.923905813674624	1	0.834108911405994	0.922942863783269	0.948765414771197	1	0.997028473992811	0.999371909584678
ENSFCAG00000022711:EPHA5	0	1	0	0	0	1.31661053830795	0	0	0	0.792544105335197	0.770822342766909	0.925876538861489	1	0.818051271943686	0.922942863783269	0.948765414771197	1	0.997182347003093	0.999371909584678
ENSFCAG00000019223:ARID4A	0	1	0	0	0	1.28143421936232	0	0	0	0.81177183908325	0.756111283525646	0.926270437423121	1	0.835018455322747	0.922942863783269	0.948765414771197	1	0.997212599079961	0.999371909584678
ENSFCAG00000032392:CKS1B	0	0	0	0	0	0	0	0	0	0.709937386020657	0.912508526712917	0.927552385834864	1	0.743901718374038	0.922942863783269	0.948765414771197	1	0.997309895582976	0.999371909584678
ENSFCAG00000007864:MAP3K6	0	1	0	0	0	0.887253916595293	0	0	0	0.902853576926515	0.712962047574129	0.927634781925514	1	0.916115832858769	0.922942863783269	0.948765414771197	1	0.997316088604229	0.999371909584678
ENSFCAG00000015643:AXIN1	0	1	0	0	0	1.33228286800215	0	0	0	0.784232581944462	0.803239136503387	0.933770174982846	1	0.811090826989386	0.922942863783269	0.952660930369185	1	0.997756716799526	0.999371909584678
ENSFCAG00000009445:KDM6A	1	1	0	0	0	0.991563659921774	0	0	0	0.993230743103042	0.71304546688216	0.934575355500304	1	0.994338023753101	0.922942863783269	0.952660930369185	1	0.9978115446935	0.999371909584678
ENSFCAG00000026305:PIK3CD	0	1	0	0	0	1.10734858136283	0	0	0	0.920134246596164	0.724311313695398	0.934983773746048	1	0.930496118742517	0.922942863783269	0.952660930369185	1	0.997839090276337	0.999371909584678
ENSFCAG00000000544:EPHB1	0	1	0	0	0	1.2494321193423	0	0	0	0.829984128190476	0.768693886017894	0.935854384478424	1	0.850828478441835	0.922942863783269	0.952660930369185	1	0.997897212834969	0.999371909584678
ENSFCAG00000011110:JARID2	0	1	0	0	0	0.924708564243935	0	0	0	0.936784998169305	0.725212700679258	0.937140992195765	1	0.94308624255161	0.922942863783269	0.952660930369185	1	0.997981624985413	0.999371909584678
ENSFCAG00000027874:MLLT11	0	0	0	0	0	0	0	0	0	0.725494772950437	0.951769741963766	0.93849900973415	1	0.758433418055288	0.951769741963766	0.952660930369185	1	0.99806880608871	0.999371909584678
ENSFCAG00000000916:BRD4	0	1	0	0	0	0.896110659552129	0	0	0	0.911034367562186	0.740019883862707	0.940544025439806	1	0.923117640629097	0.922942863783269	0.952660930369185	1	0.998196383891596	0.999371909584678
ENSFCAG00000024012:GRM3	0	1	0	0	0	1.27327734466405	0	0	0	0.816347259947008	0.795221331156682	0.941153898549543	1	0.837805530779901	0.922942863783269	0.952660930369185	1	0.998233569488192	0.999371909584678
ENSFCAG00000032000:NCOA2	1	1	0	0	0	0.945288558036852	0	0	0	0.954706380588334	0.731552587296918	0.941332923943367	1	0.960051881039556	0.922942863783269	0.952660930369185	1	0.998244410102628	0.999371909584678
ENSFCAG00000009534:MET	1	1	0	0	0	1.08965787125316	0	0	0	0.932537749040382	0.737627242504332	0.942052234039907	1	0.939864083769094	0.922942863783269	0.952660930369185	1	0.998287623686188	0.999371909584678
ENSFCAG00000013999:HDAC7	0	1	0	0	0	1.1393363880944	0	0	0	0.898409695644778	0.75733073964715	0.945646325805975	1	0.912637903494356	0.922942863783269	0.954570000598167	1	0.998495324060032	0.999371909584678
ENSFCAG00000042068:PMAIP1	0	0	0	0	0	0	0	0	0	0.748564683037313	0.94258439741031	0.947466089286905	1	0.778022089545726	0.94363521613652	0.954570000598167	1	0.998595274713846	0.999371909584678
ENSFCAG00000012003:EMSY	0	1	0	0	0	1.09863667933082	0	0	0	0.926207040769162	0.753145627107949	0.947676208755927	1	0.934532497315402	0.922942863783269	0.954570000598167	1	0.998606590331313	0.999371909584678
ENSFCAG00000004554:PIK3CG	0	1	0	0	0	1.17381786570582	0	0	0	0.875959814621124	0.774563047080516	0.948192027320229	1	0.893806874646227	0.922942863783269	0.954570000598167	1	0.9986341712981	0.999371909584678
ENSFCAG00000007346:SETBP1	1	1	0	0	0	0.876899018719989	0	0	0	0.893162520631325	0.776400622889894	0.951847598786167	1	0.90833515688214	0.922942863783269	0.957177092620356	1	0.998821603617443	0.999371909584678
ENSFCAG00000004831:ARHGAP35	1	1	0	0	0	0.896955927534486	0	0	0	0.911809963516713	0.774062873712787	0.953766435338493	1	0.923117640629097	0.922942863783269	0.957609829299975	1	0.998914366058155	0.999371909584678
ENSFCAG00000041416:IRS2	2	2	0	0	0	1.04935920030005	0	0	0	0.964127515892226	0.766512874915767	0.954410687331267	1	0.967359228235998	0.922942863783269	0.957609829299975	1	0.998944645128232	0.999371909584678
ENSFCAG00000005115:ABL1	0	1	0	0	0	1.00627763308631	0	0	0	0.995012064727966	0.765000995349766	0.956287996699827	1	0.995012064727966	0.922942863783269	0.958422568121032	1	0.999030397547269	0.999371909584678
ENSFCAG00000022680:ZNRF3	1	1	0	0	0	1.04989660403175	0	0	0	0.961477372719116	0.786637371505489	0.962905321029635	1	0.965779284901304	0.922942863783269	0.963978794074261	1	0.999303323869823	0.999371909584678
ENSFCAG00000000760:IRS4	1	1	0	0	0	0.977386118676599	0	0	0	0.981681358734032	0.789583983181381	0.964767346340525	1	0.98387261176692	0.922942863783269	0.964767346340525	1	0.999371909584678	0.999371909584678
