gene_name	n_syn	n_mis	n_non	n_spl	n_ind	wmis_cv	wnon_cv	wspl_cv	wind_cv	pmis_cv	ptrunc_cv	pallsubs_cv	pind_cv	qmis_cv	qtrunc_cv	qallsubs_cv	qind_cv	pglobal_cv	qglobal_cv
ENSFCAG00000009623:TP53	4	28	16	6	6	5.50263520128342	64.8215043592913	64.8215043592913	17.8055260115607	6.49835832877699e-06	0	0	2.02456605058197e-05	0.00583552577924173	0	0	0.0181806031342261	0	0
ENSFCAG00000023517:NOTCH1	9	12	7	0	7	0.854965838625662	8.18983765824049	8.18983765824049	4.23791116352201	0.704018738945995	0.000139055483485695	0.000218992086795988	0.0108577634555728	0.969812592766107	0.062435912085077	0.0983274469713987	1	3.31682658595289e-05	0.0148925513709285
ENSFCAG00000000787:APC	5	16	6	1	5	0.941992264563073	5.7132619906289	5.7132619906289	2.67857043478261	0.892646117167071	0.00185318664063039	0.00239541437618895	0.0779912116648201	0.999855720353093	0.184906844809565	0.22507374448779	1	0.0017907487842832	0.536030802762105
ENSFCAG00000038081:PRKN	5	17	1	1	2	3.58297050991437	3.75704154171265	3.75704154171265	6.65303671706263	0.00211612597271937	0.146531515602173	0.00651387908972734	0.0432871328509125	0.1900281123502	0.791513244434225	0.298841664598045	1	0.00258668767472658	0.553644113131423
ENSFCAG00000033201:NEGR1	1	12	0	1	1	6.22859001240298	5.65041806061809	5.65041806061809	4.33852957746479	0.000706764479728839	0.199168433450256	0.00268603726076433	0.199823056049053	0.129379085716559	0.791513244434225	0.22507374448779	1	0.00457833152768083	0.553644113131423
ENSFCAG00000011506:PAK3	7	31	2	0	0	3.71066795328368	2.45934936952041	2.45934936952041	0	0.000106860241483431	0.295312416855799	0.000546419622059702	1	0.0479802484260604	0.791513244434225	0.13031637767573	1	0.00465119121772528	0.553644113131423
ENSFCAG00000025224:FGF12	2	13	1	0	0	6.55743566883543	7.04808560961545	7.04808560961545	0	0.000161674960866165	0.153046869640869	0.000580473842653584	1	0.0483947049526054	0.791513244434225	0.13031637767573	1	0.00490597093412282	0.553644113131423
ENSFCAG00000041663:PGR	3	18	3	1	1	3.16401351074258	11.3037848459097	11.3037848459097	1.65078027867095	0.00998985284266107	0.00138933881609526	0.00136762333450147	0.427018705179541	0.3672124518844	0.184906844809565	0.204687625730386	1	0.00493224154237348	0.553644113131423
ENSFCAG00000014965:NTRK3	10	26	0	0	1	2.80012333846279	0	0	1.78261342592593	0.00181936407431726	0.189101842668768	0.00165215346793302	0.404727550565598	0.1900281123502	0.791513244434225	0.211947687743407	1	0.00555680954812476	0.554446108246226
ENSFCAG00000006448:ROS1	11	40	0	0	2	1.98248302297478	0	0	1.33348744588745	0.0221086493869682	0.0394186464066401	0.00214397514231823	0.410533596382107	0.437166950612773	0.791513244434225	0.22507374448779	1	0.0070725409615976	0.620302974227219
ENSFCAG00000040177:CD79B	8	5	1	0	3	1.2465660030021	2.49685576784271	2.49685576784271	17.3053707865169	0.68884497887138	0.439004136935622	0.70672218611801	0.00141577522021827	0.969812592766107	0.791513244434225	0.90087195090874	0.635683073878004	0.00791162179835336	0.620302974227219
ENSFCAG00000014272:CTLA4	1	9	0	2	0	6.15410755385667	16.8756034795374	16.8756034795374	0	0.00185143501652474	0.00958038784491633	0.00105542752977239	1	0.1900281123502	0.661783714210374	0.189554784347121	1	0.00828912660437264	0.620302974227219
ENSFCAG00000035352:KCNJ5	6	8	1	0	3	1.62808217420484	3.4881299902468	3.4881299902468	11.0012714285714	0.325207987071962	0.31344128724195	0.420110549058619	0.00483267381769011	0.821202552407601	0.791513244434225	0.885117123476026	1	0.0146170254239931	0.968528889787718
ENSFCAG00000000620:FBXW7	1	2	0	0	4	0.620608089404634	0	0	8.21428266666667	0.582413102849473	0.338321222859426	0.583651593583292	0.0041593357391545	0.953208747253344	0.791513244434225	0.886447882668362	1	0.0170438383689107	0.968528889787718
ENSFCAG00000008986:PREX2	13	48	6	0	1	2.36658704662651	2.82674392322187	2.82674392322187	0.95901494396015	0.00167016718052326	0.0476908403297294	0.00423029176911671	0.596680283810749	0.1900281123502	0.791513244434225	0.280404611731654	1	0.0176231294584491	0.968528889787718
ENSFCAG00000018336:TCL1B	1	8	0	0	0	7.75605148916888	0	0	0	0.000720373528488638	0.708934064740175	0.00275702805051858	1	0.129379085716559	0.806694187179809	0.22507374448779	1	0.0190058540078493	0.968528889787718
ENSFCAG00000027886:CDKN1A	0	0	0	0	2	0	0	0	18.6688242424242	0.201681838527683	0.724482512448446	0.422973961245737	0.00666014834285334	0.78743604781678	0.806876066789581	0.885117123476026	1	0.0193590643130658	0.968528889787718
ENSFCAG00000014215:ECT2L	4	17	0	1	3	2.61942354815241	1.27724621795569	1.27724621795569	4.72447239263804	0.0267534614117324	0.824930217879606	0.0806837828871536	0.0390383208227593	0.469998530349214	0.872541031396804	0.805505597848427	1	0.0212937254611625	0.968528889787718
ENSFCAG00000027902:ERBB4	12	37	1	1	3	2.02875132070553	0.955886253687387	0.955886253687387	3.52981970970206	0.0169558500827964	0.952019311483285	0.0437477387417341	0.0733574705626646	0.411523064171654	0.962740249675664	0.677335679139262	1	0.0216357061334935	0.968528889787718
ENSFCAG00000004564:COL1A1	5	33	1	0	3	2.51236191064609	1.23095451597002	1.23095451597002	3.16041997264022	0.0126308218561245	0.849174817514613	0.0394450114601202	0.0917495391574683	0.38131743525019	0.886737845033841	0.671273849455393	1	0.0239637631366739	0.968528889787718
ENSFCAG00000009906:PTPRB	11	37	0	0	0	2.07060450030681	0	0	0	0.016143386570407	0.0707344090488554	0.00365892379789601	1	0.402687809450709	0.791513244434225	0.273809464209218	1	0.024187631235105	0.968528889787718
ENSFCAG00000027460:CPS1	11	37	2	0	2	2.37345937553706	1.27150418797213	1.27150418797213	2.03458124174373	0.00402228153644757	0.75822552091507	0.0144214855430499	0.256698131556839	0.301000734977493	0.824317818137691	0.444864710474256	1	0.0244288844409825	0.968528889787718
ENSFCAG00000024457:PTPRD	12	43	4	1	3	2.09057354541342	2.56689270546424	2.56689270546424	2.41533403031887	0.0103490963075272	0.0948238465044069	0.0248101745548247	0.151933959458131	0.3672124518844	0.791513244434225	0.556988418755815	1	0.0248064192261888	0.968528889787718
ENSFCAG00000022711:EPHA5	11	29	1	0	3	1.92416452513323	0.745179125330152	0.745179125330152	4.42579885057471	0.0399613289938681	0.767053255486264	0.0904687510938792	0.0451814893634442	0.537059504180511	0.830897253831924	0.805505597848427	1	0.0265680924052007	0.994089457494595
ENSFCAG00000026908:PRKCI	0	9	3	1	0	3.71515219251425	13.6058396012721	13.6058396012721	0	0.0410956478818191	0.00159016649020005	0.00437156410272066	1	0.537059504180511	0.184906844809565	0.280404611731654	1	0.0281206736974657	0.999999792292664
ENSFCAG00000012236:MEN1	6	1	0	0	2	0.141580065249751	0	0	4.10714133333333	0.0192050562508232	0.335438457600013	0.0483744166013356	0.0954909788889901	0.431153512830982	0.791513244434225	0.685076528358183	1	0.0294597513172618	0.999999792292664
ENSFCAG00000015112:MPL	6	9	5	1	0	1.19567044627141	6.75827182373051	6.75827182373051	0	0.708092162179577	0.00130429226914031	0.00474740326567902	1	0.969812592766107	0.184906844809565	0.284211208838651	1	0.0301467584119149	0.999999792292664
ENSFCAG00000024012:GRM3	16	31	2	0	2	2.07569346008982	1.83543538254885	1.83543538254885	3.21205005213764	0.0111275316834992	0.451484330261477	0.0382255906119622	0.138464480190068	0.3672124518844	0.791513244434225	0.671273849455393	1	0.0330349771474751	0.999999792292664
ENSFCAG00000025160:HSD3B2	3	8	2	1	0	2.96203953145828	12.4044067412725	12.4044067412725	0	0.0472777133588487	0.00364812540948178	0.00549384557504817	1	0.54039751126879	0.327601661771464	0.288606837229977	1	0.0340845145651919	0.999999792292664
ENSFCAG00000024132:TNFRSF11A	4	10	4	0	0	1.5588347107654	11.1249873257127	11.1249873257127	0	0.371331949159553	0.00129678353710538	0.00565766703661175	1	0.834012736660679	0.184906844809565	0.288606837229977	1	0.0349346436425459	0.999999792292664
ENSFCAG00000009155:RSPO3	4	7	4	0	0	2.05865447945257	10.4661943337941	10.4661943337941	0	0.18683043171717	0.00162810401671099	0.00578499228300622	1	0.762601066879794	0.184906844809565	0.288606837229977	1	0.035592097060862	0.999999792292664
ENSFCAG00000027261:TGFBR1	1	11	2	1	0	4.17938123532405	9.29022797219092	9.29022797219092	0	0.0103583455211195	0.0108122568439416	0.00665571636075823	1	0.3672124518844	0.693529046132826	0.298841664598045	1	0.0400160249732578	0.999999792292664
ENSFCAG00000006344:CD276	6	0	0	0	0	0	0	0	0	0.00211042865408329	0.430165083555256	0.00740133776435858	1	0.1900281123502	0.791513244434225	0.299801172505984	1	0.0437130003822017	0.999999792292664
ENSFCAG00000008554:HGF	5	21	4	0	1	2.67495481506666	3.94885065768357	3.94885065768357	2.11272702331962	0.0136087767115166	0.0434803491223702	0.0207472425259826	0.357754078658651	0.38131743525019	0.791513244434225	0.532314965380925	1	0.0438163559046894	0.999999792292664
ENSFCAG00000006923:CCNB1IP1	1	3	3	0	0	1.62200604672562	17.5070771669073	17.5070771669073	0	0.541683979154472	0.00176823721394048	0.00748756177720578	1	0.946134098677855	0.184906844809565	0.299801172505984	1	0.0441355232321439	0.999999792292664
ENSFCAG00000012184:NOD1	14	3	1	0	2	0.273886290764484	1.22059884472178	1.22059884472178	3.22888469601677	0.0181899359351647	0.850862153521467	0.054611415901518	0.137410475301841	0.418834935122511	0.887426496936443	0.743046234538835	1	0.0442168459094603	0.999999792292664
ENSFCAG00000036606:FGF10	5	14	1	0	0	3.75553152827511	4.65953090922642	4.65953090922642	0	0.0024864332961988	0.231710691970455	0.00767864918445171	1	0.202983372726047	0.791513244434225	0.299801172505984	1	0.0450683849973412	0.999999792292664
ENSFCAG00000014491:PRKD1	4	21	1	0	1	3.18265552190753	1.70343938798399	1.70343938798399	1.65432653061224	0.00500406224617422	0.642102468101331	0.019045732031873	0.426387976760984	0.345665222851112	0.791513244434225	0.507958452244541	1	0.0472092051675846	0.999999792292664
ENSFCAG00000012781:SHQ1	0	9	2	1	0	3.67765408276056	14.4149681553188	14.4149681553188	0	0.0427893297592289	0.00405611958278529	0.00837732054874774	1	0.54039751126879	0.331126853212835	0.301238825423738	1	0.0484395703983204	0.999999792292664
ENSFCAG00000006262:CREBBP	5	28	4	0	0	2.72898755814983	5.09151550642548	5.09151550642548	0	0.0077583037112372	0.0191406850309419	0.00838638155411298	1	0.3672124518844	0.791513244434225	0.301238825423738	1	0.0484828972857901	0.999999792292664
ENSFCAG00000005955:PAK5	11	29	0	0	0	2.23494163063141	0	0	0	0.0111975345363132	0.180876789150511	0.00931957728089727	1	0.3672124518844	0.791513244434225	0.32188386147099	1	0.0528945470287364	0.999999792292664
ENSFCAG00000012673:TET1	16	30	0	0	4	0.947494254851485	0	0	2.8748072795147	0.855381111253127	0.0383664080779482	0.114614138457541	0.0820435188308668	0.999855720353093	0.791513244434225	0.839394362219701	1	0.0532858496075459	0.999999792292664
ENSFCAG00000030412:RUNX1T1	13	25	0	1	2	1.84184542445807	0.858737730511677	0.858737730511677	5.00057792207792	0.0545192169539627	0.879994779118982	0.137824197967916	0.0697623964501948	0.544342454888556	0.909134991615508	0.884043784108493	1	0.0542709538782956	0.999999792292664
ENSFCAG00000014803:MED12	3	22	0	0	0	3.00415930575365	0	0	0	0.0108507844516995	0.268808513407729	0.0101190645741012	1	0.3672124518844	0.791513244434225	0.336552592131217	1	0.0565993084646429	0.999999792292664
ENSFCAG00000003700:AKT3	11	18	1	1	2	1.82997428070969	1.72560274046812	1.72560274046812	6.41740833333333	0.09065565637281	0.500820335844785	0.226621900310105	0.0460349078140252	0.649561705270626	0.791513244434225	0.885117123476026	1	0.0580343005983768	0.999999792292664
ENSFCAG00000031193:NCOR2	7	26	0	0	3	2.05696011866468	0	0	1.87902968686458	0.0455250300213464	0.248294445702706	0.0455866894778517	0.230241785594667	0.54039751126879	0.791513244434225	0.678310646043539	1	0.0583235852523201	0.999999792292664
ENSFCAG00000045399:FGF23	2	1	0	0	2	0.510407679609601	0	0	12.5217723577236	0.514504256159455	0.683846800841972	0.753243036183519	0.014034421696445	0.940987417578799	0.793048088998907	0.915648277709446	1	0.0586667569426231	0.999999792292664
ENSFCAG00000009649:NOTCH2	9	19	4	1	4	1.12092570538112	3.54119607827468	3.54119607827468	2.47021331194868	0.758510410900413	0.032781126850323	0.0950819525299925	0.115276574373951	0.975310423918457	0.791513244434225	0.805505597848427	1	0.060431250550511	0.999999792292664
ENSFCAG00000014299:GRIN2A	24	34	3	1	4	1.22544296668843	2.17405172143237	2.17405172143237	4.20526416382252	0.430859404704855	0.18812275108395	0.367002629611927	0.0312925456700421	0.89036580161988	0.791513244434225	0.885117123476026	1	0.0627827317669062	0.999999792292664
ENSFCAG00000009978:WIF1	2	10	1	0	2	2.45055871662154	4.53358743233478	4.53358743233478	5.23870068027211	0.0982355828157478	0.246389123213556	0.17986499364668	0.0646504508510208	0.649561705270626	0.791513244434225	0.885117123476026	1	0.0634246294088302	0.999999792292664
ENSFCAG00000002081:GLI1	14	15	0	0	3	0.680179220953603	0	0	4.17769801084991	0.279498606366324	0.145140560921956	0.230350855944387	0.051292669164793	0.821202552407601	0.791513244434225	0.885117123476026	1	0.0642559001132432	0.999999792292664
ENSFCAG00000025616:FAT1	17	20	5	0	3	0.610515175520587	2.6457997786655	2.6457997786655	1.00731066056246	0.12289476473425	0.0793187168550349	0.0239885942798639	0.50251261168729	0.691363930111907	0.791513244434225	0.556988418755815	1	0.0653154196444634	0.999999792292664
ENSFCAG00000006065:NF1	2	20	2	1	3	2.95000960274438	4.20766355568464	4.20766355568464	1.61726776338817	0.0211161401584243	0.0747677235210846	0.0426086964576363	0.287221555413911	0.437166950612773	0.791513244434225	0.671273849455393	1	0.0661250759549451	0.999999792292664
ENSFCAG00000003608:TFPT	3	0	0	0	1	0	0	0	4.49031486880467	0.023367498473734	0.451392040456298	0.0638722118165646	0.193961586099209	0.437166950612773	0.791513244434225	0.775097921773986	1	0.0667873601338337	0.999999792292664
ENSFCAG00000012482:LCK	13	6	0	0	2	0.604018073067493	0	0	5.9123915547025	0.278060195900067	0.164539343314114	0.242902185665809	0.0528778419041379	0.821202552407601	0.791513244434225	0.885117123476026	1	0.0687786838553801	0.999999792292664
ENSFCAG00000002211:NTHL1	1	6	0	0	2	2.42336956401254	0	0	6.54003397027601	0.176004910308104	0.573274243252074	0.310702038106569	0.0445733845135386	0.747297851445586	0.791513244434225	0.885117123476026	1	0.0731165578672464	0.999999792292664
ENSFCAG00000024379:MGAM	12	40	7	0	0	2.04187492547023	3.21795598222197	3.21795598222197	0	0.0144374084615885	0.019683072857318	0.0140647690367983	1	0.38131743525019	0.791513244434225	0.444864710474256	1	0.0740381011537777	0.999999792292664
ENSFCAG00000000093:KMT2D	14	25	5	0	6	0.825278952103366	2.95974124976881	2.95974124976881	1.74557385719683	0.547290066512555	0.0556452028811653	0.0768604697131021	0.190438973860352	0.946134098677855	0.791513244434225	0.805505597848427	1	0.0764676223257404	0.999999792292664
ENSFCAG00000006864:GPC3	2	12	0	0	0	3.97747196277576	0	0	0	0.00710789864693695	0.466354793150522	0.0148618500158437	1	0.3672124518844	0.791513244434225	0.444864710474256	1	0.0774147488355066	0.999999792292664
ENSFCAG00000023059:FOXP1	2	9	0	0	2	2.30764171427429	0	0	4.43855331412104	0.132785235337922	0.392741004241603	0.178035930264608	0.0845103805069518	0.691363930111907	0.791513244434225	0.885117123476026	1	0.0781882062130849	0.999999792292664
ENSFCAG00000004539:FLT3	4	21	0	2	1	2.90280095951774	2.68248266011717	2.68248266011717	1.50555034213099	0.0101183443987294	0.266575074034451	0.0339958802824359	0.454493528990453	0.3672124518844	0.791513244434225	0.663658706383206	1	0.0798825447596395	0.999999792292664
ENSFCAG00000000544:EPHB1	13	26	1	0	2	1.92453310888367	1.01946500650861	1.01946500650861	3.12726497461929	0.0373542253113039	0.985132732258393	0.107594951533793	0.143959106036979	0.537059504180511	0.988434853148645	0.818815817604629	1	0.080042484394469	0.999999792292664
ENSFCAG00000004987:PLCG2	11	16	0	0	3	1.25940765191894	0	0	3.50305837755876	0.531167275266801	0.124004464872623	0.211080633192812	0.0745175210587352	0.945012212298939	0.791513244434225	0.885117123476026	1	0.0810405800779476	0.999999792292664
ENSFCAG00000001371:MLH1	7	3	0	0	2	0.372908900781742	0	0	4.05844005270092	0.109311048359103	0.22745138594953	0.163520219384005	0.0972819555508309	0.678328629100601	0.791513244434225	0.885117123476026	1	0.0817801703610505	0.999999792292664
ENSFCAG00000013892:ATF1	0	0	1	0	1	0	6.43986763618064	6.43986763618064	5.50063571428571	0.147824255877185	0.180072835603002	0.10177941975096	0.162257126080324	0.691386363425585	0.791513244434225	0.80883114102975	1	0.0842817611361925	0.999999792292664
ENSFCAG00000005782:RSPO2	2	9	0	0	0	4.33171127467945	0	0	0	0.0080671016305186	0.45394871889067	0.0167861965785451	1	0.3672124518844	0.791513244434225	0.486258210565596	1	0.0853947117474333	0.999999792292664
ENSFCAG00000024008:EPHA3	18	29	6	0	2	1.41421424394619	2.70372391548581	2.70372391548581	3.12726497461929	0.225841842460974	0.0519115248066295	0.116714859998593	0.143959106036979	0.805920158539335	0.791513244434225	0.839394362219701	1	0.085459978051577	0.999999792292664
ENSFCAG00000001628:PAX5	3	2	0	0	2	0.527255186949757	0	0	7.85805102040816	0.417156238945135	0.436895467680279	0.562059188844861	0.0324436754253224	0.879357517776365	0.791513244434225	0.885117123476026	1	0.091256525853958	0.999999792292664
ENSFCAG00000010710:ALPK1	9	12	1	0	4	0.8708524531502	0.840150308776484	0.840150308776484	4.96831612903226	0.737383230332833	0.864029255128448	0.940535619716469	0.0195973310380733	0.975310423918457	0.900114003602489	0.962076853871149	1	0.0920432216894502	0.999999792292664
ENSFCAG00000032144:ACTG1	2	4	0	0	2	1.74935521543286	0	0	8.19243617021277	0.419923801458138	0.612369978425335	0.614788711278437	0.030153509768243	0.881023331617517	0.791513244434225	0.90087195090874	1	0.0924664437223283	0.999999792292664
ENSFCAG00000000247:PIK3C2G	3	18	0	0	1	2.44476677825955	0	0	1.03576193678547	0.0486739955631884	0.211755699612118	0.0326659087229085	0.571966406013711	0.54039751126879	0.791513244434225	0.663658706383206	1	0.093047172844866	0.999999792292664
ENSFCAG00000013999:HDAC7	10	4	0	0	1	0.301023171973243	0	0	1.43807469654528	0.0233385835349565	0.160120433076681	0.0400965554154027	0.468449201890567	0.437166950612773	0.791513244434225	0.671273849455393	1	0.0934425186372362	0.999999792292664
ENSFCAG00000008018:REL	3	0	0	0	0	0	0	0	0	0.00620405168239846	0.354566058543437	0.0189143986831491	1	0.3672124518844	0.791513244434225	0.507958452244541	1	0.093963551480698	0.999999792292664
ENSFCAG00000008765:PAX7	1	9	1	1	0	3.53604913351705	11.085800637757	11.085800637757	0	0.0316388134159465	0.022380976934157	0.0192322799290806	1	0.516395840146774	0.791513244434225	0.507958452244541	1	0.0952221944352127	0.999999792292664
ENSFCAG00000029965:SLC34A2	5	13	0	0	1	2.59519017548247	0	0	2.12438344827586	0.0326829443703403	0.399565634793795	0.05687967876467	0.356290106711911	0.516395840146774	0.791513244434225	0.751146346039319	1	0.0992779980974507	0.999999792292664
ENSFCAG00000000449:ELF3	3	9	0	0	1	2.75760894513702	0	0	4.15142318059299	0.0551924062861943	0.445496673767769	0.0979941647213648	0.207552584664721	0.544645943351675	0.791513244434225	0.80883114102975	1	0.0995635537183588	0.999999792292664
ENSFCAG00000000479:CALR	0	0	0	1	1	0	5.36207492736799	5.36207492736799	3.68463636363636	0.11225898135781	0.218828327541273	0.0895180414811912	0.229704721837165	0.680169558754995	0.791513244434225	0.805505597848427	1	0.100433978206443	0.999999792292664
ENSFCAG00000042921:IKZF1	6	15	0	0	1	2.29844802816003	0	0	2.96188076923077	0.0464889856594158	0.37856786725002	0.0747854713977694	0.275084334693907	0.54039751126879	0.791513244434225	0.805505597848427	1	0.100471244919273	0.999999792292664
ENSFCAG00000009679:KDR	13	34	1	2	2	1.92483610763482	1.89933781137514	1.89933781137514	2.03323828382838	0.0270008728553874	0.344539374323957	0.080270882771813	0.256907379604264	0.469998530349214	0.791513244434225	0.805505597848427	1	0.100664872055887	0.999999792292664
ENSFCAG00000009182:LCP1	7	10	0	0	2	1.47885818857106	0	0	4.68139209726444	0.387767460463521	0.212263375398556	0.266917752050402	0.0776170032384429	0.85346857719667	0.791513244434225	0.885117123476026	1	0.101034059503421	0.999999792292664
ENSFCAG00000029868:SOCS2	7	1	0	0	1	0.182278461967559	0	0	3.86009523809524	0.0435531710487848	0.35419995316956	0.0962672680002374	0.220847622935175	0.54039751126879	0.791513244434225	0.807925295927226	1	0.103132257269578	0.999999792292664
ENSFCAG00000012831:ARID2	4	11	5	0	0	1.01986115174168	5.33075708737411	5.33075708737411	0	0.968162511324678	0.00949468243998919	0.0214376584096937	1	0.999855720353093	0.661783714210374	0.534750479219582	1	0.103814136771726	0.999999792292664
ENSFCAG00000009146:PARP3	4	2	0	0	2	0.459080880783347	0	0	5.71494619666048	0.305628126044385	0.309384294222123	0.392094214404378	0.0559723995920057	0.821202552407601	0.791513244434225	0.885117123476026	1	0.105763247419822	0.999999792292664
ENSFCAG00000013705:NT5C2	5	3	0	0	2	0.52896289764037	0	0	5.48106049822064	0.331661153229198	0.254236104370446	0.368068692608783	0.0600011930539971	0.821202552407601	0.791513244434225	0.885117123476026	1	0.106290263700846	0.999999792292664
ENSFCAG00000007992:EZR	2	2	2	1	0	0.649939857204086	8.35824192303168	8.35824192303168	0	0.602370137267321	0.0124706083309013	0.0223614989599842	1	0.960268466288477	0.746573752076625	0.542719623407184	1	0.107344465981988	0.999999792292664
ENSFCAG00000030278:MCL1	1	2	0	0	2	1.01348518469957	0	0	8.77594301994302	0.987909339991783	0.629272478260017	0.888804631037933	0.026698622221864	0.999855720353093	0.791513244434225	0.937455631510429	1	0.112503763688522	0.999999792292664
ENSFCAG00000011854:ALB	4	17	1	0	0	3.23712788481718	2.03225878197773	2.03225878197773	0	0.0064912520935162	0.544797568040442	0.0246131171828869	1	0.3672124518844	0.791513244434225	0.556988418755815	1	0.115791813148635	0.999999792292664
ENSFCAG00000002782:AGO2	0	6	1	0	2	2.95265457083747	5.40065200717869	5.40065200717869	3.57764924506388	0.126574760523264	0.217177637890562	0.211638992298776	0.117999817754105	0.691363930111907	0.791513244434225	0.885117123476026	1	0.117123709707405	0.999999792292664
ENSFCAG00000031869:BCORL1	2	16	0	0	2	2.57484984162187	0	0	1.72375825405708	0.0545237506218373	0.411967456227414	0.0817543270038451	0.312546986802982	0.544342454888556	0.791513244434225	0.805505597848427	1	0.11925244951897	0.999999792292664
ENSFCAG00000012737:CIC	10	12	2	0	4	0.657597242011698	2.57032187559499	2.57032187559499	2.48616303470541	0.300012168472361	0.268628052519447	0.231872447468941	0.11368686232385	0.821202552407601	0.791513244434225	0.885117123476026	1	0.122205617715592	0.999999792292664
ENSFCAG00000014806:ZMYM3	9	13	0	0	3	0.997799779107461	0	0	3.36283406113537	0.99565210504044	0.141794268211509	0.331335940146466	0.0810071681923127	0.999855720353093	0.791513244434225	0.885117123476026	1	0.123945536089641	0.999999792292664
ENSFCAG00000012280:SLX4	9	6	0	0	2	0.39210174476845	0	0	1.76727251864601	0.0545554798886081	0.189878220932526	0.088785757993035	0.30373663093001	0.544342454888556	0.791513244434225	0.805505597848427	1	0.124404343289976	0.999999792292664
ENSFCAG00000043034:FGF3	1	7	0	0	0	5.1656412982634	0	0	0	0.00890364957262335	0.708399318303495	0.0281113578216613	1	0.3672124518844	0.806694187179809	0.610610193539528	1	0.128513365925773	0.999999792292664
ENSFCAG00000014304:ASMTL	4	2	0	0	2	0.429405850811392	0	0	5.04149918166939	0.263930007983949	0.407565076815188	0.411235939960664	0.0688419174838281	0.821202552407601	0.791513244434225	0.885117123476026	1	0.129223097216031	0.999999792292664
ENSFCAG00000023614:LYN	4	15	1	0	0	3.27223716385464	1.93832121322176	1.93832121322176	0	0.00765871773317561	0.56974547391244	0.02855860593392	1	0.3672124518844	0.791513244434225	0.610610193539528	1	0.13010720993965	0.999999792292664
ENSFCAG00000001108:SETD3	2	6	0	0	2	1.73016018450975	0	0	5.11687043189369	0.374385562660378	0.409280081578017	0.427655080415926	0.0671933066645328	0.834012736660679	0.791513244434225	0.885117123476026	1	0.130735871904949	0.999999792292664
ENSFCAG00000011110:JARID2	1	12	2	0	1	3.13804818930245	6.04795645885462	6.04795645885462	1.23017412140575	0.0391314799703196	0.072304201452132	0.0559750170985406	0.517087368217436	0.537059504180511	0.791513244434225	0.750232318723723	1	0.131474913068412	0.999999792292664
ENSFCAG00000023857:LATS1	3	11	4	0	1	1.24616021011542	5.32279911115794	5.32279911115794	1.36540602836879	0.668760331694345	0.0196982576169041	0.0598634827629358	0.484425747913609	0.968763571634869	0.791513244434225	0.766468442798025	1	0.13167124367688	0.999999792292664
ENSFCAG00000029806:AFF1	4	12	0	0	3	1.2578272444728	0	0	3.68757701516361	0.633057798232161	0.279315770176233	0.446445302714131	0.0669804291681323	0.960268466288477	0.791513244434225	0.885117123476026	1	0.134856787692875	0.999999792292664
ENSFCAG00000012620:TYRO3	7	2	0	0	1	0.246762483386887	0	0	1.73053707865169	0.0402478734366635	0.212859377537823	0.0727297022872446	0.413257090297867	0.537059504180511	0.791513244434225	0.805505597848427	1	0.135393280242428	0.999999792292664
ENSFCAG00000000914:NOTCH3	6	19	2	2	1	1.62121634215819	5.52053924817491	5.52053924817491	0.662727194492255	0.227987274463764	0.0136863050453092	0.0422290835662715	0.712370947763625	0.805920158539335	0.768143870667979	0.671273849455393	1	0.135486868640622	0.999999792292664
ENSFCAG00000024086:NRG1	0	6	0	0	2	2.45652524862497	0	0	4.31422408963585	0.207169174425475	0.580890353778939	0.346474740903746	0.0883981233108436	0.798446002721358	0.791513244434225	0.885117123476026	1	0.137391340658113	0.999999792292664
ENSFCAG00000003395:RPS6KB2	1	1	0	0	2	0.438320874912539	0	0	6.18545381526104	0.43501814330814	0.534696124629888	0.633322875654449	0.0490026425616776	0.89036580161988	0.791513244434225	0.90087195090874	1	0.138806617024257	0.999999792292664
ENSFCAG00000001395:RBM10	2	12	0	0	1	2.72540754399075	0	0	1.54636345381526	0.0533070757770278	0.359665326010819	0.0699880212430556	0.446434107650419	0.544342454888556	0.791513244434225	0.805505597848427	1	0.139537055859769	0.999999792292664
ENSFCAG00000018481:EPHA7	7	24	2	1	1	2.16708438079859	2.95320808575099	2.95320808575099	1.53863936063936	0.034292125099653	0.139966850300567	0.0701938558834231	0.447938196459842	0.53093669550842	0.791513244434225	0.805505597848427	1	0.140220841289894	0.999999792292664
ENSFCAG00000024972:JUN	0	5	0	0	1	3.95451494598461	0	0	4.59754626865672	0.0632977593903283	0.792315782863255	0.166457600848011	0.19002295072837	0.559226391414629	0.847694442842611	0.885117123476026	1	0.140871565765249	0.999999792292664
ENSFCAG00000013378:ATP1A1	8	12	2	1	2	1.37993437495304	3.65243689723533	3.65243689723533	2.96473147256978	0.444674115905344	0.0821106381916382	0.206009571850448	0.155433716316687	0.895260920472063	0.791513244434225	0.885117123476026	1	0.142216322050348	0.999999792292664
ENSFCAG00000010003:TRAF3	3	2	0	0	2	0.540608806281986	0	0	5.4136309314587	0.436259412820431	0.373869176789888	0.532340291351428	0.061243270051132	0.89036580161988	0.791513244434225	0.885117123476026	1	0.144211979157824	0.999999792292664
ENSFCAG00000023627:GID4	1	0	0	0	1	0	0	0	5.15109698996656	0.0777501417676781	0.566509341445205	0.189620461775128	0.171986666039475	0.623963699037363	0.791513244434225	0.885117123476026	1	0.144245974523109	0.999999792292664
ENSFCAG00000009373:BTLA	1	8	0	0	0	4.45914258909644	0	0	0	0.0132950865006013	0.568236936562139	0.0327557190371232	1	0.38131743525019	0.791513244434225	0.663658706383206	1	0.144736965422502	0.999999792292664
ENSFCAG00000008744:SEPTIN6	3	9	2	0	1	1.97579615343621	6.99105366624139	6.99105366624139	2.28174518518519	0.198729045974316	0.0485258651913872	0.0985332406310377	0.337619580905239	0.782706488818878	0.791513244434225	0.80883114102975	1	0.146480054573907	0.999999792292664
ENSFCAG00000033716:FGF14	3	10	1	0	0	3.6704473746867	3.80500624512592	3.80500624512592	0	0.0114498314618744	0.292356402338171	0.0337433731818766	1	0.3672124518844	0.791513244434225	0.663658706383206	1	0.148098694135846	0.999999792292664
ENSFCAG00000033312:FHIT	2	1	1	0	1	0.717563582554796	5.76533411857068	5.76533411857068	10.2678533333333	0.755656697179144	0.190438289122715	0.37829038819644	0.0915404881195145	0.975310423918457	0.791513244434225	0.885117123476026	1	0.151088155505236	0.999999792292664
ENSFCAG00000003208:CHD2	4	16	3	1	2	1.79770858977123	3.89402315001729	3.89402315001729	1.78055260115607	0.189908136283655	0.0484604870574837	0.115452014173123	0.301118447622741	0.768186965687939	0.791513244434225	0.839394362219701	1	0.151544743554829	0.999999792292664
ENSFCAG00000013369:RABEP1	3	4	2	0	2	0.832844880639949	3.97697328955114	3.97697328955114	3.32292988133765	0.779278217317652	0.139296592003433	0.268901340418664	0.131735264953586	0.980100615057775	0.791513244434225	0.885117123476026	1	0.153752411624871	0.999999792292664
ENSFCAG00000010165:SPEN	11	11	0	0	2	0.455486853340256	0	0	0.837280782821419	0.0523823475634579	0.0978238308210738	0.0606005116243428	0.60559012663939	0.544342454888556	0.791513244434225	0.766468442798025	1	0.157989643173355	0.999999792292664
ENSFCAG00000015088:KLHL6	6	7	0	0	2	1.29183650243373	0	0	4.95234083601286	0.617236650658504	0.336031793809667	0.524488002374898	0.0708712121551983	0.960268466288477	0.791513244434225	0.885117123476026	1	0.159546678035791	0.999999792292664
ENSFCAG00000008083:RICTOR	3	11	0	0	3	1.34340287573077	0	0	2.66620542412002	0.564688689397482	0.19447208841086	0.293578161547581	0.127089219081928	0.946134098677855	0.791513244434225	0.885117123476026	1	0.160005743629341	0.999999792292664
ENSFCAG00000006814:LPP	2	13	1	1	0	2.84352604552606	7.52339491643882	7.52339491643882	0	0.0401556184815073	0.0443055589803685	0.0374032820998961	1	0.537059504180511	0.791513244434225	0.671273849455393	1	0.160310348202438	0.999999792292664
ENSFCAG00000044486:MNX1	0	3	1	0	1	1.86582558870211	16.7167377556048	16.7167377556048	3.71127228915663	0.463200827594289	0.0632453458500781	0.164266326809935	0.228314952312921	0.900334076146475	0.791513244434225	0.885117123476026	1	0.160642677050195	0.999999792292664
ENSFCAG00000009695:PTPN11	3	0	0	0	0	0	0	0	0	0.0137661656050657	0.366134997427097	0.0378407036014891	1	0.38131743525019	0.791513244434225	0.671273849455393	1	0.161745166014881	0.999999792292664
ENSFCAG00000023085:CRTC3	2	6	0	0	2	1.49163239631306	0	0	4.97634248788368	0.517219288584449	0.423064333096888	0.542821467938621	0.0703162303851235	0.942121965019537	0.791513244434225	0.885117123476026	1	0.162819230415444	0.999999792292664
ENSFCAG00000007999:MKNK1	3	0	0	1	0	0	2.78198530854868	2.78198530854868	0	0.0229177787849157	0.403329648179673	0.038713495735294	1	0.437166950612773	0.791513244434225	0.671273849455393	1	0.164593021415537	0.999999792292664
ENSFCAG00000004957:AKT1	1	2	0	0	2	0.953341638432869	0	0	6.40406652806653	0.956768261780378	0.56358596874322	0.846396553706543	0.0461982320778738	0.999855720353093	0.791513244434225	0.930522727882587	1	0.165854405316402	0.999999792292664
ENSFCAG00000009543:TERT	8	11	0	0	3	1.07245763523645	0	0	3.546073676132	0.870974901132962	0.282560168037782	0.538371393972935	0.0726644708298006	0.999855720353093	0.791513244434225	0.885117123476026	1	0.165914201765378	0.999999792292664
ENSFCAG00000024840:RRAS	1	0	0	0	1	0	0	0	7.03277625570776	0.134277043664136	0.65400845328149	0.302763861348001	0.129999572553192	0.691363930111907	0.792141615497652	0.885117123476026	1	0.166687128157501	0.999999792292664
ENSFCAG00000013654:PHF1	2	5	0	0	2	1.31166664065571	0	0	5.42316197183099	0.674955408668277	0.443687177121354	0.651958462742592	0.0610653873533302	0.969674797823138	0.791513244434225	0.90087195090874	1	0.16814975152175	0.999999792292664
ENSFCAG00000042373:FLI1	5	15	0	0	0	2.58818124073616	0	0	0	0.0272159505324712	0.338340261409524	0.0398453816473461	1	0.469998530349214	0.791513244434225	0.671273849455393	1	0.168257036496061	0.999999792292664
ENSFCAG00000022238:PCBP1	0	0	1	0	0	0	16.1834319850516	16.1834319850516	0	0.136998153281792	0.0655661165030238	0.0406693964921847	1	0.691363930111907	0.791513244434225	0.671273849455393	1	0.170904167020927	0.999999792292664
ENSFCAG00000027633:STAG2	2	15	0	0	0	2.58387293871119	0	0	0	0.0564109980925485	0.242778358669788	0.0423853596035909	1	0.550189115153175	0.791513244434225	0.671273849455393	1	0.176363458203901	0.999999792292664
ENSFCAG00000030589:APH1A	1	5	0	0	1	2.95546471501334	0	0	4.65310574018127	0.115680226759229	0.60191599507821	0.232136372488188	0.188044263890587	0.687952606819786	0.791513244434225	0.885117123476026	1	0.180348236170884	0.999999792292664
ENSFCAG00000012902:FANCE	4	4	0	0	2	0.696965864029995	0	0	5.10838474295191	0.564534393945234	0.436052168106318	0.651018996270642	0.0673759552994237	0.946134098677855	0.791513244434225	0.90087195090874	1	0.181008830153146	0.999999792292664
ENSFCAG00000045474:CRLF2	6	10	1	0	1	2.21057205382848	2.32446986801022	2.32446986801022	4.15142318059299	0.0892781099637889	0.474253378525893	0.21354239090842	0.207552584664721	0.649561705270626	0.791513244434225	0.885117123476026	1	0.182439242377456	0.999999792292664
ENSFCAG00000006231:PPARG	6	5	2	0	1	0.813644356178592	5.24463421350375	5.24463421350375	3.04383003952569	0.711771137445248	0.0775782268069739	0.164896879357852	0.269065033568948	0.969812592766107	0.791513244434225	0.885117123476026	1	0.182584777243029	0.999999792292664
ENSFCAG00000013299:FLT1	9	29	0	1	0	2.19187723747539	0.813494822148362	0.813494822148362	0	0.0181522144266879	0.838452261975367	0.0454583957363797	1	0.418834935122511	0.882684796311699	0.678310646043539	1	0.185968376374191	0.999999792292664
ENSFCAG00000001436:PRDM14	12	15	0	1	2	1.33303750014221	1.26345248542365	1.26345248542365	5.37583944153578	0.43500090649297	0.826861868385133	0.733995682851703	0.0619562632427286	0.89036580161988	0.873555244482176	0.904153804116364	1	0.186021642702711	0.999999792292664
ENSFCAG00000004033:CCNQ	4	0	0	0	0	0	0	0	0	0.0149491816454865	0.546807774473387	0.0460767810786814	1	0.383553289075626	0.791513244434225	0.678310646043539	1	0.187875592235866	0.999999792292664
ENSFCAG00000000053:MTOR	10	5	1	1	2	0.372530271329425	1.32837078828246	1.32837078828246	1.18886761868005	0.0487036885263776	0.71858639262332	0.101657010657708	0.457684184560245	0.54039751126879	0.806876066789581	0.80883114102975	1	0.189258329226405	0.999999792292664
ENSFCAG00000042197:CNBP	0	0	0	0	1	0	0	0	8.65268539325843	0.212396817707257	0.725404205353801	0.439017374921156	0.107407957183643	0.801879762122234	0.806876066789581	0.885117123476026	1	0.191178056410925	0.999999792292664
ENSFCAG00000035960:TLX3	1	2	1	0	1	0.965812164634838	10.6492492781878	10.6492492781878	4.54329793510324	0.968538025913951	0.0996568962435391	0.245978841896512	0.191995383368362	0.999855720353093	0.791513244434225	0.885117123476026	1	0.191400486175287	0.999999792292664
ENSFCAG00000023859:CYP19A1	7	16	1	0	0	2.66642304301225	1.79097295314098	1.79097295314098	0	0.0141821940214276	0.607902832168119	0.0492336254618543	1	0.38131743525019	0.791513244434225	0.685076528358183	1	0.197484857201064	0.999999792292664
ENSFCAG00000002574:TFE3	2	12	0	0	0	3.23342566716177	0	0	0	0.0228851330330505	0.520939562110328	0.0495358531032994	1	0.437166950612773	0.791513244434225	0.685076528358183	1	0.198393992818902	0.999999792292664
ENSFCAG00000007485:ERG	7	18	2	0	0	2.45409422059701	3.13113838046091	3.13113838046091	0	0.0207534374593613	0.196381120373216	0.0495879447029866	1	0.437166950612773	0.791513244434225	0.685076528358183	1	0.198550503746776	0.999999792292664
ENSFCAG00000006761:RUNX1	6	2	0	0	1	0.306946584422253	0	0	3.11776923076923	0.0945267575915063	0.379058414401918	0.187973306308126	0.263853902974648	0.649561705270626	0.791513244434225	0.885117123476026	1	0.198579178547539	0.999999792292664
ENSFCAG00000018164:IGF1R	9	5	1	0	2	0.42684994777375	1.18809559198325	1.18809559198325	2.25172222222222	0.0966856728046005	0.871758172488716	0.226148452229139	0.22586637121564	0.649561705270626	0.907113370677713	0.885117123476026	1	0.203008431567832	0.999999792292664
ENSFCAG00000039431:PNRC1	0	0	0	0	1	0	0	0	4.69566463414634	0.116546083844091	0.683420789901645	0.277108159641445	0.186556129770407	0.688541995342067	0.793048088998907	0.885117123476026	1	0.204839600149984	0.999999792292664
ENSFCAG00000026041:SMO	4	3	1	0	2	0.589307448893784	2.3739838060596	2.3739838060596	3.86979396984925	0.435174527126351	0.468741094265401	0.500945145571586	0.104712904794998	0.89036580161988	0.791513244434225	0.885117123476026	1	0.207083071068223	0.999999792292664
ENSFCAG00000004268:DEK	0	0	0	0	1	0	0	0	4.07454497354497	0.107441161583946	0.585825719509502	0.249981532700764	0.210903778177451	0.674700441275411	0.791513244434225	0.885117123476026	1	0.207868359495352	0.999999792292664
ENSFCAG00000038036:ZNF24	3	1	1	0	1	0.278031082179427	2.34320102787962	2.34320102787962	4.17392411924119	0.17777343400417	0.478003524927015	0.255461104772006	0.206591709008731	0.747297851445586	0.791513244434225	0.885117123476026	1	0.208027522682464	0.999999792292664
ENSFCAG00000005090:AMER1	6	18	2	0	2	1.72016109377862	2.57214664261368	2.57214664261368	2.71876081200353	0.179484022012603	0.277210006313847	0.303086603022603	0.175541679753583	0.747297851445586	0.791513244434225	0.885117123476026	1	0.209285381010342	0.999999792292664
ENSFCAG00000013232:MYH11	12	22	2	0	3	1.62210080686983	1.49134515467337	1.49134515467337	2.33242503785967	0.14738224664782	0.614319897153558	0.344127605771746	0.161513114657604	0.691386363425585	0.791513244434225	0.885117123476026	1	0.216205653379012	0.999999792292664
ENSFCAG00000006852:EPHB4	9	3	1	0	1	0.311803717437908	1.17356110120651	1.17356110120651	1.55888461538462	0.0475977503201035	0.880643680174382	0.125303309673648	0.444016483551287	0.54039751126879	0.909134991615508	0.841678425857006	1	0.216366343641767	0.999999792292664
ENSFCAG00000012383:MPEG1	10	13	1	0	2	1.42831887499804	1.70017510672587	1.70017510672587	4.29018941504178	0.368281852022483	0.635217132877409	0.629872915691992	0.0891803470782564	0.834012736660679	0.791513244434225	0.90087195090874	1	0.217910931777719	0.999999792292664
ENSFCAG00000000308:WT1	0	6	1	0	1	2.95445029293629	5.71790073716422	5.71790073716422	2.93927099236641	0.126355991973919	0.204434555141263	0.203811045746605	0.276792309519344	0.691363930111907	0.791513244434225	0.885117123476026	1	0.21860446334987	0.999999792292664
ENSFCAG00000007346:SETBP1	5	11	0	0	3	1.16513783109205	0	0	3.0140469667319	0.745190714325284	0.334823714130635	0.565981204678936	0.100706819647189	0.975310423918457	0.791513244434225	0.885117123476026	1	0.220282877899416	0.999999792292664
ENSFCAG00000022265:TP53BP1	4	23	0	0	0	2.00504049537378	0	0	0	0.0955605547030413	0.192520671908691	0.0584997922840971	1	0.649561705270626	0.791513244434225	0.761345122769843	1	0.224565029048116	0.999999792292664
ENSFCAG00000002901:PCLO	15	53	4	2	5	1.34191924123623	2.34633244171724	2.34633244171724	1.47696394322977	0.274108658463434	0.0948191073803626	0.212434568484977	0.278157654909722	0.821202552407601	0.791513244434225	0.885117123476026	1	0.226238355809019	0.999999792292664
ENSFCAG00000009655:SETDB1	9	10	0	0	2	0.743061754243469	0	0	2.38602323780015	0.490839354137533	0.131679501390495	0.288646854196964	0.209429457706767	0.928295746425206	0.791513244434225	0.885117123476026	1	0.230072232975296	0.999999792292664
ENSFCAG00000000496:PCM1	6	23	0	0	1	1.4371935549945	0	0	0.704886956521739	0.352509983174316	0.087418000514098	0.089397210058615	0.693715678923609	0.826518829294165	0.791513244434225	0.805505597848427	1	0.234443668012669	0.999999792292664
ENSFCAG00000027260:CLTC	3	6	1	1	3	0.819705979231409	2.28575592843563	2.28575592843563	2.75031785714286	0.7360059423801	0.350729272390989	0.520047877195707	0.119952646890775	0.975310423918457	0.791513244434225	0.885117123476026	1	0.235457074939876	0.999999792292664
ENSFCAG00000014246:CUL4A	1	0	1	0	0	0	2.53949969795882	2.53949969795882	0	0.040027234620624	0.453011221667366	0.0624285091843092	1	0.537059504180511	0.791513244434225	0.775097921773986	1	0.235588539607566	0.999999792292664
ENSFCAG00000010755:PRDM1	9	5	2	0	0	0.470358569045324	4.06330283213213	4.06330283213213	0	0.14249131583174	0.120463589587532	0.0635709751934835	1	0.691363930111907	0.791513244434225	0.775097921773986	1	0.238747044947374	0.999999792292664
ENSFCAG00000007459:GAB2	6	17	0	0	0	2.18783881959931	0	0	0	0.0538157880761013	0.29312913001955	0.0647488414122344	1	0.544342454888556	0.791513244434225	0.775259461175819	1	0.241981925879763	0.999999792292664
ENSFCAG00000024009:IGF1	6	4	1	0	1	1.31912075125015	3.58809052310786	3.58809052310786	7.89834871794872	0.653275045227652	0.304275896110766	0.558923791886017	0.116866543939002	0.962073393441276	0.791513244434225	0.885117123476026	1	0.243541425573309	0.999999792292664
ENSFCAG00000009998:NCOR1	0	0	0	0	0	0	0	0	0	0.0225799193076025	0.420734278317052	0.0656932659150644	1	0.437166950612773	0.791513244434225	0.776217799891156	1	0.244560187480136	0.999999792292664
ENSFCAG00000030995:AXL	3	8	1	0	2	1.72485941703725	2.12275035027026	2.12275035027026	3.57349883990719	0.318343919649546	0.525767634993242	0.555865658055192	0.118206261605033	0.821202552407601	0.791513244434225	0.885117123476026	1	0.244597039929113	0.999999792292664
ENSFCAG00000025339:DDX3X	2	5	1	0	2	1.06438164113284	2.02018272330567	2.02018272330567	4.6460874811463	0.923176840553301	0.555473428851277	0.839280475223617	0.0785659499676818	0.999855720353093	0.791513244434225	0.930522727882587	1	0.245228443721688	0.999999792292664
ENSFCAG00000029629:MTCP1	1	1	0	0	1	1.12575570809105	0	0	13.0523559322034	0.917552777583471	0.666953822856474	0.904369910756515	0.072954927636382	0.999855720353093	0.792228218154913	0.941750996419509	1	0.245335489778179	0.999999792292664
ENSFCAG00000003320:CDH11	10	20	1	0	1	1.93373991759101	1.68587482216665	1.68587482216665	1.93246925972396	0.0625696965433187	0.640225371060089	0.174235785131454	0.38199342142273	0.559226391414629	0.791513244434225	0.885117123476026	1	0.246906066892096	0.999999792292664
ENSFCAG00000001908:ASXL1	5	18	3	0	1	1.73770439680442	4.44320022351551	4.44320022351551	0.996234152652005	0.187677990846809	0.0545076188273923	0.114921037680409	0.58445796156313	0.762601066879794	0.791513244434225	0.839394362219701	1	0.248555093066293	0.999999792292664
ENSFCAG00000025587:BRCA2	4	25	0	0	1	1.80042307288905	0	0	0.456213862559242	0.157209660672163	0.17425734723016	0.0825771652752524	0.814925213195624	0.711759938978381	0.791513244434225	0.805505597848427	1	0.24889983207521	0.999999792292664
ENSFCAG00000008289:SND1	2	9	0	0	1	2.24819050022747	0	0	1.64901284796574	0.145544247923664	0.331382964110618	0.161391017489897	0.42733373183138	0.691386363425585	0.791513244434225	0.885117123476026	1	0.253395735387663	0.999999792292664
ENSFCAG00000005686:MSH3	9	7	0	0	1	0.531956552502578	0	0	1.36783126110124	0.179591117657697	0.105706167236657	0.147664910449934	0.483875799679101	0.747297851445586	0.791513244434225	0.885117123476026	1	0.259993110864715	0.999999792292664
ENSFCAG00000001593:EED	1	0	0	1	0	0	2.74207177546662	2.74207177546662	0	0.0484517301327204	0.420375141106308	0.0716574042873331	1	0.54039751126879	0.791513244434225	0.805505597848427	1	0.260536203273731	0.999999792292664
ENSFCAG00000035450:ARID5B	4	14	1	0	2	1.8515331460844	2.03066219266733	2.03066219266733	2.59071152228764	0.179440531499652	0.545205021642905	0.387135768168923	0.187558339683426	0.747297851445586	0.791513244434225	0.885117123476026	1	0.263042228383307	0.999999792292664
ENSFCAG00000003633:CSF1R	6	14	1	0	2	1.81148389911328	1.45494344036092	1.45494344036092	2.5373607907743	0.163625027945826	0.735512903909906	0.378571712560258	0.192923960940825	0.727402351957187	0.810159905089335	0.885117123476026	1	0.264155643593105	0.999999792292664
ENSFCAG00000005490:FH	0	7	0	0	0	4.25777345120949	0	0	0	0.0323292835037753	0.605666232499767	0.0745490392618895	1	0.516395840146774	0.791513244434225	0.805505597848427	1	0.268100570119493	0.999999792292664
ENSFCAG00000023839:ZFHX3	18	28	0	0	3	0.906153882087089	0	0	1.24913057583131	0.735045550286075	0.067319894727528	0.187244262031307	0.400026571749053	0.975310423918457	0.791513244434225	0.885117123476026	1	0.269017890009665	0.999999792292664
ENSFCAG00000004050:ERCC4	5	7	0	0	2	0.993126092436574	0	0	3.35916684841876	0.989505228237078	0.303946645150158	0.585322459097529	0.129640884907933	0.999855720353093	0.791513244434225	0.886447882668362	1	0.271548769104503	0.999999792292664
ENSFCAG00000022826:CDKN2A	4	0	0	0	0	0	0	0	0	0.0259559824546547	0.605947146164639	0.0764605573307916	1	0.469998530349214	0.791513244434225	0.805505597848427	1	0.273039141016078	0.999999792292664
ENSFCAG00000002012:ARID3B	8	14	0	0	1	1.65986197364471	0	0	2.64635395189003	0.210707959827601	0.346381219185236	0.256200425059927	0.300981168698407	0.801761643750786	0.791513244434225	0.885117123476026	1	0.274709947316649	0.999999792292664
ENSFCAG00000010606:CLIP1	9	5	0	0	0	0.386756259157769	0	0	0	0.0629576617235041	0.127200060986395	0.0791460095047919	1	0.559226391414629	0.791513244434225	0.805505597848427	1	0.27989676885914	0.999999792292664
ENSFCAG00000012665:MECOM	9	23	0	0	1	1.41879968340973	0	0	1.24207903225806	0.323553286952315	0.141419450630605	0.154181745144488	0.51404612700985	0.821202552407601	0.791513244434225	0.885117123476026	1	0.280177019975798	0.999999792292664
ENSFCAG00000018078:ATR	8	11	0	0	1	0.603717043619764	0	0	0.582518154311649	0.244624548957136	0.0472060151957339	0.106422215582574	0.75003493435081	0.810600903924383	0.791513244434225	0.818815817604629	1	0.281604417048837	0.999999792292664
ENSFCAG00000002747:CLTCL1	14	23	0	0	0	1.39297894952745	0	0	0	0.300423481171646	0.0720133457493815	0.0805382288519354	1	0.821202552407601	0.791513244434225	0.805505597848427	1	0.283415905055634	0.999999792292664
ENSFCAG00000030250:CMTR2	2	11	2	0	0	2.45380182526313	6.32179766087966	6.32179766087966	0	0.0907638976675639	0.0619113116949995	0.0809521151255705	1	0.649561705270626	0.791513244434225	0.805505597848427	1	0.284457432564049	0.999999792292664
ENSFCAG00000018250:LIFR	7	17	0	0	1	1.3514194241817	0	0	1.38505215827338	0.450621309636272	0.120869510438334	0.168725032339057	0.480004762991785	0.895260920472063	0.791513244434225	0.885117123476026	1	0.284549694420437	0.999999792292664
ENSFCAG00000025024:PRRX1	2	7	0	0	0	3.55791690000574	0	0	0	0.0327779096752406	0.614532865133791	0.08175031796057	1	0.516395840146774	0.791513244434225	0.805505597848427	1	0.286460110308587	0.999999792292664
ENSFCAG00000011321:INPP5D	5	14	1	0	2	1.74899930332257	1.50432229482723	1.50432229482723	2.60605414551607	0.205373236227941	0.715632922991596	0.44706359820611	0.186055850764838	0.794936060916772	0.806876066789581	0.885117123476026	1	0.290024738503346	0.999999792292664
ENSFCAG00000013063:BUB1B	4	3	0	0	1	0.377872206835738	0	0	1.44889746001881	0.144870665090679	0.166074321638104	0.178963609659145	0.46615570669041	0.691386363425585	0.791513244434225	0.885117123476026	1	0.290636391515795	0.999999792292664
ENSFCAG00000015643:AXIN1	4	7	1	0	2	1.17882066850714	2.71733071717904	2.71733071717904	3.54879723502304	0.761949684951028	0.409794583689608	0.704301673349405	0.119446095941663	0.976078198410875	0.791513244434225	0.90087195090874	1	0.292375043150553	0.999999792292664
ENSFCAG00000001740:NUTM1	9	21	2	0	2	1.31108394611314	2.52500227487127	2.52500227487127	2.71397004405286	0.454198134678305	0.278430156341907	0.487305270634787	0.175970607528926	0.895312465805616	0.791513244434225	0.885117123476026	1	0.296382820746081	0.999999792292664
ENSFCAG00000009769:NFKBIE	3	1	0	0	1	0.324529926867583	0	0	4.24291460055096	0.242632975389249	0.510000227046587	0.428032459120955	0.20369999342214	0.810600903924383	0.791513244434225	0.885117123476026	1	0.299904956740452	0.999999792292664
ENSFCAG00000013269:CSF3R	4	7	1	0	2	1.3595057846947	1.9155938504112	1.9155938504112	3.66709047619048	0.571977020340084	0.576093723456344	0.769455693932665	0.113677885072255	0.946134098677855	0.791513244434225	0.915648277709446	1	0.300587337614953	0.999999792292664
ENSFCAG00000009419:SCG5	1	4	0	0	1	1.94267710485242	0	0	5.29270790378007	0.363174136991324	0.560576057782657	0.52561019726267	0.167907989943476	0.834012736660679	0.791513244434225	0.885117123476026	1	0.302494153246693	0.999999792292664
ENSFCAG00000009952:ITK	4	11	3	0	0	2.05237382518856	4.71941610744969	4.71941610744969	0	0.136905461076232	0.0489056916316163	0.088497670458791	1	0.691363930111907	0.791513244434225	0.805505597848427	1	0.303084967744631	0.999999792292664
ENSFCAG00000029544:FAT4	13	51	3	0	0	1.81470560407625	1.91084011272112	1.91084011272112	0	0.0307998062713377	0.340354121781848	0.0906687700178859	1	0.516395840146774	0.791513244434225	0.805505597848427	1	0.308322987997429	0.999999792292664
ENSFCAG00000003112:KIT	10	21	0	0	0	1.6562682673052	0	0	0	0.150492682242578	0.155975845931634	0.0908414686230664	1	0.695076576013987	0.791513244434225	0.805505597848427	1	0.308737393937911	0.999999792292664
ENSFCAG00000028112:STAT5B	3	1	0	0	1	0.251858230048097	0	0	1.95702414231258	0.143177126051486	0.317415879966114	0.241168898583752	0.378504176375526	0.691363930111907	0.791513244434225	0.885117123476026	1	0.309796439281861	0.999999792292664
ENSFCAG00000019200:PTEN	1	2	1	1	0	0.886852659526239	8.67972743932777	8.67972743932777	0	0.891298635841122	0.0362601490119421	0.0914434000047379	1	0.999855720353093	0.791513244434225	0.805505597848427	1	0.310179220402082	0.999999792292664
ENSFCAG00000009200:IL7R	6	13	2	0	0	2.26180943229185	3.83001891857495	3.83001891857495	0	0.0598919972065353	0.139122305580985	0.0915775716583085	1	0.556720091424287	0.791513244434225	0.805505597848427	1	0.310500065319255	0.999999792292664
ENSFCAG00000013688:IL2	1	4	0	0	0	4.85733528165634	0	0	0	0.0358198224858451	0.642413373876986	0.0917079026653411	1	0.537059504180511	0.791513244434225	0.805505597848427	1	0.310811537871812	0.999999792292664
ENSFCAG00000004892:DNM2	5	2	0	0	1	0.333864205145132	0	0	1.77439861751152	0.13085276060312	0.325448126899709	0.226017237740773	0.406050215167161	0.691363930111907	0.791513244434225	0.885117123476026	1	0.310970261498867	0.999999792292664
ENSFCAG00000026440:TRIM27	3	1	0	0	1	0.28367006539971	0	0	2.99645525291829	0.185447287317856	0.459182654836186	0.340803091889804	0.272512542650026	0.760418557129838	0.791513244434225	0.885117123476026	1	0.31358803486641	0.999999792292664
ENSFCAG00000002822:SALL4	12	24	1	0	1	1.79016708139811	1.65359724528936	1.65359724528936	1.4543701605288	0.0745328927387687	0.65057067140718	0.20081919911989	0.465004141749279	0.62349719736053	0.791513244434225	0.885117123476026	1	0.314795443492438	0.999999792292664
ENSFCAG00000013696:IKBKB	4	11	0	0	0	2.22256860228051	0	0	0	0.098187332283513	0.256256403024062	0.0933848720154433	1	0.649561705270626	0.791513244434225	0.805505597848427	1	0.314802823793821	0.999999792292664
ENSFCAG00000037118:DUSP22	1	6	0	0	0	3.89154801519856	0	0	0	0.0380702222852667	0.629560833679261	0.0934946815762762	1	0.537059504180511	0.791513244434225	0.805505597848427	1	0.315063120572224	0.999999792292664
ENSFCAG00000014440:COP1	1	1	0	1	1	0.29451028721302	2.82768253370982	2.82768253370982	2.11272702331962	0.235601953893908	0.407847428043502	0.262357210232352	0.357754078658651	0.805920158539335	0.791513244434225	0.885117123476026	1	0.315926648497219	0.999999792292664
ENSFCAG00000025248:ARAF	5	10	0	0	1	1.72546615333496	0	0	2.33360303030303	0.254499451471458	0.338615720071123	0.283943586281284	0.331881650896105	0.818008465959953	0.791513244434225	0.885117123476026	1	0.316816214884202	0.999999792292664
ENSFCAG00000008675:NUP93	6	4	3	0	0	0.562027702825478	3.42933573224126	3.42933573224126	0	0.327346931391996	0.100487567451549	0.095002138085827	1	0.821202552407601	0.791513244434225	0.805505597848427	1	0.31862347957121	0.999999792292664
ENSFCAG00000015036:GATA4	2	5	1	0	1	1.55177904864405	5.52891084008849	5.52891084008849	3.46886936936937	0.497531362547359	0.199246917309802	0.395924727333927	0.241614371624455	0.932068356322089	0.791513244434225	0.885117123476026	1	0.320172310710217	0.999999792292664
ENSFCAG00000011007:MSI1	0	2	1	0	1	1.08283956216784	6.64226931026611	6.64226931026611	3.37758333333333	0.932871101130666	0.174190611878617	0.387759027222626	0.24703053601103	0.999855720353093	0.791513244434225	0.885117123476026	1	0.320470795232799	0.999999792292664
ENSFCAG00000013582:PCSK7	1	4	0	0	2	1.20213405599287	0	0	3.29802569593148	0.800220679368081	0.476293557856494	0.729636654570396	0.133203839676685	0.985705259677895	0.791513244434225	0.902758127173572	1	0.323749331262152	0.999999792292664
ENSFCAG00000003741:NUP98	8	9	0	0	1	0.571667930114301	0	0	0.847648871766648	0.217193946601915	0.0894248549340674	0.152857970541482	0.6361278657733	0.805920158539335	0.791513244434225	0.885117123476026	1	0.323858439420688	0.999999792292664
ENSFCAG00000030516:TPR	2	11	3	1	1	1.40121691800817	4.19764776824464	4.19764776824464	0.616317727090836	0.535832798084887	0.0470148943837871	0.135678177742448	0.733815084997297	0.945339592692001	0.791513244434225	0.882891330526946	1	0.329250616364323	0.999999792292664
ENSFCAG00000018794:CREB3L1	4	9	1	1	0	2.02429646645923	6.19010690788544	6.19010690788544	0	0.165943670530931	0.0592067744206246	0.100458353632406	1	0.734075941560473	0.791513244434225	0.80883114102975	1	0.331312858701683	0.999999792292664
ENSFCAG00000001254:CYP17A1	9	6	2	1	0	0.855148583849277	4.66447530151805	4.66447530151805	0	0.753923271354187	0.0429344407619863	0.100776786091354	1	0.975310423918457	0.791513244434225	0.80883114102975	1	0.332044116172277	0.999999792292664
ENSFCAG00000010727:PIGA	2	2	1	0	1	0.609626293948877	4.08075854442792	4.08075854442792	3.16909053497942	0.548307107861151	0.275333802436117	0.396628474439956	0.260353002521633	0.946134098677855	0.791513244434225	0.885117123476026	1	0.337720118819604	0.999999792292664
ENSFCAG00000024759:WRN	5	8	4	0	0	0.766268109050574	3.26767753748689	3.26767753748689	0	0.600574875001902	0.0771322062797825	0.103525114042201	1	0.960268466288477	0.791513244434225	0.815487301841196	1	0.338313969673267	0.999999792292664
ENSFCAG00000018737:PIK3CA	1	8	0	0	1	1.93707056772713	0	0	1.44076520112254	0.282379560140748	0.276505589030384	0.221498256341005	0.467877028980385	0.821202552407601	0.791513244434225	0.885117123476026	1	0.338560737181637	0.999999792292664
ENSFCAG00000036087:LMO2	2	1	0	0	1	0.356682643407638	0	0	4.3631104815864	0.302559578377077	0.592661448997057	0.527204167392384	0.198849995460332	0.821202552407601	0.791513244434225	0.885117123476026	1	0.34127543837466	0.999999792292664
ENSFCAG00000038026:NKX2-1	2	0	0	0	0	0	0	0	0	0.0384545132585534	0.585128298085299	0.10686553598444	1	0.537059504180511	0.791513244434225	0.818815817604629	1	0.345836527855388	0.999999792292664
ENSFCAG00000004858:BCOR	13	16	1	0	3	0.780002990284646	0.931117740181397	0.931117740181397	2.5626921797005	0.486041206434018	0.944264081946266	0.783110854356345	0.136649398072381	0.924713990207093	0.959218490483877	0.915648277709446	1	0.34616311413511	0.999999792292664
ENSFCAG00000043012:ANKRD11	15	14	2	0	1	0.562100580692147	1.94784429533405	1.94784429533405	0.543081100141044	0.106447802022216	0.412922066977485	0.139480823433772	0.769593638460163	0.673169902929223	0.791513244434225	0.885117123476026	1	0.34690439743045	0.999999792292664
ENSFCAG00000013972:RASGEF1A	0	6	0	0	0	3.97944869778658	0	0	0	0.0500050741922095	0.588777692732249	0.107410904821199	1	0.541018754513302	0.791513244434225	0.818815817604629	1	0.347054683637855	0.999999792292664
ENSFCAG00000028455:PRF1	6	10	1	0	1	1.7214221346312	3.22742117259071	3.22742117259071	2.77010431654676	0.242919093780942	0.339918801433831	0.372157627516709	0.290269838555018	0.810600903924383	0.791513244434225	0.885117123476026	1	0.348425559913337	0.999999792292664
ENSFCAG00000013131:EZH1	4	10	0	0	1	1.59275793919045	0	0	1.85563614457831	0.348419916985903	0.256639107869487	0.275476843605	0.393329057909015	0.826518829294165	0.791513244434225	0.885117123476026	1	0.349152571900178	0.999999792292664
ENSFCAG00000012577:MYO5A	6	17	1	0	2	1.75890257812942	0.853564904232535	0.853564904232535	1.65967456896552	0.166946485123285	0.878404322175615	0.334924554712926	0.326198808348261	0.734891880591718	0.909134991615508	0.885117123476026	1	0.351146629094135	0.999999792292664
ENSFCAG00000008606:DOT1L	7	21	0	0	0	1.81903509198793	0	0	0	0.113614068834353	0.255172279638438	0.110105940698135	1	0.680169558754995	0.791513244434225	0.830883485268281	1	0.353034029696921	0.999999792292664
ENSFCAG00000014851:MDM4	3	2	1	0	1	0.484305643200427	2.46787737414448	2.46787737414448	3.13044308943089	0.355764560525062	0.454354387198026	0.421003882643162	0.26298069774802	0.829809286627289	0.791513244434225	0.885117123476026	1	0.354378092577573	0.999999792292664
ENSFCAG00000016224:FGFR4	4	10	0	0	1	1.76769035456251	0	0	1.85340312876053	0.250479477045374	0.35057297090908	0.283698650084679	0.393668332140666	0.812023719807747	0.791513244434225	0.885117123476026	1	0.356502656665349	0.999999792292664
ENSFCAG00000031492:ESR1	8	11	0	0	1	1.41926179494209	0	0	2.58419127516779	0.416939602919078	0.289393226509454	0.368746141416204	0.306661966306429	0.879357517776365	0.791513244434225	0.885117123476026	1	0.359556832565052	0.999999792292664
ENSFCAG00000036433:POU2AF1	5	4	0	0	1	1.11168497925094	0	0	5.99291050583658	0.864767829393271	0.47916530207701	0.759364817382047	0.150279759944436	0.999855720353093	0.791513244434225	0.915648277709446	1	0.361811843455527	0.999999792292664
ENSFCAG00000012246:DNMT1	6	11	0	0	2	1.05701322846319	0	0	1.80032495616598	0.903045650862313	0.181792427416088	0.385558700643762	0.297279736695872	0.999855720353093	0.791513244434225	0.885117123476026	1	0.362899537829482	0.999999792292664
ENSFCAG00000008085:MERTK	3	10	0	0	1	1.78006340259479	0	0	1.5479175879397	0.265453342928649	0.309630527038487	0.257918296323361	0.446132651838435	0.821202552407601	0.791513244434225	0.885117123476026	1	0.363866899956091	0.999999792292664
ENSFCAG00000041774:BIRC3	3	12	1	0	0	2.6627020250635	3.43566050935666	3.43566050935666	0	0.0464173080329473	0.325174665140143	0.115067898612288	1	0.54039751126879	0.791513244434225	0.839394362219701	1	0.363871494971227	0.999999792292664
ENSFCAG00000002126:TRAF5	4	2	1	1	0	0.451706632407873	4.19716726316983	4.19716726316983	0	0.295168458079343	0.122691746340342	0.116842199640827	1	0.821202552407601	0.791513244434225	0.839394362219701	1	0.367694337300622	0.999999792292664
ENSFCAG00000033150:PTK6	2	5	0	0	1	1.81403393319224	0	0	3.4150288248337	0.358890288445919	0.489534574110212	0.479087391368366	0.24477992225385	0.834012736660679	0.791513244434225	0.885117123476026	1	0.368614101363407	0.999999792292664
ENSFCAG00000007347:MGA	6	34	1	1	1	2.01203513587618	1.50159401142314	1.50159401142314	0.494756826212657	0.0511498806589343	0.62002169719867	0.147632687777367	0.794452520030495	0.544342454888556	0.791513244434225	0.885117123476026	1	0.368648792107411	0.999999792292664
ENSFCAG00000005120:NUP214	8	16	0	0	2	1.13096444843842	0	0	2.02388699080158	0.75528191313977	0.245164955281829	0.454825109986355	0.258371284854213	0.975310423918457	0.791513244434225	0.885117123476026	1	0.369134179214852	0.999999792292664
ENSFCAG00000028952:HOXA3	5	1	0	0	0	0.177197640168848	0	0	0	0.0466061439544483	0.489311939017704	0.118147148149026	1	0.54039751126879	0.791513244434225	0.841678425857006	1	0.370488711513996	0.999999792292664
ENSFCAG00000006989:ERCC3	11	5	0	0	0	0.439004388218441	0	0	0	0.0972709252594242	0.162052992691096	0.120751939922265	1	0.649561705270626	0.791513244434225	0.841678425857006	1	0.376023584157849	0.999999792292664
ENSFCAG00000011053:PLK2	1	6	0	0	1	2.00704810639109	0	0	2.24515743440233	0.2878068458622	0.426208996649448	0.354811664462312	0.341786799236223	0.821202552407601	0.791513244434225	0.885117123476026	1	0.37711754221741	0.999999792292664
ENSFCAG00000018126:WAS	4	13	0	0	0	2.16835388049652	0	0	0	0.0953726351163938	0.342788714735128	0.122092444167426	1	0.649561705270626	0.791513244434225	0.841678425857006	1	0.378850019522699	0.999999792292664
ENSFCAG00000024456:MDM2	6	3	0	0	0	0.333776207018548	0	0	0	0.0798736109732677	0.195920734900213	0.122637534845219	1	0.634747811097296	0.791513244434225	0.841678425857006	1	0.379995117570371	0.999999792292664
ENSFCAG00000044781:ELN	4	13	1	1	0	2.16890573482259	4.26161483268933	4.26161483268933	0	0.0952617186703493	0.119334554037618	0.122879570334567	1	0.649561705270626	0.791513244434225	0.841678425857006	1	0.380502795723002	0.999999792292664
ENSFCAG00000012847:BRAF	1	12	1	0	0	3.10222159348963	2.28205259908286	2.28205259908286	0	0.0412662647978344	0.501766237509523	0.124192361798782	1	0.537059504180511	0.791513244434225	0.841678425857006	1	0.383248141528376	0.999999792292664
ENSFCAG00000009752:CRTC1	7	4	1	0	1	0.503811949413317	1.76322286203703	1.76322286203703	2.35141679389313	0.231298636010801	0.616834057207656	0.380239364922619	0.329954677650829	0.805920158539335	0.791513244434225	0.885117123476026	1	0.385889537740791	0.999999792292664
ENSFCAG00000009235:YES1	0	7	0	0	0	3.20145879635276	0	0	0	0.0881712362300135	0.438094706373087	0.125553410893635	1	0.649561705270626	0.791513244434225	0.841678425857006	1	0.386079755061251	0.999999792292664
ENSFCAG00000012483:HDAC1	1	0	0	0	0	0	0	0	0	0.0489013539237586	0.49765083723417	0.125595667110065	1	0.54039751126879	0.791513244434225	0.841678425857006	1	0.386167430615526	0.999999792292664
ENSFCAG00000004375:ERRFI1	4	9	0	0	1	1.6129114248652	0	0	3.34095010845987	0.347868098414128	0.540531954331966	0.505510619250455	0.249272451996672	0.826518829294165	0.791513244434225	0.885117123476026	1	0.38702609318547	0.999999792292664
ENSFCAG00000009081:NTRK2	7	5	0	0	1	0.581929426111678	0	0	1.83573063170441	0.315510615640957	0.210196177746997	0.318006420039359	0.396373680131463	0.821202552407601	0.791513244434225	0.885117123476026	1	0.387107914234735	0.999999792292664
ENSFCAG00000008160:FCGR2B	7	6	1	0	1	1.32238249909188	2.29784616487226	2.29784616487226	4.90502547770701	0.596020123456465	0.478178492654195	0.707643885929938	0.179564502160712	0.960268466288477	0.791513244434225	0.90087195090874	1	0.389212891536117	0.999999792292664
ENSFCAG00000006671:NFKBIA	0	2	0	0	1	1.75325393153929	0	0	4.88945396825397	0.558649518276974	0.599880419216108	0.710429434562961	0.180066484839974	0.946134098677855	0.791513244434225	0.90087195090874	1	0.390977636181836	0.999999792292664
ENSFCAG00000002588:SETD1A	4	17	0	0	1	1.73755290667674	0	0	0.90174355971897	0.212596807701526	0.301088908990092	0.208806109349094	0.616408146378398	0.801879762122234	0.791513244434225	0.885117123476026	1	0.392589964110985	0.999999792292664
ENSFCAG00000003928:NCSTN	8	5	0	0	1	0.610906293441661	0	0	2.16926478873239	0.351881849896152	0.246201290011075	0.368160293314157	0.350761479927568	0.826518829294165	0.791513244434225	0.885117123476026	1	0.393463999127218	0.999999792292664
ENSFCAG00000014002:COL2A1	12	33	0	1	2	1.23777961118363	0.517350637709842	0.517350637709842	2.07152387357095	0.492058769820042	0.482144273282301	0.522690447294487	0.251037491083051	0.928295746425206	0.791513244434225	0.885117123476026	1	0.397701709698552	0.999999792292664
ENSFCAG00000014104:MAP3K1	4	3	0	0	0	0.305491279256728	0	0	0	0.0744260356971929	0.234553271444264	0.133033073137078	1	0.62349719736053	0.791513244434225	0.87873494316213	1	0.401381735889486	0.999999792292664
ENSFCAG00000000947:NFATC2	9	19	0	0	0	1.74237180647727	0	0	0	0.130160843560762	0.260779118936635	0.133082352193819	1	0.691363930111907	0.791513244434225	0.87873494316213	1	0.401481130382927	0.999999792292664
ENSFCAG00000011083:TSHR	10	16	1	0	1	1.70026126432021	1.61506694590968	1.61506694590968	1.99763683527886	0.15707841126212	0.666100711764187	0.359739928482366	0.372868012352183	0.711759938978381	0.792228218154913	0.885117123476026	1	0.40360097355387	0.999999792292664
ENSFCAG00000002630:PPM1F	6	2	0	0	0	0.287457441251056	0	0	0	0.0762417816810778	0.266749917538858	0.135587616317946	1	0.623963699037363	0.791513244434225	0.882891330526946	1	0.406510280780638	0.999999792292664
ENSFCAG00000019287:SETD2	8	23	0	0	1	1.06896140910104	0	0	0.600693447737909	0.857018415797282	0.0800927134081385	0.183108006678766	0.741249994690086	0.999855720353093	0.791513244434225	0.885117123476026	1	0.406792329603175	0.999999792292664
ENSFCAG00000040513:TPM3	3	3	0	0	1	1.17823839785035	0	0	4.59754626865672	0.820395355038627	0.449682293713822	0.718998540862385	0.19002295072837	0.992877397337853	0.791513244434225	0.90087195090874	1	0.408581594291346	0.999999792292664
ENSFCAG00000007838:FSTL3	1	0	0	0	0	0	0	0	0	0.0493458751938093	0.661795439966586	0.137002959650142	1	0.54039751126879	0.792141615497652	0.884043784108493	1	0.409330969466777	0.999999792292664
ENSFCAG00000029278:ETV1	5	8	0	0	1	1.21927011119098	0	0	3.13681873727088	0.695804002247369	0.316543134105712	0.528562630616795	0.262543590959459	0.969812592766107	0.791513244434225	0.885117123476026	1	0.412833505824291	0.999999792292664
ENSFCAG00000012425:AFF4	7	7	1	0	1	0.457846754079777	0.881876091756535	0.881876091756535	1.28562437395659	0.11349502818132	0.903168176040713	0.276236021744442	0.503203987227573	0.680169558754995	0.924794780028005	0.885117123476026	1	0.413292160193862	0.999999792292664
ENSFCAG00000003665:EIF3E	1	4	0	0	1	1.63821787594444	0	0	3.24932067510549	0.498048258190236	0.443205557403342	0.545560993754867	0.255061023644242	0.932068356322089	0.791513244434225	0.885117123476026	1	0.413584672015633	0.999999792292664
ENSFCAG00000043468:KLF2	1	1	0	0	1	0.434925647585839	0	0	4.24291460055096	0.430449921192658	0.682465929012699	0.686429618815504	0.20369999342214	0.89036580161988	0.793048088998907	0.90087195090874	1	0.414913015261017	0.999999792292664
ENSFCAG00000025659:TFG	0	7	1	0	0	3.63931202480506	3.98258780145815	3.98258780145815	0	0.0573377852102224	0.298109240944354	0.141371907232112	1	0.550189115153175	0.791513244434225	0.885117123476026	1	0.417946424297838	0.999999792292664
ENSFCAG00000044523:SOX9	4	8	0	0	1	1.55035065448216	0	0	3.00816015625	0.403502384960921	0.492821322035659	0.52552234883864	0.271652647460806	0.866854405968676	0.791513244434225	0.885117123476026	1	0.420654342132473	0.999999792292664
ENSFCAG00000002637:SPOP	4	3	0	0	1	0.765320686635266	0	0	4.10714133333333	0.696704433701131	0.426229181381712	0.692585785038872	0.209469809215018	0.969812592766107	0.791513244434225	0.90087195090874	1	0.425144498087165	0.999999792292664
ENSFCAG00000029945:PAFAH1B2	3	0	0	0	0	0	0	0	0	0.0622411984899176	0.48167834629205	0.146529027325817	1	0.559226391414629	0.791513244434225	0.885117123476026	1	0.427942673877563	0.999999792292664
ENSFCAG00000004031:ATP2B3	10	16	1	0	2	1.46559933204747	1.46974338568397	1.46974338568397	2.07291790040377	0.308260436293915	0.725474320486201	0.585454752905272	0.250827441085156	0.821202552407601	0.806876066789581	0.886447882668362	1	0.428555149580763	0.999999792292664
ENSFCAG00000010530:DDR1	4	7	1	1	1	1.08860160927686	3.75374393632909	3.75374393632909	1.67047505422994	0.875785404299749	0.149987374726802	0.347611832916731	0.423538520259715	0.999855720353093	0.791513244434225	0.885117123476026	1	0.429281495390396	0.999999792292664
ENSFCAG00000045383:CDH1	2	8	0	0	1	1.79811977042209	0	0	1.7462335600907	0.307406909359332	0.400259955184738	0.359366073604776	0.410649609644862	0.821202552407601	0.791513244434225	0.885117123476026	1	0.429944975469241	0.999999792292664
ENSFCAG00000010549:SNCAIP	13	25	3	1	0	1.46380793538274	3.10699156481436	3.10699156481436	0	0.232340785495531	0.0723355730975681	0.147836878961993	1	0.805920158539335	0.791513244434225	0.885117123476026	1	0.430448625087564	0.999999792292664
ENSFCAG00000005081:SESN3	1	1	0	0	1	0.390395736429407	0	0	3.12409330628803	0.369582944492549	0.503686904949366	0.564778928818387	0.263417468313771	0.834012736660679	0.791513244434225	0.885117123476026	1	0.432234505011482	0.999999792292664
ENSFCAG00000009646:SMARCE1	1	0	0	0	0	0	0	0	0	0.0598094894183741	0.509656116865946	0.148792472367065	1	0.556720091424287	0.791513244434225	0.885117123476026	1	0.432272299423042	0.999999792292664
ENSFCAG00000040324:ZNF331	1	0	0	0	0	0	0	0	0	0.060135689162757	0.507049156595557	0.149189753165161	1	0.556720091424287	0.791513244434225	0.885117123476026	1	0.433028669985832	0.999999792292664
ENSFCAG00000009445:KDM6A	2	6	2	1	0	0.945261636185154	4.2385797682834	4.2385797682834	0	0.927865898031766	0.0734525300632558	0.150193439946674	1	0.999855720353093	0.791513244434225	0.885117123476026	1	0.434934851845131	0.999999792292664
ENSFCAG00000024419:MITF	3	3	0	1	1	0.693826939338925	2.7413167403834	2.7413167403834	3.06198409542744	0.604123392721801	0.409333166136703	0.561682867776186	0.267766751486805	0.960268466288477	0.791513244434225	0.885117123476026	1	0.435326306937716	0.999999792292664
ENSFCAG00000009125:ARHGAP26	8	9	0	0	1	0.990526792867894	0	0	1.99763683527886	0.983255977084435	0.181798350214492	0.404536819642961	0.372868012352183	0.999855720353093	0.791513244434225	0.885117123476026	1	0.436157036454459	0.999999792292664
ENSFCAG00000011214:UBR5	12	16	2	0	2	0.573891296325118	0.631540064403778	0.631540064403778	1.10052018578064	0.129196422715447	0.518523925762691	0.311027329840668	0.490095431785894	0.691363930111907	0.791513244434225	0.885117123476026	1	0.439164203136399	0.999999792292664
ENSFCAG00000034951:MYD88	1	2	0	0	1	1.15340406800061	0	0	4.98439482200647	0.872547149485022	0.613363007367269	0.862682745328729	0.177048596367737	0.999855720353093	0.791513244434225	0.930522727882587	1	0.439735161337696	0.999999792292664
ENSFCAG00000008054:ACVR1	3	5	0	0	1	1.34010890896333	0	0	3.0199568627451	0.63616908830042	0.371985669006703	0.564811087405609	0.27079143254602	0.960268466288477	0.791513244434225	0.885117123476026	1	0.44012817757099	0.999999792292664
ENSFCAG00000014980:PLAG1	6	14	1	0	0	2.18331864540373	3.03363765722522	3.03363765722522	0	0.0665240799482865	0.36241412728766	0.153433801788678	1	0.579986638772439	0.791513244434225	0.885117123476026	1	0.441043324938893	0.999999792292664
ENSFCAG00000006007:LZTR1	9	4	0	0	0	0.428875490687709	0	0	0	0.122123266998788	0.181583039967091	0.153943103738334	1	0.691363930111907	0.791513244434225	0.885117123476026	1	0.441997160001305	0.999999792292664
ENSFCAG00000015061:TRRAP	12	19	0	0	0	1.11219012044278	0	0	0	0.759625464127827	0.0682110383185681	0.154937148792298	1	0.975310423918457	0.791513244434225	0.885117123476026	1	0.443853986972965	0.999999792292664
ENSFCAG00000008547:EBF1	10	12	1	1	1	1.35034430316087	2.36584482233403	2.36584482233403	2.60165202702703	0.458132215747204	0.308146228608257	0.509694605214871	0.305045015148865	0.895312465805616	0.791513244434225	0.885117123476026	1	0.444864936226671	0.999999792292664
ENSFCAG00000032000:NCOA2	6	7	0	0	1	0.583417665374256	0	0	1.04702787219579	0.288771100748647	0.171752815868708	0.274691018558268	0.56849507912223	0.821202552407601	0.791513244434225	0.885117123476026	1	0.446130382443572	0.999999792292664
ENSFCAG00000022796:PGBD5	9	6	0	0	1	0.775885376083495	0	0	2.85218148148148	0.609647442033245	0.31918821475941	0.556662157104583	0.283572208555218	0.960268466288477	0.791513244434225	0.885117123476026	1	0.449265705334388	0.999999792292664
ENSFCAG00000004973:MYOD1	2	2	0	0	1	0.732384248972832	0	0	4.81305625	0.70822387774916	0.683114039245248	0.864796357746795	0.182570427263056	0.969812592766107	0.793048088998907	0.930522727882587	1	0.449325373445053	0.999999792292664
ENSFCAG00000007325:AR	4	13	1	0	1	1.86634534180582	2.20811075563239	2.20811075563239	1.70373672566372	0.180583111095426	0.50307177312706	0.378442251441214	0.417784261428042	0.747297851445586	0.791513244434225	0.885117123476026	1	0.449733114136148	0.999999792292664
ENSFCAG00000018967:PAX3	7	13	0	0	0	1.84406349557506	0	0	0	0.147638060389141	0.283186485165992	0.158772972146968	1	0.691386363425585	0.791513244434225	0.885117123476026	1	0.450959688635295	0.999999792292664
ENSFCAG00000005305:ABL2	4	7	1	0	2	0.930830178247911	1.67962126865195	1.67962126865195	2.65319207579673	0.89508204146549	0.650364300199527	0.876424616777722	0.181548726385838	0.999855720353093	0.791513244434225	0.932643745056162	1	0.45158649201968	0.999999792292664
ENSFCAG00000025791:NCOA1	5	17	1	0	2	1.49779429609745	1.15245550921343	1.15245550921343	2.06319892833222	0.34412331082303	0.895806418131002	0.63469060458672	0.252297205619185	0.826518829294165	0.919353329693303	0.90087195090874	1	0.453452436893791	0.999999792292664
ENSFCAG00000026305:PIK3CD	12	7	1	1	1	0.617994237835171	1.87132652570058	1.87132652570058	1.47385454545455	0.283759248455489	0.442528291943071	0.347611815799499	0.460948184139298	0.821202552407601	0.791513244434225	0.885117123476026	1	0.453636258444094	0.999999792292664
ENSFCAG00000041932:RUNX2	6	12	1	0	1	1.55846522609549	2.21639550758664	2.21639550758664	2.63278290598291	0.317168226261443	0.496975575995931	0.533798516759026	0.302203553913908	0.821202552407601	0.791513244434225	0.885117123476026	1	0.455618965380167	0.999999792292664
ENSFCAG00000002791:P2RY8	9	1	0	0	0	0.210685981899143	0	0	0	0.0635201469090113	0.612135511864067	0.161915511067512	1	0.559226391414629	0.791513244434225	0.885117123476026	1	0.456711943565477	0.999999792292664
ENSFCAG00000004500:LTB	1	2	0	0	1	1.04947877985084	0	0	4.920696485623	0.956502077315105	0.660980444598261	0.90504577940984	0.17906212050875	0.999855720353093	0.792141615497652	0.941750996419509	1	0.456973885318527	0.999999792292664
ENSFCAG00000007864:MAP3K6	11	5	0	1	0	0.39152452065322	0.825023852400343	0.825023852400343	0	0.0575921790917577	0.848633957269403	0.163017173079957	1	0.550189115153175	0.886737845033841	0.885117123476026	1	0.458713978892221	0.999999792292664
ENSFCAG00000007234:PTPRS	10	8	0	0	1	0.639495913370394	0	0	0.790645790554415	0.316846703315864	0.147122588087441	0.251364781287473	0.658122422885285	0.821202552407601	0.791513244434225	0.885117123476026	1	0.46307067518576	0.999999792292664
ENSFCAG00000015377:EML4	0	8	0	0	0	2.66865144072489	0	0	0	0.142351848604191	0.392416789112649	0.165734108417946	1	0.691363930111907	0.791513244434225	0.885117123476026	1	0.463619710924189	0.999999792292664
ENSFCAG00000008145:CUL3	1	2	2	0	0	0.578967897694606	4.44068934875023	4.44068934875023	0	0.527981375708451	0.126817480277572	0.166492942262777	1	0.942716823163935	0.791513244434225	0.885117123476026	1	0.464981881953657	0.999999792292664
ENSFCAG00000028024:KDSR	0	5	0	0	1	2.08533647484834	0	0	2.40277379095164	0.324392287801943	0.62744009989698	0.513209126626677	0.324520635851973	0.821202552407601	0.791513244434225	0.885117123476026	1	0.465078702154163	0.999999792292664
ENSFCAG00000035160:FNBP1	0	3	1	0	1	1.40710108605388	4.62564884335083	4.62564884335083	2.38787286821705	0.687317040432683	0.255480452889283	0.520155109485113	0.326079037908038	0.969812592766107	0.791513244434225	0.885117123476026	1	0.470544128857468	0.999999792292664
ENSFCAG00000006877:CHD4	5	12	3	1	0	1.12952899180302	3.45079221802903	3.45079221802903	0	0.792149947107155	0.0656350844881916	0.170378211230222	1	0.981802242562526	0.791513244434225	0.885117123476026	1	0.471902416700293	0.999999792292664
ENSFCAG00000002384:PDCD11	7	14	0	0	1	1.33901198110155	0	0	0.822744658119658	0.48320611606929	0.179757893483192	0.264226636225168	0.645579553491314	0.921979291926536	0.791513244434225	0.885117123476026	1	0.472258196288743	0.999999792292664
ENSFCAG00000001719:CTNNA1	5	4	0	0	1	0.624729954239082	0	0	1.65967456896552	0.437508950480382	0.231000681251683	0.403236679239219	0.425440193379212	0.890891241567762	0.791513244434225	0.885117123476026	1	0.473977600106321	0.999999792292664
ENSFCAG00000006991:SRC	4	3	0	0	1	0.600891224229399	0	0	2.26830338733432	0.452647816180465	0.33023179101248	0.506419773646335	0.339138884515515	0.895312465805616	0.791513244434225	0.885117123476026	1	0.474318686547513	0.999999792292664
ENSFCAG00000040223:TBX3	5	11	1	0	1	1.60833139491074	2.8130253522607	2.8130253522607	2.064581769437	0.30947469977488	0.393391335935206	0.473541196588007	0.363927968426649	0.821202552407601	0.791513244434225	0.885117123476026	1	0.475354018237977	0.999999792292664
ENSFCAG00000000325:POLD1	6	7	0	2	1	0.96030209878906	3.43777452784556	3.43777452784556	1.3900523465704	0.9365900361989	0.168802814610101	0.360833456364364	0.47889183506568	0.999855720353093	0.791513244434225	0.885117123476026	1	0.476171553254267	0.999999792292664
ENSFCAG00000002498:POLE	12	12	0	0	1	0.795827948959859	0	0	0.674038512035011	0.556987052738797	0.101063837856708	0.245248202136679	0.707289173821953	0.946134098677855	0.791513244434225	0.885117123476026	1	0.477331109187574	0.999999792292664
ENSFCAG00000043446:GNA12	1	1	0	0	1	0.59865102564948	0	0	4.02135248041775	0.635288125574629	0.663942031933625	0.822729103691626	0.213286232689592	0.960268466288477	0.792141615497652	0.922360468308465	1	0.480850011626782	0.999999792292664
ENSFCAG00000026102:AXIN2	8	6	0	0	1	0.63840767643536	0	0	1.82919002375297	0.371979596539239	0.32060979892407	0.443842045507778	0.397384145712751	0.834012736660679	0.791513244434225	0.885117123476026	1	0.482412197865958	0.999999792292664
ENSFCAG00000001124:MYH9	6	8	1	1	2	1.04318651304069	2.75655009112367	2.75655009112367	1.55416548940464	0.931489564406107	0.247086221993429	0.503160159923494	0.350583604819068	0.999855720353093	0.791513244434225	0.885117123476026	1	0.482453684413433	0.999999792292664
ENSFCAG00000015075:SETD7	0	2	0	0	1	1.16329411885683	0	0	4.18526630434783	0.873041938249089	0.607807191806082	0.856824845095293	0.206110704057847	0.999855720353093	0.791513244434225	0.930522727882587	1	0.482802425855092	0.999999792292664
ENSFCAG00000025666:NFE2	3	4	0	0	1	1.10734800958421	0	0	4.11812299465241	0.876740594939293	0.585532966584719	0.845514748537431	0.208991068011596	0.999855720353093	0.791513244434225	0.930522727882587	1	0.482983164654661	0.999999792292664
ENSFCAG00000040792:BBC3	2	0	0	0	0	0	0	0	0	0.0690297268494231	0.635064343076953	0.176985116702605	1	0.596045141449826	0.791513244434225	0.885117123476026	1	0.483468409088194	0.999999792292664
ENSFCAG00000004554:PIK3CG	17	14	3	0	1	0.832503356231031	2.23389165628164	2.23389165628164	1.39635358114234	0.598891534702771	0.24003507463103	0.372890519127916	0.477496323416844	0.960268466288477	0.791513244434225	0.885117123476026	1	0.485315906453955	0.999999792292664
ENSFCAG00000013481:PRDM16	15	23	1	0	2	1.19928772528158	1.22944493345651	1.22944493345651	2.35861868300153	0.564978961619689	0.84546834891048	0.842787304225339	0.212638253493132	0.946134098677855	0.886737845033841	0.930522727882587	1	0.487305262239847	0.999999792292664
ENSFCAG00000000349:BCL9	7	18	3	0	0	1.21936762718516	4.07459071631764	4.07459071631764	0	0.616803009524081	0.063763585004321	0.179363316172142	1	0.960268466288477	0.791513244434225	0.885117123476026	1	0.487570805281877	0.999999792292664
ENSFCAG00000030268:NPM1	1	0	0	0	0	0	0	0	0	0.0749862999052753	0.527199228425909	0.180030149879512	1	0.62349719736053	0.791513244434225	0.885117123476026	1	0.488715415497641	0.999999792292664
ENSFCAG00000030098:SS18	0	2	0	0	1	0.878759404529802	0	0	3.67584248210024	0.890752205904407	0.486245995887107	0.784198334678819	0.230167256336475	0.999855720353093	0.791513244434225	0.915648277709446	1	0.489514908208325	0.999999792292664
ENSFCAG00000001882:FLT4	12	13	2	0	2	0.909231977018916	1.61403451227103	1.61403451227103	2.19086486486486	0.802914944524482	0.55008936032442	0.776814117010237	0.233939579159889	0.985705259677895	0.791513244434225	0.915648277709446	1	0.491617883439704	0.999999792292664
ENSFCAG00000030336:IFNGR1	2	2	0	0	1	0.62961255390468	0	0	3.27697446808511	0.575276595714337	0.525153240598604	0.719124019624307	0.253286114047072	0.947886941195366	0.791513244434225	0.90087195090874	1	0.492327745314396	0.999999792292664
ENSFCAG00000010904:GATA1	3	4	0	0	1	1.04131118224956	0	0	3.72023671497585	0.950810652842034	0.51071205085366	0.799638520128861	0.227850972641211	0.999855720353093	0.791513244434225	0.918144573988521	1	0.492420184160186	0.999999792292664
ENSFCAG00000000790:TP63	2	9	0	0	0	2.31456880680601	0	0	0	0.131377074416483	0.410950940188088	0.184582375367647	1	0.691363930111907	0.791513244434225	0.885117123476026	1	0.496463727661254	0.999999792292664
ENSFCAG00000023537:MLLT1	1	6	0	0	1	1.75272557492618	0	0	2.21927665706052	0.392972886956997	0.546649862855559	0.539772332767231	0.344796150376349	0.857004796504732	0.791513244434225	0.885117123476026	1	0.499040980678713	0.999999792292664
ENSFCAG00000004770:PTPRT	28	27	2	2	2	0.899778367727243	1.3962637192368	1.3962637192368	2.0225581089954	0.689002811278765	0.547476400705312	0.720296281461554	0.258580294712704	0.969812592766107	0.791513244434225	0.90087195090874	1	0.499281371252102	0.999999792292664
ENSFCAG00000010866:INHBA	3	4	0	0	1	1.18555250930564	0	0	3.62394823529412	0.796154323996382	0.552986240864224	0.800268902442484	0.232934906416531	0.984774907642908	0.791513244434225	0.918144573988521	1	0.49954371643816	0.999999792292664
ENSFCAG00000039893:CHN1	7	10	0	1	1	1.51314690674323	1.17476939787858	1.17476939787858	2.85218148148148	0.36071818084604	0.88078779811302	0.658292091054375	0.283572208555218	0.834012736660679	0.909134991615508	0.90087195090874	1	0.49998495052365	0.999999792292664
ENSFCAG00000015468:EGFR	5	8	1	0	2	1.04159722481798	1.25938598127006	1.25938598127006	2.54574876033058	0.935933881022955	0.833311986646325	0.977552376937462	0.192065552086775	0.999855720353093	0.878303009399531	0.986329801474992	1	0.501795828443252	0.999999792292664
ENSFCAG00000005323:INPPL1	9	10	0	0	1	0.821726883385624	0	0	1.21753201581028	0.648797098822646	0.160510765393963	0.361336408362472	0.520354227744964	0.962073393441276	0.791513244434225	0.885117123476026	1	0.50224522145836	0.999999792292664
ENSFCAG00000030862:NR4A3	5	5	0	0	1	0.735983002288679	0	0	2.36223619631902	0.591629406007858	0.335442650220761	0.573653793599346	0.328795030236353	0.960206422901986	0.791513244434225	0.885117123476026	1	0.503232949654756	0.999999792292664
ENSFCAG00000006913:NTRK1	4	8	1	0	1	1.66413803574263	2.67754272052894	2.67754272052894	1.99763683527886	0.33199965708293	0.415916533485855	0.507933040105561	0.372868012352183	0.821202552407601	0.791513244434225	0.885117123476026	1	0.504528202716204	0.999999792292664
ENSFCAG00000005257:SMAD4	0	0	0	0	0	0	0	0	0	0.077821753109337	0.534714714670854	0.189786581779765	1	0.623963699037363	0.791513244434225	0.885117123476026	1	0.50518437909135	0.999999792292664
ENSFCAG00000045801:ZBTB7A	0	6	0	0	0	3.4745177866592	0	0	0	0.0777906096539449	0.745487741426989	0.189991726959123	1	0.623963699037363	0.813424048361404	0.885117123476026	1	0.505525189818838	0.999999792292664
ENSFCAG00000015690:PTPRC	12	31	0	1	0	1.58810077415167	0.539283911219441	0.539283911219441	0	0.135826900296147	0.512795313328113	0.190074863394173	1	0.691363930111907	0.791513244434225	0.885117123476026	1	0.505663242524245	0.999999792292664
ENSFCAG00000029143:MAPKAP1	2	3	2	0	0	0.921181881512391	5.37455230053515	5.37455230053515	0	0.91179933635367	0.0840273419734691	0.194548377915619	1	0.999855720353093	0.791513244434225	0.885117123476026	1	0.513038550310679	0.999999792292664
ENSFCAG00000005777:PARP1	3	9	1	0	1	1.88301508525201	2.24161866507698	2.24161866507698	1.57161020408163	0.232600888114034	0.498989243482349	0.448835817174668	0.441585136778172	0.805920158539335	0.791513244434225	0.885117123476026	1	0.51898121667412	0.999999792292664
ENSFCAG00000003535:DICER1	5	14	0	0	1	1.32784428813111	0	0	0.800092467532468	0.524497497425022	0.204001666442544	0.303243389081073	0.654388218189871	0.942716823163935	0.791513244434225	0.885117123476026	1	0.519368982176732	0.999999792292664
ENSFCAG00000030040:ATRX	12	20	3	0	2	0.655092845266139	0.959547350241406	0.959547350241406	1.23858303176518	0.226174534214747	0.947835649988074	0.45031885814553	0.440688161522892	0.805920158539335	0.960673153148183	0.885117123476026	1	0.519387238674483	0.999999792292664
ENSFCAG00000005630:BRSK1	7	4	0	0	0	0.423807276380888	0	0	0	0.131188718450898	0.254419200344687	0.199766502870835	1	0.691363930111907	0.791513244434225	0.885117123476026	1	0.521511646999349	0.999999792292664
ENSFCAG00000022941:IRF4	3	7	2	0	0	1.94263897290468	4.49256062060796	4.49256062060796	0	0.240620308920745	0.111790017756624	0.201424112044136	1	0.810600903924383	0.791513244434225	0.885117123476026	1	0.524174544156069	0.999999792292664
ENSFCAG00000018470:BRIP1	2	7	2	0	1	1.29870181958709	3.22558820282386	3.22558820282386	1.54947484909457	0.661444023930324	0.207864767865501	0.451934823452959	0.445830982911655	0.968763571634869	0.791513244434225	0.885117123476026	1	0.524274575951504	0.999999792292664
ENSFCAG00000029123:PICALM	0	3	0	1	1	1.1248811518527	3.99015075380733	3.99015075380733	2.15711204481793	0.889783704396804	0.29753213552248	0.574636172590783	0.352241787318851	0.999855720353093	0.791513244434225	0.885117123476026	1	0.525753259348156	0.999999792292664
ENSFCAG00000018634:STAT4	2	11	1	0	0	2.56990477266746	1.54647359447151	1.54647359447151	0	0.0748565946398601	0.706505554183637	0.202965603301128	1	0.62349719736053	0.806152462079931	0.885117123476026	1	0.5266386577415	0.999999792292664
ENSFCAG00000014712:RAD51	1	0	0	0	0	0	0	0	0	0.0889178684021946	0.514386636404961	0.203923103180209	1	0.649561705270626	0.791513244434225	0.885117123476026	1	0.528163345775317	0.999999792292664
ENSFCAG00000015033:NCOA3	7	18	1	0	2	1.21228174824504	0.911228136105844	0.911228136105844	2.18001132342534	0.62728030998025	0.928626179835315	0.867966275752288	0.235423427101751	0.960268466288477	0.946545186710684	0.930522727882587	1	0.528825148251965	0.999999792292664
ENSFCAG00000005528:NUF2	2	8	1	0	0	2.67077888766662	2.75534720925815	2.75534720925815	0	0.085736396103774	0.411675586979395	0.206145341034868	1	0.649561705270626	0.791513244434225	0.885117123476026	1	0.531684666704678	0.999999792292664
ENSFCAG00000003512:DDX5	0	1	0	0	1	0.452692830197266	0	0	2.50435447154472	0.480740445487166	0.501240088557602	0.656436036985485	0.314276152612485	0.920479573661995	0.791513244434225	0.90087195090874	1	0.531932302206495	0.999999792292664
ENSFCAG00000037922:PPP6C	1	0	0	0	0	0	0	0	0	0.0885448328976075	0.537706512440363	0.206409426361797	1	0.649561705270626	0.791513244434225	0.885117123476026	1	0.532101534256315	0.999999792292664
ENSFCAG00000022789:CCT6B	3	6	1	0	1	1.38547163080734	2.25264503704777	2.25264503704777	2.84165682656827	0.579613003527436	0.496630747128162	0.726863298106205	0.284413886081232	0.951540177637364	0.791513244434225	0.902758127173572	1	0.532607140590266	0.999999792292664
ENSFCAG00000004785:CBLC	2	3	0	0	1	1.09433089329008	0	0	3.11147070707071	0.903769857627005	0.501934338712754	0.784382552470158	0.264290002048234	0.999855720353093	0.791513244434225	0.915648277709446	1	0.53351187442754	0.999999792292664
ENSFCAG00000011521:TFEB	0	4	1	0	0	2.26048695670161	10.5988690160823	10.5988690160823	0	0.299984960608898	0.104729283806485	0.207376086851401	1	0.821202552407601	0.791513244434225	0.885117123476026	1	0.533624561617145	0.999999792292664
ENSFCAG00000042984:EXT1	4	6	0	0	1	1.08452270768007	0	0	2.06181793842035	0.885842553475643	0.30715320882227	0.570236740751503	0.364288734741864	0.999855720353093	0.791513244434225	0.885117123476026	1	0.534182333376095	0.999999792292664
ENSFCAG00000019223:ARID4A	2	9	0	0	1	1.31044608268071	0	0	1.20420484753714	0.633394208278529	0.253367739387329	0.398048599366759	0.52384037770434	0.960268466288477	0.791513244434225	0.885117123476026	1	0.535411522647446	0.999999792292664
ENSFCAG00000000639:RELN	17	45	4	1	1	1.53493907994475	1.5321546989657	1.5321546989657	0.445009534816527	0.104694804146806	0.414928118042486	0.255311446592131	0.820972228613522	0.669279520029251	0.791513244434225	0.885117123476026	1	0.53711702341185	0.999999792292664
ENSFCAG00000043897:RANBP2	4	17	0	0	0	1.22779010453109	0	0	0	0.650417111090792	0.122993389573387	0.209729684884014	1	0.962073393441276	0.791513244434225	0.885117123476026	1	0.537313986406984	0.999999792292664
ENSFCAG00000013445:EPCAM	0	4	0	0	0	3.68733806502762	0	0	0	0.0983746012436583	0.642242864950655	0.209903213515103	1	0.649561705270626	0.791513244434225	0.885117123476026	1	0.537584955218571	0.999999792292664
ENSFCAG00000029740:SHOC2	1	2	0	0	1	0.631423219767875	0	0	2.64181475128645	0.59632819559125	0.468047931423908	0.696488373708656	0.301388939037873	0.960268466288477	0.791513244434225	0.90087195090874	1	0.537601625229738	0.999999792292664
ENSFCAG00000001531:NSD1	9	11	0	1	1	0.50815411181893	0.610467003486711	0.610467003486711	0.570014063656551	0.110285055510788	0.611652355149886	0.277832827695765	0.756163173851791	0.678328629100601	0.791513244434225	0.885117123476026	1	0.537871711813118	0.999999792292664
ENSFCAG00000027154:BCL11A	7	7	0	0	1	0.671582174582607	0	0	1.84231818181818	0.420188758491975	0.398855626904978	0.536494192781992	0.395361014236265	0.881023331617517	0.791513244434225	0.885117123476026	1	0.541016704940268	0.999999792292664
ENSFCAG00000029975:AFF3	16	31	1	0	1	1.36802567728085	0.595225572326495	0.595225572326495	1.23017412140575	0.280193224194077	0.584296071738899	0.410750815082372	0.517087368217436	0.821202552407601	0.791513244434225	0.885117123476026	1	0.541458713409902	0.999999792292664
ENSFCAG00000029985:KAT6A	6	13	0	0	1	0.877637172623003	0	0	0.765115747640338	0.767853893499398	0.131164486408109	0.320027068099682	0.668396321897893	0.979382707401389	0.791513244434225	0.885117123476026	1	0.543794141626775	0.999999792292664
ENSFCAG00000014850:PIK3C2B	10	8	0	0	0	0.614256097147519	0	0	0	0.274871395740909	0.129665654478651	0.214289085650015	1	0.821202552407601	0.791513244434225	0.885117123476026	1	0.544386273577858	0.999999792292664
ENSFCAG00000009909:ETV4	0	6	0	0	0	3.09727802864844	0	0	0	0.110248730028977	0.6025952574207	0.215226801106563	1	0.678328629100601	0.791513244434225	0.885117123476026	1	0.545828709244183	0.999999792292664
ENSFCAG00000026205:ZBTB16	9	14	0	0	0	1.70077377685046	0	0	0	0.18023544968247	0.322987987115462	0.215656621414962	1	0.747297851445586	0.791513244434225	0.885117123476026	1	0.546488511378787	0.999999792292664
ENSFCAG00000008901:BACH2	10	8	1	0	1	0.659151400743744	1.62238988569819	1.62238988569819	1.83136504161712	0.351012763380136	0.663338547394945	0.54354316413955	0.397047567968582	0.826518829294165	0.792141615497652	0.885117123476026	1	0.546727570208044	0.999999792292664
ENSFCAG00000027549:NCOA4	1	2	0	0	1	0.716112958520356	0	0	2.5084332247557	0.701597487085508	0.420758775075424	0.695768478242711	0.313878119630061	0.969812592766107	0.791513244434225	0.90087195090874	1	0.550659127294571	0.999999792292664
ENSFCAG00000026268:INPP4B	6	7	3	0	0	0.822403111020389	3.13467690157481	3.13467690157481	0	0.700445144196618	0.124533767064651	0.218748419279537	1	0.969812592766107	0.791513244434225	0.885117123476026	1	0.551209481206209	0.999999792292664
ENSFCAG00000008898:CD22	9	19	2	0	0	1.86863585905492	1.84048935932947	1.84048935932947	0	0.0879786466159931	0.458698529986364	0.219075931054004	1	0.649561705270626	0.791513244434225	0.885117123476026	1	0.551706999348083	0.999999792292664
ENSFCAG00000028493:DIS3	3	6	0	0	1	0.951478644346029	0	0	1.60602502606882	0.932666525859693	0.24488240660447	0.504814700609332	0.435136855809175	0.999855720353093	0.791513244434225	0.885117123476026	1	0.552598311815001	0.999999792292664
ENSFCAG00000040498:YY1	1	2	0	0	1	0.773549867422459	0	0	3.19539004149378	0.768891769173696	0.610936071360645	0.851164626110323	0.258594447198987	0.979382707401389	0.791513244434225	0.930522727882587	1	0.553269248217634	0.999999792292664
ENSFCAG00000024678:TET3	10	21	1	0	2	1.34575038833549	1.22926110044745	1.22926110044745	1.71703232998885	0.399998922078698	0.846992259405413	0.701431227574172	0.313941219980478	0.863459211602573	0.886737845033841	0.90087195090874	1	0.553423206737284	0.999999792292664
ENSFCAG00000015145:CAD	8	11	0	0	1	0.920100152672313	0	0	0.684219458018658	0.846771160640799	0.1281189742013	0.313663266105878	0.702763438373871	0.999855720353093	0.791513244434225	0.885117123476026	1	0.553760382310276	0.999999792292664
ENSFCAG00000003659:DNMT3A	7	5	0	0	0	0.487159379362684	0	0	0	0.180290765031483	0.201078109742373	0.220637858018171	1	0.747297851445586	0.791513244434225	0.885117123476026	1	0.554072975897418	0.999999792292664
ENSFCAG00000044117:FANCG	1	2	0	0	1	0.744598379575731	0	0	2.45642424242424	0.735404814758413	0.4075480242835	0.691617395860519	0.319029254123881	0.975310423918457	0.791513244434225	0.90087195090874	1	0.554085555122936	0.999999792292664
ENSFCAG00000009924:IL21R	5	6	1	0	1	1.09357928660218	2.29848864758328	2.29848864758328	2.85747309833024	0.870252363336549	0.481411447692503	0.779870851870679	0.283150887908441	0.999855720353093	0.791513244434225	0.915648277709446	1	0.554349857570971	0.999999792292664
ENSFCAG00000014340:KDM5A	4	9	0	0	1	0.984271664459819	0	0	0.915682520808561	0.975367269506814	0.162708347520301	0.364952945858629	0.611500622006664	0.999855720353093	0.791513244434225	0.885117123476026	1	0.557883586869916	0.999999792292664
ENSFCAG00000045245:PHF6	1	6	0	0	0	2.7132373490789	0	0	0	0.126867690630581	0.530153979439363	0.224274012263836	1	0.691363930111907	0.791513244434225	0.885117123476026	1	0.559538251625678	0.999999792292664
ENSFCAG00000022073:DTX1	1	7	1	0	0	2.36600497279316	6.01829878846317	6.01829878846317	0	0.171463318785139	0.1861055483304	0.224742636588467	1	0.747297851445586	0.791513244434225	0.885117123476026	1	0.56023830263997	0.999999792292664
ENSFCAG00000005552:KAT6B	4	16	1	0	2	1.55925916353468	1.34741322200107	1.34741322200107	1.49242054263566	0.324385590150424	0.788865174047575	0.615326791590578	0.366058325531836	0.821202552407601	0.845347167416136	0.90087195090874	1	0.560988407186142	0.999999792292664
ENSFCAG00000002222:MUTYH	0	0	0	0	0	0	0	0	0	0.100620419141353	0.492683829973056	0.225455227313924	1	0.659207676945736	0.791513244434225	0.885117123476026	1	0.561300929112757	0.999999792292664
ENSFCAG00000024512:ZNF521	22	25	1	1	2	0.856877701844186	1.04684154206291	1.04684154206291	1.97585375240539	0.5869119324682	0.950679766998812	0.85007379550645	0.266084174288504	0.958267118829897	0.962469482260353	0.930522727882587	1	0.562396035036385	0.999999792292664
ENSFCAG00000045851:SOX17	1	7	0	0	0	2.82736200297264	0	0	0	0.0978823494272938	0.716479889056438	0.226364084086943	1	0.649561705270626	0.806876066789581	0.885117123476026	1	0.562652963341214	0.999999792292664
ENSFCAG00000010626:SMG1	5	12	1	0	4	0.998472117522714	0.710348512997589	0.710348512997589	1.68325464480874	0.997371993194986	0.737083120777268	0.940428329371443	0.240934994657009	0.999855720353093	0.810159905089335	0.962076853871149	1	0.562976736987965	0.999999792292664
ENSFCAG00000008459:PMS2	3	8	0	0	1	1.32338818116714	0	0	1.66685930735931	0.609264911730774	0.363654779921037	0.536863248307778	0.424173317800973	0.960268466288477	0.791513244434225	0.885117123476026	1	0.564667808930642	0.999999792292664
ENSFCAG00000024268:CD36	3	5	1	1	0	1.27856229066178	5.19230150532147	5.19230150532147	0	0.691026790922779	0.0855609469441987	0.228085690042097	1	0.969812592766107	0.791513244434225	0.885117123476026	1	0.565204069090883	0.999999792292664
ENSFCAG00000013146:BRCA1	3	14	0	0	0	1.58240500086084	0	0	0	0.345427087929618	0.227289742776972	0.228860983909623	1	0.826518829294165	0.791513244434225	0.885117123476026	1	0.566348663526055	0.999999792292664
ENSFCAG00000024874:SOS1	5	6	0	0	0	0.522955782771023	0	0	0	0.233896699255301	0.150798765004865	0.228919851988644	1	0.805920158539335	0.791513244434225	0.885117123476026	1	0.5664354652101	0.999999792292664
ENSFCAG00000023350:FYN	4	11	0	1	0	2.28363441163764	1.81343591218782	1.81343591218782	0	0.0872202472851168	0.606274592962447	0.22895675026009	1	0.649561705270626	0.791513244434225	0.885117123476026	1	0.566489864432802	0.999999792292664
ENSFCAG00000038251:MAP2K4	0	0	0	0	0	0	0	0	0	0.098092982083264	0.557481931169381	0.229811650926778	1	0.649561705270626	0.791513244434225	0.885117123476026	1	0.567748583865223	0.999999792292664
ENSFCAG00000022046:SDC4	2	0	0	0	0	0	0	0	0	0.0955993499273919	0.640420901621897	0.230046202404707	1	0.649561705270626	0.791513244434225	0.885117123476026	1	0.568093371037253	0.999999792292664
ENSFCAG00000011205:PTCH1	9	11	1	0	2	0.873221103997165	1.02004800124226	1.02004800124226	2.12145730027548	0.747482701672571	0.984848532597422	0.946052162189038	0.243669698534424	0.975310423918457	0.988434853148645	0.963214106174327	1	0.568795346615748	0.999999792292664
ENSFCAG00000015191:PER1	9	11	0	0	1	0.765559585060284	0	0	1.12094468704512	0.526010585381954	0.223890480042429	0.424843476267618	0.54664850866069	0.942716823163935	0.791513244434225	0.885117123476026	1	0.571306751664268	0.999999792292664
ENSFCAG00000010809:GABRA6	14	14	2	1	0	1.31933572960269	3.25849259918802	3.25849259918802	0	0.44770901488364	0.100919763239316	0.233366025800998	1	0.895260920472063	0.791513244434225	0.885117123476026	1	0.572947928915551	0.999999792292664
ENSFCAG00000000945:RNF213	22	31	1	0	4	1.12400349066206	0.456302579471453	0.456302579471453	1.16812893439515	0.664564441310306	0.383330011385981	0.568000497150116	0.410897471822581	0.968763571634869	0.791513244434225	0.885117123476026	1	0.572982767506783	0.999999792292664
ENSFCAG00000023514:TCF3	6	3	0	0	0	0.403498924083386	0	0	0	0.15093533666228	0.283133002043825	0.233578940947063	1	0.695076576013987	0.791513244434225	0.885117123476026	1	0.573257654680967	0.999999792292664
ENSFCAG00000013448:MSH2	3	5	0	0	1	0.899134662656514	0	0	1.64724919786096	0.862898688270409	0.271541149627763	0.546358867229392	0.427648533708155	0.999855720353093	0.791513244434225	0.885117123476026	1	0.573360353002475	0.999999792292664
ENSFCAG00000010312:BARD1	1	5	0	1	1	1.36016722202784	3.33931632234611	3.33931632234611	1.98989405684755	0.655021198365918	0.345322834381124	0.625581803583945	0.373929831337273	0.962698913473967	0.791513244434225	0.90087195090874	1	0.573758758653512	0.999999792292664
ENSFCAG00000007271:FLYWCH1	6	6	1	0	1	0.944004914891502	2.51907764700411	2.51907764700411	2.38787286821705	0.91366162094897	0.437800740638562	0.719616715337136	0.326079037908038	0.999855720353093	0.791513244434225	0.90087195090874	1	0.574815566878614	0.999999792292664
ENSFCAG00000003177:SH2B3	2	4	0	0	1	1.06168876178207	0	0	2.66006563039724	0.930394603007091	0.496381007683386	0.783240080716009	0.299756002621931	0.999855720353093	0.791513244434225	0.915648277709446	1	0.575002521306346	0.999999792292664
ENSFCAG00000013540:ARHGEF28	11	14	2	0	2	0.792905041739456	1.11051382252141	1.11051382252141	1.80454364381957	0.543146852095703	0.891343160164894	0.793888361325921	0.296469771438946	0.946134098677855	0.916868451120361	0.918144573988521	1	0.575846603598664	0.999999792292664
ENSFCAG00000030594:HOXD11	2	5	1	0	0	1.78988008801503	8.991239575214	8.991239575214	0	0.369702397806508	0.117086471775761	0.235903168594341	1	0.834012736660679	0.791513244434225	0.885117123476026	1	0.576626102846289	0.999999792292664
ENSFCAG00000033222:TUSC3	0	5	0	0	0	2.959837905031	0	0	0	0.14320010133721	0.524474194424068	0.237565673505381	1	0.691363930111907	0.791513244434225	0.885117123476026	1	0.579021470524464	0.999999792292664
ENSFCAG00000032199:EGR1	2	3	0	0	1	0.75064115644041	0	0	2.83120955882353	0.697159262915079	0.623682784278256	0.832992095790212	0.285254280591024	0.969812592766107	0.791513244434225	0.929225965241753	1	0.579091732069465	0.999999792292664
ENSFCAG00000002273:KSR2	12	18	1	1	1	1.33666179106425	2.0433492419797	2.0433492419797	1.62124	0.408727200739253	0.386390916526519	0.55060018953782	0.432343722437499	0.871819421060459	0.791513244434225	0.885117123476026	1	0.57971500310649	0.999999792292664
ENSFCAG00000001078:POU5F1	2	7	0	0	0	2.44809112285692	0	0	0	0.130781238806632	0.541383877847327	0.238270411014542	1	0.691363930111907	0.791513244434225	0.885117123476026	1	0.580033353352673	0.999999792292664
ENSFCAG00000024269:KIF5B	2	4	0	0	1	0.777779050529405	0	0	1.59769502074689	0.713232049724607	0.277424650841755	0.545650977980467	0.436680890823891	0.969812592766107	0.791513244434225	0.885117123476026	1	0.580040444908059	0.999999792292664
ENSFCAG00000041539:MYC	1	7	0	0	0	2.72088419213117	0	0	0	0.111103456472681	0.664234561770302	0.238766734200574	1	0.678713632057602	0.792141615497652	0.885117123476026	1	0.580744737484536	0.999999792292664
ENSFCAG00000028989:CD70	2	0	0	0	0	0	0	0	0	0.0969677971977752	0.701475310745634	0.238874840684554	1	0.649561705270626	0.804272322122396	0.885117123476026	1	0.580899550494955	0.999999792292664
ENSFCAG00000025542:HEY1	0	1	1	0	0	0.649255801851067	9.27562281242927	9.27562281242927	0	0.706104630033355	0.121235956621898	0.239502008113285	1	0.969812592766107	0.791513244434225	0.885117123476026	1	0.581796715971242	0.999999792292664
ENSFCAG00000001845:GAS7	0	0	0	0	0	0	0	0	0	0.105087318846464	0.542947324078072	0.240308400676001	1	0.669279520029251	0.791513244434225	0.885117123476026	1	0.582947850939398	0.999999792292664
ENSFCAG00000027456:RHOA	2	0	0	0	0	0	0	0	0	0.101303629641995	0.636719147257732	0.24030848115491	1	0.659207676945736	0.791513244434225	0.885117123476026	1	0.582947965688802	0.999999792292664
ENSFCAG00000006633:CLP1	2	3	0	0	1	0.723068596939326	0	0	2.42547716535433	0.659720159052817	0.514756366940141	0.753377966660969	0.322174250978138	0.968020756257238	0.791513244434225	0.915648277709446	1	0.586372885233102	0.999999792292664
ENSFCAG00000009719:PTK7	3	9	0	0	0	1.90943251359346	0	0	0	0.222393184628481	0.339660590138532	0.245992072798166	1	0.805920158539335	0.791513244434225	0.885117123476026	1	0.59098512336645	0.999999792292664
ENSFCAG00000025491:ELP2	0	5	2	0	0	2.18959960388698	5.00626994280275	5.00626994280275	0	0.292747660145866	0.113724892553643	0.246858833471014	1	0.821202552407601	0.791513244434225	0.885117123476026	1	0.592199191806231	0.999999792292664
ENSFCAG00000003644:ARNT	2	11	1	0	0	2.41611319745878	2.09450400579093	2.09450400579093	0	0.0966548098099348	0.53698364735762	0.246972269244491	1	0.649561705270626	0.791513244434225	0.885117123476026	1	0.59235785543296	0.999999792292664
ENSFCAG00000009029:TOP1	0	6	0	0	0	2.52831252683905	0	0	0	0.192563683224915	0.434588788632788	0.248226298559113	1	0.771974051499882	0.791513244434225	0.885117123476026	1	0.594108411007295	0.999999792292664
ENSFCAG00000001568:SMARCA2	3	9	0	0	1	1.31754533819787	0	0	0.977890793650794	0.605682745075921	0.273005009806931	0.423070920794167	0.590424567283655	0.960268466288477	0.791513244434225	0.885117123476026	1	0.596284412859383	0.999999792292664
ENSFCAG00000010119:SNX29	6	11	0	0	0	1.59924033501728	0	0	0	0.300313938853636	0.251143056450615	0.250369149170319	1	0.821202552407601	0.791513244434225	0.885117123476026	1	0.597085067285024	0.999999792292664
ENSFCAG00000046322:IRF8	3	8	1	0	0	2.28876081788365	3.30520467496176	3.30520467496176	0	0.129436458983331	0.338440548447249	0.250569631834704	1	0.691363930111907	0.791513244434225	0.885117123476026	1	0.597362619211814	0.999999792292664
ENSFCAG00000008506:CYLD	3	6	0	0	1	0.939752362700361	0	0	1.56681383519837	0.915943661547929	0.287479836676849	0.566689245746521	0.442498506013891	0.999855720353093	0.791513244434225	0.885117123476026	1	0.597624836745546	0.999999792292664
ENSFCAG00000001953:JAK1	9	7	0	0	0	0.607531642839438	0	0	0	0.290509988912024	0.156597579041099	0.250835184680913	1	0.821202552407601	0.791513244434225	0.885117123476026	1	0.597730008577642	0.999999792292664
ENSFCAG00000034298:CUX1	12	13	0	0	0	0.758192655244791	0	0	0	0.467668603147561	0.113005634900296	0.251355269397649	1	0.901675716588566	0.791513244434225	0.885117123476026	1	0.598448725713645	0.999999792292664
ENSFCAG00000009163:DDR2	9	10	2	0	1	0.957279645464129	2.17762822686967	2.17762822686967	1.77644521337947	0.919423428320977	0.354100650184437	0.621354143526514	0.405719906927307	0.999855720353093	0.791513244434225	0.90087195090874	1	0.599470150291903	0.999999792292664
ENSFCAG00000030096:ARID4B	2	4	0	0	1	0.591352037091649	0	0	1.17302208682407	0.442967899427206	0.285612597081421	0.476401675000366	0.532170867005756	0.895260920472063	0.791513244434225	0.885117123476026	1	0.601438414052498	0.999999792292664
ENSFCAG00000006532:GTSE1	4	13	0	0	0	1.83838552170874	0	0	0	0.191566764202397	0.399890709758369	0.254556995259829	1	0.771421319523553	0.791513244434225	0.885117123476026	1	0.602849644776329	0.999999792292664
ENSFCAG00000001819:LRRK2	6	25	2	0	0	1.85577996139125	1.32131460470594	1.32131460470594	0	0.10237015773054	0.730448448025543	0.258205163179331	1	0.661355407496583	0.806883814712473	0.885117123476026	1	0.607815161707657	0.999999792292664
ENSFCAG00000018385:FGFR3	2	5	0	0	1	1.34367825233406	0	0	1.91089081885856	0.64797201615515	0.477897008002608	0.67131877919225	0.385112031984191	0.962073393441276	0.791513244434225	0.90087195090874	1	0.608258762696235	0.999999792292664
ENSFCAG00000025193:USP8	1	9	0	1	1	1.88981179701944	2.18466071821397	2.18466071821397	1.37885228290063	0.290060084308578	0.522777054695086	0.539626806212585	0.481391588447083	0.821202552407601	0.791513244434225	0.885117123476026	1	0.609931653385023	0.999999792292664
ENSFCAG00000051264:WDR90	8	9	0	0	1	0.806647235451813	0	0	0.832978907517577	0.635063939875735	0.190430080762334	0.406267698740429	0.641666262711583	0.960268466288477	0.791513244434225	0.885117123476026	1	0.611165396609477	0.999999792292664
ENSFCAG00000028208:RBM15	3	5	0	0	1	0.696855889658896	0	0	1.58617713697219	0.557543250526136	0.365075685810288	0.594981089221449	0.438833349340181	0.946134098677855	0.791513244434225	0.889006685725227	1	0.611715308017903	0.999999792292664
ENSFCAG00000006810:BCL6	5	7	0	0	1	1.08426181182815	0	0	2.064581769437	0.87748007466114	0.439267732146109	0.722233106760849	0.363927968426649	0.999855720353093	0.791513244434225	0.902038010947486	1	0.614050488441232	0.999999792292664
ENSFCAG00000038609:FCRL4	8	12	0	0	0	1.54269673352114	0	0	0	0.303778438852958	0.256229261727172	0.264002164631609	1	0.821202552407601	0.791513244434225	0.885117123476026	1	0.615599713281527	0.999999792292664
ENSFCAG00000046742:TLX1	1	6	0	0	0	2.66071807846416	0	0	0	0.13449343323086	0.61320084213756	0.264123645173646	1	0.691363930111907	0.791513244434225	0.885117123476026	1	0.615761472876261	0.999999792292664
ENSFCAG00000003009:IRS1	3	7	1	0	1	1.01278042487105	4.23881986131614	4.23881986131614	1.24710769230769	0.982154209902216	0.26090731423487	0.520583254189557	0.51277160663141	0.999855720353093	0.791513244434225	0.885117123476026	1	0.619496442143555	0.999999792292664
ENSFCAG00000009739:ELL	5	6	0	1	1	1.04811691733229	1.93042262126535	1.93042262126535	2.5084332247557	0.931554872588687	0.56960586638497	0.85054214058025	0.313878119630061	0.999855720353093	0.791513244434225	0.930522727882587	1	0.619531118096634	0.999999792292664
ENSFCAG00000001242:NFKB2	3	4	0	0	1	0.780441225208109	0	0	1.67047505422994	0.703726215169792	0.358355992017791	0.633442278984375	0.423538520259715	0.969812592766107	0.791513244434225	0.90087195090874	1	0.62127193326359	0.999999792292664
ENSFCAG00000040786:LASP1	1	0	0	0	0	0	0	0	0	0.119238259791115	0.597001178529073	0.268831964445449	1	0.691363930111907	0.791513244434225	0.885117123476026	1	0.621988118379413	0.999999792292664
ENSFCAG00000007112:TSC1	0	5	0	0	1	1.74782789995434	0	0	1.38629882988299	0.456291501164104	0.51541174919047	0.560566660163668	0.479726820466715	0.895312465805616	0.791513244434225	0.885117123476026	1	0.622102258335216	0.999999792292664
ENSFCAG00000045414:TAL1	4	9	0	0	0	2.07817629165534	0	0	0	0.150768461682171	0.536926564020621	0.27087194832509	1	0.695076576013987	0.791513244434225	0.885117123476026	1	0.624660260952516	0.999999792292664
ENSFCAG00000011374:PRKDC	14	33	2	0	3	1.19741156350187	0.658773452189447	0.658773452189447	1.12449111706011	0.545856764571711	0.556014998706884	0.602640640413867	0.449594279593899	0.946134098677855	0.791513244434225	0.895978965383531	1	0.624754077414067	0.999999792292664
ENSFCAG00000042862:SFPQ	0	4	0	0	1	1.20722087471079	0	0	2.19398575498575	0.812706196463499	0.533056230427004	0.779053908374252	0.347787667348123	0.98843288080686	0.791513244434225	0.915648277709446	1	0.624756110544639	0.999999792292664
ENSFCAG00000019293:CENPA	0	3	0	0	0	3.77166931512072	0	0	0	0.125175262780216	0.705033679166442	0.27398588954552	1	0.691363930111907	0.806152462079931	0.885117123476026	1	0.628709577149651	0.999999792292664
ENSFCAG00000012942:PALB2	3	13	1	1	0	1.80237748762208	3.54618917992928	3.54618917992928	0	0.229142483972838	0.170484495315293	0.274741228318859	1	0.805920158539335	0.791513244434225	0.885117123476026	1	0.629686457926134	0.999999792292664
ENSFCAG00000041416:IRS2	2	9	1	0	0	1.57278645220387	8.1571534499284	8.1571534499284	0	0.420889765327299	0.130361900225526	0.277252005815041	1	0.881023331617517	0.791513244434225	0.885117123476026	1	0.632918757849189	0.999999792292664
ENSFCAG00000028515:RARA	0	0	0	0	0	0	0	0	0	0.118466585894559	0.658296274396568	0.278034627200743	1	0.691363930111907	0.792141615497652	0.885117123476026	1	0.633921623257294	0.999999792292664
ENSFCAG00000003470:CTNNB1	1	7	0	0	0	2.18464837681503	0	0	0	0.215445967192037	0.423055686950028	0.278408865858879	1	0.802782068624271	0.791513244434225	0.885117123476026	1	0.634400400585513	0.999999792292664
ENSFCAG00000012999:RET	10	17	0	1	1	1.47242120787348	1.05586968229551	1.05586968229551	1.35221949078139	0.295137543619398	0.958591714495644	0.57157639523685	0.487436906435862	0.821202552407601	0.968296242538907	0.885117123476026	1	0.634654226566921	0.999999792292664
ENSFCAG00000003444:RAD54L	0	2	0	0	1	0.95560185950613	0	0	2.0590614973262	0.96156178259946	0.46768216833951	0.766772008063727	0.364649235512529	0.999855720353093	0.791513244434225	0.915648277709446	1	0.635924519238131	0.999999792292664
ENSFCAG00000027039:LEF1	2	8	0	0	0	2.18188837783133	0	0	0	0.173207808586823	0.502980108604939	0.279821844407845	1	0.747297851445586	0.791513244434225	0.885117123476026	1	0.63620354658429	0.999999792292664
ENSFCAG00000011595:MEF2C	1	7	1	0	0	2.33317420117475	4.50735950060404	4.50735950060404	0	0.178642970578253	0.253252961631898	0.280012072734016	1	0.747297851445586	0.791513244434225	0.885117123476026	1	0.636445757143358	0.999999792292664
ENSFCAG00000015491:PMS1	1	4	0	0	1	0.987500201141867	0	0	1.66325917926566	0.986221047719312	0.37753555475881	0.671553399926125	0.4248072083098	0.999855720353093	0.791513244434225	0.90087195090874	1	0.643103084564408	0.999999792292664
ENSFCAG00000013850:MAP3K14	6	4	0	0	0	0.50180133525482	0	0	0	0.239170542679297	0.231296554512558	0.287050918534628	1	0.810600903924383	0.791513244434225	0.885117123476026	1	0.64531792486343	0.999999792292664
ENSFCAG00000012814:ARID1A	9	22	2	0	2	1.23619950424206	1.7702725907738	1.7702725907738	1.34807702407002	0.555324368170847	0.485831155601943	0.716794922977228	0.406149420784896	0.946134098677855	0.791513244434225	0.90087195090874	1	0.650375032597392	0.999999792292664
ENSFCAG00000028305:FOXA1	1	5	1	0	0	1.68705997084914	8.0637225001789	8.0637225001789	0	0.446414174727921	0.135387817843059	0.292410867173465	1	0.895260920472063	0.791513244434225	0.885117123476026	1	0.651957920371836	0.999999792292664
ENSFCAG00000000916:BRD4	4	6	0	0	1	0.761234539804947	0	0	1.13082085168869	0.628873995171781	0.288709815692761	0.539143569323543	0.543846884344932	0.960268466288477	0.791513244434225	0.885117123476026	1	0.652941341540942	0.999999792292664
ENSFCAG00000043374:MYCN	3	3	1	0	0	0.788888745802262	7.36121186532282	7.36121186532282	0	0.737860964219215	0.143562451441206	0.294256930218115	1	0.975310423918457	0.791513244434225	0.885117123476026	1	0.654222015869843	0.999999792292664
ENSFCAG00000014571:STAT6	1	1	1	0	0	0.355628263763502	3.48053163372058	3.48053163372058	0	0.32113360025215	0.33108227712235	0.296269674849226	1	0.821202552407601	0.791513244434225	0.885117123476026	1	0.656677342326063	0.999999792292664
ENSFCAG00000041934:SOCS1	1	0	0	0	0	0	0	0	0	0.126334010724025	0.72674277383774	0.297422550966096	1	0.691363930111907	0.806876066789581	0.885117123476026	1	0.658077558838411	0.999999792292664
ENSFCAG00000012003:EMSY	4	12	0	0	0	1.44302783778542	0	0	0	0.44292966058917	0.232643629042764	0.298193703765376	1	0.895260920472063	0.791513244434225	0.885117123476026	1	0.659011660964555	0.999999792292664
ENSFCAG00000041347:HOXA13	2	3	1	0	0	1.16489412984044	8.75508640307109	8.75508640307109	0	0.838190360468617	0.120579840034347	0.299600976209595	1	0.999855720353093	0.791513244434225	0.885117123476026	1	0.660711162021481	0.999999792292664
ENSFCAG00000025772:MST1	1	1	0	1	0	0.334584314723399	3.06002508138816	3.06002508138816	0	0.291620127923312	0.377072095095087	0.299834898214072	1	0.821202552407601	0.791513244434225	0.885117123476026	1	0.660993017798242	0.999999792292664
ENSFCAG00000008561:CARD11	13	20	1	0	1	1.35964734972268	0.800027011266202	0.800027011266202	1.32317697594502	0.361233231058765	0.823128992087184	0.607719370785288	0.49419603745948	0.834012736660679	0.871662541148928	0.899997834115832	1	0.661591983992311	0.999999792292664
ENSFCAG00000029513:ABI1	0	1	0	1	0	0.425141285563682	4.56103801315252	4.56103801315252	0	0.445415763290982	0.259242750172385	0.301012045320981	1	0.895260920472063	0.791513244434225	0.885117123476026	1	0.662408611197782	0.999999792292664
ENSFCAG00000045890:FOXL2	0	0	0	0	0	0	0	0	0	0.125083702886405	0.781839355041297	0.301026751496188	1	0.691363930111907	0.839822656491728	0.885117123476026	1	0.662426267145994	0.999999792292664
ENSFCAG00000014971:CBFA2T3	6	9	0	1	1	1.13676475834057	2.01372142148812	2.01372142148812	2.02922002635046	0.788236322283712	0.545358263206797	0.822357977505896	0.368597286587149	0.981556278403758	0.791513244434225	0.922360468308465	1	0.664930778221288	0.999999792292664
ENSFCAG00000013318:IRF1	0	0	0	0	0	0	0	0	0	0.140282461509345	0.575919054415278	0.303942573035657	1	0.691363930111907	0.791513244434225	0.885117123476026	1	0.665912798288491	0.999999792292664
ENSFCAG00000009499:KBTBD4	0	1	1	0	0	0.598719852934188	6.54715656322233	6.54715656322233	0	0.652755205848281	0.176909455837007	0.305588709909112	1	0.962073393441276	0.791513244434225	0.885117123476026	1	0.667868760182973	0.999999792292664
ENSFCAG00000003915:PPP2R1A	6	2	0	0	0	0.394802537258706	0	0	0	0.196756071714193	0.343232670658855	0.305846599284324	1	0.781800674333388	0.791513244434225	0.885117123476026	1	0.66817438316142	0.999999792292664
ENSFCAG00000024529:RB1	0	4	1	0	1	1.3860142354333	2.777330747015	2.777330747015	1.65432653061224	0.680202456435234	0.426478004451457	0.717600371781166	0.426387976760984	0.969812592766107	0.791513244434225	0.90087195090874	1	0.668327855233727	0.999999792292664
ENSFCAG00000008220:CREB1	0	0	0	0	0	0	0	0	0	0.141093744565759	0.584439920885822	0.306648926709002	1	0.691363930111907	0.791513244434225	0.885117123476026	1	0.669123826231375	0.999999792292664
ENSFCAG00000022869:PIK3C3	2	8	0	0	0	1.6126537693203	0	0	0	0.40705012655327	0.268013312975213	0.306926028725856	1	0.870311937249611	0.791513244434225	0.885117123476026	1	0.669451249991143	0.999999792292664
ENSFCAG00000028288:PRCC	5	3	1	0	0	0.502510678155864	3.19602777862884	3.19602777862884	0	0.292974782577	0.345112087458112	0.306980401355886	1	0.821202552407601	0.791513244434225	0.885117123476026	1	0.669515467326213	0.999999792292664
ENSFCAG00000011453:RPTOR	11	10	0	0	0	0.825930844169771	0	0	0	0.644988786208516	0.130603259009965	0.308575014300335	1	0.962073393441276	0.791513244434225	0.885117123476026	1	0.671394525099834	0.999999792292664
ENSFCAG00000007469:GOLGA5	2	5	1	0	1	1.22514913463731	1.81918954927317	1.81918954927317	2.10406830601093	0.753572980457676	0.611734492074655	0.863000390359959	0.358849222659211	0.975310423918457	0.791513244434225	0.930522727882587	1	0.672700008472426	0.999999792292664
ENSFCAG00000005002:EP300	5	14	0	0	0	1.13664992780953	0	0	0	0.775180142940411	0.157342398733206	0.310360075176905	1	0.980100615057775	0.791513244434225	0.885117123476026	1	0.673488229146516	0.999999792292664
ENSFCAG00000027163:FGF19	1	0	0	0	0	0	0	0	0	0.135661914298647	0.698780582072234	0.310926997103618	1	0.691363930111907	0.80346346056449	0.885117123476026	1	0.674151022871187	0.999999792292664
ENSFCAG00000029266:CSDE1	4	3	0	0	0	0.431028073616697	0	0	0	0.209040417197214	0.305666914919983	0.311075553605453	1	0.798801253800417	0.791513244434225	0.885117123476026	1	0.674324530666884	0.999999792292664
ENSFCAG00000027801:BCL3	3	1	0	0	0	0.253958646319779	0	0	0	0.145882397631398	0.573350032811855	0.31111649023445	1	0.691386363425585	0.791513244434225	0.885117123476026	1	0.674372330471684	0.999999792292664
ENSFCAG00000000760:IRS4	6	17	0	0	0	1.53635082917159	0	0	0	0.295631478014869	0.334488197435784	0.31263467765487	1	0.821202552407601	0.791513244434225	0.885117123476026	1	0.676141249470855	0.999999792292664
ENSFCAG00000009897:CDK12	3	7	0	0	1	0.788979734584217	0	0	1.05563947909527	0.678124468856271	0.288650236603647	0.553543090472233	0.565867571907195	0.969674797823138	0.791513244434225	0.885117123476026	1	0.676835295955609	0.999999792292664
ENSFCAG00000005710:BRD3	0	2	0	0	1	0.903810259413657	0	0	2.11562912087912	0.914445878026718	0.612593887188688	0.878373479627273	0.357388491156678	0.999855720353093	0.791513244434225	0.932643745056162	1	0.677633744222494	0.999999792292664
ENSFCAG00000029436:TET2	1	6	0	0	1	1.25259433963759	0	0	1.31864554794521	0.734041044151775	0.410587214555201	0.633896773898093	0.495266741105	0.975310423918457	0.791513244434225	0.90087195090874	1	0.677665508605944	0.999999792292664
ENSFCAG00000019399:QKI	0	0	0	0	0	0	0	0	0	0.141982555434883	0.627977742855627	0.314770138888112	1	0.691363930111907	0.791513244434225	0.885117123476026	1	0.678616916195917	0.999999792292664
ENSFCAG00000003692:FGFR2	3	2	0	0	0	0.370136998070144	0	0	0	0.199598870756707	0.331483964635	0.315155422262365	1	0.782706488818878	0.791513244434225	0.885117123476026	1	0.679062034411997	0.999999792292664
ENSFCAG00000009903:ERBB2	4	3	0	0	0	0.441162367480075	0	0	0	0.222217527783533	0.292500936410586	0.316625565110123	1	0.805920158539335	0.791513244434225	0.885117123476026	1	0.68075616905746	0.999999792292664
ENSFCAG00000008135:TNFAIP3	2	8	0	0	0	1.93991260088728	0	0	0	0.248287516806049	0.418298879982999	0.317228518501574	1	0.811633095917349	0.791513244434225	0.885117123476026	1	0.681449013052496	0.999999792292664
ENSFCAG00000011809:ACSL3	4	6	1	0	1	1.06544535063639	1.70897625308827	1.70897625308827	2.13616920943135	0.91067553109744	0.640208778546712	0.896446397171466	0.354821800411772	0.999855720353093	0.791513244434225	0.938131089529649	1	0.682424024348882	0.999999792292664
ENSFCAG00000006278:ARID1B	12	18	1	0	2	0.787030465875746	0.704588270163464	0.704588270163464	1.33812163336229	0.49909920846546	0.721394622515678	0.777660107305439	0.409134024399122	0.932068356322089	0.806876066789581	0.915648277709446	1	0.682525367404731	0.999999792292664
ENSFCAG00000014937:KEL	11	14	1	0	1	1.20194744640015	0.799014630114831	0.799014630114831	1.95454060913706	0.629292507880715	0.822999247570351	0.844604776625948	0.378854249680365	0.960268466288477	0.871662541148928	0.930522727882587	1	0.684598584415995	0.999999792292664
ENSFCAG00000030239:TMEM127	1	0	0	0	0	0	0	0	0	0.139559192094158	0.71900448838293	0.320080279017716	1	0.691363930111907	0.806876066789581	0.885117123476026	1	0.684710433216249	0.999999792292664
ENSFCAG00000032546:IGF2	0	0	0	0	0	0	0	0	0	0.138336186814464	0.739775443261842	0.321653238537491	1	0.691363930111907	0.812125119864467	0.885117123476026	1	0.686498464002434	0.999999792292664
ENSFCAG00000007834:KTN1	1	3	1	1	0	0.722328724725204	3.20789142276127	3.20789142276127	0	0.677223867596835	0.220687347896951	0.323312092799821	1	0.969674797823138	0.791513244434225	0.885117123476026	1	0.688375800977441	0.999999792292664
ENSFCAG00000040666:CYSLTR2	5	6	1	0	0	1.8886894228768	4.05319662266536	4.05319662266536	0	0.254224514231505	0.268957410043808	0.329257778141067	1	0.818008465959953	0.791513244434225	0.885117123476026	1	0.695034957144745	0.999999792292664
ENSFCAG00000045844:XPA	0	0	0	0	0	0	0	0	0	0.157728538815922	0.575929922920704	0.331206903853999	1	0.711759938978381	0.791513244434225	0.885117123476026	1	0.697194510976757	0.999999792292664
ENSFCAG00000005619:EXT2	7	10	0	0	0	1.3131494605337	0	0	0	0.54713032151862	0.209543345783763	0.334843231856796	1	0.946134098677855	0.791513244434225	0.885117123476026	1	0.70119280808995	0.999999792292664
ENSFCAG00000030732:IKZF3	7	13	1	0	0	1.86179359455753	1.60838390781793	1.60838390781793	0	0.141409458173342	0.671311573638266	0.334977406990072	1	0.691363930111907	0.793048088998907	0.885117123476026	1	0.701339581260975	0.999999792292664
ENSFCAG00000014348:TEC	3	4	2	0	0	0.83560188686282	3.41135928876117	3.41135928876117	0	0.783179695153715	0.182327366655773	0.335734317486429	1	0.981556278403758	0.791513244434225	0.885117123476026	1	0.702166553851239	0.999999792292664
ENSFCAG00000030357:NBN	6	12	0	0	0	1.30109781060213	0	0	0	0.553878697151818	0.213693083663689	0.336240319797277	1	0.946134098677855	0.791513244434225	0.885117123476026	1	0.702718441441563	0.999999792292664
ENSFCAG00000029098:RAP1GDS1	1	1	1	0	0	0.387158995273066	3.37006687529683	3.37006687529683	0	0.365099331643259	0.342126747724986	0.338675092674946	1	0.834012736660679	0.791513244434225	0.885117123476026	1	0.705363377243787	0.999999792292664
ENSFCAG00000007779:DNMT3B	9	6	2	0	0	0.571662202150692	1.71174827346322	1.71174827346322	0	0.255058319007558	0.510181250378095	0.340133319511187	1	0.818008465959953	0.791513244434225	0.885117123476026	1	0.706939085108219	0.999999792292664
ENSFCAG00000009141:PDGFRA	15	21	2	0	1	1.26384162747563	1.48900399810508	1.48900399810508	1.41300733944954	0.467905631813942	0.612718582179419	0.718303383484336	0.473845221830965	0.901675716588566	0.791513244434225	0.90087195090874	1	0.707188451566067	0.999999792292664
ENSFCAG00000013185:SETD1B	5	9	0	0	1	1.0161173942617	0	0	1.44346579194002	0.974133287865536	0.430871200303746	0.728387494109415	0.467304056393867	0.999855720353093	0.791513244434225	0.902758127173572	1	0.70720332895521	0.999999792292664
ENSFCAG00000007143:TLL2	10	20	2	0	0	1.64949785995715	1.7764682091775	1.7764682091775	0	0.158532225269542	0.481479501995423	0.342764960869709	1	0.711809691460244	0.791513244434225	0.885117123476026	1	0.709766939058968	0.999999792292664
ENSFCAG00000004555:CBLB	8	15	0	0	0	0.943896996260952	0	0	0	0.885884861460476	0.144817386540624	0.343450583563021	1	0.999855720353093	0.791513244434225	0.885117123476026	1	0.710500357088097	0.999999792292664
ENSFCAG00000006667:INHA	6	2	0	0	0	0.395896268797705	0	0	0	0.198191679405392	0.444110199471347	0.34768332688673	1	0.782706488818878	0.791513244434225	0.885117123476026	1	0.714997964806263	0.999999792292664
ENSFCAG00000036602:IKZF2	3	8	0	0	0	1.85559581092124	0	0	0	0.257595807648356	0.442723785717433	0.349904570854178	1	0.820287359107178	0.791513244434225	0.885117123476026	1	0.717337546935146	0.999999792292664
ENSFCAG00000008632:KMT2C	15	32	2	0	4	0.918943323815222	0.826143590374577	0.826143590374577	1.26114882292733	0.776817041984375	0.792943576823823	0.943073534245491	0.372359052078602	0.980100615057775	0.847694442842611	0.962076853871149	1	0.718655675823378	0.999999792292664
ENSFCAG00000010694:DUSP2	0	0	0	0	0	0	0	0	0	0.156434310727613	0.726254106452886	0.351415120641351	1	0.711759938978381	0.806876066789581	0.885117123476026	1	0.718920511571312	0.999999792292664
ENSFCAG00000006087:BLM	7	9	0	1	1	0.647001789506883	0.972115556830202	0.972115556830202	1.07780125962211	0.349260897408631	0.978449959589704	0.633131031648227	0.559207340015609	0.826518829294165	0.985031461560038	0.90087195090874	1	0.721667759229251	0.999999792292664
ENSFCAG00000022556:HLF	1	4	1	0	0	1.44335972543546	7.03635736881949	7.03635736881949	0	0.614075718960545	0.157118596894805	0.357838736315211	1	0.960268466288477	0.791513244434225	0.885117123476026	1	0.725579890765505	0.999999792292664
ENSFCAG00000008358:CCND1	0	0	0	0	0	0	0	0	0	0.159972379689813	0.736766700643086	0.35849672836382	1	0.714702472445033	0.810159905089335	0.885117123476026	1	0.726255486744463	0.999999792292664
ENSFCAG00000011605:EGFL7	2	4	1	0	0	1.7614902936754	5.62384038073015	5.62384038073015	0	0.414307589638474	0.195620585814002	0.359099264603576	1	0.877472206356957	0.791513244434225	0.885117123476026	1	0.726873083889841	0.999999792292664
ENSFCAG00000003098:PML	4	2	0	0	0	0.384449630871407	0	0	0	0.203439756967859	0.445693882241765	0.359697713251507	1	0.790861046567696	0.791513244434225	0.885117123476026	1	0.72748549052938	0.999999792292664
ENSFCAG00000028964:SIX1	3	4	1	0	0	1.45786512394008	6.39027964513353	6.39027964513353	0	0.570248005461852	0.167641306790595	0.359971275501763	1	0.946134098677855	0.791513244434225	0.885117123476026	1	0.727765101546056	0.999999792292664
ENSFCAG00000013609:NSD3	1	5	0	0	1	0.963020300357999	0	0	1.07031132731063	0.956688789538971	0.352784889148025	0.64470013498296	0.561442061062495	0.999855720353093	0.791513244434225	0.90087195090874	1	0.729793360959232	0.999999792292664
ENSFCAG00000025247:SFRP4	2	5	0	0	0	2.25066422157047	0	0	0	0.213465964424703	0.558843455634979	0.361992304090413	1	0.801879762122234	0.791513244434225	0.885117123476026	1	0.729824386329896	0.999999792292664
ENSFCAG00000038221:MTAP	0	0	0	0	0	0	0	0	0	0.174495548672249	0.619169049417305	0.364650189956053	1	0.747297851445586	0.791513244434225	0.885117123476026	1	0.732515416266	0.999999792292664
ENSFCAG00000006191:ERC1	6	9	0	0	0	0.938342380828888	0	0	0	0.893970843551254	0.158248068510481	0.36732538263256	1	0.999855720353093	0.791513244434225	0.885117123476026	1	0.73520440636413	0.999999792292664
ENSFCAG00000009681:RRAGC	2	2	1	0	0	0.751293167415252	5.66432380471655	5.66432380471655	0	0.731500155483268	0.194111254925312	0.368194713944975	1	0.975310423918457	0.791513244434225	0.885117123476026	1	0.73607402006057	0.999999792292664
ENSFCAG00000030227:FOXO3	4	10	0	0	0	1.69352412680543	0	0	0	0.288159628834243	0.423505985624875	0.36992476118375	1	0.821202552407601	0.791513244434225	0.885117123476026	1	0.737798527122775	0.999999792292664
ENSFCAG00000013314:TIPARP	1	7	0	0	0	1.97951169010216	0	0	0	0.280275424132039	0.462516642115208	0.370853888998529	1	0.821202552407601	0.791513244434225	0.885117123476026	1	0.738721337666318	0.999999792292664
ENSFCAG00000012141:STIL	2	5	1	0	1	0.692408586077089	1.67178537015984	1.67178537015984	1.18202455871067	0.572242557193163	0.659913475393898	0.701421357481007	0.529740495564232	0.946134098677855	0.792141615497652	0.90087195090874	1	0.739432275519113	0.999999792292664
ENSFCAG00000009292:SETD4	2	6	0	0	0	1.9190283443357	0	0	0	0.291005200381174	0.444001375460895	0.380952540458654	1	0.821202552407601	0.791513244434225	0.885117123476026	1	0.748602400048266	0.999999792292664
ENSFCAG00000014271:CD28	4	5	1	0	0	1.83644189319	3.99901495390539	3.99901495390539	0	0.315848112803256	0.274808071737612	0.38228013252067	1	0.821202552407601	0.791513244434225	0.885117123476026	1	0.749881322630544	0.999999792292664
ENSFCAG00000046021:EXOSC6	0	0	0	0	0	0	0	0	0	0.171393585177759	0.784415331063497	0.382354622049773	1	0.747297851445586	0.841582995573501	0.885117123476026	1	0.749952944624613	0.999999792292664
ENSFCAG00000007657:RAD51B	2	5	0	0	0	1.94563816944395	0	0	0	0.305802309407998	0.422693646057632	0.382651637407624	1	0.821202552407601	0.791513244434225	0.885117123476026	1	0.750238381868959	0.999999792292664
ENSFCAG00000003795:FANCA	6	10	0	0	0	1.18807199693171	0	0	0	0.710808975235773	0.206777310478579	0.38289091756181	1	0.969812592766107	0.791513244434225	0.885117123476026	1	0.75046816682939	0.999999792292664
ENSFCAG00000005052:VAV1	5	6	1	0	1	1.02258093095835	1.37021546756741	1.37021546756741	1.8183919716647	0.967430741733611	0.776141111035456	0.960218400250995	0.399063381377927	0.999855720353093	0.835138440260606	0.974323303305529	1	0.750753253872573	0.999999792292664
ENSFCAG00000008999:TPM4	0	3	0	0	0	2.85240727206924	0	0	0	0.221714859942838	0.604807616876008	0.385134765546262	1	0.805920158539335	0.791513244434225	0.885117123476026	1	0.752615710447026	0.999999792292664
ENSFCAG00000001624:CCNE1	1	5	0	0	0	2.16755556031125	0	0	0	0.259916791461608	0.511124301605415	0.385507376076025	1	0.821202552407601	0.791513244434225	0.885117123476026	1	0.75297106105381	0.999999792292664
ENSFCAG00000030408:ZMYM2	3	6	0	0	0	0.697851715804029	0	0	0	0.542962201348151	0.180917493062893	0.38598253633171	1	0.946134098677855	0.791513244434225	0.885117123476026	1	0.753423688700011	0.999999792292664
ENSFCAG00000000407:CTR9	5	9	0	0	0	0.96079205313613	0	0	0	0.935406058425287	0.171055486910321	0.38623795630267	1	0.999855720353093	0.791513244434225	0.885117123476026	1	0.753666754608825	0.999999792292664
ENSFCAG00000025854:CASP8	1	5	0	0	0	2.16375341945835	0	0	0	0.260996519452338	0.512974299221212	0.387786915294312	1	0.821202552407601	0.791513244434225	0.885117123476026	1	0.75513718001662	0.999999792292664
ENSFCAG00000013913:INPP4A	6	9	0	0	0	1.20484931252622	0	0	0	0.696217299972142	0.213108227114207	0.389412855260702	1	0.969812592766107	0.791513244434225	0.885117123476026	1	0.756674027849168	0.999999792292664
ENSFCAG00000026744:GNB1	1	3	1	0	0	1.80904411056051	5.52151566395592	5.52151566395592	0	0.45621320325144	0.20415734460993	0.389463882654421	1	0.895312465805616	0.791513244434225	0.885117123476026	1	0.756722149215367	0.999999792292664
ENSFCAG00000010557:SMC3	0	4	2	0	0	1.2356979262456	3.85074425433456	3.85074425433456	0	0.78989496320917	0.178048473383194	0.389987825267127	1	0.981556278403758	0.791513244434225	0.885117123476026	1	0.757215866522317	0.999999792292664
ENSFCAG00000003178:ATXN2	2	6	1	0	1	0.82502032804178	1.82036334855739	1.82036334855739	1.31302472293265	0.757951430020516	0.611376309343799	0.787449946884818	0.496600987447892	0.975310423918457	0.791513244434225	0.917159600911241	1	0.758213124936522	0.999999792292664
ENSFCAG00000024503:GNAQ	1	1	1	0	0	0.577609703126492	4.66571242338385	4.66571242338385	0	0.610871582202615	0.244204665057836	0.39191177545028	1	0.960268466288477	0.791513244434225	0.885117123476026	1	0.759022796522379	0.999999792292664
ENSFCAG00000028312:AURKB	0	4	0	0	0	2.59550366634735	0	0	0	0.225469278166375	0.626129747689148	0.396154794569144	1	0.805920158539335	0.791513244434225	0.885117123476026	1	0.762974425136312	0.999999792292664
ENSFCAG00000023797:SUZ12	2	2	0	0	0	0.4144198926716	0	0	0	0.277908641871201	0.334540699186539	0.397441822643799	1	0.821202552407601	0.791513244434225	0.885117123476026	1	0.764164060713508	0.999999792292664
ENSFCAG00000028670:ETV5	3	9	0	0	0	1.66010147358825	0	0	0	0.340038969875864	0.408517806271817	0.400603264649605	1	0.826518829294165	0.791513244434225	0.885117123476026	1	0.767068603875186	0.999999792292664
ENSFCAG00000004243:EWSR1	3	3	0	0	0	0.493047603563662	0	0	0	0.31103894103848	0.305922583191458	0.403345240803216	1	0.821202552407601	0.791513244434225	0.885117123476026	1	0.76956755643143	0.999999792292664
ENSFCAG00000009032:PLCG1	8	5	0	1	0	0.497927005656702	0.907020719269339	0.907020719269339	0	0.184395669683132	0.924678697973388	0.408268132270775	1	0.759574822823176	0.944666064596249	0.885117123476026	1	0.774007435971799	0.999999792292664
ENSFCAG00000026883:PIK3R2	2	2	0	1	0	0.582167781889729	3.67405233004243	3.67405233004243	0	0.510784784306198	0.307219387634247	0.408297521888193	1	0.93644553047116	0.791513244434225	0.885117123476026	1	0.774033763048287	0.999999792292664
ENSFCAG00000009689:VTCN1	0	3	0	0	0	2.90287282222433	0	0	0	0.214310849564962	0.693034836143789	0.409827914483039	1	0.801879762122234	0.800616449712535	0.885117123476026	1	0.775401761664086	0.999999792292664
ENSFCAG00000043547:CDKN1B	0	0	0	0	0	0	0	0	0	0.196206687844146	0.697238391657818	0.410623747582322	1	0.781800674333388	0.803007005161468	0.885117123476026	1	0.77611088685339	0.999999792292664
ENSFCAG00000004287:PTPN6	1	5	0	0	0	2.04963849736778	0	0	0	0.295886370222768	0.491634676124679	0.411426789473293	1	0.821202552407601	0.791513244434225	0.885117123476026	1	0.776824871996775	0.999999792292664
ENSFCAG00000001249:SUFU	1	2	0	1	0	0.841199664408914	5.35578999946642	5.35578999946642	0	0.843638004337422	0.210922945447687	0.414174568717977	1	0.999855720353093	0.791513244434225	0.885117123476026	1	0.77925608582086	0.999999792292664
ENSFCAG00000001812:MYB	4	4	0	0	0	0.598940388293982	0	0	0	0.41172078006794	0.251699826740936	0.417191823282272	1	0.87405498936409	0.791513244434225	0.885117123476026	1	0.781904734621556	0.999999792292664
ENSFCAG00000014426:ESCO2	0	5	0	0	0	2.18325127788179	0	0	0	0.294571446790813	0.524066284692619	0.418385846316157	1	0.821202552407601	0.791513244434225	0.885117123476026	1	0.7829468534413	0.999999792292664
ENSFCAG00000010283:MIB1	4	6	0	0	0	0.858935768339793	0	0	0	0.787597251942943	0.18759576097298	0.419447208244163	1	0.981556278403758	0.791513244434225	0.885117123476026	1	0.78387032733007	0.999999792292664
ENSFCAG00000011361:RAC1	0	3	0	0	0	2.7270565324475	0	0	0	0.241579642087963	0.625742671993251	0.420006648391361	1	0.810600903924383	0.791513244434225	0.885117123476026	1	0.784356005866643	0.999999792292664
ENSFCAG00000000142:FGF6	5	5	0	0	0	1.91596934108668	0	0	0	0.273423174937991	0.51354437971919	0.421370284752545	1	0.821202552407601	0.791513244434225	0.885117123476026	1	0.785536728330068	0.999999792292664
ENSFCAG00000014436:TCEA1	0	1	1	0	0	0.725794035744372	5.11460659367962	5.11460659367962	0	0.781089542401499	0.229997338188957	0.421614398448535	1	0.981004767939225	0.791513244434225	0.885117123476026	1	0.785747631257297	0.999999792292664
ENSFCAG00000015580:PDGFB	0	3	0	0	0	2.7643994994056	0	0	0	0.235431125779411	0.655368105175159	0.424620224530447	1	0.805920158539335	0.792141615497652	0.885117123476026	1	0.788332966043583	0.999999792292664
ENSFCAG00000013396:SESN2	4	2	0	0	0	0.442924902202932	0	0	0	0.282791194227838	0.397794172996077	0.424765601826796	1	0.821202552407601	0.791513244434225	0.885117123476026	1	0.788457465551335	0.999999792292664
ENSFCAG00000013046:GADD45B	0	0	0	0	0	0	0	0	0	0.208306997328014	0.67829059842365	0.425259063753961	1	0.798801253800417	0.793048088998907	0.885117123476026	1	0.788879689907498	0.999999792292664
ENSFCAG00000000360:DROSHA	5	8	1	0	1	0.702350441157162	0.916653383719951	0.916653383719951	1.12012945454545	0.487793745892628	0.934087557911732	0.781765087126101	0.546880968026262	0.926086223703129	0.950449281862862	0.915648277709446	1	0.790817496269184	0.999999792292664
ENSFCAG00000014173:MAPK3	1	4	0	0	0	2.26661326432179	0	0	0	0.264008760014925	0.575402686690363	0.428251637678691	1	0.821202552407601	0.791513244434225	0.885117123476026	1	0.791428005543629	0.999999792292664
ENSFCAG00000027219:IDH2	3	5	0	0	0	1.85080558328954	0	0	0	0.324064932245128	0.457639203817742	0.431029743085213	1	0.821202552407601	0.791513244434225	0.885117123476026	1	0.79377497056439	0.999999792292664
ENSFCAG00000004068:SMARCB1	1	2	1	0	0	0.987316231688037	5.54730366496516	5.54730366496516	0	0.988463956753728	0.203140766345545	0.431072035010887	1	0.999855720353093	0.791513244434225	0.885117123476026	1	0.793810560451564	0.999999792292664
ENSFCAG00000027765:HNRNPA2B1	2	7	0	0	0	1.78860452121718	0	0	0	0.327170895005499	0.472182811687332	0.432960696539914	1	0.821202552407601	0.791513244434225	0.885117123476026	1	0.795395700104437	0.999999792292664
ENSFCAG00000009534:MET	0	6	0	0	0	1.91018160004302	0	0	0	0.3683197042905	0.455412457829479	0.433750816680833	1	0.834012736660679	0.791513244434225	0.885117123476026	1	0.796056395736085	0.999999792292664
ENSFCAG00000018598:ETS1	2	6	0	0	0	1.76862482851056	0	0	0	0.355535431645736	0.436098000553736	0.433834296338431	1	0.829809286627289	0.791513244434225	0.885117123476026	1	0.796126117014568	0.999999792292664
ENSFCAG00000014365:CHEK2	3	7	0	0	0	1.44065011728089	0	0	0	0.518535486113114	0.314967536886021	0.436146637115754	1	0.942600944391855	0.791513244434225	0.885117123476026	1	0.798050984261326	0.999999792292664
ENSFCAG00000027426:RAD51D	1	3	1	0	0	1.82518366887701	4.64714319150337	4.64714319150337	0	0.449643282337095	0.245234505151926	0.438519258523672	1	0.895260920472063	0.791513244434225	0.885117123476026	1	0.800013288570718	0.999999792292664
ENSFCAG00000009399:SEPTIN9	3	7	0	0	0	1.83255114018361	0	0	0	0.284259184094774	0.541792687212444	0.438600732172463	1	0.821202552407601	0.791513244434225	0.885117123476026	1	0.800080443931171	0.999999792292664
ENSFCAG00000030144:IRF2	2	5	0	1	0	1.87336559712324	3.63468204825577	3.63468204825577	0	0.33378500181378	0.310669811657231	0.439487723288778	1	0.821202552407601	0.791513244434225	0.885117123476026	1	0.800810575364746	0.999999792292664
ENSFCAG00000000648:CREB3L2	2	6	1	0	0	1.63286529730586	4.38662984207198	4.38662984207198	0	0.426929420529461	0.255141443350369	0.442504311871236	1	0.887459767674666	0.791513244434225	0.885117123476026	1	0.803280320942852	0.999999792292664
ENSFCAG00000011327:FAF1	0	5	0	1	0	2.23599763956308	3.48887650741437	3.48887650741437	0	0.279800047821064	0.340827438161069	0.443836852195526	1	0.821202552407601	0.791513244434225	0.885117123476026	1	0.804364743456368	0.999999792292664
ENSFCAG00000014214:SYK	1	5	0	0	0	2.00527498501562	0	0	0	0.310844299443002	0.519596397426865	0.444795588639288	1	0.821202552407601	0.791513244434225	0.885117123476026	1	0.805142488633263	0.999999792292664
ENSFCAG00000014232:HDAC4	8	11	0	0	0	1.1477476153268	0	0	0	0.749018848143624	0.238238601475504	0.446114235331664	1	0.975310423918457	0.791513244434225	0.885117123476026	1	0.806208824953221	0.999999792292664
ENSFCAG00000022142:SBDS	0	0	0	0	0	0	0	0	0	0.221784365149545	0.687440688247473	0.446128657422154	1	0.805920158539335	0.795517703667823	0.885117123476026	1	0.806220465946374	0.999999792292664
ENSFCAG00000001199:PTP4A1	0	0	0	0	0	0	0	0	0	0.226340119755431	0.660543473700551	0.447220484341739	1	0.805920158539335	0.792141615497652	0.885117123476026	1	0.807100396805268	0.999999792292664
ENSFCAG00000001147:BCL9L	9	13	0	0	0	0.818238969620192	0	0	0	0.620658691863743	0.221410287330297	0.447539466578522	1	0.960268466288477	0.791513244434225	0.885117123476026	1	0.807356969213568	0.999999792292664
ENSFCAG00000009580:PAX8	4	8	0	0	0	1.52319918025255	0	0	0	0.422702327699803	0.380423558859251	0.448587812913112	1	0.881255416872183	0.791513244434225	0.885117123476026	1	0.808198602860856	0.999999792292664
ENSFCAG00000007696:MDC1	1	4	0	0	1	0.78434986755821	0	0	0.765496023856859	0.739613685191649	0.383077980294046	0.671766183518008	0.668241319501063	0.975310423918457	0.791513244434225	0.90087195090874	1	0.80845029781769	0.999999792292664
ENSFCAG00000006724:SLC45A3	7	3	0	0	0	0.509422302999043	0	0	0	0.282719165082702	0.463849668241776	0.450997151574877	1	0.821202552407601	0.791513244434225	0.885117123476026	1	0.810123592529669	0.999999792292664
ENSFCAG00000018749:MLLT10	2	8	0	0	0	1.27571766362916	0	0	0	0.674950676567408	0.278154803201477	0.451427216121858	1	0.969674797823138	0.791513244434225	0.885117123476026	1	0.810465845471229	0.999999792292664
ENSFCAG00000010770:CSF1	5	9	0	0	0	1.45384079701047	0	0	0	0.446896382873879	0.362305980063467	0.451541327500757	1	0.895260920472063	0.791513244434225	0.885117123476026	1	0.810556588522281	0.999999792292664
ENSFCAG00000005610:SETD5	6	14	2	0	1	1.0433321833097	1.76108683154739	1.76108683154739	1.02884301937208	0.921966949642057	0.497511116200211	0.790053413900663	0.574117593266938	0.999855720353093	0.791513244434225	0.917811081090292	1	0.81217573607376	0.999999792292664
ENSFCAG00000044847:BCL11B	10	8	0	0	0	0.647944958557212	0	0	0	0.331385671675228	0.382312997137467	0.454230330056684	1	0.821202552407601	0.791513244434225	0.885117123476026	1	0.812686592320299	0.999999792292664
ENSFCAG00000000062:MAD2L2	0	0	0	0	0	0	0	0	0	0.235060154422547	0.646211672327235	0.455921697468512	1	0.805920158539335	0.791513244434225	0.885117123476026	1	0.814018191314766	0.999999792292664
ENSFCAG00000045270:CHIC2	0	0	0	0	0	0	0	0	0	0.23591399111037	0.64664261446183	0.457153530029603	1	0.805920158539335	0.791513244434225	0.885117123476026	1	0.814984052119878	0.999999792292664
ENSFCAG00000003836:ASXL2	6	12	0	0	0	1.00421992695433	0	0	0	0.992487333766107	0.217847466098337	0.457997760198778	1	0.999855720353093	0.791513244434225	0.885117123476026	1	0.815644082414416	0.999999792292664
ENSFCAG00000046660:TNFRSF17	0	0	0	0	0	0	0	0	0	0.227431198747991	0.710371605728327	0.458169242637371	1	0.805920158539335	0.806694187179809	0.885117123476026	1	0.815777959405827	0.999999792292664
ENSFCAG00000003212:NDRG1	3	2	0	1	0	0.604727802879485	3.31026226376712	3.31026226376712	0	0.527170360747172	0.337907731559553	0.458524422311041	1	0.942716823163935	0.791513244434225	0.885117123476026	1	0.81605504541576	0.999999792292664
ENSFCAG00000003694:TFRC	2	2	0	0	0	0.454509100242218	0	0	0	0.332914094726002	0.362502439839819	0.458798383389937	1	0.821202552407601	0.791513244434225	0.885117123476026	1	0.816268582472054	0.999999792292664
ENSFCAG00000028243:MAP3K13	4	5	0	0	0	0.646242739836619	0	0	0	0.459333882151824	0.269554300344093	0.458847570222264	1	0.895312465805616	0.791513244434225	0.885117123476026	1	0.816306903481351	0.999999792292664
ENSFCAG00000014859:ERBB3	2	6	1	0	1	1.14027405370334	1.92125942047746	1.92125942047746	1.14938656716418	0.832154022626346	0.581940849654336	0.857267443292092	0.538651938884145	0.999855720353093	0.791513244434225	0.930522727882587	1	0.81857334811623	0.999999792292664
ENSFCAG00000023047:STAG1	5	6	1	1	0	0.617771819477096	1.6106631898853	1.6106631898853	0	0.376141601723358	0.567694518399487	0.463795106670178	1	0.834012736660679	0.791513244434225	0.885117123476026	1	0.820134640379547	0.999999792292664
ENSFCAG00000004303:WDCP	2	3	1	0	0	0.714851108659272	3.74704201721637	3.74704201721637	0	0.648439791239505	0.301006467139044	0.46516063447315	1	0.962073393441276	0.791513244434225	0.885117123476026	1	0.821181784073314	0.999999792292664
ENSFCAG00000025137:PRKACA	2	4	0	0	0	1.93117394486963	0	0	0	0.344195201217964	0.490261628900321	0.469085327218243	1	0.826518829294165	0.791513244434225	0.885117123476026	1	0.824169125397321	0.999999792292664
ENSFCAG00000013266:SMAD2	3	3	0	0	0	0.508862436206509	0	0	0	0.333481814427342	0.383868139969947	0.469542792186243	1	0.821202552407601	0.791513244434225	0.885117123476026	1	0.824515189931537	0.999999792292664
ENSFCAG00000031620:PDK1	0	4	0	0	0	2.16451459929796	0	0	0	0.326509483739574	0.547833511804285	0.470515796919621	1	0.821202552407601	0.791513244434225	0.885117123476026	1	0.825249770009218	0.999999792292664
ENSFCAG00000013883:EIF4A2	5	3	0	0	0	0.681716571427974	0	0	0	0.564637660804912	0.253546451859308	0.472152709678054	1	0.946134098677855	0.791513244434225	0.885117123476026	1	0.826481036588255	0.999999792292664
ENSFCAG00000012430:ATM	9	21	1	0	1	1.2053512773488	0.515771004578677	0.515771004578677	0.502505057096248	0.606991356910774	0.485414209096098	0.599447182840961	0.790403458263748	0.960268466288477	0.791513244434225	0.894082544077068	1	0.827718209174867	0.999999792292664
ENSFCAG00000004893:CARM1	3	6	1	0	0	1.70214434740799	3.39178165300377	3.39178165300377	0	0.367291968643964	0.329528174972199	0.474254807941641	1	0.834012736660679	0.791513244434225	0.885117123476026	1	0.82805388962618	0.999999792292664
ENSFCAG00000022444:TENT5C	6	7	0	0	0	1.69063176859282	0	0	0	0.309605343582221	0.541680548114748	0.474683942464286	1	0.821202552407601	0.791513244434225	0.885117123476026	1	0.828373834404875	0.999999792292664
ENSFCAG00000038120:SMYD3	3	5	0	0	0	1.50359469439187	0	0	0	0.510978073419675	0.350712104259008	0.476641386946394	1	0.93644553047116	0.791513244434225	0.885117123476026	1	0.829828307790429	0.999999792292664
ENSFCAG00000028588:JAK2	1	9	1	0	0	2.05195587692815	1.95570924642848	1.95570924642848	0	0.230295959027789	0.579029624442095	0.477426274206638	1	0.805920158539335	0.791513244434225	0.885117123476026	1	0.830409256208188	0.999999792292664
ENSFCAG00000009873:PTPRK	5	12	1	0	1	1.29605801989618	0.950185484755515	0.950185484755515	1.03645895020188	0.573159186726896	0.961447068308664	0.835807680781077	0.571750512294027	0.946134098677855	0.970089289147393	0.930522727882587	1	0.830739678798175	0.999999792292664
ENSFCAG00000044777:ARFRP1	0	0	0	0	0	0	0	0	0	0.244291878139347	0.693629841733131	0.478250400539656	1	0.810600903924383	0.800616449712535	0.885117123476026	1	0.831017859440556	0.999999792292664
ENSFCAG00000002702:XPO1	2	8	2	0	0	1.57270333716882	2.82508583789978	2.82508583789978	0	0.432431428797482	0.258525224143376	0.478382740052525	1	0.89036580161988	0.791513244434225	0.885117123476026	1	0.831115457513759	0.999999792292664
ENSFCAG00000036639:FGF4	0	0	0	0	0	0	0	0	0	0.239657858951895	0.733637605898852	0.479194084052239	1	0.810600903924383	0.809344680709053	0.885117123476026	1	0.831713009633132	0.999999792292664
ENSFCAG00000023460:ELF4	4	4	1	0	0	0.71889738015444	3.41262882610537	3.41262882610537	0	0.598721543320315	0.324543632277762	0.479902201131726	1	0.960268466288477	0.791513244434225	0.885117123476026	1	0.832233412720004	0.999999792292664
ENSFCAG00000043152:RMI2	0	0	0	0	0	0	0	0	0	0.236032295875106	0.773407130935714	0.480148523059671	1	0.805920158539335	0.833757027107168	0.885117123476026	1	0.832414192410225	0.999999792292664
ENSFCAG00000015711:BAP1	2	7	0	1	0	1.76177080224212	3.25051772540422	3.25051772540422	0	0.339989076004538	0.348495194798085	0.480278474103285	1	0.826518829294165	0.791513244434225	0.885117123476026	1	0.832509514682997	0.999999792292664
ENSFCAG00000025327:GMPS	0	5	1	0	0	1.93875468783014	3.98061821280936	3.98061821280936	0	0.375597071952931	0.298259873889397	0.48028262037628	1	0.834012736660679	0.791513244434225	0.885117123476026	1	0.832512555496888	0.999999792292664
ENSFCAG00000000864:AFDN	7	19	1	1	0	1.53020357811498	1.93928402619628	1.93928402619628	0	0.273563404190668	0.428850716233352	0.480441134522443	1	0.821202552407601	0.791513244434225	0.885117123476026	1	0.832628780534116	0.999999792292664
ENSFCAG00000042003:ASPSCR1	3	8	1	0	0	1.63972614243752	3.34653195160479	3.34653195160479	0	0.365557827910165	0.334131552207826	0.481561015531567	1	0.834012736660679	0.791513244434225	0.885117123476026	1	0.833448405766087	0.999999792292664
ENSFCAG00000009757:UPF1	5	8	0	0	0	1.19539098236074	0	0	0	0.724834448616645	0.273020356631958	0.481911470295762	1	0.975310423918457	0.791513244434225	0.885117123476026	1	0.833704363399726	0.999999792292664
ENSFCAG00000013629:EPAS1	6	5	0	0	0	0.675900520713112	0	0	0	0.480199834639525	0.292928402899422	0.483733416666727	1	0.920479573661995	0.791513244434225	0.885117123476026	1	0.835030935120341	0.999999792292664
ENSFCAG00000007517:JAK3	4	8	0	0	0	1.31570677322074	0	0	0	0.601257414252491	0.317678207617404	0.485749328928804	1	0.960268466288477	0.791513244434225	0.885117123476026	1	0.836490738839538	0.999999792292664
ENSFCAG00000010330:FUBP1	1	6	0	0	0	1.36166161356586	0	0	0	0.640535424617815	0.322080485191393	0.486911396715221	1	0.960268466288477	0.791513244434225	0.885117123476026	1	0.837328435582704	0.999999792292664
ENSFCAG00000023293:MLLT3	0	0	0	0	0	0	0	0	0	0.246103624198974	0.729926137787331	0.487424749930361	1	0.811633095917349	0.806883814712473	0.885117123476026	1	0.837697611566827	0.999999792292664
ENSFCAG00000013487:GPHN	5	7	0	0	0	0.869878824599622	0	0	0	0.790273039293895	0.231832991679433	0.487500629456631	1	0.981556278403758	0.791513244434225	0.885117123476026	1	0.83775213415746	0.999999792292664
ENSFCAG00000031674:TCF12	4	6	0	0	0	0.826136332536177	0	0	0	0.735044122572985	0.234428400759769	0.487825956704288	1	0.975310423918457	0.791513244434225	0.885117123476026	1	0.837985761447331	0.999999792292664
ENSFCAG00000043254:BTG2	0	0	0	0	0	0	0	0	0	0.248435560805548	0.722240486501858	0.489233167044403	1	0.811633095917349	0.806876066789581	0.885117123476026	1	0.838993824510356	0.999999792292664
ENSFCAG00000044104:HMGA1	0	0	0	0	0	0	0	0	0	0.249272939942788	0.727677979632619	0.491335991956128	1	0.811633095917349	0.806876066789581	0.885117123476026	1	0.840492655124564	0.999999792292664
ENSFCAG00000000512:RPS6KA4	4	7	0	0	0	1.40088045986944	0	0	0	0.535153076280885	0.352280273154629	0.493095620051279	1	0.945339592692001	0.791513244434225	0.885117123476026	1	0.841739947371552	0.999999792292664
ENSFCAG00000000814:HSP90AA1	2	6	0	0	0	1.63975931559512	0	0	0	0.422963345959812	0.443812028281116	0.495078417761476	1	0.881255416872183	0.791513244434225	0.885117123476026	1	0.843137907588637	0.999999792292664
ENSFCAG00000005317:NUMA1	4	7	0	0	0	1.01076340914324	0	0	0	0.984276498042478	0.243320271350777	0.495199678837864	1	0.999855720353093	0.791513244434225	0.885117123476026	1	0.843223144018555	0.999999792292664
ENSFCAG00000040747:BCL2L2	0	0	0	0	0	0	0	0	0	0.256834641107405	0.699847617625073	0.49613577389892	1	0.820287359107178	0.803661330725468	0.885117123476026	1	0.843880141992552	0.999999792292664
ENSFCAG00000033306:CDKN2C	0	0	0	0	0	0	0	0	0	0.249455160883283	0.760912719743109	0.497080434167971	1	0.811633095917349	0.8252410897697	0.885117123476026	1	0.844541360951131	0.999999792292664
ENSFCAG00000025776:RAC2	2	4	0	0	0	2.06994856052032	0	0	0	0.296984378022589	0.634080594450935	0.499716890537514	1	0.821202552407601	0.791513244434225	0.885117123476026	1	0.846377273588161	0.999999792292664
ENSFCAG00000005262:STK40	3	3	0	1	0	0.8652128915385	4.15338073632202	4.15338073632202	0	0.838716596809332	0.266593492966286	0.499993130864398	1	0.999855720353093	0.791513244434225	0.885117123476026	1	0.846568828910812	0.999999792292664
ENSFCAG00000027384:ARID3A	4	3	0	0	0	0.531360781031727	0	0	0	0.348724067750968	0.440178802476097	0.509228405262635	1	0.826518829294165	0.791513244434225	0.885117123476026	1	0.852885589071464	0.999999792292664
ENSFCAG00000023466:POT1	3	6	0	0	0	1.15840514500424	0	0	0	0.802593290376568	0.280560766095261	0.509845626522052	1	0.985705259677895	0.791513244434225	0.885117123476026	1	0.853301752257725	0.999999792292664
ENSFCAG00000035249:EIF1AX	0	0	0	0	0	0	0	0	0	0.2783537770553	0.648316431948842	0.511386184410279	1	0.821202552407601	0.791513244434225	0.885117123476026	1	0.854337219760834	0.999999792292664
ENSFCAG00000026263:ACVR1B	1	4	0	0	0	1.84948747999534	0	0	0	0.399391405757405	0.493247549118499	0.51227889530721	1	0.863459211602573	0.791513244434225	0.885117123476026	1	0.854935119940739	0.999999792292664
ENSFCAG00000005533:PBX1	2	5	0	0	0	1.73802337159157	0	0	0	0.394145858526118	0.49245524294555	0.512305454333527	1	0.857004796504732	0.791513244434225	0.885117123476026	1	0.854952884215407	0.999999792292664
ENSFCAG00000002050:BCR	4	4	0	0	0	0.635055314860112	0	0	0	0.467711422727407	0.325804907426974	0.513083151356695	1	0.901675716588566	0.791513244434225	0.885117123476026	1	0.855472444627147	0.999999792292664
ENSFCAG00000004825:RASA1	0	5	0	0	0	1.65637256629309	0	0	0	0.501545206215911	0.427911950164819	0.513932620800942	1	0.932068356322089	0.791513244434225	0.885117123476026	1	0.856038607522352	0.999999792292664
ENSFCAG00000010859:IL6ST	3	7	0	0	0	1.07651378286848	0	0	0	0.89656826985739	0.268400611226161	0.51422706105489	1	0.999855720353093	0.791513244434225	0.885117123476026	1	0.856234521208847	0.999999792292664
ENSFCAG00000009047:CD274	1	3	0	0	0	2.15132495269978	0	0	0	0.3389570774369	0.583756552111943	0.518390923577818	1	0.826518829294165	0.791513244434225	0.885117123476026	1	0.858987053273949	0.999999792292664
ENSFCAG00000000389:TRAF2	2	1	0	0	0	0.367345792647216	0	0	0	0.317752745503256	0.525114492933728	0.519667413868049	1	0.821202552407601	0.791513244434225	0.885117123476026	1	0.859824169795239	0.999999792292664
ENSFCAG00000013874:SGK1	5	8	0	0	0	1.33788805415652	0	0	0	0.566107595926738	0.359353857851704	0.520352818365202	1	0.946134098677855	0.791513244434225	0.885117123476026	1	0.860272360652643	0.999999792292664
ENSFCAG00000012287:MAML2	5	7	0	0	0	0.818608418611007	0	0	0	0.702579739752256	0.264140306503695	0.522725635387197	1	0.969812592766107	0.791513244434225	0.885117123476026	1	0.86181699726583	0.999999792292664
ENSFCAG00000031618:FANCL	1	1	0	0	0	0.397124172662527	0	0	0	0.378881034723366	0.409319970619534	0.523275338017244	1	0.838017658082717	0.791513244434225	0.885117123476026	1	0.862173299630369	0.999999792292664
ENSFCAG00000037938:NSD2	4	9	0	0	0	1.20417357399499	0	0	0	0.716214556090205	0.311201856833887	0.52391787333615	1	0.969812592766107	0.791513244434225	0.885117123476026	1	0.862589041693213	0.999999792292664
ENSFCAG00000037994:NRAS	0	2	0	0	0	2.74081077241383	0	0	0	0.30413854458554	0.682392296135659	0.524988706583986	1	0.821202552407601	0.793048088998907	0.885117123476026	1	0.863280156491703	0.999999792292664
ENSFCAG00000008249:KDM4C	4	9	2	0	0	1.20344702559341	2.73034970490012	2.73034970490012	0	0.717099734517478	0.258946584255532	0.528046686858378	1	0.969812592766107	0.791513244434225	0.885117123476026	1	0.865241764423713	0.999999792292664
ENSFCAG00000022640:MYCL	0	4	0	0	0	2.20023157027216	0	0	0	0.316326045403809	0.674303537627981	0.529816085797338	1	0.821202552407601	0.793048088998907	0.885117123476026	1	0.866368689346267	0.999999792292664
ENSFCAG00000025748:BCL2L1	3	1	0	0	0	0.392129161755419	0	0	0	0.339821581789719	0.506989043474469	0.530067844405454	1	0.826518829294165	0.791513244434225	0.885117123476026	1	0.866528552987854	0.999999792292664
ENSFCAG00000002431:RXRA	1	1	0	0	0	0.341564451135208	0	0	0	0.301414794714391	0.59701040928809	0.530938301956346	1	0.821202552407601	0.791513244434225	0.885117123476026	1	0.867080361829843	0.999999792292664
ENSFCAG00000012518:KEAP1	4	3	1	0	0	0.711598884995439	3.07440055995594	3.07440055995594	0	0.618693570485382	0.361477229810468	0.532531899327541	1	0.960268466288477	0.791513244434225	0.885117123476026	1	0.86808689421449	0.999999792292664
ENSFCAG00000038306:TRIM33	3	7	0	0	0	1.03793265222692	0	0	0	0.947691656534676	0.275899149471007	0.534820036857155	1	0.999855720353093	0.791513244434225	0.885117123476026	1	0.869523769512663	0.999999792292664
ENSFCAG00000030557:FOXF1	1	1	0	0	0	0.343179154145188	0	0	0	0.303680257829223	0.602165007584914	0.534968970671744	1	0.821202552407601	0.791513244434225	0.885117123476026	1	0.869616955277249	0.999999792292664
ENSFCAG00000013821:MSN	2	5	1	0	0	1.88224896099294	2.48286100033869	2.48286100033869	0	0.330196549535059	0.456165703259292	0.535099613626933	1	0.821202552407601	0.791513244434225	0.885117123476026	1	0.869698662574227	0.999999792292664
ENSFCAG00000006154:GATA2	4	8	0	0	0	1.60205970479464	0	0	0	0.369283634696862	0.554737706323492	0.535736797908204	1	0.834012736660679	0.791513244434225	0.885117123476026	1	0.870096716184653	0.999999792292664
ENSFCAG00000015718:PBRM1	7	17	3	0	0	1.21648278560037	2.18640560859707	2.18640560859707	0	0.624868308397235	0.27198109600768	0.540516011537176	1	0.960268466288477	0.791513244434225	0.885117123476026	1	0.873058227979987	0.999999792292664
ENSFCAG00000031292:ATXN7	3	10	0	0	0	1.33244759934702	0	0	0	0.582752341026822	0.383668517631439	0.542451700137683	1	0.953208747253344	0.791513244434225	0.885117123476026	1	0.874245661748954	0.999999792292664
ENSFCAG00000015184:ALOX12B	5	3	1	0	0	0.575924979967379	1.92240485822499	1.92240485822499	0	0.402356699809641	0.571850313259888	0.543472575617094	1	0.866465986640427	0.791513244434225	0.885117123476026	1	0.874869126571265	0.999999792292664
ENSFCAG00000002457:TBL1XR1	0	3	0	1	0	1.64874905247831	4.05323988211234	4.05323988211234	0	0.555958725108179	0.292797339524721	0.543869430479143	1	0.946134098677855	0.791513244434225	0.885117123476026	1	0.875110974294001	0.999999792292664
ENSFCAG00000005038:SF3B1	1	4	0	0	0	0.78537892445888	0	0	0	0.740962246315571	0.271846138524134	0.544095846024753	1	0.975310423918457	0.791513244434225	0.885117123476026	1	0.875248824671732	0.999999792292664
ENSFCAG00000011119:LATS2	9	10	0	0	0	0.919204946790852	0	0	0	0.845178276840951	0.271175678690065	0.544369330790236	1	0.999855720353093	0.791513244434225	0.885117123476026	1	0.875415206945502	0.999999792292664
ENSFCAG00000023397:POLQ	10	21	1	0	1	0.978616327004445	0.485706685217905	0.485706685217905	0.598359751359751	0.951714727523083	0.440555996567954	0.733981137693561	0.742369799873037	0.999855720353093	0.791513244434225	0.904153804116364	1	0.875728816598918	0.999999792292664
ENSFCAG00000009461:SMARCD1	1	1	0	0	0	0.408152369992384	0	0	0	0.39404987571934	0.428658938517698	0.545980493656288	1	0.857004796504732	0.791513244434225	0.885117123476026	1	0.87639261722236	0.999999792292664
ENSFCAG00000006093:FES	3	6	0	0	0	1.40712443981546	0	0	0	0.561759986204561	0.393194561731792	0.547007688101695	1	0.946134098677855	0.791513244434225	0.885117123476026	1	0.877013280905922	0.999999792292664
ENSFCAG00000014287:PDCD1	3	1	0	0	0	0.400971667757522	0	0	0	0.352513041892723	0.520368716267574	0.548015385747319	1	0.826518829294165	0.791513244434225	0.885117123476026	1	0.877620289637889	0.999999792292664
ENSFCAG00000025016:DDB2	1	4	0	0	0	1.7646072663125	0	0	0	0.436059768051648	0.505741922671152	0.552123705042753	1	0.89036580161988	0.791513244434225	0.885117123476026	1	0.880075885023988	0.999999792292664
ENSFCAG00000024623:LMO1	0	0	0	0	0	0	0	0	0	0.298728317514718	0.720467722621561	0.553257604354625	1	0.821202552407601	0.806876066789581	0.885117123476026	1	0.880748238562923	0.999999792292664
ENSFCAG00000012394:RHOH	0	2	0	0	0	2.66433824275315	0	0	0	0.317162238922921	0.717917893580878	0.554115253952346	1	0.821202552407601	0.806876066789581	0.885117123476026	1	0.881255244010219	0.999999792292664
ENSFCAG00000002617:GTF2I	3	7	1	1	0	1.05077540577543	2.57956468484832	2.57956468484832	0	0.930437741104573	0.290229848342523	0.555081086209159	1	0.999855720353093	0.791513244434225	0.885117123476026	1	0.881824613301934	0.999999792292664
ENSFCAG00000018839:SS18L1	2	2	1	0	0	0.715755282678376	3.14078936427328	3.14078936427328	0	0.687433580089401	0.360896617243621	0.555741235531915	1	0.969812592766107	0.791513244434225	0.885117123476026	1	0.882212811911551	0.999999792292664
ENSFCAG00000004249:NF2	2	2	1	0	0	0.626195919634327	2.61304319747058	2.61304319747058	0	0.570688509365799	0.433867076375692	0.559895900680175	1	0.946134098677855	0.791513244434225	0.885117123476026	1	0.884637988954473	0.999999792292664
ENSFCAG00000012784:STRN	0	4	0	0	0	1.64718911158511	0	0	0	0.527172702179745	0.453518357435905	0.560440711865043	1	0.942716823163935	0.791513244434225	0.885117123476026	1	0.884953716860633	0.999999792292664
ENSFCAG00000013987:MALT1	0	4	1	0	0	1.52673898069232	3.95619037689959	3.95619037689959	0	0.592376790966259	0.300139859772152	0.565411678188149	1	0.960206422901986	0.791513244434225	0.885117123476026	1	0.887810083824041	0.999999792292664
ENSFCAG00000004831:ARHGAP35	8	12	1	0	1	0.983071001199781	1.17957431657229	1.17957431657229	1.02610126582278	0.967722226070772	0.877362239466441	0.985492777039485	0.574974138568229	0.999855720353093	0.909134991615508	0.989902140695143	1	0.88850508562994	0.999999792292664
ENSFCAG00000022277:TRIP11	7	8	1	0	0	0.608634721401132	0.618317096248359	0.618317096248359	0	0.298911506300685	0.625390440194221	0.568421722038565	1	0.821202552407601	0.791513244434225	0.885117123476026	1	0.889518416373964	0.999999792292664
ENSFCAG00000012037:XIAP	6	5	0	0	0	0.838981353366633	0	0	0	0.753378603855296	0.297560262134846	0.569713513303065	1	0.975310423918457	0.791513244434225	0.885117123476026	1	0.89024667174802	0.999999792292664
ENSFCAG00000014501:ROBO1	4	8	1	1	0	0.79718521158877	1.9695894118434	1.9695894118434	0	0.668346202768076	0.431219067429088	0.570594154086011	1	0.968763571634869	0.791513244434225	0.885117123476026	1	0.890741459041246	0.999999792292664
ENSFCAG00000011030:PIK3R1	5	4	1	0	0	0.556853255568769	1.24599569624301	1.24599569624301	0	0.332203284949137	0.840718079993996	0.572939028644069	1	0.821202552407601	0.884033765614296	0.885117123476026	1	0.892052302842918	0.999999792292664
ENSFCAG00000037105:RPL22	0	0	0	0	0	0	0	0	0	0.313918035650858	0.730508397952384	0.573584892226642	1	0.821202552407601	0.806883814712473	0.885117123476026	1	0.892411669443327	0.999999792292664
ENSFCAG00000030898:NADK	3	3	1	0	0	0.814809503436829	3.25821946298996	3.25821946298996	0	0.772835505540671	0.343465382889559	0.573768230183428	1	0.980100615057775	0.791513244434225	0.885117123476026	1	0.89251354842599	0.999999792292664
ENSFCAG00000032943:CHCHD7	0	0	0	0	0	0	0	0	0	0.317495098028876	0.712834874720425	0.573785315335613	1	0.821202552407601	0.806876066789581	0.885117123476026	1	0.892523039481845	0.999999792292664
ENSFCAG00000030101:ERF	3	7	0	0	0	1.44230066745531	0	0	0	0.517222860528543	0.454874691649163	0.576716015847206	1	0.942121965019537	0.791513244434225	0.886447882668362	1	0.894143571720346	0.999999792292664
ENSFCAG00000022176:MLF1	3	3	0	1	0	0.94239374575281	3.595689616243	3.595689616243	0	0.933786466775108	0.310159422294505	0.578403563715086	1	0.999855720353093	0.791513244434225	0.886447882668362	1	0.895069940432775	0.999999792292664
ENSFCAG00000040420:GSK3B	1	1	0	0	0	0.419603492066889	0	0	0	0.409696877157588	0.46616061018998	0.57887559309928	1	0.871819421060459	0.791513244434225	0.886447882668362	1	0.895328176150171	0.999999792292664
ENSFCAG00000007256:KDM5C	6	10	1	0	1	1.04730394136124	1.16901757084469	1.16901757084469	0.986661114670083	0.920871825607432	0.884892178964643	0.987254224084879	0.587558119103013	0.999855720353093	0.912322820562858	0.990563456120917	1	0.895979471799018	0.999999792292664
ENSFCAG00000009522:TNFRSF14	0	4	0	0	0	1.95864633304154	0	0	0	0.393326898408199	0.617498178693423	0.580485447956412	1	0.857004796504732	0.791513244434225	0.886447882668362	1	0.896205995352016	0.999999792292664
ENSFCAG00000003492:CTCF	1	5	1	0	0	1.54384040697579	3.39729391170064	3.39729391170064	0	0.527523283055252	0.339342056985164	0.582011147541138	1	0.942716823163935	0.791513244434225	0.886447882668362	1	0.897033805676072	0.999999792292664
ENSFCAG00000011776:LMNA	4	3	0	0	0	0.636554656046246	0	0	0	0.506513761564788	0.389927989821422	0.584051513456449	1	0.932068356322089	0.791513244434225	0.886447882668362	1	0.898134613415862	0.999999792292664
ENSFCAG00000041799:E2F3	0	4	0	0	0	1.94111604728856	0	0	0	0.399723501688563	0.615904914134748	0.585616681115718	1	0.863459211602573	0.791513244434225	0.886447882668362	1	0.898974212178771	0.999999792292664
ENSFCAG00000027102:GAB1	4	8	0	0	0	0.937164401804976	0	0	0	0.902026211087667	0.301715303146357	0.586384987699991	1	0.999855720353093	0.791513244434225	0.886447882668362	1	0.899384821445186	0.999999792292664
ENSFCAG00000014494:MLLT6	5	13	1	0	0	1.52384059644453	2.06134307251829	2.06134307251829	0	0.349646312805025	0.535091261082981	0.5873457574473	1	0.826518829294165	0.791513244434225	0.886447882668362	1	0.899896873237242	0.999999792292664
ENSFCAG00000003706:FANCC	1	4	0	0	0	1.40749151903854	0	0	0	0.638536051638256	0.406333003008728	0.590925189187438	1	0.960268466288477	0.791513244434225	0.889006685725227	1	0.901790752912818	0.999999792292664
ENSFCAG00000002990:HRAS	0	2	0	0	0	2.50735509016922	0	0	0	0.346512415084566	0.727805806346949	0.591239175501202	1	0.826518829294165	0.806876066789581	0.889006685725227	1	0.901955846987738	0.999999792292664
ENSFCAG00000011529:VAV2	4	5	0	0	0	0.953264915505441	0	0	0	0.935661535997528	0.30726153891063	0.592969735827996	1	0.999855720353093	0.791513244434225	0.889006685725227	1	0.902862786186112	0.999999792292664
ENSFCAG00000026512:CRBN	0	2	0	1	0	1.04244447638255	3.73160224505011	3.73160224505011	0	0.964877383931031	0.318506301720346	0.594173334392035	1	0.999855720353093	0.791513244434225	0.889006685725227	1	0.903490580443979	0.999999792292664
ENSFCAG00000004034:DUSP9	4	2	0	0	0	0.517147454360156	0	0	0	0.389372463106368	0.546939408106712	0.59442604516821	1	0.854905799191976	0.791513244434225	0.889006685725227	1	0.903622083946357	0.999999792292664
ENSFCAG00000027874:MLLT11	0	0	0	0	0	0	0	0	0	0.323798182485407	0.811934361634913	0.600369458884712	1	0.821202552407601	0.863882768658948	0.894082544077068	1	0.906683989598284	0.999999792292664
ENSFCAG00000022323:PPP1CB	1	1	0	0	0	0.450945861847956	0	0	0	0.451902102661734	0.46410382483072	0.608019179868196	1	0.895312465805616	0.791513244434225	0.899997834115832	1	0.910538424609622	0.999999792292664
ENSFCAG00000029845:ZNF217	1	6	0	0	0	1.65350025685066	0	0	0	0.444519094721412	0.580977239168917	0.608350429073842	1	0.895260920472063	0.791513244434225	0.899997834115832	1	0.910703147055511	0.999999792292664
ENSFCAG00000003944:PTPN1	4	5	0	0	0	1.21829291367241	0	0	0	0.740693164550008	0.370251365636077	0.609595390882521	1	0.975310423918457	0.791513244434225	0.900356350349513	1	0.911320625291469	0.999999792292664
ENSFCAG00000000765:FOXO1	3	5	1	0	0	0.938593489269266	3.25423387639008	3.25423387639008	0	0.918039088011343	0.343897945453325	0.611645422682558	1	0.999855720353093	0.791513244434225	0.90087195090874	1	0.912331865486227	0.999999792292664
ENSFCAG00000011228:FANCD2	4	10	2	0	0	1.36555891576377	2.21511284823341	2.21511284823341	0	0.531437825401964	0.361345310416301	0.614402708577092	1	0.945012212298939	0.791513244434225	0.90087195090874	1	0.913681148654717	0.999999792292664
ENSFCAG00000041373:CEBPA	2	1	0	0	0	0.389412025926362	0	0	0	0.349108976864224	0.744014613953724	0.618763441380902	1	0.826518829294165	0.812867366692793	0.90087195090874	1	0.915789843347356	0.999999792292664
ENSFCAG00000030907:MAP3K7	2	4	0	0	0	1.0005338502868	0	0	0	0.999378169307216	0.333284750817592	0.61919761209183	1	0.999855720353093	0.791513244434225	0.90087195090874	1	0.915998106999378	0.999999792292664
ENSFCAG00000002154:STAT3	2	3	0	0	0	0.848711000773387	0	0	0	0.82442081552178	0.329348068002677	0.6194100831475	1	0.995067059594837	0.791513244434225	0.90087195090874	1	0.916099914473845	0.999999792292664
ENSFCAG00000004091:TRIM24	2	6	0	0	0	0.991179321910707	0	0	0	0.988619079499876	0.334679797489381	0.620879428176939	1	0.999855720353093	0.791513244434225	0.90087195090874	1	0.916801971327508	0.999999792292664
ENSFCAG00000024841:ETV6	2	5	0	0	0	1.40194825230473	0	0	0	0.601621646451127	0.45318269666899	0.623964202544633	1	0.960268466288477	0.791513244434225	0.90087195090874	1	0.918264580939763	0.999999792292664
ENSFCAG00000037388:RAD52	1	1	0	0	0	0.456759334879238	0	0	0	0.459620319305556	0.485374213686263	0.625629352652002	1	0.895312465805616	0.791513244434225	0.90087195090874	1	0.919047749547597	0.999999792292664
ENSFCAG00000013003:S1PR2	1	3	0	0	0	2.03788902444485	0	0	0	0.373120743757654	0.74179606064899	0.626558179254432	1	0.834012736660679	0.812867366692793	0.90087195090874	1	0.919482677457242	0.999999792292664
ENSFCAG00000005621:CACNA1D	17	21	0	1	0	0.940686395435945	0.421157704903821	0.421157704903821	0	0.84577040716486	0.334507123385136	0.627663987132	1	0.999855720353093	0.791513244434225	0.90087195090874	1	0.919998682486289	0.999999792292664
ENSFCAG00000002606:PRSS8	2	1	0	0	0	0.461084743955529	0	0	0	0.448843053894669	0.521909971375332	0.632875750963846	1	0.895260920472063	0.791513244434225	0.90087195090874	1	0.922404484980749	0.999999792292664
ENSFCAG00000001964:PDPK1	1	4	0	0	0	1.41024015137277	0	0	0	0.63662455343355	0.449989641108547	0.634615479331976	1	0.960268466288477	0.791513244434225	0.90087195090874	1	0.923197988932461	0.999999792292664
ENSFCAG00000012180:AKT2	5	4	0	0	0	0.795637196886094	0	0	0	0.708532080907658	0.362602342339015	0.634675984482421	1	0.969812592766107	0.791513244434225	0.90087195090874	1	0.923225499918797	0.999999792292664
ENSFCAG00000022680:ZNRF3	5	9	0	0	0	1.12054948722692	0	0	0	0.817248244720671	0.374192955090759	0.636550848691676	1	0.991741788863733	0.791513244434225	0.90087195090874	1	0.924075122942919	0.999999792292664
ENSFCAG00000024950:ARID5A	7	6	0	0	0	0.746626191754928	0	0	0	0.571099706357704	0.418904035843571	0.636622839464621	1	0.946134098677855	0.791513244434225	0.90087195090874	1	0.924107636454681	0.999999792292664
ENSFCAG00000004158:PAK1	2	5	0	0	0	1.36994484708388	0	0	0	0.626644725983758	0.455009636628439	0.639129860423286	1	0.960268466288477	0.791513244434225	0.90087195090874	1	0.92523482182548	0.999999792292664
ENSFCAG00000007533:PPFIBP1	4	7	2	0	0	0.937740744962709	2.11606200519058	2.11606200519058	0	0.905849844730909	0.387461341355888	0.639181005798177	1	0.999855720353093	0.791513244434225	0.90087195090874	1	0.925257714884505	0.999999792292664
ENSFCAG00000008090:TTL	1	3	0	0	0	1.69459849233537	0	0	0	0.506358842661755	0.546661560195708	0.640062703335566	1	0.932068356322089	0.791513244434225	0.90087195090874	1	0.925651726300596	0.999999792292664
ENSFCAG00000004802:MRTFA	5	8	0	0	0	1.00009170232917	0	0	0	0.999855720353093	0.349799371940446	0.64172005758202	1	0.999855720353093	0.791513244434225	0.90087195090874	1	0.926389075859993	0.999999792292664
ENSFCAG00000011397:ATP6AP1	4	5	0	0	0	1.32393382356285	0	0	0	0.639025653514068	0.444162275306784	0.644010259052665	1	0.960268466288477	0.791513244434225	0.90087195090874	1	0.92740093453493	0.999999792292664
ENSFCAG00000006091:FURIN	4	5	0	0	0	0.905416328907783	0	0	0	0.86678111916873	0.350034513147318	0.645195831714833	1	0.999855720353093	0.791513244434225	0.90087195090874	1	0.927921544063192	0.999999792292664
ENSFCAG00000003634:PDGFRB	10	14	2	0	0	1.18391992131787	2.1185633280477	2.1185633280477	0	0.663654751982117	0.367953293057469	0.646288238000151	1	0.968763571634869	0.791513244434225	0.90087195090874	1	0.928399313742968	0.999999792292664
ENSFCAG00000013778:IKBKE	3	5	0	1	0	1.46605927968592	2.6569731369009	2.6569731369009	0	0.53726097232925	0.422320080451542	0.648144673820461	1	0.946000692454247	0.791513244434225	0.90087195090874	1	0.929207002241996	0.999999792292664
ENSFCAG00000043511:NONO	4	5	0	0	0	0.992537132270516	0	0	0	0.989928573731941	0.354813893899203	0.64869363275001	1	0.999855720353093	0.791513244434225	0.90087195090874	1	0.929444821120623	0.999999792292664
ENSFCAG00000002679:ERCC2	4	4	0	0	0	0.936264601968948	0	0	0	0.917087671660263	0.353394098407817	0.650108373684178	1	0.999855720353093	0.791513244434225	0.90087195090874	1	0.930055571957791	0.999999792292664
ENSFCAG00000022519:NAB2	2	2	0	0	0	0.551176242630931	0	0	0	0.467907443129478	0.520841232390467	0.650340548805161	1	0.901675716588566	0.791513244434225	0.90087195090874	1	0.930155508872654	0.999999792292664
ENSFCAG00000042068:PMAIP1	0	1	0	0	0	3.18110121527933	0	0	0	0.373615301805083	0.822466137844855	0.652476079588682	1	0.834012736660679	0.871662541148928	0.90087195090874	1	0.931070838092005	0.999999792292664
ENSFCAG00000012034:SETDB2	2	4	0	0	0	0.938526564747908	0	0	0	0.926140123079222	0.357674806497964	0.654471217221795	1	0.999855720353093	0.791513244434225	0.90087195090874	1	0.931919676299029	0.999999792292664
ENSFCAG00000025470:KNL1	10	15	2	0	0	0.726557745594368	1.12651106327806	1.12651106327806	0	0.406713391956544	0.877424895547257	0.654474471019259	1	0.870311937249611	0.909134991615508	0.90087195090874	1	0.931921055665723	0.999999792292664
ENSFCAG00000006348:TRAF7	4	5	0	0	0	0.945829877038384	0	0	0	0.925152767597833	0.358907428369033	0.65641881151195	1	0.999855720353093	0.791513244434225	0.90087195090874	1	0.93274242042783	0.999999792292664
ENSFCAG00000001865:XPC	5	11	1	0	0	1.51416251119105	1.58728050196246	1.58728050196246	0	0.375289035931288	0.682247914476703	0.65838463680277	1	0.834012736660679	0.793048088998907	0.90087195090874	1	0.933567006227038	0.999999792292664
ENSFCAG00000029481:PPP4R2	1	4	0	0	0	1.35674448754158	0	0	0	0.674966662519637	0.455117514172231	0.658620900379207	1	0.969674797823138	0.791513244434225	0.90087195090874	1	0.933665713973602	0.999999792292664
ENSFCAG00000028662:PSIP1	0	1	0	0	0	0.470250239924924	0	0	0	0.502803833232377	0.485471481373972	0.661432988452454	1	0.932068356322089	0.791513244434225	0.90087195090874	1	0.934834067323951	0.999999792292664
ENSFCAG00000003976:IDH1	1	1	0	0	0	0.481373441145109	0	0	0	0.491881815349234	0.515783735454796	0.664375709905785	1	0.928295746425206	0.791513244434225	0.90087195090874	1	0.936043894829113	0.999999792292664
ENSFCAG00000023667:HERPUD1	3	5	0	0	0	1.20919018207142	0	0	0	0.758432994768328	0.419651106666898	0.666058494062407	1	0.975310423918457	0.791513244434225	0.90087195090874	1	0.936729868478211	0.999999792292664
ENSFCAG00000014042:CNOT3	4	6	0	0	0	1.04897229437955	0	0	0	0.93256029885894	0.379806638411249	0.668030907835682	1	0.999855720353093	0.791513244434225	0.90087195090874	1	0.937528496017557	0.999999792292664
ENSFCAG00000006305:CCN6	3	2	0	0	0	0.640152030119433	0	0	0	0.576346571791645	0.453854463663818	0.668639939763542	1	0.947910662030946	0.791513244434225	0.90087195090874	1	0.937773914650364	0.999999792292664
ENSFCAG00000026219:ETAA1	1	5	0	0	0	1.12808670032894	0	0	0	0.861526350795131	0.40319703623792	0.670601282396877	1	0.999855720353093	0.791513244434225	0.90087195090874	1	0.938560500005529	0.999999792292664
ENSFCAG00000006882:ZNF384	3	6	0	0	0	1.15068438343741	0	0	0	0.811398150637111	0.409313666314685	0.670943830081233	1	0.98843288080686	0.791513244434225	0.90087195090874	1	0.938697287918751	0.999999792292664
ENSFCAG00000031493:FOXO4	3	3	0	0	0	0.641686119414707	0	0	0	0.52804739649383	0.496922162650541	0.674416043547381	1	0.942716823163935	0.791513244434225	0.90087195090874	1	0.940073974549232	0.999999792292664
ENSFCAG00000022622:ETNK1	1	1	0	0	0	0.515311212135065	0	0	0	0.535185517461574	0.488634100692325	0.674741258628352	1	0.945339592692001	0.791513244434225	0.90087195090874	1	0.940202000998841	0.999999792292664
ENSFCAG00000013473:RAD21	1	4	1	0	0	1.34511073104634	2.95275065785219	2.95275065785219	0	0.683629745151338	0.390732269531225	0.677624937558104	1	0.969812592766107	0.791513244434225	0.90087195090874	1	0.941330361904814	0.999999792292664
ENSFCAG00000031995:SESN1	0	1	0	0	0	0.472851347286849	0	0	0	0.506041772300761	0.514576514168842	0.67981091569618	1	0.932068356322089	0.791513244434225	0.90087195090874	1	0.942177537939141	0.999999792292664
ENSFCAG00000015575:CXCR4	5	5	0	0	0	1.26287117326759	0	0	0	0.688170491206283	0.457805670553905	0.681864486544434	1	0.969812592766107	0.791513244434225	0.90087195090874	1	0.942966995680963	0.999999792292664
ENSFCAG00000018167:TAF15	0	2	0	0	0	0.686502116041082	0	0	0	0.688598244079001	0.404165859779239	0.68336003033083	1	0.969812592766107	0.791513244434225	0.90087195090874	1	0.943538036898015	0.999999792292664
ENSFCAG00000024493:AURKA	2	2	0	0	0	0.656602231657039	0	0	0	0.611171120693799	0.449609817464085	0.684642967620385	1	0.960268466288477	0.791513244434225	0.90087195090874	1	0.944025290471901	0.999999792292664
ENSFCAG00000022148:FIP1L1	0	4	0	0	0	1.33329395021675	0	0	0	0.716694360461855	0.472596544633942	0.684971840698269	1	0.969812592766107	0.791513244434225	0.90087195090874	1	0.944149807624349	0.999999792292664
ENSFCAG00000000348:CDC73	1	2	0	0	0	0.732817892964344	0	0	0	0.721525658701245	0.406484857159843	0.687637934871935	1	0.974330889494312	0.791513244434225	0.90087195090874	1	0.945153415947747	0.999999792292664
ENSFCAG00000030694:HOXD13	6	4	0	0	0	0.742975623392794	0	0	0	0.617958924418559	0.457562277556074	0.687652846257933	1	0.960268466288477	0.791513244434225	0.90087195090874	1	0.945158999993318	0.999999792292664
ENSFCAG00000012963:SAMHD1	1	4	1	0	0	1.30635181994486	2.91721100406403	2.91721100406403	0	0.713357830825533	0.395459974732284	0.687738648163328	1	0.969812592766107	0.791513244434225	0.90087195090874	1	0.945191124978958	0.999999792292664
ENSFCAG00000012455:KDM2B	6	13	1	0	0	1.45703043516211	1.26492196496811	1.26492196496811	0	0.387589081860227	0.82928193632871	0.68828462001494	1	0.85346857719667	0.875082466302211	0.90087195090874	1	0.94539529091123	0.999999792292664
ENSFCAG00000053177:CNTRL	6	10	0	1	1	0.925787898708887	0.771624668706453	0.771624668706453	0.652617796610169	0.868588525678362	0.799598800993072	0.963155631883684	0.716960628618194	0.999855720353093	0.853792774425421	0.97617260615393	1	0.9462358314941	0.999999792292664
ENSFCAG00000031909:ATG5	3	3	0	0	0	1.04619337972181	0	0	0	0.949840591463814	0.400579693582071	0.694429839057115	1	0.999855720353093	0.791513244434225	0.90087195090874	1	0.947663502972992	0.999999792292664
ENSFCAG00000013897:SMC1A	1	3	0	0	0	0.927622836581603	0	0	0	0.923522311113915	0.394684272821744	0.695726159127964	1	0.999855720353093	0.791513244434225	0.90087195090874	1	0.948135015229823	0.999999792292664
ENSFCAG00000009216:ATIC	0	1	0	0	0	0.494471550787155	0	0	0	0.532641208746311	0.514742107322018	0.695862487273513	1	0.945280247933177	0.791513244434225	0.90087195090874	1	0.948184461608612	0.999999792292664
ENSFCAG00000002153:STAT5A	1	3	0	0	0	1.21971240667041	0	0	0	0.800569557017072	0.442141824267838	0.698263584896062	1	0.985705259677895	0.791513244434225	0.90087195090874	1	0.949050969544676	0.999999792292664
ENSFCAG00000040323:BCL7A	2	3	0	0	0	1.41227725449721	0	0	0	0.646962137175997	0.506211558312552	0.700020037984367	1	0.962073393441276	0.791513244434225	0.90087195090874	1	0.949679607517265	0.999999792292664
ENSFCAG00000007089:MSH6	0	2	0	0	0	0.588787392807771	0	0	0	0.572403388668435	0.479389902785133	0.700319642972345	1	0.946134098677855	0.791513244434225	0.90087195090874	1	0.949786396427724	0.999999792292664
ENSFCAG00000002750:HIRA	10	12	2	0	0	0.859749638641271	1.68935508565891	1.68935508565891	0	0.708077710074167	0.518112455995028	0.702633115646407	1	0.969812592766107	0.791513244434225	0.90087195090874	1	0.950606680974891	0.999999792292664
ENSFCAG00000003156:ARID3C	0	3	0	0	0	1.66471632954217	0	0	0	0.548400269800878	0.605718294313499	0.703517177880163	1	0.946134098677855	0.791513244434225	0.90087195090874	1	0.950918128642215	0.999999792292664
ENSFCAG00000008473:NFIB	1	4	0	0	0	1.22635785336849	0	0	0	0.77909899732924	0.458705137422536	0.705301724701917	1	0.980100615057775	0.791513244434225	0.90087195090874	1	0.951543426268454	0.999999792292664
ENSFCAG00000030888:RECQL	1	3	0	0	0	0.999713964220221	0	0	0	0.999708624527711	0.408585725483686	0.705495798413599	1	0.999855720353093	0.791513244434225	0.90087195090874	1	0.951611156445122	0.999999792292664
ENSFCAG00000036644:CCND3	0	2	0	0	0	1.89840160542076	0	0	0	0.505786676559893	0.660428212584341	0.709085731860238	1	0.932068356322089	0.792141615497652	0.90087195090874	1	0.952854402469456	0.999999792292664
ENSFCAG00000027073:CDK8	0	1	0	0	0	0.527515329140475	0	0	0	0.572187654310143	0.50156801680648	0.709381424288365	1	0.946134098677855	0.791513244434225	0.90087195090874	1	0.952955993625428	0.999999792292664
ENSFCAG00000015151:PAG1	0	3	0	0	0	1.70922463754083	0	0	0	0.527984919339664	0.639888638572273	0.710834500444364	1	0.942716823163935	0.791513244434225	0.90087195090874	1	0.953453437443051	0.999999792292664
ENSFCAG00000009774:MEF2B	7	7	0	0	0	1.0608481135408	0	0	0	0.905614978725846	0.421461964901635	0.711449940955079	1	0.999855720353093	0.791513244434225	0.90087195090874	1	0.953663230571442	0.999999792292664
ENSFCAG00000046155:REST	1	4	0	0	0	0.788778354321964	0	0	0	0.745410832248984	0.425246905424829	0.712838335600196	1	0.975310423918457	0.791513244434225	0.90087195090874	1	0.954134555989416	0.999999792292664
ENSFCAG00000024636:RAD51C	2	3	0	0	0	1.09426251540722	0	0	0	0.903836011761389	0.426787883728669	0.712872276572765	1	0.999855720353093	0.791513244434225	0.90087195090874	1	0.954146044221744	0.999999792292664
ENSFCAG00000027895:BMPR1A	0	1	0	0	0	0.557265773206056	0	0	0	0.60662515795348	0.482300983601375	0.712913804445567	1	0.960268466288477	0.791513244434225	0.90087195090874	1	0.954160098245721	0.999999792292664
ENSFCAG00000023845:ACVR2A	1	3	0	0	0	1.08553944615967	0	0	0	0.916665344888604	0.428231802936055	0.713748027215552	1	0.999855720353093	0.791513244434225	0.90087195090874	1	0.95444190696094	0.999999792292664
ENSFCAG00000026462:VEGFA	2	2	0	0	0	0.642038947858655	0	0	0	0.591881626501506	0.504365923566186	0.714547638772229	1	0.960206422901986	0.791513244434225	0.90087195090874	1	0.954711108458576	0.999999792292664
ENSFCAG00000022076:NIN	8	10	2	0	0	0.752933199918013	1.27285405754293	1.27285405754293	0	0.520226116257025	0.76086848322204	0.718216996007808	1	0.942716823163935	0.8252410897697	0.90087195090874	1	0.955934994621776	0.999999792292664
ENSFCAG00000031745:KLF6	1	1	0	0	0	0.474986475053709	0	0	0	0.483577111912471	0.646285265802313	0.718461333043963	1	0.921979291926536	0.791513244434225	0.90087195090874	1	0.95601582460023	0.999999792292664
ENSFCAG00000029721:PPP2R2A	1	3	0	0	0	1.19735704658637	0	0	0	0.818731947430043	0.456841494420027	0.718649020024298	1	0.992201469355166	0.791513244434225	0.90087195090874	1	0.956077857546845	0.999999792292664
ENSFCAG00000011746:TSC2	7	7	1	0	0	0.71774468994917	1.42326964418681	1.42326964418681	0	0.502213944670385	0.748733228568258	0.719117245298067	1	0.932068356322089	0.815973834046476	0.90087195090874	1	0.956232398338942	0.999999792292664
ENSFCAG00000012114:OMD	0	3	0	0	0	1.64884727694243	0	0	0	0.555911841182676	0.630220974374649	0.724801484438731	1	0.946134098677855	0.791513244434225	0.902758127173572	1	0.958084260958065	0.999999792292664
ENSFCAG00000015103:CHEK1	1	2	0	0	0	0.778951427502157	0	0	0	0.775040729425953	0.438780350280487	0.727892742185292	1	0.980100615057775	0.791513244434225	0.902758127173572	1	0.959072622663094	0.999999792292664
ENSFCAG00000007401:PC	2	4	0	0	0	1.0392537617746	0	0	0	0.955183439383202	0.434667445727775	0.728364420566038	1	0.999855720353093	0.791513244434225	0.902758127173572	1	0.959222275667093	0.999999792292664
ENSFCAG00000035050:YAP1	0	3	0	0	0	1.50134613392965	0	0	0	0.632065167011405	0.569199326509083	0.729846770966607	1	0.960268466288477	0.791513244434225	0.902758127173572	1	0.959690604827025	0.999999792292664
ENSFCAG00000032259:DCUN1D1	2	2	0	0	0	0.969052236448642	0	0	0	0.970364809982978	0.432089817611323	0.733811133299285	1	0.999855720353093	0.791513244434225	0.904153804116364	1	0.96092831714994	0.999999792292664
ENSFCAG00000036921:SDHB	1	1	0	0	0	0.532114538532353	0	0	0	0.556094164064455	0.573797911182871	0.735715192000854	1	0.946134098677855	0.791513244434225	0.905030469064064	1	0.961515162016007	0.999999792292664
ENSFCAG00000023383:GNA13	4	3	0	0	0	0.870761559548124	0	0	0	0.841293214606669	0.445524033450338	0.740652655015385	1	0.999855720353093	0.791513244434225	0.909857844328066	1	0.963013998683797	0.999999792292664
ENSFCAG00000029360:DDX6	0	1	0	0	0	0.563374578522565	0	0	0	0.613558596254838	0.528080342863973	0.745570223934068	1	0.960268466288477	0.791513244434225	0.914647624443706	1	0.964474079403771	0.999999792292664
ENSFCAG00000004384:TGFBR2	2	4	0	0	0	1.2715582563641	0	0	0	0.726731617578623	0.521039240659639	0.746851379017073	1	0.975310423918457	0.791513244434225	0.914969356558433	1	0.9648491340514	0.999999792292664
ENSFCAG00000018774:TCF7L2	2	4	0	0	0	0.912271525333166	0	0	0	0.893252115844434	0.451066620092275	0.752072843303385	1	0.999855720353093	0.791513244434225	0.915648277709446	1	0.96635501237859	0.999999792292664
ENSFCAG00000045924:FBXO31	1	4	0	0	0	1.4269560759094	0	0	0	0.625132949747227	0.60075256724311	0.753226748290693	1	0.960268466288477	0.791513244434225	0.915648277709446	1	0.966682900637883	0.999999792292664
ENSFCAG00000002807:SOX10	6	8	1	0	0	1.10513128618179	2.42832482280623	2.42832482280623	0	0.839007864379806	0.454139718472058	0.753481900590544	1	0.999855720353093	0.791513244434225	0.915648277709446	1	0.966755164774332	0.999999792292664
ENSFCAG00000032392:CKS1B	0	1	0	0	0	2.31661279343625	0	0	0	0.50613427974618	0.757367827362307	0.757397258616425	1	0.932068356322089	0.824317818137691	0.915648277709446	1	0.96785325274972	0.999999792292664
ENSFCAG00000028649:DUSP4	2	4	0	0	0	1.49853272115101	0	0	0	0.557821858270982	0.673280591656044	0.757778935503181	1	0.946134098677855	0.793048088998907	0.915648277709446	1	0.967959212153898	0.999999792292664
ENSFCAG00000003427:HIF1A	1	5	1	0	0	1.25668616648344	2.47186979211922	2.47186979211922	0	0.740328927668796	0.464957665932816	0.758522659966191	1	0.975310423918457	0.791513244434225	0.915648277709446	1	0.968165129385787	0.999999792292664
ENSFCAG00000004737:CBL	5	12	0	1	0	1.39028841943248	1.47777413892292	1.47777413892292	0	0.473253659788689	0.726935861876787	0.75927525897645	1	0.910025238737136	0.806876066789581	0.915648277709446	1	0.968372761424074	0.999999792292664
ENSFCAG00000004894:SMARCA4	7	15	1	0	0	1.35464204809051	1.14751080196981	1.14751080196981	0	0.458980433529155	0.897740113361162	0.759693689867089	1	0.895312465805616	0.920286097943291	0.915648277709446	1	0.968487878210796	0.999999792292664
ENSFCAG00000027069:GATA6	2	5	0	0	0	1.22972189632122	0	0	0	0.74920338337377	0.529625668591444	0.761657590261503	1	0.975310423918457	0.791513244434225	0.915648277709446	1	0.969025100253733	0.999999792292664
ENSFCAG00000002120:HOXB13	1	1	0	0	0	0.537278686854427	0	0	0	0.562447398331909	0.62000076721828	0.76202189434886	1	0.946134098677855	0.791513244434225	0.915648277709446	1	0.969124197911636	0.999999792292664
ENSFCAG00000030830:PTPN2	0	1	0	0	0	0.615684347313239	0	0	0	0.671014411533283	0.516901638813926	0.762022552483891	1	0.968763571634869	0.791513244434225	0.915648277709446	1	0.969124376779284	0.999999792292664
ENSFCAG00000018503:ABRAXAS1	0	1	0	0	0	0.586589440478862	0	0	0	0.639479416464211	0.550296190952925	0.770489724462236	1	0.960268466288477	0.791513244434225	0.915648277709446	1	0.971378709401264	0.999999792292664
ENSFCAG00000010997:PRKAR1A	1	2	0	0	0	0.720818023052901	0	0	0	0.707239514230039	0.514283691294423	0.771323999697401	1	0.969812592766107	0.791513244434225	0.915648277709446	1	0.971595777608401	0.999999792292664
ENSFCAG00000012557:ACKR3	4	2	0	0	0	0.676324640857564	0	0	0	0.616790990172405	0.587847548978229	0.772781264173176	1	0.960268466288477	0.791513244434225	0.915648277709446	1	0.971972775868212	0.999999792292664
ENSFCAG00000008618:EZH2	1	2	0	0	0	0.800839402992711	0	0	0	0.799636878934067	0.490676264061507	0.776289550198553	1	0.985705259677895	0.791513244434225	0.915648277709446	1	0.972869117543663	0.999999792292664
ENSFCAG00000030253:PATZ1	1	4	0	0	0	1.26263205465093	0	0	0	0.748537839904576	0.55376697902796	0.778319121615362	1	0.975310423918457	0.791513244434225	0.915648277709446	1	0.973380414499021	0.999999792292664
ENSFCAG00000005890:SLC1A2	6	5	1	0	0	0.965034948097122	2.22312474207929	2.22312474207929	0	0.949497357805391	0.495503259274205	0.780999249893005	1	0.999855720353093	0.791513244434225	0.915648277709446	1	0.97404749544835	0.999999792292664
ENSFCAG00000006925:PARP2	0	2	0	0	0	1.03763731083238	0	0	0	0.968777428035761	0.491982790580074	0.78240772693021	1	0.999855720353093	0.791513244434225	0.915648277709446	1	0.974394375055381	0.999999792292664
ENSFCAG00000023035:JAZF1	0	2	0	0	0	1.48871014393685	0	0	0	0.676586122950936	0.606391753730226	0.783971082013861	1	0.969674797823138	0.791513244434225	0.915648277709446	1	0.974776429150212	0.999999792292664
ENSFCAG00000022485:TMEM30A	1	2	0	0	0	0.872230609434955	0	0	0	0.876276242027736	0.488343139558186	0.784120574457431	1	0.999855720353093	0.791513244434225	0.915648277709446	1	0.974812798839042	0.999999792292664
ENSFCAG00000033129:FAS	1	1	0	0	0	0.614703505751429	0	0	0	0.653524242760778	0.571808724419376	0.784846322286856	1	0.962073393441276	0.791513244434225	0.915648277709446	1	0.97498895949429	0.999999792292664
ENSFCAG00000006604:SETD6	0	1	0	0	0	0.575738695342943	0	0	0	0.627448114593386	0.5859384713581	0.78493024447026	1	0.960268466288477	0.791513244434225	0.915648277709446	1	0.975009286612451	0.999999792292664
ENSFCAG00000023702:PIM1	1	1	0	0	0	0.593052703760442	0	0	0	0.628848647219088	0.592834945601603	0.785132710285383	1	0.960268466288477	0.791513244434225	0.915648277709446	1	0.975058289710542	0.999999792292664
ENSFCAG00000000959:PASK	10	11	1	0	0	0.758048288054953	1.01568046853938	1.01568046853938	0	0.501658711040686	0.988078958416071	0.789284790191053	1	0.932068356322089	0.990284491805392	0.917811081090292	1	0.976051728708734	0.999999792292664
ENSFCAG00000026299:RAF1	4	4	1	0	0	0.760580156327596	1.61833059195573	1.61833059195573	0	0.663078771772818	0.6725235883049	0.792864311452624	1	0.968763571634869	0.793048088998907	0.918144573988521	1	0.976890639343097	0.999999792292664
ENSFCAG00000036364:BCL10	1	1	0	0	0	0.560022829853648	0	0	0	0.59001706427502	0.657285538916994	0.7949171504342	1	0.960206422901986	0.792141615497652	0.918144573988521	1	0.977364454542389	0.999999792292664
ENSFCAG00000033551:DNAJB1	1	3	0	0	0	1.46857337159388	0	0	0	0.626680808200343	0.666153078752477	0.796316670646783	1	0.960268466288477	0.792228218154913	0.918144573988521	1	0.977684437493448	0.999999792292664
ENSFCAG00000026699:CDX2	4	4	0	0	0	1.11330756546503	0	0	0	0.866220303073003	0.528734128272853	0.801194943651376	1	0.999855720353093	0.791513244434225	0.918144573988521	1	0.978780593033904	0.999999792292664
ENSFCAG00000007090:FBXO11	2	4	1	0	0	0.746504490873522	1.53373253033518	1.53373253033518	0	0.668991940986587	0.711571543503197	0.803534108848933	1	0.968763571634869	0.806807128871049	0.918144573988521	1	0.979295659916967	0.999999792292664
ENSFCAG00000013380:ATP6V1B2	2	4	1	0	0	1.15695213028147	2.20942211048484	2.20942211048484	0	0.831751751685831	0.51050047410662	0.803645967723825	1	0.999855720353093	0.791513244434225	0.918144573988521	1	0.979320119654546	0.999999792292664
ENSFCAG00000034591:FRS2	1	3	0	0	0	0.988166708233476	0	0	0	0.987874126303979	0.510927553276914	0.804116646454793	1	0.999855720353093	0.791513244434225	0.918144573988521	1	0.979422870545605	0.999999792292664
ENSFCAG00000025662:SH3GL1	2	2	0	0	0	0.798703050200202	0	0	0	0.78810646051898	0.533482092519224	0.804508906510425	1	0.981556278403758	0.791513244434225	0.918144573988521	1	0.979508291868554	0.999999792292664
ENSFCAG00000000499:SDHC	3	2	0	0	0	0.999199958614242	0	0	0	0.999225329039594	0.510586498531136	0.804533439913653	1	0.999855720353093	0.791513244434225	0.918144573988521	1	0.979513628079888	0.999999792292664
ENSFCAG00000004913:EPOR	1	2	0	0	0	0.807288381490412	0	0	0	0.806785485371106	0.528066972575492	0.806275218063523	1	0.985705259677895	0.791513244434225	0.918144573988521	1	0.979890568119031	0.999999792292664
ENSFCAG00000009538:TRIP13	1	2	0	0	0	1.10987925252716	0	0	0	0.906530038137861	0.528114185145705	0.806410816316837	1	0.999855720353093	0.791513244434225	0.918144573988521	1	0.979919755107246	0.999999792292664
ENSFCAG00000028848:CIITA	9	13	1	0	0	1.2707477838905	1.51682524295062	1.51682524295062	0	0.552869239100262	0.705932396995432	0.806667044133222	1	0.946134098677855	0.806152462079931	0.918144573988521	1	0.979974844886227	0.999999792292664
ENSFCAG00000006788:ACTB	2	3	0	0	0	1.29736769039305	0	0	0	0.728791849986725	0.596899645727757	0.806760755295659	1	0.975310423918457	0.791513244434225	0.918144573988521	1	0.979994972750462	0.999999792292664
ENSFCAG00000027650:EPS15	2	5	0	1	0	0.872339502158254	1.89472644164587	1.89472644164587	0	0.833117828369143	0.589430438134254	0.808519419611106	1	0.999855720353093	0.791513244434225	0.918144573988521	1	0.980370691954524	0.999999792292664
ENSFCAG00000012379:SPRED1	0	2	0	0	0	1.09134134503579	0	0	0	0.926306360951862	0.529964714263194	0.808744273969844	1	0.999855720353093	0.791513244434225	0.918144573988521	1	0.980418453615291	0.999999792292664
ENSFCAG00000027928:FUS	2	5	1	0	0	1.12267166588285	2.17313762777041	2.17313762777041	0	0.858036914568212	0.518601829767614	0.811732810802668	1	0.999855720353093	0.791513244434225	0.91932056040674	1	0.981047322888045	0.999999792292664
ENSFCAG00000027081:SMAD3	2	3	0	0	0	0.968047253135047	0	0	0	0.965107302791108	0.518627298693142	0.811827621829114	1	0.999855720353093	0.791513244434225	0.91932056040674	1	0.981067093418544	0.999999792292664
ENSFCAG00000028366:XBP1	2	3	0	0	0	1.0089656547836	0	0	0	0.990420302116737	0.52386713869354	0.814070037345202	1	0.999855720353093	0.791513244434225	0.920606376615917	1	0.981531469481799	0.999999792292664
ENSFCAG00000042993:GATA3	0	3	0	0	0	1.46974781680203	0	0	0	0.649978943221053	0.684423462109302	0.815908085099319	1	0.962073393441276	0.793048088998907	0.920606376615917	1	0.981907498760998	0.999999792292664
ENSFCAG00000008222:RPN1	2	3	0	0	0	1.016912789107	0	0	0	0.982005820555281	0.527102107412661	0.816038614461325	1	0.999855720353093	0.791513244434225	0.920606376615917	1	0.981934044985323	0.999999792292664
ENSFCAG00000031216:CA5B	0	2	0	0	0	1.01525309595238	0	0	0	0.98719845194987	0.53512296848254	0.821299439119564	1	0.999855720353093	0.791513244434225	0.922360468308465	1	0.982986615611275	0.999999792292664
ENSFCAG00000007047:MYO18A	9	15	1	0	0	1.25578565836752	0.905181241389097	0.905181241389097	0	0.559020557932921	0.922788795327793	0.8219224037414	1	0.946134098677855	0.943809041235032	0.922360468308465	1	0.983109020902881	0.999999792292664
ENSFCAG00000028016:KLF4	1	4	0	0	0	1.3429286181172	0	0	0	0.685267870571101	0.659295524862194	0.82268592231835	1	0.969812592766107	0.792141615497652	0.922360468308465	1	0.983258399464537	0.999999792292664
ENSFCAG00000029939:SPRTN	0	2	0	0	0	1.04336588366323	0	0	0	0.964132090092267	0.545464488902439	0.826980495447311	1	0.999855720353093	0.791513244434225	0.925970679441004	1	0.984085427802455	0.999999792292664
ENSFCAG00000012147:NFE2L2	0	2	0	0	0	0.894607121667013	0	0	0	0.905810710343769	0.541448298689764	0.829214753139907	1	0.999855720353093	0.791513244434225	0.927316124931054	1	0.984506863612133	0.999999792292664
ENSFCAG00000039688:NKX3-1	1	2	0	0	0	1.26846870596281	0	0	0	0.790271607495137	0.60185885262485	0.832331132942033	1	0.981556278403758	0.791513244434225	0.929225965241753	1	0.985084638374293	0.999999792292664
ENSFCAG00000045823:CBFB	1	1	0	0	0	0.74846205153884	0	0	0	0.79265771253656	0.579320579703988	0.83650993616528	1	0.981802242562526	0.791513244434225	0.930522727882587	1	0.985841080363714	0.999999792292664
ENSFCAG00000009638:HNF1A	9	10	0	1	0	1.15305308282712	1.83377733304091	1.83377733304091	0	0.742075355258329	0.592444656571631	0.84016177575214	1	0.975310423918457	0.791513244434225	0.930522727882587	1	0.986485035774746	0.999999792292664
ENSFCAG00000043801:ZNF703	4	5	0	0	0	0.806833650836664	0	0	0	0.716571453446597	0.630281319816033	0.842546853700664	1	0.969812592766107	0.791513244434225	0.930522727882587	1	0.986897040676775	0.999999792292664
ENSFCAG00000013722:STK11	0	2	0	0	0	1.34820429563028	0	0	0	0.75331787839829	0.645021635829485	0.843720039792883	1	0.975310423918457	0.791513244434225	0.930522727882587	1	0.98709722155386	0.999999792292664
ENSFCAG00000039437:WWTR1	1	2	0	0	0	0.813310835107644	0	0	0	0.813420822846625	0.586617839405656	0.847410533755541	1	0.98843288080686	0.791513244434225	0.930522727882587	1	0.987716304464656	0.999999792292664
ENSFCAG00000015536:ADGRA2	6	10	1	0	0	1.21828960208405	1.67856003541167	1.67856003541167	0	0.670937209717113	0.646930834787009	0.849515491984965	1	0.968763571634869	0.791513244434225	0.930522727882587	1	0.988062210235859	0.999999792292664
ENSFCAG00000025031:HOOK3	1	3	1	0	0	0.947082292522703	1.88236016375866	1.88236016375866	0	0.944628450844264	0.599422228509492	0.8503270122021	1	0.999855720353093	0.791513244434225	0.930522727882587	1	0.988194172850086	0.999999792292664
ENSFCAG00000000258:BAX	0	1	0	0	0	1.19306979916752	0	0	0	0.882525252591986	0.595019460088618	0.852218663199619	1	0.999855720353093	0.791513244434225	0.930522727882587	1	0.988498771788807	0.999999792292664
ENSFCAG00000041686:MSI2	0	1	0	0	0	0.703828462023054	0	0	0	0.760264250270512	0.62533306841186	0.857209813661443	1	0.975310423918457	0.791513244434225	0.930522727882587	1	0.989282330058248	0.999999792292664
ENSFCAG00000042273:MAF	0	1	0	0	0	0.58895131306194	0	0	0	0.642078713720731	0.744072355703203	0.858327094382199	1	0.960977808202027	0.812867366692793	0.930522727882587	1	0.98945374455545	0.999999792292664
ENSFCAG00000042983:CRKL	0	2	0	0	0	1.28928610543619	0	0	0	0.788974434423968	0.649264901899479	0.859532775569934	1	0.981556278403758	0.791513244434225	0.930522727882587	1	0.989637090092224	0.999999792292664
ENSFCAG00000028389:MAP2K1	1	2	0	0	0	0.949452988608205	0	0	0	0.953065640501423	0.582592284302807	0.859770761783285	1	0.999855720353093	0.791513244434225	0.930522727882587	1	0.989673080246326	0.999999792292664
ENSFCAG00000015395:BTK	3	6	0	1	0	1.24266738134443	1.74520086256359	1.74520086256359	0	0.711879656871729	0.630998380587191	0.860253474991918	1	0.969812592766107	0.791513244434225	0.930522727882587	1	0.989745877651766	0.999999792292664
ENSFCAG00000009048:PDCD1LG2	2	2	0	0	0	0.99234497001132	0	0	0	0.992765431707497	0.587310735301008	0.862689752498807	1	0.999855720353093	0.791513244434225	0.930522727882587	1	0.990109159533873	0.999999792292664
ENSFCAG00000045230:PHOX2B	4	4	0	0	0	1.08815049700509	0	0	0	0.894412566542976	0.608597854877783	0.865411698989946	1	0.999855720353093	0.791513244434225	0.930522727882587	1	0.990506901828282	0.999999792292664
ENSFCAG00000043691:RYBP	1	2	0	0	0	1.24860135865481	0	0	0	0.80373369989181	0.647247904897234	0.865757089044321	1	0.985705259677895	0.791513244434225	0.930522727882587	1	0.990556759023129	0.999999792292664
ENSFCAG00000048115:FANCF	0	1	0	0	0	0.711242856398682	0	0	0	0.767354947941847	0.64024030722154	0.867145591304319	1	0.979382707401389	0.791513244434225	0.930522727882587	1	0.990755800037815	0.999999792292664
ENSFCAG00000045118:CDK6	0	1	0	0	0	0.757450993057394	0	0	0	0.81015641989013	0.622164306714748	0.868349717110922	1	0.98843288080686	0.791513244434225	0.930522727882587	1	0.990926610591003	0.999999792292664
ENSFCAG00000004020:DAXX	0	2	0	0	0	0.761321594931231	0	0	0	0.771568153830762	0.642817179890415	0.871357948800883	1	0.980100615057775	0.791513244434225	0.932633418382828	1	0.991346050104006	0.999999792292664
ENSFCAG00000007246:DDX10	3	7	1	0	0	1.19569349412376	1.74005911949386	1.74005911949386	0	0.752314138586763	0.632690765898007	0.873372608018439	1	0.975310423918457	0.791513244434225	0.932643745056162	1	0.991621146315618	0.999999792292664
ENSFCAG00000038352:HOXC11	2	3	0	0	0	1.11472686226302	0	0	0	0.884265118611819	0.62936642793932	0.875831284433065	1	0.999855720353093	0.791513244434225	0.932643745056162	1	0.991950576362999	0.999999792292664
ENSFCAG00000010347:MAX	1	3	0	0	0	1.06141946345538	0	0	0	0.93940390725947	0.618793899709027	0.87721113073026	1	0.999855720353093	0.791513244434225	0.932643745056162	1	0.992132432491549	0.999999792292664
ENSFCAG00000008129:CD79A	1	1	0	0	0	0.785050927900972	0	0	0	0.826928007838883	0.635497487385301	0.877810166420549	1	0.996753491327943	0.791513244434225	0.932643745056162	1	0.992210706213659	0.999999792292664
ENSFCAG00000013515:IL10	1	1	0	0	0	1.06647347550179	0	0	0	0.954917543380878	0.616254255994422	0.878637648460482	1	0.999855720353093	0.791513244434225	0.932643745056162	1	0.992318157847178	0.999999792292664
ENSFCAG00000007945:HOXA11	2	3	0	0	0	1.15285626149264	0	0	0	0.849003474991692	0.656758565671624	0.884481810743618	1	0.999855720353093	0.792141615497652	0.936672955229824	1	0.993054898375878	0.999999792292664
ENSFCAG00000008354:SH2D1A	2	1	0	0	0	0.995120759832943	0	0	0	0.996463414357781	0.622212359235745	0.885522686691382	1	0.999855720353093	0.791513244434225	0.936672955229824	1	0.993182057142887	0.999999792292664
ENSFCAG00000026584:LRP1B	21	51	5	2	0	1.05726954912225	1.23931038447436	1.23931038447436	0	0.822495571619452	0.625088386331556	0.886533023545824	1	0.994079439184748	0.791513244434225	0.936672955229824	1	0.993304314917916	0.999999792292664
ENSFCAG00000029552:BCL2	1	1	0	0	0	0.73271587888606	0	0	0	0.777428026907887	0.677396490672272	0.886605803948052	1	0.980100615057775	0.793048088998907	0.936672955229824	1	0.993313077376736	0.999999792292664
ENSFCAG00000002084:DDIT3	1	1	0	0	0	0.815136772370399	0	0	0	0.853973192471343	0.647054365654403	0.889434518983168	1	0.999855720353093	0.791513244434225	0.937455631510429	1	0.993649019123444	0.999999792292664
ENSFCAG00000006857:XRCC2	1	2	0	0	0	1.11829240226149	0	0	0	0.899832029872761	0.649266010496664	0.890529229810446	1	0.999855720353093	0.791513244434225	0.937509083669145	1	0.993776612317795	0.999999792292664
ENSFCAG00000006634:LRIG3	7	13	1	0	0	1.22265038048699	1.07514294425334	1.07514294425334	0	0.635544185928013	0.945571281781021	0.893131197711333	1	0.960268466288477	0.959461029423002	0.938131089529649	1	0.994074485245345	0.999999792292664
ENSFCAG00000012862:RHEB	0	1	0	0	0	1.09339701772886	0	0	0	0.940020271466615	0.646185242649643	0.894611128840239	1	0.999855720353093	0.791513244434225	0.938131089529649	1	0.994240524255231	0.999999792292664
ENSFCAG00000031608:KLF5	0	2	0	0	0	1.0891232547881	0	0	0	0.928013419299747	0.651367803604557	0.895080534148581	1	0.999855720353093	0.791513244434225	0.938131089529649	1	0.994292676988595	0.999999792292664
ENSFCAG00000022679:YPEL5	1	1	0	0	0	1.3324038404718	0	0	0	0.805125550723057	0.697489380875217	0.895390450034386	1	0.985705259677895	0.803007005161468	0.938131089529649	1	0.994326974908808	0.999999792292664
ENSFCAG00000045832:ID3	0	1	0	0	0	1.6203281159184	0	0	0	0.693533830162816	0.817927979657471	0.898204661983606	1	0.969812592766107	0.869229971280957	0.938131089529649	1	0.99463351447286	0.999999792292664
ENSFCAG00000041254:CCDC6	0	2	0	0	0	0.968883558155974	0	0	0	0.973246390906882	0.643578767991378	0.898432891977169	1	0.999855720353093	0.791513244434225	0.938131089529649	1	0.994657987641453	0.999999792292664
ENSFCAG00000025265:CAMTA1	10	16	0	1	0	1.17564557717306	0.962752930177083	0.962752930177083	0	0.666853514903576	0.970699830414257	0.904343136783173	1	0.968763571634869	0.978325979474751	0.941750996419509	1	0.995271596685347	0.999999792292664
ENSFCAG00000012089:MOB3B	0	1	0	0	0	0.860470880029206	0	0	0	0.897476330153027	0.673719342877495	0.910699664106779	1	0.999855720353093	0.793048088998907	0.945739511437356	1	0.995888435212597	0.999999792292664
ENSFCAG00000010841:MAFB	0	1	0	0	0	0.68603913187493	0	0	0	0.742993659284811	0.770012098472159	0.91233525933277	1	0.975310423918457	0.833097427021685	0.945739511437356	1	0.996039964379605	0.999999792292664
ENSFCAG00000012230:B2M	1	1	0	0	0	1.2231304621167	0	0	0	0.861386040090613	0.702170936017771	0.912522256191312	1	0.999855720353093	0.804272322122396	0.945739511437356	1	0.996057101757571	0.999999792292664
ENSFCAG00000036350:BCL2L11	0	1	0	0	0	0.877724888174955	0	0	0	0.91108191216289	0.675646048917979	0.913091488214017	1	0.999855720353093	0.793048088998907	0.945739511437356	1	0.996109033345997	0.999999792292664
ENSFCAG00000008071:TMPRSS2	6	6	0	1	0	1.08896032246306	1.58300705003377	1.58300705003377	0	0.873143459325382	0.68232684520382	0.916089817529022	1	0.999855720353093	0.793048088998907	0.945848191392922	1	0.996376721595273	0.999999792292664
ENSFCAG00000029172:KMT5A	0	2	0	0	0	1.01104474838127	0	0	0	0.990710093256874	0.678831398301827	0.916835706502265	1	0.999855720353093	0.793048088998907	0.945848191392922	1	0.996441788377574	0.999999792292664
ENSFCAG00000044642:GNA11	0	1	0	0	0	0.938586960480119	0	0	0	0.956924406370399	0.678448280536274	0.917353816623728	1	0.999855720353093	0.793048088998907	0.945848191392922	1	0.996486627952086	0.999999792292664
ENSFCAG00000005115:ABL1	7	11	0	1	0	1.05310987942981	1.58776504044708	1.58776504044708	0	0.906766112565535	0.679217837714804	0.9174095486673	1	0.999855720353093	0.793048088998907	0.945848191392922	1	0.996491433818928	0.999999792292664
ENSFCAG00000018496:SMARCA1	5	10	1	0	0	1.14580506848234	0.815363708316482	0.815363708316482	0	0.776972147612534	0.843907036272215	0.922871612490804	1	0.980100615057775	0.88634914452918	0.950388426624704	1	0.996946042941467	0.999999792292664
ENSFCAG00000003030:INSR	17	21	0	1	0	1.01377514858062	0.697633565166432	0.697633565166432	0	0.965266901636146	0.710573610310945	0.927697783570809	1	0.999855720353093	0.806694187179809	0.954264157670775	1	0.997320818970634	0.999999792292664
ENSFCAG00000002828:PIK3CB	4	9	1	0	0	1.20962853267755	1.16852497735731	1.16852497735731	0	0.70959730259572	0.886813780045217	0.931923108422268	1	0.969812592766107	0.913255475321795	0.9575136743286	1	0.997628318658063	0.999999792292664
ENSFCAG00000045613:FEV	0	1	0	0	0	1.05082425210636	0	0	0	0.966577066358912	0.725013193033425	0.938190824874218	1	0.999855720353093	0.806876066789581	0.962076853871149	1	0.998049193917245	0.999999792292664
ENSFCAG00000001563:SEC31A	5	12	1	0	0	1.14595415584747	0.906861155417063	0.906861155417063	0	0.768074948425608	0.925874025596934	0.942149502741817	1	0.979382707401389	0.944812357938689	0.962076853871149	1	0.998293425076724	0.999999792292664
ENSFCAG00000043871:BTG1	0	1	0	0	0	1.22371552253565	0	0	0	0.86606097504261	0.772697179311988	0.943385617429731	1	0.999855720353093	0.833757027107168	0.962076853871149	1	0.998366276222936	0.999999792292664
ENSFCAG00000025219:MRE11	3	6	1	0	0	0.995491789181738	1.44868166959931	1.44868166959931	0	0.993873897776491	0.743828466229777	0.943863817662007	1	0.999855720353093	0.812867366692793	0.962076853871149	1	0.998394024627093	0.999999792292664
ENSFCAG00000002830:TEK	11	14	1	0	0	1.03046954909226	0.754051312412542	0.754051312412542	0	0.937199918576751	0.77654854968553	0.95124544100912	1	0.999855720353093	0.835138440260606	0.967404763336568	1	0.99879169641633	0.999999792292664
ENSFCAG00000027677:SOCS3	0	1	0	0	0	0.88785109021846	0	0	0	0.918938553935418	0.771659080640297	0.955090125622094	1	0.999855720353093	0.833757027107168	0.970215987340091	1	0.998976106754894	0.999999792292664
ENSFCAG00000009436:TYK2	7	9	1	0	0	1.08145625479578	1.29819636042273	1.29819636042273	0	0.866153634281644	0.810517576405951	0.964215035254494	1	0.999855720353093	0.863398319825082	0.97617260615393	1	0.999351941001722	0.999999792292664
ENSFCAG00000018332:PTPN13	6	15	2	0	0	1.02031596418298	1.2221378209345	1.2221378209345	0	0.962507452839237	0.802495234652183	0.968538621517237	1	0.999855720353093	0.855867839332138	0.97850372062944	1	0.999499817437802	0.999999792292664
ENSFCAG00000008747:PTPRO	13	19	1	1	0	1.08716957645959	1.00118440269419	1.00118440269419	0	0.806626428907406	0.998742856967883	0.96869689046723	1	0.985705259677895	0.998742856967883	0.97850372062944	1	0.999504863877884	0.999999792292664
ENSFCAG00000026560:ARHGEF12	5	10	1	0	0	0.937815513894804	0.820971571661271	0.820971571661271	0	0.894161739739701	0.849214417292988	0.978641261819842	1	0.999855720353093	0.886737845033841	0.986329801474992	1	0.999770260622592	0.999999792292664
ENSFCAG00000004047:HIP1	5	6	0	1	0	0.956400157470168	1.18223418859179	1.18223418859179	0	0.934951407913953	0.877607021585445	0.981349100658568	1	0.999855720353093	0.909134991615508	0.987950103577796	1	0.999824980474278	0.999999792292664
ENSFCAG00000006381:KMT2B	10	19	1	0	0	1.02854582865514	0.874135782175375	0.874135782175375	0	0.938240094628373	0.895003656248428	0.985457416446756	1	0.999855720353093	0.919353329693303	0.989902140695143	1	0.999893740277815	0.999999792292664
ENSFCAG00000000746:AGO1	8	8	1	0	0	0.976903380928122	1.09081196988759	1.09081196988759	0	0.960212036902348	0.934573180272725	0.994429159010146	1	0.999855720353093	0.950449281862862	0.996648866954365	1	0.999984453970307	0.999999792292664
ENSFCAG00000018200:PDS5B	4	9	1	0	0	0.959470168997524	0.99204928539948	0.99204928539948	0	0.935817239823861	0.994060893683282	0.996641362975996	1	0.999855720353093	0.99516909980779	0.997752445877865	1	0.99999435345356	0.999999792292664
ENSFCAG00000013612:FGFR1	10	11	0	1	0	0.987178937814274	0.97624820797809	0.97624820797809	0	0.975064791197487	0.981478962812812	0.999355542536059	1	0.999855720353093	0.986974365740095	0.999355542536059	1	0.999999792292664	0.999999792292664
