gene_name	n_syn	n_mis	n_non	n_spl	n_ind	wmis_cv	wnon_cv	wspl_cv	wind_cv	pmis_cv	ptrunc_cv	pallsubs_cv	pind_cv	qmis_cv	qtrunc_cv	qallsubs_cv	qind_cv	pglobal_cv	qglobal_cv
ENSFCAG00000009695:PTPN11	0	3	0	0	0	334.728907945043	0	0	0	8.21865802080879e-08	0.973646403293481	5.70076681083442e-07	1	7.38035490268629e-05	0.994247802911272	0.000511928859612931	1	8.76635128843617e-06	0.00787218345701568
ENSFCAG00000009141:PDGFRA	0	2	0	0	1	128.974734361821	0	0	64.2276063386155	8.67237730280968e-05	0.965750404281656	0.000451096500574066	0.0154469086184798	0.0259593160597436	0.994247802911272	0.101271164378878	1	8.97078536236107e-05	0.0402788262770012
ENSFCAG00000015690:PTPRC	0	2	0	0	1	99.0585229065399	0	0	53.8523776223776	0.000150991556785773	0.961865409609346	0.000760844853805009	0.0183949001731164	0.0338976044984061	0.994247802911272	0.134831362692984	1	0.00017042189608707	0.0510129542287295
ENSFCAG00000006065:NF1	0	2	1	0	0	45.1271661025686	388.531587279136	388.531587279136	0	0.000789946302217071	0.00164052114082769	2.59827709253591e-05	1	0.118228629898488	0.491062661487755	0.0116662641454862	1	0.000300310864334574	0.0674197890431119
ENSFCAG00000008135:TNFAIP3	0	2	0	0	0	148.391049132934	0	0	0	6.46096175245248e-05	0.979251894115575	0.000341692031519458	1	0.0259593160597436	0.994247802911272	0.101271164378878	1	0.00306894139604752	0.551181874730135
ENSFCAG00000013722:STK11	0	0	1	0	0	0	3021.17905555443	3021.17905555443	0	0.909694569396642	0.000181724305044262	0.000900877701734859	1	0.958295694072011	0.163188425929747	0.134831362692984	1	0.0072179592112368	0.999999457219135
ENSFCAG00000006877:CHD4	0	2	0	0	0	70.8778342892402	0	0	0	0.000305337633043745	0.953391897779305	0.00147301358395358	1	0.0548386388946566	0.994247802911272	0.188966599770044	1	0.0110777175239156	0.999999457219135
ENSFCAG00000033306:CDKN2C	0	0	0	0	1	0	0	0	414.249058633674	0.938671171063964	0.988151952093797	0.996934562081059	0.00241104318158326	0.958295694072011	0.994247802911272	0.998958278005861	0.861158913602538	0.0168995165121091	0.999999457219135
ENSFCAG00000022826:CDKN2A	0	0	0	0	1	0	0	0	355.371019843101	0.933127103708332	0.983444904514913	0.99627115850182	0.00280993416867174	0.958295694072011	0.994247802911272	0.998958278005861	0.861158913602538	0.019255584826542	0.999999457219135
ENSFCAG00000019287:SETD2	0	1	0	0	1	26.8725990464673	0	0	27.3042476244504	0.0312065664246167	0.950546436771274	0.0980051644910861	0.0359501871784151	0.958295694072011	0.994247802911272	0.998958278005861	1	0.0234241796614351	0.999999457219135
ENSFCAG00000033129:FAS	0	0	0	0	1	0	0	0	222.247907647908	0.923661711317474	0.980060897290329	0.995108754746469	0.00448919167510777	0.958295694072011	0.994247802911272	0.998958278005861	0.861158913602538	0.0286393736423073	0.999999457219135
ENSFCAG00000023383:GNA13	0	0	0	0	1	0	0	0	185.20658970659	0.917257843183936	0.982002259115645	0.994365101171895	0.00538456542749753	0.958295694072011	0.994247802911272	0.998958278005861	0.861158913602538	0.0333561164950746	0.999999457219135
ENSFCAG00000015575:CXCR4	0	0	0	0	1	0	0	0	174.583767853095	0.913720615107923	0.984164284072687	0.993951890248896	0.00571124360393887	0.958295694072011	0.994247802911272	0.998958278005861	0.861158913602538	0.0350331094853572	0.999999457219135
ENSFCAG00000019200:PTEN	0	0	0	0	1	0	0	0	173.287353735374	0.913651975330546	0.976421055670888	0.993704269465549	0.00575384574790114	0.958295694072011	0.994247802911272	0.998958278005861	0.861158913602538	0.0352445739278471	0.999999457219135
ENSFCAG00000030040:ATRX	0	0	1	0	0	0	428.534572819237	428.534572819237	0	0.783914867127051	0.0014752977507354	0.00614068010567814	1	0.958295694072011	0.491062661487755	0.689291341862372	1	0.0374140571894052	0.999999457219135
ENSFCAG00000025748:BCL2L1	0	1	0	0	0	229.290497167267	0	0	0	0.00291076922063582	0.982992644732662	0.0118964215207217	1	0.373410108590138	0.994247802911272	0.998958278005861	1	0.0646156233026098	0.999999457219135
ENSFCAG00000002791:P2RY8	0	1	0	0	0	183.172697354107	0	0	0	0.00371997689392456	0.991350638527854	0.0148775483263611	1	0.389905075384245	0.994247802911272	0.998958278005861	1	0.0774808140732308	0.999999457219135
ENSFCAG00000038081:PRKN	0	1	0	0	0	145.868083490446	0	0	0	0.00477413981262087	0.976991271486547	0.0186491050875615	1	0.389905075384245	0.994247802911272	0.998958278005861	1	0.0929090418469581	0.999999457219135
ENSFCAG00000030408:ZMYM2	0	0	0	0	1	0	0	0	50.8779730443975	0.83659258354909	0.957935162926049	0.977593964064303	0.0194595766630512	0.958295694072011	0.994247802911272	0.998958278005861	1	0.0943963894057146	0.999999457219135
ENSFCAG00000010347:MAX	0	1	0	0	0	140.799016667044	0	0	0	0.00496310885791018	0.980332068213882	0.0193178667560912	1	0.389905075384245	0.994247802911272	0.998958278005861	1	0.0955601719688075	0.999999457219135
ENSFCAG00000028952:HOXA3	0	1	0	0	0	128.58104643295	0	0	0	0.00548350224447147	0.981304155417642	0.0211396071787434	1	0.389905075384245	0.994247802911272	0.998958278005861	1	0.102666761677625	0.999999457219135
ENSFCAG00000009623:TP53	0	1	0	0	0	125.352152085987	0	0	0	0.00563897649441303	0.976418849535181	0.0216761443950843	1	0.389905075384245	0.994247802911272	0.998958278005861	1	0.104729222847277	0.999999457219135
ENSFCAG00000001436:PRDM14	0	1	0	0	0	125.240473385259	0	0	0	0.00564450554565166	0.978974950922307	0.0216972919347878	1	0.389905075384245	0.994247802911272	0.998958278005861	1	0.104810240241585	0.999999457219135
ENSFCAG00000011854:ALB	0	1	0	0	0	116.551297404557	0	0	0	0.00610911843543149	0.972981456747345	0.0232954193358379	1	0.391856311072677	0.994247802911272	0.998958278005861	1	0.110874514149095	0.999999457219135
ENSFCAG00000023517:NOTCH1	0	0	0	0	1	0	0	0	27.5189036592338	0.770406460203873	0.95975853427589	0.957089572525298	0.0356749170333513	0.958295694072011	0.994247802911272	0.998958278005861	1	0.149454345618871	0.999999457219135
ENSFCAG00000027154:BCL11A	0	1	0	0	0	71.3791604489924	0	0	0	0.01049894111978	0.982742697384247	0.0378416311833653	1	0.628536608370829	0.994247802911272	0.998958278005861	1	0.161748203249725	0.999999457219135
ENSFCAG00000018737:PIK3CA	0	1	0	0	0	58.2354738910362	0	0	0	0.0131589169088068	0.965276248660062	0.046200154226027	1	0.718908324569529	0.994247802911272	0.998958278005861	1	0.188255101427472	0.999999457219135
ENSFCAG00000030096:ARID4B	0	1	0	0	0	54.2910129555422	0	0	0	0.0142259791367135	0.966663346875865	0.0494977360928242	1	0.718908324569529	0.994247802911272	0.998958278005861	1	0.198279434301081	0.999999457219135
ENSFCAG00000015468:EGFR	0	1	0	0	0	53.29260216271	0	0	0	0.0145227512666565	0.96419723012922	0.0504005087672645	1	0.718908324569529	0.994247802911272	0.998958278005861	1	0.200984830910805	0.999999457219135
ENSFCAG00000027633:STAG2	0	1	0	0	0	51.1213929319262	0	0	0	0.0152107551969054	0.956318404726486	0.0524723015912004	1	0.718908324569529	0.994247802911272	0.998958278005861	1	0.207132827827465	0.999999457219135
ENSFCAG00000013540:ARHGEF28	0	1	0	0	0	40.950799692739	0	0	0	0.0194778167114268	0.958354159668324	0.0651909192201269	1	0.874553970343063	0.994247802911272	0.998958278005861	1	0.243190492967594	0.999999457219135
ENSFCAG00000000639:RELN	0	1	0	0	0	18.8938181588777	0	0	0	0.0463469806631196	0.93751211496099	0.137025275214093	1	0.958295694072011	0.994247802911272	0.998958278005861	1	0.409375325473067	0.999999457219135
ENSFCAG00000015061:TRRAP	0	1	0	0	0	17.2412518230126	0	0	0	0.0513696088886201	0.93875753017253	0.149406020905116	1	0.958295694072011	0.994247802911272	0.998958278005861	1	0.43343997052876	0.999999457219135
ENSFCAG00000000093:KMT2D	0	0	0	0	0	0	0	0	0	0.687836877277219	0.9349277433914	0.919387843313417	1	0.958295694072011	0.994247802911272	0.998958278005861	1	0.996659833908525	0.999999457219135
ENSFCAG00000002901:PCLO	0	0	0	0	0	0	0	0	0	0.693586540271768	0.934189190568526	0.922175170620373	1	0.958295694072011	0.994247802911272	0.998958278005861	1	0.996889880078876	0.999999457219135
ENSFCAG00000029544:FAT4	0	0	0	0	0	0	0	0	0	0.694299285417329	0.945987714792491	0.923552973663307	1	0.958295694072011	0.994247802911272	0.998958278005861	1	0.997000481035224	0.999999457219135
ENSFCAG00000000945:RNF213	0	0	0	0	0	0	0	0	0	0.696884186760504	0.936651816704131	0.924020245630268	1	0.958295694072011	0.994247802911272	0.998958278005861	1	0.997037523640332	0.999999457219135
ENSFCAG00000008632:KMT2C	0	0	0	0	0	0	0	0	0	0.701815462644864	0.930638893226187	0.925817073871913	1	0.958295694072011	0.994247802911272	0.998958278005861	1	0.997177765434126	0.999999457219135
ENSFCAG00000026584:LRP1B	0	0	0	0	0	0	0	0	0	0.708318914619602	0.929492494013664	0.928772818951895	1	0.958295694072011	0.994247802911272	0.998958278005861	1	0.997400876938059	0.999999457219135
ENSFCAG00000025616:FAT1	0	0	0	0	0	0	0	0	0	0.716136301544187	0.942936863416698	0.933633384415946	1	0.958295694072011	0.994247802911272	0.998958278005861	1	0.997747333214731	0.999999457219135
ENSFCAG00000011374:PRKDC	0	0	0	0	0	0	0	0	0	0.727407000790151	0.932332961390039	0.937672830647121	1	0.958295694072011	0.994247802911272	0.998958278005861	1	0.998016001870927	0.999999457219135
ENSFCAG00000023839:ZFHX3	0	0	0	0	0	0	0	0	0	0.734860427656306	0.95585612083793	0.942821441602867	1	0.958295694072011	0.994247802911272	0.998958278005861	1	0.998333227237477	0.999999457219135
ENSFCAG00000010626:SMG1	0	0	0	0	0	0	0	0	0	0.739294098479411	0.934880148479325	0.942981162674227	1	0.958295694072011	0.994247802911272	0.998958278005861	1	0.998342617824913	0.999999457219135
ENSFCAG00000025587:BRCA2	0	0	0	0	0	0	0	0	0	0.74187092668138	0.947707657356613	0.945167269090131	1	0.958295694072011	0.994247802911272	0.998958278005861	1	0.998468429824951	0.999999457219135
ENSFCAG00000010165:SPEN	0	0	0	0	0	0	0	0	0	0.74345737088516	0.94917776251774	0.945931492013964	1	0.958295694072011	0.994247802911272	0.998958278005861	1	0.998511218049382	0.999999457219135
ENSFCAG00000043897:RANBP2	0	0	0	0	0	0	0	0	0	0.757827429647052	0.946643990935958	0.951445607324483	1	0.958295694072011	0.994247802911272	0.998958278005861	1	0.998801680303215	0.999999457219135
ENSFCAG00000007347:MGA	0	0	0	0	0	0	0	0	0	0.760857975240337	0.948661612598197	0.952764916729827	1	0.958295694072011	0.994247802911272	0.998958278005861	1	0.998866431693449	0.999999457219135
ENSFCAG00000012430:ATM	0	0	0	0	0	0	0	0	0	0.762867354079313	0.940812904600742	0.952875428976954	1	0.958295694072011	0.994247802911272	0.998958278005861	1	0.998871772649736	0.999999457219135
ENSFCAG00000000787:APC	0	0	0	0	0	0	0	0	0	0.763727658601874	0.946612038262186	0.953689370427194	1	0.958295694072011	0.994247802911272	0.998958278005861	1	0.99891071496421	0.999999457219135
ENSFCAG00000011214:UBR5	0	0	0	0	0	0	0	0	0	0.770277296093925	0.941421836012235	0.955678662329766	1	0.958295694072011	0.994247802911272	0.998958278005861	1	0.99900296846982	0.999999457219135
ENSFCAG00000024379:MGAM	0	0	0	0	0	0	0	0	0	0.774761854687614	0.933508279782059	0.956552578197661	1	0.958295694072011	0.994247802911272	0.998958278005861	1	0.999042186725863	0.999999457219135
ENSFCAG00000001531:NSD1	0	0	0	0	0	0	0	0	0	0.772284824751406	0.955670999357207	0.95751253881744	1	0.958295694072011	0.994247802911272	0.998958278005861	1	0.999084346188623	0.999999457219135
ENSFCAG00000006262:CREBBP	0	0	0	0	0	0	0	0	0	0.773273403893938	0.951163970747767	0.957553382173497	1	0.958295694072011	0.994247802911272	0.998958278005861	1	0.999086118591577	0.999999457219135
ENSFCAG00000005002:EP300	0	0	0	0	0	0	0	0	0	0.774076794411814	0.94740117208432	0.95755471491929	1	0.958295694072011	0.994247802911272	0.998958278005861	1	0.999086176396909	0.999999457219135
ENSFCAG00000018078:ATR	0	0	0	0	0	0	0	0	0	0.776579244768155	0.943763320352506	0.958149170549278	1	0.958295694072011	0.994247802911272	0.998958278005861	1	0.999111774891198	0.999999457219135
ENSFCAG00000006278:ARID1B	1	0	0	0	0	0	0	0	0	0.777133086531609	0.952144521249327	0.959003715243395	1	0.958295694072011	0.994247802911272	0.998958278005861	1	0.999147927259163	0.999999457219135
ENSFCAG00000012814:ARID1A	0	0	0	0	0	0	0	0	0	0.777741880742515	0.95107909218851	0.959141196149822	1	0.958295694072011	0.994247802911272	0.998958278005861	1	0.999153672401252	0.999999457219135
ENSFCAG00000043012:ANKRD11	0	0	0	0	0	0	0	0	0	0.775304089932975	0.965100468069526	0.95916163231289	1	0.958295694072011	0.994247802911272	0.998958278005861	1	0.999154524718591	0.999999457219135
ENSFCAG00000000053:MTOR	0	0	0	0	0	0	0	0	0	0.779127782433454	0.945316841680509	0.959178152088671	1	0.958295694072011	0.994247802911272	0.998958278005861	1	0.999155213379545	0.999999457219135
ENSFCAG00000012737:CIC	0	0	0	0	0	0	0	0	0	0.775578646758078	0.963947434335479	0.959198023997061	1	0.958295694072011	0.994247802911272	0.998958278005861	1	0.999156041404092	0.999999457219135
ENSFCAG00000001819:LRRK2	0	0	0	0	0	0	0	0	0	0.780222000447873	0.947807655747051	0.959761994044324	1	0.958295694072011	0.994247802911272	0.998958278005861	1	0.999179369355628	0.999999457219135
ENSFCAG00000023397:POLQ	0	0	0	0	0	0	0	0	0	0.78119233516425	0.945880436235955	0.959944981788532	1	0.958295694072011	0.994247802911272	0.998958278005861	1	0.999186867209723	0.999999457219135
ENSFCAG00000009649:NOTCH2	0	0	0	0	0	0	0	0	0	0.78052036647658	0.954087655262516	0.96033149374215	1	0.958295694072011	0.994247802911272	0.998958278005861	1	0.999202589748371	0.999999457219135
ENSFCAG00000031193:NCOR2	0	0	0	0	0	0	0	0	0	0.780758205787585	0.953606285895089	0.960380797831394	1	0.958295694072011	0.994247802911272	0.998958278005861	1	0.999204584151942	0.999999457219135
ENSFCAG00000030516:TPR	0	0	0	0	0	0	0	0	0	0.784267608022422	0.940173935351397	0.960513341316288	1	0.958295694072011	0.994247802911272	0.998958278005861	1	0.999209933130664	0.999999457219135
ENSFCAG00000000914:NOTCH3	0	0	0	0	0	0	0	0	0	0.781335835073724	0.959140269487897	0.960946535430833	1	0.958295694072011	0.994247802911272	0.998958278005861	1	0.999227287727047	0.999999457219135
ENSFCAG00000009998:NCOR1	0	0	0	0	0	0	0	0	0	0.786020403130288	0.942035468822282	0.961276562377573	1	0.958295694072011	0.994247802911272	0.998958278005861	1	0.999240378181797	0.999999457219135
ENSFCAG00000018332:PTPN13	0	0	0	0	0	0	0	0	0	0.785603552655628	0.945280124299624	0.961411759230352	1	0.958295694072011	0.994247802911272	0.998958278005861	1	0.999245708021253	0.999999457219135
ENSFCAG00000025470:KNL1	0	0	0	0	0	0	0	0	0	0.789906897178934	0.959119744637588	0.963863283161411	1	0.958295694072011	0.994247802911272	0.998958278005861	1	0.999339058654964	0.999999457219135
ENSFCAG00000005621:CACNA1D	0	0	0	0	0	0	0	0	0	0.791840094993536	0.952505342704171	0.964061559714786	1	0.958295694072011	0.994247802911272	0.998958278005861	1	0.999346335993117	0.999999457219135
ENSFCAG00000006448:ROS1	0	0	0	0	0	0	0	0	0	0.793514422515154	0.950531475725021	0.964466851309972	1	0.958295694072011	0.994247802911272	0.998958278005861	1	0.99936108453691	0.999999457219135
ENSFCAG00000000496:PCM1	0	0	0	0	0	0	0	0	0	0.794839700492177	0.945220565869472	0.964478891534399	1	0.958295694072011	0.994247802911272	0.998958278005861	1	0.999361520074861	0.999999457219135
ENSFCAG00000015145:CAD	0	0	0	0	0	0	0	0	0	0.794079652795377	0.953195026904805	0.964846320520845	1	0.958295694072011	0.994247802911272	0.998958278005861	1	0.999374739021902	0.999999457219135
ENSFCAG00000014803:MED12	0	0	0	0	0	0	0	0	0	0.795904083143899	0.948321830066439	0.965074846747316	1	0.958295694072011	0.994247802911272	0.998958278005861	1	0.999382890101469	0.999999457219135
ENSFCAG00000012673:TET1	0	0	0	0	0	0	0	0	0	0.794084448819384	0.96176302342583	0.965400950286879	1	0.958295694072011	0.994247802911272	0.998958278005861	1	0.999394427868348	0.999999457219135
ENSFCAG00000053177:CNTRL	0	0	0	0	0	0	0	0	0	0.797240921287194	0.947233337106853	0.96541943376643	1	0.958295694072011	0.994247802911272	0.998958278005861	1	0.999395078527464	0.999999457219135
ENSFCAG00000002498:POLE	0	0	0	0	0	0	0	0	0	0.797555132133776	0.948675385222841	0.965634401316054	1	0.958295694072011	0.994247802911272	0.998958278005861	1	0.999402619868603	0.999999457219135
ENSFCAG00000009906:PTPRB	0	0	0	0	0	0	0	0	0	0.799159290353631	0.952936524735639	0.966465776294131	1	0.958295694072011	0.994247802911272	0.998958278005861	1	0.999431335248753	0.999999457219135
ENSFCAG00000006381:KMT2B	0	0	0	0	0	0	0	0	0	0.79865012312995	0.9554925059278	0.966481430155722	1	0.958295694072011	0.994247802911272	0.998958278005861	1	0.999431869065665	0.999999457219135
ENSFCAG00000005552:KAT6B	0	0	0	0	0	0	0	0	0	0.799987050447769	0.954810408363311	0.966860205825408	1	0.958295694072011	0.994247802911272	0.998958278005861	1	0.999444708524389	0.999999457219135
ENSFCAG00000007234:PTPRS	0	0	0	0	0	0	0	0	0	0.801174308785542	0.957066769307989	0.967386748275849	1	0.958295694072011	0.994247802911272	0.998958278005861	1	0.999462310371561	0.999999457219135
ENSFCAG00000022076:NIN	0	0	0	0	0	0	0	0	0	0.809248526084274	0.948452478647959	0.969257709859533	1	0.958295694072011	0.994247802911272	0.998958278005861	1	0.999522537600427	0.999999457219135
ENSFCAG00000012831:ARID2	0	0	0	0	0	0	0	0	0	0.809435329633973	0.950146703281606	0.969445165503081	1	0.958295694072011	0.994247802911272	0.998958278005861	1	0.99952837272975	0.999999457219135
ENSFCAG00000005317:NUMA1	0	0	0	0	0	0	0	0	0	0.807680856837432	0.958290289388166	0.969482033848805	1	0.958295694072011	0.994247802911272	0.998958278005861	1	0.999529516103811	0.999999457219135
ENSFCAG00000022277:TRIP11	0	0	0	0	0	0	0	0	0	0.808706001277954	0.953735218019539	0.969487849923302	1	0.958295694072011	0.994247802911272	0.998958278005861	1	0.999529696345915	0.999999457219135
ENSFCAG00000029985:KAT6A	0	0	0	0	0	0	0	0	0	0.808361216418241	0.958761834353689	0.969718764629604	1	0.958295694072011	0.994247802911272	0.998958278005861	1	0.999536824279968	0.999999457219135
ENSFCAG00000024457:PTPRD	0	0	0	0	0	0	0	0	0	0.81020526954313	0.951325495759966	0.969765574787425	1	0.958295694072011	0.994247802911272	0.998958278005861	1	0.999538262524283	0.999999457219135
ENSFCAG00000008606:DOT1L	0	0	0	0	0	0	0	0	0	0.807624344215809	0.964950064485482	0.969854546782947	1	0.958295694072011	0.994247802911272	0.998958278005861	1	0.999540989964421	0.999999457219135
ENSFCAG00000051264:WDR90	0	0	0	0	0	0	0	0	0	0.809852703745638	0.954601713768823	0.969894734349172	1	0.958295694072011	0.994247802911272	0.998958278005861	1	0.999542219239879	0.999999457219135
ENSFCAG00000007696:MDC1	0	0	0	0	0	0	0	0	0	0.807962148191215	0.964622353662464	0.969939845253097	1	0.958295694072011	0.994247802911272	0.998958278005861	1	0.999543597128957	0.999999457219135
ENSFCAG00000003741:NUP98	0	0	0	0	0	0	0	0	0	0.811946078662387	0.955336478389381	0.970571979823521	1	0.958295694072011	0.994247802911272	0.998958278005861	1	0.999562684705778	0.999999457219135
ENSFCAG00000007047:MYO18A	0	0	0	0	0	0	0	0	0	0.811838156516875	0.956817454347501	0.970639169325967	1	0.958295694072011	0.994247802911272	0.998958278005861	1	0.999564689311221	0.999999457219135
ENSFCAG00000013146:BRCA1	0	0	0	0	0	0	0	0	0	0.812084222773279	0.959774781138033	0.970900757433006	1	0.958295694072011	0.994247802911272	0.998958278005861	1	0.999572449518269	0.999999457219135
ENSFCAG00000003535:DICER1	0	0	0	0	0	0	0	0	0	0.813102805206884	0.957283343082622	0.971045201670747	1	0.958295694072011	0.994247802911272	0.998958278005861	1	0.9995767043601	0.999999457219135
ENSFCAG00000024678:TET3	0	0	0	0	0	0	0	0	0	0.812140892003384	0.963903415003682	0.971158190257353	1	0.958295694072011	0.994247802911272	0.998958278005861	1	0.999580017646849	0.999999457219135
ENSFCAG00000012577:MYO5A	0	0	0	0	0	0	0	0	0	0.816310839322071	0.950276288775619	0.971490860362804	1	0.958295694072011	0.994247802911272	0.998958278005861	1	0.999589696568395	0.999999457219135
ENSFCAG00000022265:TP53BP1	0	0	0	0	0	0	0	0	0	0.8154357027162	0.956752041806963	0.971696170331418	1	0.958295694072011	0.994247802911272	0.998958278005861	1	0.999595613141373	0.999999457219135
ENSFCAG00000000864:AFDN	0	0	0	0	0	0	0	0	0	0.814611597529942	0.96106005851858	0.971725433986791	1	0.958295694072011	0.994247802911272	0.998958278005861	1	0.99959645292188	0.999999457219135
ENSFCAG00000001147:BCL9L	0	0	0	0	0	0	0	0	0	0.812878274152245	0.97148301098314	0.971751116398699	1	0.958295694072011	0.994247802911272	0.998958278005861	1	0.999597189205169	0.999999457219135
ENSFCAG00000013232:MYH11	0	0	0	0	0	0	0	0	0	0.816588320468398	0.957786739326482	0.972099401957286	1	0.958295694072011	0.994247802911272	0.998958278005861	1	0.999607107115927	0.999999457219135
ENSFCAG00000008083:RICTOR	0	0	0	0	0	0	0	0	0	0.818508589189616	0.951273970751405	0.972200705905281	1	0.958295694072011	0.994247802911272	0.998958278005861	1	0.999609968457124	0.999999457219135
ENSFCAG00000012280:SLX4	0	0	0	0	0	0	0	0	0	0.815858408244909	0.965523074457473	0.972340585552437	1	0.958295694072011	0.994247802911272	0.998958278005861	1	0.999613902022758	0.999999457219135
ENSFCAG00000031869:BCORL1	0	0	0	0	0	0	0	0	0	0.816233901975368	0.96432061355658	0.972385478122594	1	0.958295694072011	0.994247802911272	0.998958278005861	1	0.999615160184389	0.999999457219135
ENSFCAG00000004858:BCOR	0	0	0	0	0	0	0	0	0	0.81651554175042	0.96664568534294	0.97259006024594	1	0.958295694072011	0.994247802911272	0.998958278005861	1	0.999620867571885	0.999999457219135
ENSFCAG00000001124:MYH9	0	0	0	0	0	0	0	0	0	0.82045861596466	0.953428519229085	0.972914579288035	1	0.958295694072011	0.994247802911272	0.998958278005861	1	0.999629832665821	0.999999457219135
ENSFCAG00000014002:COL2A1	0	0	0	0	0	0	0	0	0	0.82114943252911	0.952074368370184	0.973012372300559	1	0.958295694072011	0.994247802911272	0.998958278005861	1	0.999632513048649	0.999999457219135
ENSFCAG00000015718:PBRM1	0	0	0	0	0	0	0	0	0	0.820069655226845	0.957167436036991	0.973059870981188	1	0.958295694072011	0.994247802911272	0.998958278005861	1	0.999633811381081	0.999999457219135
ENSFCAG00000011746:TSC2	0	0	0	0	0	0	0	0	0	0.82053657684932	0.956036232572719	0.973117447073811	1	0.958295694072011	0.994247802911272	0.998958278005861	1	0.999635382061601	0.999999457219135
ENSFCAG00000004564:COL1A1	0	0	0	0	0	0	0	0	0	0.821429146810727	0.95391315370556	0.973223794070306	1	0.958295694072011	0.994247802911272	0.998958278005861	1	0.999638274259363	0.999999457219135
ENSFCAG00000012246:DNMT1	0	0	0	0	0	0	0	0	0	0.821404625958423	0.954363958008765	0.973248531606857	1	0.958295694072011	0.994247802911272	0.998958278005861	1	0.999638945351873	0.999999457219135
ENSFCAG00000025265:CAMTA1	0	0	0	0	0	0	0	0	0	0.819929144188565	0.962931815473038	0.973372342149115	1	0.958295694072011	0.994247802911272	0.998958278005861	1	0.999642294699065	0.999999457219135
ENSFCAG00000032000:NCOA2	0	0	0	0	0	0	0	0	0	0.822444877298755	0.955249732755951	0.973602806273083	1	0.958295694072011	0.994247802911272	0.998958278005861	1	0.999648487320922	0.999999457219135
ENSFCAG00000027260:CLTC	0	0	0	0	0	0	0	0	0	0.823894958902917	0.951880082936131	0.973768482924575	1	0.958295694072011	0.994247802911272	0.998958278005861	1	0.999652905382986	0.999999457219135
ENSFCAG00000003208:CHD2	0	0	0	0	0	0	0	0	0	0.824520326000781	0.950896123252995	0.973868941587526	1	0.958295694072011	0.994247802911272	0.998958278005861	1	0.999655570563384	0.999999457219135
ENSFCAG00000005120:NUP214	0	0	0	0	0	0	0	0	0	0.822253095324702	0.962707499133332	0.974017516405485	1	0.958295694072011	0.994247802911272	0.998958278005861	1	0.99965949327502	0.999999457219135
ENSFCAG00000002384:PDCD11	0	0	0	0	0	0	0	0	0	0.823488589722724	0.957446505832447	0.974041942157545	1	0.958295694072011	0.994247802911272	0.998958278005861	1	0.999660136000898	0.999999457219135
ENSFCAG00000004894:SMARCA4	0	0	0	0	0	0	0	0	0	0.823565025980735	0.958048932274353	0.97410227916874	1	0.958295694072011	0.994247802911272	0.998958278005861	1	0.999661721050722	0.999999457219135
ENSFCAG00000008986:PREX2	0	0	0	0	0	0	0	0	0	0.824541963883333	0.954454641450305	0.974133099616906	1	0.958295694072011	0.994247802911272	0.998958278005861	1	0.999662529260009	0.999999457219135
ENSFCAG00000014850:PIK3C2B	0	0	0	0	0	0	0	0	0	0.824666628452333	0.956822894390885	0.974328713683849	1	0.958295694072011	0.994247802911272	0.998958278005861	1	0.999667636143668	0.999999457219135
ENSFCAG00000014340:KDM5A	0	0	0	0	0	0	0	0	0	0.826156858147617	0.955137001250307	0.974626293673811	1	0.958295694072011	0.994247802911272	0.998958278005861	1	0.999675329731846	0.999999457219135
ENSFCAG00000025791:NCOA1	0	0	0	0	0	0	0	0	0	0.825916246382418	0.959074100941145	0.974819079628096	1	0.958295694072011	0.994247802911272	0.998958278005861	1	0.999680265490674	0.999999457219135
ENSFCAG00000002588:SETD1A	0	0	0	0	0	0	0	0	0	0.825628762351839	0.960499393294292	0.974827747265135	1	0.958295694072011	0.994247802911272	0.998958278005861	1	0.999680486506221	0.999999457219135
ENSFCAG00000000349:BCL9	0	0	0	0	0	0	0	0	0	0.824190410007667	0.967985332271692	0.974839616548818	1	0.958295694072011	0.994247802911272	0.998958278005861	1	0.999680789035333	0.999999457219135
ENSFCAG00000027460:CPS1	0	0	0	0	0	0	0	0	0	0.82775666985654	0.957424981183607	0.975217375782869	1	0.958295694072011	0.994247802911272	0.998958278005861	1	0.999690342032901	0.999999457219135
ENSFCAG00000014501:ROBO1	0	0	0	0	0	0	0	0	0	0.828405811994384	0.955011468733132	0.975231650983704	1	0.958295694072011	0.994247802911272	0.998958278005861	1	0.999690700162921	0.999999457219135
ENSFCAG00000002747:CLTCL1	0	0	0	0	0	0	0	0	0	0.828151503812255	0.956501917858577	0.975263810580454	1	0.958295694072011	0.994247802911272	0.998958278005861	1	0.999691506203253	0.999999457219135
ENSFCAG00000015033:NCOA3	0	0	0	0	0	0	0	0	0	0.827718677976883	0.958557763713076	0.975280034489759	1	0.958295694072011	0.994247802911272	0.998958278005861	1	0.999691912432939	0.999999457219135
ENSFCAG00000024512:ZNF521	0	0	0	0	0	0	0	0	0	0.8252515878575	0.972850894205488	0.975354545003254	1	0.958295694072011	0.994247802911272	0.998958278005861	1	0.999693774632163	0.999999457219135
ENSFCAG00000000247:PIK3C2G	0	0	0	0	0	0	0	0	0	0.82935203689448	0.956572336521278	0.975593475726774	1	0.958295694072011	0.994247802911272	0.998958278005861	1	0.999699707703537	0.999999457219135
ENSFCAG00000014104:MAP3K1	0	0	0	0	0	0	0	0	0	0.82807366635743	0.964521687918424	0.975728530498021	1	0.958295694072011	0.994247802911272	0.998958278005861	1	0.999703035464793	0.999999457219135
ENSFCAG00000034298:CUX1	0	0	0	0	0	0	0	0	0	0.829192373891472	0.961211866192499	0.975843102219688	1	0.958295694072011	0.994247802911272	0.998958278005861	1	0.999705843866046	0.999999457219135
ENSFCAG00000001568:SMARCA2	0	0	0	0	0	0	0	0	0	0.82987053474445	0.958672725592427	0.975869748577667	1	0.958295694072011	0.994247802911272	0.998958278005861	1	0.999706495097934	0.999999457219135
ENSFCAG00000004770:PTPRT	0	0	0	0	0	0	0	0	0	0.829686247772507	0.960733217084724	0.975947610306016	1	0.958295694072011	0.994247802911272	0.998958278005861	1	0.999708393854546	0.999999457219135
ENSFCAG00000011205:PTCH1	0	0	0	0	0	0	0	0	0	0.829275593730621	0.962778869324672	0.975956967586232	1	0.958295694072011	0.994247802911272	0.998958278005861	1	0.999708621625513	0.999999457219135
ENSFCAG00000018200:PDS5B	0	0	0	0	0	0	0	0	0	0.830245545972033	0.958489846574813	0.975958858572603	1	0.958295694072011	0.994247802911272	0.998958278005861	1	0.999708667644208	0.999999457219135
ENSFCAG00000009679:KDR	0	0	0	0	0	0	0	0	0	0.830095978807309	0.959870794069088	0.976005243673097	1	0.958295694072011	0.994247802911272	0.998958278005861	1	0.99970979531624	0.999999457219135
ENSFCAG00000007256:KDM5C	0	0	0	0	0	0	0	0	0	0.830864780554986	0.958640660951215	0.976134301746325	1	0.958295694072011	0.994247802911272	0.998958278005861	1	0.999712921258601	0.999999457219135
ENSFCAG00000009445:KDM6A	0	0	0	0	0	0	0	0	0	0.832156736110532	0.95517727346984	0.976249096533106	1	0.958295694072011	0.994247802911272	0.998958278005861	1	0.99971568738815	0.999999457219135
ENSFCAG00000005610:SETD5	0	0	0	0	0	0	0	0	0	0.83152055427203	0.959570593507792	0.976367669820521	1	0.958295694072011	0.994247802911272	0.998958278005861	1	0.999718530393388	0.999999457219135
ENSFCAG00000007346:SETBP1	0	0	0	0	0	0	0	0	0	0.829060356421619	0.97225109533247	0.976370986697123	1	0.958295694072011	0.994247802911272	0.998958278005861	1	0.999718609714349	0.999999457219135
ENSFCAG00000009873:PTPRK	0	0	0	0	0	0	0	0	0	0.832353147126954	0.95739429215528	0.976450034466091	1	0.958295694072011	0.994247802911272	0.998958278005861	1	0.999720496756615	0.999999457219135
ENSFCAG00000004031:ATP2B3	0	0	0	0	0	0	0	0	0	0.831062662561806	0.965041417906549	0.976562204151073	1	0.958295694072011	0.994247802911272	0.998958278005861	1	0.999723163508169	0.999999457219135
ENSFCAG00000001908:ASXL1	0	0	0	0	0	0	0	0	0	0.831152694243625	0.965442172083509	0.976607634338393	1	0.958295694072011	0.994247802911272	0.998958278005861	1	0.999724239911477	0.999999457219135
ENSFCAG00000041416:IRS2	0	0	0	0	0	0	0	0	0	0.829286617270876	0.978268259841282	0.976660550390961	1	0.958295694072011	0.994247802911272	0.998958278005861	1	0.999725491017288	0.999999457219135
ENSFCAG00000014299:GRIN2A	0	0	0	0	0	0	0	0	0	0.831803152685398	0.969345212182645	0.976976384573824	1	0.958295694072011	0.994247802911272	0.998958278005861	1	0.999732898735797	0.999999457219135
ENSFCAG00000015536:ADGRA2	0	0	0	0	0	0	0	0	0	0.832178368429327	0.968020690414957	0.9770123724848	1	0.958295694072011	0.994247802911272	0.998958278005861	1	0.999733736332142	0.999999457219135
ENSFCAG00000000959:PASK	0	0	0	0	0	0	0	0	0	0.833407286496799	0.965591770750203	0.977213414240934	1	0.958295694072011	0.994247802911272	0.998958278005861	1	0.999738391068878	0.999999457219135
ENSFCAG00000000360:DROSHA	0	0	0	0	0	0	0	0	0	0.835875564701317	0.955362463134675	0.977236968758559	1	0.958295694072011	0.994247802911272	0.998958278005861	1	0.99973893372164	0.999999457219135
ENSFCAG00000015191:PER1	0	0	0	0	0	0	0	0	0	0.834015441712126	0.963886616875042	0.977280894209418	1	0.958295694072011	0.994247802911272	0.998958278005861	1	0.99973994416668	0.999999457219135
ENSFCAG00000026560:ARHGEF12	0	0	0	0	0	0	0	0	0	0.836620047977644	0.954798794068059	0.977390581205082	1	0.958295694072011	0.994247802911272	0.998958278005861	1	0.999742458745995	0.999999457219135
ENSFCAG00000006087:BLM	0	0	0	0	0	0	0	0	0	0.834559942240785	0.964407769344788	0.977452230081497	1	0.958295694072011	0.994247802911272	0.998958278005861	1	0.999743866645672	0.999999457219135
ENSFCAG00000013609:NSD3	0	0	0	0	0	0	0	0	0	0.836629716438746	0.956166693721541	0.977486733729441	1	0.958295694072011	0.994247802911272	0.998958278005861	1	0.999744652921986	0.999999457219135
ENSFCAG00000024759:WRN	0	0	0	0	0	0	0	0	0	0.835956509753307	0.9593276068737	0.977518019291447	1	0.958295694072011	0.994247802911272	0.998958278005861	1	0.999745364811057	0.999999457219135
ENSFCAG00000003795:FANCA	0	0	0	0	0	0	0	0	0	0.837058389485652	0.956000459598762	0.977585974191092	1	0.958295694072011	0.994247802911272	0.998958278005861	1	0.999746907645178	0.999999457219135
ENSFCAG00000003836:ASXL2	0	0	0	0	0	0	0	0	0	0.835668428742664	0.964762853721145	0.977760444775482	1	0.958295694072011	0.994247802911272	0.998958278005861	1	0.99975084715743	0.999999457219135
ENSFCAG00000014859:ERBB3	0	0	0	0	0	0	0	0	0	0.836678212700376	0.962552737223098	0.97789838035	1	0.958295694072011	0.994247802911272	0.998958278005861	1	0.999753939679877	0.999999457219135
ENSFCAG00000004831:ARHGAP35	0	0	0	0	0	0	0	0	0	0.83589054387783	0.970321262665355	0.978095452872425	1	0.958295694072011	0.994247802911272	0.998958278005861	1	0.999758324299799	0.999999457219135
ENSFCAG00000009534:MET	0	0	0	0	0	0	0	0	0	0.837384171337558	0.962858809513003	0.978097727704178	1	0.958295694072011	0.994247802911272	0.998958278005861	1	0.999758374680159	0.999999457219135
ENSFCAG00000009543:TERT	0	0	0	0	0	0	0	0	0	0.836271611357352	0.971017796315302	0.978225611394471	1	0.958295694072011	0.994247802911272	0.998958278005861	1	0.999761198392584	0.999999457219135
ENSFCAG00000012003:EMSY	0	0	0	0	0	0	0	0	0	0.838695404150291	0.959757334792438	0.978248625063639	1	0.958295694072011	0.994247802911272	0.998958278005861	1	0.999761704766631	0.999999457219135
ENSFCAG00000004091:TRIM24	0	0	0	0	0	0	0	0	0	0.837631338639022	0.964835854024274	0.978271128297983	1	0.958295694072011	0.994247802911272	0.998958278005861	1	0.99976219938596	0.999999457219135
ENSFCAG00000027902:ERBB4	0	0	0	0	0	0	0	0	0	0.838561422288864	0.961118222281493	0.978297312435998	1	0.958295694072011	0.994247802911272	0.998958278005861	1	0.999762774259687	0.999999457219135
ENSFCAG00000005038:SF3B1	0	0	0	0	0	0	0	0	0	0.839549354214984	0.957501172481825	0.978321967407481	1	0.958295694072011	0.994247802911272	0.998958278005861	1	0.999763314919884	0.999999457219135
ENSFCAG00000013481:PRDM16	0	0	0	0	0	0	0	0	0	0.836271300048347	0.974510350601029	0.97837177001447	1	0.958295694072011	0.994247802911272	0.998958278005861	1	0.999764405148777	0.999999457219135
ENSFCAG00000001882:FLT4	0	0	0	0	0	0	0	0	0	0.838992499202942	0.961068325532592	0.978404115813121	1	0.958295694072011	0.994247802911272	0.998958278005861	1	0.999765111872714	0.999999457219135
ENSFCAG00000018164:IGF1R	0	0	0	0	0	0	0	0	0	0.838130105887475	0.965617742002735	0.978440728194862	1	0.958295694072011	0.994247802911272	0.998958278005861	1	0.999765910527078	0.999999457219135
ENSFCAG00000003030:INSR	0	0	0	0	0	0	0	0	0	0.837953596343894	0.966756130016712	0.978454763236968	1	0.958295694072011	0.994247802911272	0.998958278005861	1	0.999766216321116	0.999999457219135
ENSFCAG00000011453:RPTOR	0	0	0	0	0	0	0	0	0	0.838463790450152	0.964367749938798	0.978458671748247	1	0.958295694072011	0.994247802911272	0.998958278005861	1	0.999766301443515	0.999999457219135
ENSFCAG00000010606:CLIP1	0	0	0	0	0	0	0	0	0	0.838444889388208	0.966678694672341	0.978576420907712	1	0.958295694072011	0.994247802911272	0.998958278005861	1	0.999768858550324	0.999999457219135
ENSFCAG00000007089:MSH6	0	0	0	0	0	0	0	0	0	0.839239380140154	0.964725968145518	0.978675694252749	1	0.958295694072011	0.994247802911272	0.998958278005861	1	0.999771003417805	0.999999457219135
ENSFCAG00000012141:STIL	0	0	0	0	0	0	0	0	0	0.838747829783346	0.967128297074922	0.978676582705013	1	0.958295694072011	0.994247802911272	0.998958278005861	1	0.999771022567949	0.999999457219135
ENSFCAG00000009903:ERBB2	0	0	0	0	0	0	0	0	0	0.8399869243726	0.96208000556372	0.978716084579956	1	0.958295694072011	0.994247802911272	0.998958278005861	1	0.999771873195982	0.999999457219135
ENSFCAG00000013299:FLT1	0	0	0	0	0	0	0	0	0	0.840637494628997	0.959496919360321	0.978724259942974	1	0.958295694072011	0.994247802911272	0.998958278005861	1	0.999772049044014	0.999999457219135
ENSFCAG00000009897:CDK12	0	0	0	0	0	0	0	0	0	0.840956290124045	0.961193609531636	0.978908002331351	1	0.958295694072011	0.994247802911272	0.998958278005861	1	0.999775983238374	0.999999457219135
ENSFCAG00000037938:NSD2	0	0	0	0	0	0	0	0	0	0.840523565371823	0.963327194241065	0.978923103500862	1	0.958295694072011	0.994247802911272	0.998958278005861	1	0.999776305042766	0.999999457219135
ENSFCAG00000011228:FANCD2	0	0	0	0	0	0	0	0	0	0.841886243460796	0.95845458765163	0.978971449106072	1	0.958295694072011	0.994247802911272	0.998958278005861	1	0.999777333716026	0.999999457219135
ENSFCAG00000024874:SOS1	0	0	0	0	0	0	0	0	0	0.841390386815964	0.960712639764439	0.978987979525845	1	0.958295694072011	0.994247802911272	0.998958278005861	1	0.999777684894173	0.999999457219135
ENSFCAG00000009032:PLCG1	0	0	0	0	0	0	0	0	0	0.841886179618756	0.960375688788999	0.979091504576173	1	0.958295694072011	0.994247802911272	0.998958278005861	1	0.999779877869787	0.999999457219135
ENSFCAG00000003009:IRS1	0	0	0	0	0	0	0	0	0	0.838638649604065	0.980275259452243	0.979180619048468	1	0.958295694072011	0.994247802911272	0.998958278005861	1	0.999781756818676	0.999999457219135
ENSFCAG00000000916:BRD4	0	0	0	0	0	0	0	0	0	0.841153806324018	0.969298924294817	0.979391263659538	1	0.958295694072011	0.994247802911272	0.998958278005861	1	0.999786165948701	0.999999457219135
ENSFCAG00000007864:MAP3K6	0	0	0	0	0	0	0	0	0	0.843314260194391	0.959560861670965	0.979396212388185	1	0.958295694072011	0.994247802911272	0.998958278005861	1	0.99978626898882	0.999999457219135
ENSFCAG00000023047:STAG1	0	0	0	0	0	0	0	0	0	0.843351319981199	0.959696029112586	0.979413786823628	1	0.958295694072011	0.994247802911272	0.998958278005861	1	0.999786634713437	0.999999457219135
ENSFCAG00000001563:SEC31A	0	0	0	0	0	0	0	0	0	0.843552325277484	0.959677746361743	0.97946233654113	1	0.958295694072011	0.994247802911272	0.998958278005861	1	0.99978764339588	0.999999457219135
ENSFCAG00000014806:ZMYM3	0	0	0	0	0	0	0	0	0	0.842207075366422	0.966142189184806	0.979497831163919	1	0.958295694072011	0.994247802911272	0.998958278005861	1	0.999788379319199	0.999999457219135
ENSFCAG00000007834:KTN1	0	0	0	0	0	0	0	0	0	0.845665096668433	0.953611157839999	0.979575196407401	1	0.958295694072011	0.994247802911272	0.998958278005861	1	0.999789978904759	0.999999457219135
ENSFCAG00000007401:PC	0	0	0	0	0	0	0	0	0	0.843069430985818	0.967498297828612	0.979781500570117	1	0.958295694072011	0.994247802911272	0.998958278005861	1	0.999794214531164	0.999999457219135
ENSFCAG00000009655:SETDB1	0	0	0	0	0	0	0	0	0	0.84439015373195	0.962181183014706	0.979819459961423	1	0.958295694072011	0.994247802911272	0.998958278005861	1	0.999794989142638	0.999999457219135
ENSFCAG00000029975:AFF3	0	0	0	0	0	0	0	0	0	0.843875702076323	0.965082409434463	0.979855396957501	1	0.958295694072011	0.994247802911272	0.998958278005861	1	0.999795721129312	0.999999457219135
ENSFCAG00000014494:MLLT6	0	0	0	0	0	0	0	0	0	0.842959546506956	0.96984524232331	0.979867491943823	1	0.958295694072011	0.994247802911272	0.998958278005861	1	0.999795967190929	0.999999457219135
ENSFCAG00000012287:MAML2	0	0	0	0	0	0	0	0	0	0.843175514610599	0.969829856095812	0.979920324307733	1	0.958295694072011	0.994247802911272	0.998958278005861	1	0.999797040267504	0.999999457219135
ENSFCAG00000000760:IRS4	0	0	0	0	0	0	0	0	0	0.842012788853835	0.977498970877797	0.979942128591682	1	0.958295694072011	0.994247802911272	0.998958278005861	1	0.999797482303287	0.999999457219135
ENSFCAG00000011110:JARID2	0	0	0	0	0	0	0	0	0	0.843826654230543	0.969341975346301	0.9800584574468	1	0.958295694072011	0.994247802911272	0.998958278005861	1	0.999799832426385	0.999999457219135
ENSFCAG00000029806:AFF1	0	0	0	0	0	0	0	0	0	0.844356248440195	0.966826622661615	0.980065204533381	1	0.958295694072011	0.994247802911272	0.998958278005861	1	0.999799968310121	0.999999457219135
ENSFCAG00000010557:SMC3	0	0	0	0	0	0	0	0	0	0.847014471712677	0.956996539756203	0.98013572209013	1	0.958295694072011	0.994247802911272	0.998958278005861	1	0.999801385727059	0.999999457219135
ENSFCAG00000003178:ATXN2	0	0	0	0	0	0	0	0	0	0.845799802953785	0.962190770401414	0.980164810270046	1	0.958295694072011	0.994247802911272	0.998958278005861	1	0.999801968927214	0.999999457219135
ENSFCAG00000035450:ARID5B	0	0	0	0	0	0	0	0	0	0.844573823398787	0.970076853473859	0.980276649351913	1	0.958295694072011	0.994247802911272	0.998958278005861	1	0.999804203192329	0.999999457219135
ENSFCAG00000003633:CSF1R	0	0	0	0	0	0	0	0	0	0.845432720621095	0.966665439964478	0.980320656837356	1	0.958295694072011	0.994247802911272	0.998958278005861	1	0.999805078853529	0.999999457219135
ENSFCAG00000008747:PTPRO	0	0	0	0	0	0	0	0	0	0.846686186471735	0.961509798304509	0.980339932264219	1	0.958295694072011	0.994247802911272	0.998958278005861	1	0.999805461773932	0.999999457219135
ENSFCAG00000012665:MECOM	0	0	0	0	0	0	0	0	0	0.845196682722493	0.969712913367347	0.980412386823139	1	0.958295694072011	0.994247802911272	0.998958278005861	1	0.999806897746845	0.999999457219135
ENSFCAG00000004555:CBLB	0	0	0	0	0	0	0	0	0	0.847503543626143	0.961600832064498	0.980542628321896	1	0.958295694072011	0.994247802911272	0.998958278005861	1	0.999809465532764	0.999999457219135
ENSFCAG00000004987:PLCG2	0	0	0	0	0	0	0	0	0	0.848153152872414	0.960059529851129	0.980605554591962	1	0.958295694072011	0.994247802911272	0.998958278005861	1	0.999810699961897	0.999999457219135
ENSFCAG00000023857:LATS1	0	0	0	0	0	0	0	0	0	0.847113598727768	0.966556565488104	0.980723121667915	1	0.958295694072011	0.994247802911272	0.998958278005861	1	0.999812995463938	0.999999457219135
ENSFCAG00000005305:ABL2	0	0	0	0	0	0	0	0	0	0.847186273900626	0.966366449026367	0.98073083176257	1	0.958295694072011	0.994247802911272	0.998958278005861	1	0.999813145511396	0.999999457219135
ENSFCAG00000009436:TYK2	0	0	0	0	0	0	0	0	0	0.84746920293769	0.965180444320736	0.980736446078777	1	0.958295694072011	0.994247802911272	0.998958278005861	1	0.999813254734416	0.999999457219135
ENSFCAG00000010710:ALPK1	0	0	0	0	0	0	0	0	0	0.848242278260234	0.962007950117876	0.980744016093313	1	0.958295694072011	0.994247802911272	0.998958278005861	1	0.999813401953443	0.999999457219135
ENSFCAG00000005323:INPPL1	0	0	0	0	0	0	0	0	0	0.849166836204662	0.961060241424548	0.980908578727686	1	0.958295694072011	0.994247802911272	0.998958278005861	1	0.999816587870103	0.999999457219135
ENSFCAG00000028848:CIITA	0	0	0	0	0	0	0	0	0	0.84750431426864	0.969632599462148	0.980968660428105	1	0.958295694072011	0.994247802911272	0.998958278005861	1	0.999817744165906	0.999999457219135
ENSFCAG00000002050:BCR	0	0	0	0	0	0	0	0	0	0.848031672375917	0.96764780462008	0.980999458954324	1	0.958295694072011	0.994247802911272	0.998958278005861	1	0.999818335468925	0.999999457219135
ENSFCAG00000029436:TET2	0	0	0	0	0	0	0	0	0	0.848186711313949	0.967206109920711	0.981014456055349	1	0.958295694072011	0.994247802911272	0.998958278005861	1	0.999818623049243	0.999999457219135
ENSFCAG00000019223:ARID4A	0	0	0	0	0	0	0	0	0	0.849341499096668	0.962737095356383	0.981048708892135	1	0.958295694072011	0.994247802911272	0.998958278005861	1	0.999819279012503	0.999999457219135
ENSFCAG00000012425:AFF4	0	0	0	0	0	0	0	0	0	0.848767263723588	0.968347655558898	0.981210094198007	1	0.958295694072011	0.994247802911272	0.998958278005861	1	0.999822353551289	0.999999457219135
ENSFCAG00000007517:JAK3	0	0	0	0	0	0	0	0	0	0.84977511818339	0.963885792671698	0.98121670615232	1	0.958295694072011	0.994247802911272	0.998958278005861	1	0.99982247894905	0.999999457219135
ENSFCAG00000028588:JAK2	0	0	0	0	0	0	0	0	0	0.850084898543635	0.962882243774474	0.981233388119598	1	0.958295694072011	0.994247802911272	0.998958278005861	1	0.999822795129714	0.999999457219135
ENSFCAG00000018749:MLLT10	0	0	0	0	0	0	0	0	0	0.850559115399658	0.961746561920219	0.981279370723455	1	0.958295694072011	0.994247802911272	0.998958278005861	1	0.999823665189952	0.999999457219135
ENSFCAG00000006634:LRIG3	0	0	0	0	0	0	0	0	0	0.848754123153876	0.969890242430405	0.981280431673675	1	0.958295694072011	0.994247802911272	0.998958278005861	1	0.999823685239299	0.999999457219135
ENSFCAG00000000407:CTR9	0	0	0	0	0	0	0	0	0	0.852278238061254	0.95633909323034	0.981340508681379	1	0.958295694072011	0.994247802911272	0.998958278005861	1	0.999824818675333	0.999999457219135
ENSFCAG00000012455:KDM2B	0	0	0	0	0	0	0	0	0	0.849761150791276	0.966800781416263	0.981369263674331	1	0.958295694072011	0.994247802911272	0.998958278005861	1	0.999825359876657	0.999999457219135
ENSFCAG00000009757:UPF1	0	0	0	0	0	0	0	0	0	0.850167276747568	0.965601411745001	0.981402913757384	1	0.958295694072011	0.994247802911272	0.998958278005861	1	0.999825992139186	0.999999457219135
ENSFCAG00000001740:NUTM1	0	0	0	0	0	0	0	0	0	0.849661959825084	0.969603781462255	0.981483234900493	1	0.958295694072011	0.994247802911272	0.998958278005861	1	0.999827496655873	0.999999457219135
ENSFCAG00000001953:JAK1	0	0	0	0	0	0	0	0	0	0.851352908808004	0.962126823007012	0.981488429767648	1	0.958295694072011	0.994247802911272	0.998958278005861	1	0.999827593735992	0.999999457219135
ENSFCAG00000018250:LIFR	0	0	0	0	0	0	0	0	0	0.850422292031621	0.966305892728232	0.981500193568245	1	0.958295694072011	0.994247802911272	0.998958278005861	1	0.999827813472739	0.999999457219135
ENSFCAG00000012942:PALB2	0	0	0	0	0	0	0	0	0	0.85034950218955	0.967075203515381	0.981522543132305	1	0.958295694072011	0.994247802911272	0.998958278005861	1	0.999828230553213	0.999999457219135
ENSFCAG00000038306:TRIM33	0	0	0	0	0	0	0	0	0	0.850595796301375	0.965952707179225	0.981522679349055	1	0.958295694072011	0.994247802911272	0.998958278005861	1	0.999828233093686	0.999999457219135
ENSFCAG00000025193:USP8	0	0	0	0	0	0	0	0	0	0.851770259488681	0.962763749677922	0.98162312382014	1	0.958295694072011	0.994247802911272	0.998958278005861	1	0.999830101259678	0.999999457219135
ENSFCAG00000022680:ZNRF3	0	0	0	0	0	0	0	0	0	0.850242840816153	0.971304800062165	0.98169840600354	1	0.958295694072011	0.994247802911272	0.998958278005861	1	0.999831494694033	0.999999457219135
ENSFCAG00000002081:GLI1	0	0	0	0	0	0	0	0	0	0.851518870833266	0.965345205710097	0.981707498023754	1	0.958295694072011	0.994247802911272	0.998958278005861	1	0.999831662591908	0.999999457219135
ENSFCAG00000002702:XPO1	0	0	0	0	0	0	0	0	0	0.852558649573379	0.9632275593367	0.981833559867735	1	0.958295694072011	0.994247802911272	0.998958278005861	1	0.999833981836853	0.999999457219135
ENSFCAG00000011321:INPP5D	0	0	0	0	0	0	0	0	0	0.852489742229797	0.963515528128088	0.981833808195313	1	0.958295694072011	0.994247802911272	0.998958278005861	1	0.999833986389529	0.999999457219135
ENSFCAG00000005115:ABL1	0	0	0	0	0	0	0	0	0	0.850588007711615	0.973631586121302	0.981878783895823	1	0.958295694072011	0.994247802911272	0.998958278005861	1	0.999834809908973	0.999999457219135
ENSFCAG00000002830:TEK	0	0	0	0	0	0	0	0	0	0.851986614833859	0.96724469163631	0.981915781057715	1	0.958295694072011	0.994247802911272	0.998958278005861	1	0.999835485794455	0.999999457219135
ENSFCAG00000046155:REST	0	0	0	0	0	0	0	0	0	0.851899943202508	0.974964378411771	0.98223983744354	1	0.958295694072011	0.994247802911272	0.998958278005861	1	0.99984134627085	0.999999457219135
ENSFCAG00000013999:HDAC7	0	0	0	0	0	0	0	0	0	0.854501840669946	0.962883562262386	0.982263062139337	1	0.958295694072011	0.994247802911272	0.998958278005861	1	0.999841762177415	0.999999457219135
ENSFCAG00000011119:LATS2	0	0	0	0	0	0	0	0	0	0.852534475105057	0.972411617068479	0.982284223879346	1	0.958295694072011	0.994247802911272	0.998958278005861	1	0.999842140662555	0.999999457219135
ENSFCAG00000012999:RET	0	0	0	0	0	0	0	0	0	0.854031091205491	0.966335145456191	0.982343480668522	1	0.958295694072011	0.994247802911272	0.998958278005861	1	0.999843198065391	0.999999457219135
ENSFCAG00000002828:PIK3CB	0	0	0	0	0	0	0	0	0	0.855546562156228	0.960754872209901	0.982376452824398	1	0.958295694072011	0.994247802911272	0.998958278005861	1	0.999843784886443	0.999999457219135
ENSFCAG00000004825:RASA1	0	0	0	0	0	0	0	0	0	0.854266407446603	0.966144185717952	0.982387689450985	1	0.958295694072011	0.994247802911272	0.998958278005861	1	0.999843984617164	0.999999457219135
ENSFCAG00000003659:DNMT3A	0	0	0	0	0	0	0	0	0	0.854533395848277	0.967970748395405	0.982541981614116	1	0.958295694072011	0.994247802911272	0.998958278005861	1	0.99984671415781	0.999999457219135
ENSFCAG00000000325:POLD1	0	0	0	0	0	0	0	0	0	0.855210176530353	0.966415655976071	0.982618182977942	1	0.958295694072011	0.994247802911272	0.998958278005861	1	0.999848053277152	0.999999457219135
ENSFCAG00000005686:MSH3	0	0	0	0	0	0	0	0	0	0.856343431767197	0.96237539740306	0.982653795340096	1	0.958295694072011	0.994247802911272	0.998958278005861	1	0.999848677082287	0.999999457219135
ENSFCAG00000014232:HDAC4	0	0	0	0	0	0	0	0	0	0.854975707618471	0.968866957060001	0.982687098083085	1	0.958295694072011	0.994247802911272	0.998958278005861	1	0.999849259263112	0.999999457219135
ENSFCAG00000002822:SALL4	0	0	0	0	0	0	0	0	0	0.852536222410496	0.984603533213564	0.982689121194573	1	0.958295694072011	0.994247802911272	0.998958278005861	1	0.999849294593706	0.999999457219135
ENSFCAG00000004554:PIK3CG	1	0	0	0	0	0	0	0	0	0.855575732799184	0.968180264129798	0.982790756375154	1	0.958295694072011	0.994247802911272	0.998958278005861	1	0.999851064138731	0.999999457219135
ENSFCAG00000002750:HIRA	0	0	0	0	0	0	0	0	0	0.857125121240694	0.963372161767795	0.982887664050019	1	0.958295694072011	0.994247802911272	0.998958278005861	1	0.999852741585688	0.999999457219135
ENSFCAG00000018496:SMARCA1	0	0	0	0	0	0	0	0	0	0.858272916672254	0.959763242614961	0.982930876222202	1	0.958295694072011	0.994247802911272	0.998958278005861	1	0.999853486497081	0.999999457219135
ENSFCAG00000013378:ATP1A1	0	0	0	0	0	0	0	0	0	0.856111389559117	0.968769668555821	0.982941333924263	1	0.958295694072011	0.994247802911272	0.998958278005861	1	0.999853666486274	0.999999457219135
ENSFCAG00000013897:SMC1A	0	0	0	0	0	0	0	0	0	0.857958834696336	0.961501127409678	0.982966370873474	1	0.958295694072011	0.994247802911272	0.998958278005861	1	0.999854096949186	0.999999457219135
ENSFCAG00000006191:ERC1	0	0	0	0	0	0	0	0	0	0.857610800986233	0.962927068097801	0.98297159257447	1	0.958295694072011	0.994247802911272	0.998958278005861	1	0.999854186646073	0.999999457219135
ENSFCAG00000022711:EPHA5	0	0	0	0	0	0	0	0	0	0.855913932552186	0.970550481505531	0.982979943598552	1	0.958295694072011	0.994247802911272	0.998958278005861	1	0.999854330039922	0.999999457219135
ENSFCAG00000013063:BUB1B	0	0	0	0	0	0	0	0	0	0.858533356376197	0.960740289577561	0.983049086544529	1	0.958295694072011	0.994247802911272	0.998958278005861	1	0.999855514554906	0.999999457219135
ENSFCAG00000005090:AMER1	0	0	0	0	0	0	0	0	0	0.856134425596315	0.972604841370515	0.98312026681966	1	0.958295694072011	0.994247802911272	0.998958278005861	1	0.999856728891943	0.999999457219135
ENSFCAG00000003634:PDGFRB	0	0	0	0	0	0	0	0	0	0.856993451553725	0.968903114714522	0.983147440815222	1	0.958295694072011	0.994247802911272	0.998958278005861	1	0.999857191121593	0.999999457219135
ENSFCAG00000026219:ETAA1	0	0	0	0	0	0	0	0	0	0.856931970182089	0.972348634562608	0.983289973132159	1	0.958295694072011	0.994247802911272	0.998958278005861	1	0.999859603295076	0.999999457219135
ENSFCAG00000007112:TSC1	0	0	0	0	0	0	0	0	0	0.858587653250873	0.965653764765237	0.983340800773057	1	0.958295694072011	0.994247802911272	0.998958278005861	1	0.999860458488897	0.999999457219135
ENSFCAG00000009719:PTK7	0	0	0	0	0	0	0	0	0	0.859004349892396	0.967177343163135	0.983512745646934	1	0.958295694072011	0.994247802911272	0.998958278005861	1	0.99986333204891	0.999999457219135
ENSFCAG00000013582:PCSK7	0	0	0	0	0	0	0	0	0	0.85929502871201	0.967475891174413	0.983592423550694	1	0.958295694072011	0.994247802911272	0.998958278005861	1	0.999864653441294	0.999999457219135
ENSFCAG00000028493:DIS3	0	0	0	0	0	0	0	0	0	0.859692116926558	0.965956556983531	0.98360224200727	1	0.958295694072011	0.994247802911272	0.998958278005861	1	0.999864815825609	0.999999457219135
ENSFCAG00000029845:ZNF217	0	0	0	0	0	0	0	0	0	0.857405975372794	0.981939458803562	0.983735605048845	1	0.958295694072011	0.994247802911272	0.998958278005861	1	0.999867011768	0.999999457219135
ENSFCAG00000008561:CARD11	0	0	0	0	0	0	0	0	0	0.859685462496132	0.968990677699831	0.983753389459186	1	0.958295694072011	0.994247802911272	0.998958278005861	1	0.999867303237998	0.999999457219135
ENSFCAG00000015377:EML4	0	0	0	0	0	0	0	0	0	0.862188080914798	0.959183057779646	0.983757387993212	1	0.958295694072011	0.994247802911272	0.998958278005861	1	0.999867368725995	0.999999457219135
ENSFCAG00000004802:MRTFA	0	0	0	0	0	0	0	0	0	0.858944364288817	0.973090446526829	0.983772451384206	1	0.958295694072011	0.994247802911272	0.998958278005861	1	0.999867615288297	0.999999457219135
ENSFCAG00000006852:EPHB4	0	0	0	0	0	0	0	0	0	0.859792660968087	0.969136178051032	0.983784073447053	1	0.958295694072011	0.994247802911272	0.998958278005861	1	0.999867805364234	0.999999457219135
ENSFCAG00000004539:FLT3	0	0	0	0	0	0	0	0	0	0.861306836453766	0.963739453148553	0.983836988000575	1	0.958295694072011	0.994247802911272	0.998958278005861	1	0.999868669032966	0.999999457219135
ENSFCAG00000028243:MAP3K13	0	0	0	0	0	0	0	0	0	0.860085671208451	0.969008428867816	0.983842712678262	1	0.958295694072011	0.994247802911272	0.998958278005861	1	0.999868762300267	0.999999457219135
ENSFCAG00000007143:TLL2	0	0	0	0	0	0	0	0	0	0.860241144221078	0.969781431843759	0.983913603238192	1	0.958295694072011	0.994247802911272	0.998958278005861	1	0.999869914499639	0.999999457219135
ENSFCAG00000010530:DDR1	0	0	0	0	0	0	0	0	0	0.860681038104761	0.968001364511204	0.983924794303478	1	0.958295694072011	0.994247802911272	0.998958278005861	1	0.999870095923598	0.999999457219135
ENSFCAG00000008249:KDM4C	0	0	0	0	0	0	0	0	0	0.861691029833678	0.963892438066548	0.983929473192845	1	0.958295694072011	0.994247802911272	0.998958278005861	1	0.999870171737682	0.999999457219135
ENSFCAG00000001395:RBM10	0	0	0	0	0	0	0	0	0	0.862261306868953	0.962311676330945	0.983963346292822	1	0.958295694072011	0.994247802911272	0.998958278005861	1	0.999870719934685	0.999999457219135
ENSFCAG00000002617:GTF2I	0	0	0	0	0	0	0	0	0	0.862048999643112	0.963240252141469	0.983970685273845	1	0.958295694072011	0.994247802911272	0.998958278005861	1	0.999870838553924	0.999999457219135
ENSFCAG00000018481:EPHA7	0	0	0	0	0	0	0	0	0	0.861250388474454	0.966926852078048	0.983995586776482	1	0.958295694072011	0.994247802911272	0.998958278005861	1	0.999871240626541	0.999999457219135
ENSFCAG00000015491:PMS1	0	0	0	0	0	0	0	0	0	0.860845232572239	0.971121831276296	0.984107781858991	1	0.958295694072011	0.994247802911272	0.998958278005861	1	0.999873044371079	0.999999457219135
ENSFCAG00000007090:FBXO11	0	0	0	0	0	0	0	0	0	0.862561963899033	0.963761222350649	0.984111498176983	1	0.958295694072011	0.994247802911272	0.998958278005861	1	0.999873103898931	0.999999457219135
ENSFCAG00000018470:BRIP1	0	0	0	0	0	0	0	0	0	0.861831181919828	0.96716241861416	0.98413444568764	1	0.958295694072011	0.994247802911272	0.998958278005861	1	0.999873471160491	0.999999457219135
ENSFCAG00000010283:MIB1	0	0	0	0	0	0	0	0	0	0.862036838310498	0.966791240607555	0.984160267305238	1	0.958295694072011	0.994247802911272	0.998958278005861	1	0.99987388378066	0.999999457219135
ENSFCAG00000000544:EPHB1	0	0	0	0	0	0	0	0	0	0.860978092155365	0.972875178831095	0.9842128814361	1	0.958295694072011	0.994247802911272	0.998958278005861	1	0.999874722438958	0.999999457219135
ENSFCAG00000007533:PPFIBP1	0	0	0	0	0	0	0	0	0	0.863591762991851	0.962355673014514	0.984253475597852	1	0.958295694072011	0.994247802911272	0.998958278005861	1	0.99987536757924	0.999999457219135
ENSFCAG00000008085:MERTK	0	0	0	0	0	0	0	0	0	0.862795630072568	0.967174304633728	0.98434450389978	1	0.958295694072011	0.994247802911272	0.998958278005861	1	0.999876808154648	0.999999457219135
ENSFCAG00000044847:BCL11B	0	0	0	0	0	0	0	0	0	0.859745467526847	0.986013352138107	0.98435886802914	1	0.958295694072011	0.994247802911272	0.998958278005861	1	0.99987703470629	0.999999457219135
ENSFCAG00000026305:PIK3CD	0	0	0	0	0	0	0	0	0	0.863264301756836	0.96631624879184	0.984401588809662	1	0.958295694072011	0.994247802911272	0.998958278005861	1	0.999877707261488	0.999999457219135
ENSFCAG00000024529:RB1	0	0	0	0	0	0	0	0	0	0.863837840009077	0.964403647882162	0.984422452939762	1	0.958295694072011	0.994247802911272	0.998958278005861	1	0.999878035052603	0.999999457219135
ENSFCAG00000014215:ECT2L	0	0	0	0	0	0	0	0	0	0.864558671709421	0.96229114705191	0.984456930458683	1	0.958295694072011	0.994247802911272	0.998958278005861	1	0.999878575751142	0.999999457219135
ENSFCAG00000003112:KIT	0	0	0	0	0	0	0	0	0	0.863557027327176	0.966282968463872	0.984462911032817	1	0.958295694072011	0.994247802911272	0.998958278005861	1	0.999878669419444	0.999999457219135
ENSFCAG00000024269:KIF5B	0	0	0	0	0	0	0	0	0	0.864948111606915	0.962311579686316	0.984541163585195	1	0.958295694072011	0.994247802911272	0.998958278005861	1	0.999879891670458	0.999999457219135
ENSFCAG00000013185:SETD1B	0	0	0	0	0	0	0	0	0	0.861586606328701	0.978689654531902	0.984563902869339	1	0.958295694072011	0.994247802911272	0.998958278005861	1	0.999880245676134	0.999999457219135
ENSFCAG00000004047:HIP1	0	0	0	0	0	0	0	0	0	0.865698181603806	0.960430384670001	0.984587876558573	1	0.958295694072011	0.994247802911272	0.998958278005861	1	0.999880618330337	0.999999457219135
ENSFCAG00000024008:EPHA3	0	0	0	0	0	0	0	0	0	0.864413670365001	0.968469238874447	0.984757082087639	1	0.958295694072011	0.994247802911272	0.998958278005861	1	0.999883231913226	0.999999457219135
ENSFCAG00000013850:MAP3K14	0	0	0	0	0	0	0	0	0	0.864147142896927	0.969938274710175	0.984770062271456	1	0.958295694072011	0.994247802911272	0.998958278005861	1	0.999883431207007	0.999999457219135
ENSFCAG00000000947:NFATC2	0	0	0	0	0	0	0	0	0	0.86325381668676	0.974953347693966	0.984791858737767	1	0.958295694072011	0.994247802911272	0.998958278005861	1	0.999883765478436	0.999999457219135
ENSFCAG00000031292:ATXN7	0	0	0	0	0	0	0	0	0	0.863474012589371	0.97471473345043	0.984830035005162	1	0.958295694072011	0.994247802911272	0.998958278005861	1	0.999884349788672	0.999999457219135
ENSFCAG00000013913:INPP4A	0	0	0	0	0	0	0	0	0	0.865130025854312	0.968326085458391	0.984902857274803	1	0.958295694072011	0.994247802911272	0.998958278005861	1	0.999885460272568	0.999999457219135
ENSFCAG00000008506:CYLD	0	0	0	0	0	0	0	0	0	0.86491762901019	0.96998369901218	0.984936805058217	1	0.958295694072011	0.994247802911272	0.998958278005861	1	0.999885976110184	0.999999457219135
ENSFCAG00000008459:PMS2	0	0	0	0	0	0	0	0	0	0.864568538284301	0.971879949621147	0.984947663090292	1	0.958295694072011	0.994247802911272	0.998958278005861	1	0.999886140851343	0.999999457219135
ENSFCAG00000006091:FURIN	0	0	0	0	0	0	0	0	0	0.864545039186336	0.972260210606269	0.984959083833663	1	0.958295694072011	0.994247802911272	0.998958278005861	1	0.999886314000954	0.999999457219135
ENSFCAG00000014491:PRKD1	0	0	0	0	0	0	0	0	0	0.865422335967409	0.969109781309259	0.985002924956205	1	0.958295694072011	0.994247802911272	0.998958278005861	1	0.999886977445283	0.999999457219135
ENSFCAG00000002273:KSR2	0	0	0	0	0	0	0	0	0	0.865837175489581	0.968240163288774	0.985048651048404	1	0.958295694072011	0.994247802911272	0.998958278005861	1	0.999887667335757	0.999999457219135
ENSFCAG00000027650:EPS15	0	0	0	0	0	0	0	0	0	0.865892055090003	0.969119601547562	0.985102914410191	1	0.958295694072011	0.994247802911272	0.998958278005861	1	0.999888483277873	0.999999457219135
ENSFCAG00000010549:SNCAIP	0	0	0	0	0	0	0	0	0	0.865272260037185	0.972745215441606	0.985134698879937	1	0.958295694072011	0.994247802911272	0.998958278005861	1	0.999888959823357	0.999999457219135
ENSFCAG00000004737:CBL	0	0	0	0	0	0	0	0	0	0.866188944671765	0.969217740409719	0.98517032141019	1	0.958295694072011	0.994247802911272	0.998958278005861	1	0.999889492694276	0.999999457219135
ENSFCAG00000013448:MSH2	0	0	0	0	0	0	0	0	0	0.866674315479288	0.967159545118317	0.985171148770517	1	0.958295694072011	0.994247802911272	0.998958278005861	1	0.999889505055302	0.999999457219135
ENSFCAG00000012184:NOD1	0	0	0	0	0	0	0	0	0	0.864934788111308	0.976106441569549	0.985195967479758	1	0.958295694072011	0.994247802911272	0.998958278005861	1	0.999889875531665	0.999999457219135
ENSFCAG00000024012:GRM3	0	0	0	0	0	0	0	0	0	0.865168236002534	0.97694997431051	0.985276321255693	1	0.958295694072011	0.994247802911272	0.998958278005861	1	0.999891070707809	0.999999457219135
ENSFCAG00000001242:NFKB2	0	0	0	0	0	0	0	0	0	0.867247174299656	0.966935948038036	0.985279906325851	1	0.958295694072011	0.994247802911272	0.998958278005861	1	0.999891123879163	0.999999457219135
ENSFCAG00000001719:CTNNA1	0	0	0	0	0	0	0	0	0	0.867154089483494	0.968445642468216	0.985335972956731	1	0.958295694072011	0.994247802911272	0.998958278005861	1	0.999891953724603	0.999999457219135
ENSFCAG00000028208:RBM15	0	0	0	0	0	0	0	0	0	0.866824788948413	0.972777898153868	0.985464101332328	1	0.958295694072011	0.994247802911272	0.998958278005861	1	0.99989383818446	0.999999457219135
ENSFCAG00000010859:IL6ST	0	0	0	0	0	0	0	0	0	0.867965833167892	0.969222947525932	0.985543025158204	1	0.958295694072011	0.994247802911272	0.998958278005861	1	0.999894990672547	0.999999457219135
ENSFCAG00000026268:INPP4B	0	0	0	0	0	0	0	0	0	0.868477152066481	0.967188150183012	0.985549028800207	1	0.958295694072011	0.994247802911272	0.998958278005861	1	0.999895078082268	0.999999457219135
ENSFCAG00000005777:PARP1	0	0	0	0	0	0	0	0	0	0.868210457507674	0.969619378529427	0.985612689441237	1	0.958295694072011	0.994247802911272	0.998958278005861	1	0.999896002696237	0.999999457219135
ENSFCAG00000007325:AR	0	0	0	0	0	0	0	0	0	0.868736612389958	0.970008723718273	0.985740021394638	1	0.958295694072011	0.994247802911272	0.998958278005861	1	0.999897839742201	0.999999457219135
ENSFCAG00000008145:CUL3	0	0	0	0	0	0	0	0	0	0.869285592533689	0.967682426069348	0.985741093413228	1	0.958295694072011	0.994247802911272	0.998958278005861	1	0.999897855138624	0.999999457219135
ENSFCAG00000041663:PGR	0	0	0	0	0	0	0	0	0	0.86816908498261	0.972827334762128	0.985747112275446	1	0.958295694072011	0.994247802911272	0.998958278005861	1	0.999897941560388	0.999999457219135
ENSFCAG00000002782:AGO2	0	0	0	0	0	0	0	0	0	0.870083532435712	0.965565453392021	0.985795507167782	1	0.958295694072011	0.994247802911272	0.998958278005861	1	0.999898635102208	0.999999457219135
ENSFCAG00000001865:XPC	0	0	0	0	0	0	0	0	0	0.868995829628669	0.970964364410684	0.985837325173997	1	0.958295694072011	0.994247802911272	0.998958278005861	1	0.999899232477959	0.999999457219135
ENSFCAG00000010755:PRDM1	0	0	0	0	0	0	0	0	0	0.868280882971325	0.975281801037784	0.985869006836281	1	0.958295694072011	0.994247802911272	0.998958278005861	1	0.999899683873669	0.999999457219135
ENSFCAG00000007779:DNMT3B	0	0	0	0	0	0	0	0	0	0.870090929121897	0.968431164428023	0.985943613711761	1	0.958295694072011	0.994247802911272	0.998958278005861	1	0.999900742839865	0.999999457219135
ENSFCAG00000022869:PIK3C3	0	0	0	0	0	0	0	0	0	0.871782397052004	0.962396321456479	0.985964112504728	1	0.958295694072011	0.994247802911272	0.998958278005861	1	0.999901032809999	0.999999457219135
ENSFCAG00000013269:CSF3R	0	0	0	0	0	0	0	0	0	0.870364509633895	0.967936466841009	0.985975188088921	1	0.958295694072011	0.994247802911272	0.998958278005861	1	0.999901189304742	0.999999457219135
ENSFCAG00000014965:NTRK3	0	0	0	0	0	0	0	0	0	0.869486441678557	0.972077308020308	0.985987601470817	1	0.958295694072011	0.994247802911272	0.998958278005861	1	0.99990136455431	0.999999457219135
ENSFCAG00000012620:TYRO3	0	0	0	0	0	0	0	0	0	0.870407209204074	0.968541492423829	0.98601370018872	1	0.958295694072011	0.994247802911272	0.998958278005861	1	0.999901732500934	0.999999457219135
ENSFCAG00000013487:GPHN	0	0	0	0	0	0	0	0	0	0.870945291452642	0.966497891963899	0.986020499439173	1	0.958295694072011	0.994247802911272	0.998958278005861	1	0.999901828245136	0.999999457219135
ENSFCAG00000008289:SND1	0	0	0	0	0	0	0	0	0	0.871631758119388	0.965791406772417	0.986122684845916	1	0.958295694072011	0.994247802911272	0.998958278005861	1	0.999903261530228	0.999999457219135
ENSFCAG00000044781:ELN	0	0	0	0	0	0	0	0	0	0.871939676749562	0.964832232194073	0.986133316093619	1	0.958295694072011	0.994247802911272	0.998958278005861	1	0.999903410039348	0.999999457219135
ENSFCAG00000014571:STAT6	0	0	0	0	0	0	0	0	0	0.871523246799604	0.966461766279677	0.98613592878132	1	0.958295694072011	0.994247802911272	0.998958278005861	1	0.999903446518738	0.999999457219135
ENSFCAG00000013131:EZH1	0	0	0	0	0	0	0	0	0	0.871283275633289	0.967587128772913	0.98614482195823	1	0.958295694072011	0.994247802911272	0.998958278005861	1	0.999903570636949	0.999999457219135
ENSFCAG00000030995:AXL	0	0	0	0	0	0	0	0	0	0.871556990228756	0.966809239073089	0.986160736793868	1	0.958295694072011	0.994247802911272	0.998958278005861	1	0.999903792553222	0.999999457219135
ENSFCAG00000009081:NTRK2	0	0	0	0	0	0	0	0	0	0.871109732455182	0.971696992900648	0.986303011788705	1	0.958295694072011	0.994247802911272	0.998958278005861	1	0.999905765023342	0.999999457219135
ENSFCAG00000004050:ERCC4	0	0	0	0	0	0	0	0	0	0.870969414526706	0.972389178626526	0.986304479257798	1	0.958295694072011	0.994247802911272	0.998958278005861	1	0.999905785261081	0.999999457219135
ENSFCAG00000025327:GMPS	0	0	0	0	0	0	0	0	0	0.870428268474463	0.975351622799051	0.986314130958024	1	0.958295694072011	0.994247802911272	0.998958278005861	1	0.999905918312439	0.999999457219135
ENSFCAG00000009163:DDR2	0	0	0	0	0	0	0	0	0	0.871824412016103	0.969361645803506	0.986341129541871	1	0.958295694072011	0.994247802911272	0.998958278005861	1	0.999906289993773	0.999999457219135
ENSFCAG00000029266:CSDE1	0	0	0	0	0	0	0	0	0	0.872554982051286	0.967794296060344	0.986411948903017	1	0.958295694072011	0.994247802911272	0.998958278005861	1	0.999907261430873	0.999999457219135
ENSFCAG00000013629:EPAS1	0	0	0	0	0	0	0	0	0	0.872824473745177	0.969252445147374	0.98653720900115	1	0.958295694072011	0.994247802911272	0.998958278005861	1	0.999908967188249	0.999999457219135
ENSFCAG00000013266:SMAD2	0	0	0	0	0	0	0	0	0	0.871835323201641	0.974725699460814	0.986575842649304	1	0.958295694072011	0.994247802911272	0.998958278005861	1	0.999909490081381	0.999999457219135
ENSFCAG00000040223:TBX3	0	0	0	0	0	0	0	0	0	0.870935284304779	0.980391406725465	0.986590395172029	1	0.958295694072011	0.994247802911272	0.998958278005861	1	0.999909686652503	0.999999457219135
ENSFCAG00000023797:SUZ12	0	0	0	0	0	0	0	0	0	0.873577784502501	0.967458865818038	0.986599736772488	1	0.958295694072011	0.994247802911272	0.998958278005861	1	0.999909812722924	0.999999457219135
ENSFCAG00000045383:CDH1	0	0	0	0	0	0	0	0	0	0.872291379832365	0.973728979594571	0.986628010922566	1	0.958295694072011	0.994247802911272	0.998958278005861	1	0.9999101937603	0.999999457219135
ENSFCAG00000003427:HIF1A	0	0	0	0	0	0	0	0	0	0.872986578281662	0.970738423927431	0.986638833396787	1	0.958295694072011	0.994247802911272	0.998958278005861	1	0.999910339395248	0.999999457219135
ENSFCAG00000003644:ARNT	0	0	0	0	0	0	0	0	0	0.874072848099037	0.966492746991628	0.98664868983771	1	0.958295694072011	0.994247802911272	0.998958278005861	1	0.99991047192727	0.999999457219135
ENSFCAG00000026041:SMO	0	0	0	0	0	0	0	0	0	0.871910816767204	0.976410914253409	0.986654929789639	1	0.958295694072011	0.994247802911272	0.998958278005861	1	0.999910555780232	0.999999457219135
ENSFCAG00000011529:VAV2	0	0	0	0	0	0	0	0	0	0.874398513026669	0.965798129369895	0.986676752152145	1	0.958295694072011	0.994247802911272	0.998958278005861	1	0.99991084872051	0.999999457219135
ENSFCAG00000004892:DNM2	0	0	0	0	0	0	0	0	0	0.873168926122345	0.971016957976349	0.986687898102208	1	0.958295694072011	0.994247802911272	0.998958278005861	1	0.999910998155939	0.999999457219135
ENSFCAG00000013987:MALT1	0	0	0	0	0	0	0	0	0	0.873855240655093	0.969712960677297	0.986764801044109	1	0.958295694072011	0.994247802911272	0.998958278005861	1	0.999912025774036	0.999999457219135
ENSFCAG00000026102:AXIN2	0	0	0	0	0	0	0	0	0	0.872762271110287	0.975252551898932	0.986782921117719	1	0.958295694072011	0.994247802911272	0.998958278005861	1	0.999912267031641	0.999999457219135
ENSFCAG00000000746:AGO1	0	0	0	0	0	0	0	0	0	0.875082334470032	0.965264121700617	0.986783169212802	1	0.958295694072011	0.994247802911272	0.998958278005861	1	0.999912270332565	0.999999457219135
ENSFCAG00000007246:DDX10	0	0	0	0	0	0	0	0	0	0.873257678314591	0.973339359110651	0.986805847705629	1	0.958295694072011	0.994247802911272	0.998958278005861	1	0.999912571808188	0.999999457219135
ENSFCAG00000003692:FGFR2	0	0	0	0	0	0	0	0	0	0.874093971213484	0.970039646997807	0.986827489529375	1	0.958295694072011	0.994247802911272	0.998958278005861	1	0.999912859016894	0.999999457219135
ENSFCAG00000015643:AXIN1	0	0	0	0	0	0	0	0	0	0.872326960326673	0.979101074953855	0.986831629454001	1	0.958295694072011	0.994247802911272	0.998958278005861	1	0.999912913903765	0.999999457219135
ENSFCAG00000003098:PML	0	0	0	0	0	0	0	0	0	0.872775673627055	0.976791193705469	0.986842820705634	1	0.958295694072011	0.994247802911272	0.998958278005861	1	0.999913062189775	0.999999457219135
ENSFCAG00000006093:FES	0	0	0	0	0	0	0	0	0	0.874326668382233	0.969974376172116	0.986870590249079	1	0.958295694072011	0.994247802911272	0.998958278005861	1	0.999913429592831	0.999999457219135
ENSFCAG00000012784:STRN	0	0	0	0	0	0	0	0	0	0.874985278397632	0.967939746758555	0.986902710776679	1	0.958295694072011	0.994247802911272	0.998958278005861	1	0.999913853586642	0.999999457219135
ENSFCAG00000003694:TFRC	0	0	0	0	0	0	0	0	0	0.874079351990535	0.972267153460774	0.986924262838877	1	0.958295694072011	0.994247802911272	0.998958278005861	1	0.999914137489718	0.999999457219135
ENSFCAG00000005619:EXT2	0	0	0	0	0	0	0	0	0	0.874860767073903	0.968975093284846	0.986928836059597	1	0.958295694072011	0.994247802911272	0.998958278005861	1	0.999914197671749	0.999999457219135
ENSFCAG00000012847:BRAF	0	0	0	0	0	0	0	0	0	0.875679836112573	0.965903288171522	0.986934634688678	1	0.958295694072011	0.994247802911272	0.998958278005861	1	0.999914273949269	0.999999457219135
ENSFCAG00000006007:LZTR1	0	0	0	0	0	0	0	0	0	0.875650332028808	0.968692522752957	0.987070400376019	1	0.958295694072011	0.994247802911272	0.998958278005861	1	0.999916050129621	0.999999457219135
ENSFCAG00000030357:NBN	0	0	0	0	0	0	0	0	0	0.875481709372542	0.969380926311368	0.987070407449846	1	0.958295694072011	0.994247802911272	0.998958278005861	1	0.999916050221679	0.999999457219135
ENSFCAG00000018385:FGFR3	0	0	0	0	0	0	0	0	0	0.874987776069171	0.971823009646254	0.987084667827966	1	0.958295694072011	0.994247802911272	0.998958278005861	1	0.999916235701907	0.999999457219135
ENSFCAG00000042862:SFPQ	0	0	0	0	0	0	0	0	0	0.875282239676573	0.971872226950627	0.98714477405351	1	0.958295694072011	0.994247802911272	0.998958278005861	1	0.999917015220418	0.999999457219135
ENSFCAG00000000512:RPS6KA4	0	0	0	0	0	0	0	0	0	0.875884246559953	0.96950206281298	0.987155019766774	1	0.958295694072011	0.994247802911272	0.998958278005861	1	0.999917147732119	0.999999457219135
ENSFCAG00000005052:VAV1	0	0	0	0	0	0	0	0	0	0.877534090797398	0.963650649993539	0.987171966576534	1	0.958295694072011	0.994247802911272	0.998958278005861	1	0.999917366678236	0.999999457219135
ENSFCAG00000006913:NTRK1	0	0	0	0	0	0	0	0	0	0.874755737663319	0.97507830435954	0.987172980085508	1	0.958295694072011	0.994247802911272	0.998958278005861	1	0.999917379763154	0.999999457219135
ENSFCAG00000012236:MEN1	0	0	0	0	0	0	0	0	0	0.875109496556355	0.973645202311717	0.987185726019097	1	0.958295694072011	0.994247802911272	0.998958278005861	1	0.999917544230827	0.999999457219135
ENSFCAG00000013612:FGFR1	0	0	0	0	0	0	0	0	0	0.876003532005808	0.969859783106698	0.987195172702046	1	0.958295694072011	0.994247802911272	0.998958278005861	1	0.999917666020301	0.999999457219135
ENSFCAG00000013369:RABEP1	0	0	0	0	0	0	0	0	0	0.876876891405312	0.967489717629233	0.987250004242935	1	0.958295694072011	0.994247802911272	0.998958278005861	1	0.999918371139927	0.999999457219135
ENSFCAG00000029123:PICALM	0	0	0	0	0	0	0	0	0	0.876474774118362	0.969123140495586	0.987252207795244	1	0.958295694072011	0.994247802911272	0.998958278005861	1	0.999918399413395	0.999999457219135
ENSFCAG00000018634:STAT4	0	0	0	0	0	0	0	0	0	0.876370912228907	0.969921930571962	0.987269763737593	1	0.958295694072011	0.994247802911272	0.998958278005861	1	0.999918624495521	0.999999457219135
ENSFCAG00000008901:BACH2	0	0	0	0	0	0	0	0	0	0.874998065003254	0.977449410625496	0.987308094940852	1	0.958295694072011	0.994247802911272	0.998958278005861	1	0.999919114849261	0.999999457219135
ENSFCAG00000006348:TRAF7	0	0	0	0	0	0	0	0	0	0.876362210673842	0.970870248112488	0.987311637545339	1	0.958295694072011	0.994247802911272	0.998958278005861	1	0.999919160093072	0.999999457219135
ENSFCAG00000014937:KEL	0	0	0	0	0	0	0	0	0	0.877767049659801	0.965407519957441	0.987313618342072	1	0.958295694072011	0.994247802911272	0.998958278005861	1	0.999919185384962	0.999999457219135
ENSFCAG00000023466:POT1	1	0	0	0	0	0	0	0	0	0.877985481774611	0.964941523843826	0.987330446099921	1	0.958295694072011	0.994247802911272	0.998958278005861	1	0.999919400090645	0.999999457219135
ENSFCAG00000008675:NUP93	0	0	0	0	0	0	0	0	0	0.877862494757197	0.965868279594985	0.987356572366512	1	0.958295694072011	0.994247802911272	0.998958278005861	1	0.999919732867864	0.999999457219135
ENSFCAG00000014971:CBFA2T3	0	0	0	0	0	0	0	0	0	0.875089160207097	0.978880129682968	0.987374507127413	1	0.958295694072011	0.994247802911272	0.998958278005861	1	0.999919960907519	0.999999457219135
ENSFCAG00000025031:HOOK3	0	0	0	0	0	0	0	0	0	0.878021475927085	0.96579985444035	0.987383515331151	1	0.958295694072011	0.994247802911272	0.998958278005861	1	0.999920075323508	0.999999457219135
ENSFCAG00000005630:BRSK1	0	0	0	0	0	0	0	0	0	0.877463285749366	0.969190565449719	0.987447089844443	1	0.958295694072011	0.994247802911272	0.998958278005861	1	0.999920880466465	0.999999457219135
ENSFCAG00000027384:ARID3A	0	0	0	0	0	0	0	0	0	0.875143408565932	0.983013973159551	0.987507376990544	1	0.958295694072011	0.994247802911272	0.998958278005861	1	0.999921640195277	0.999999457219135
ENSFCAG00000002154:STAT3	0	0	0	0	0	0	0	0	0	0.878476467456577	0.967451132959868	0.987556359720227	1	0.958295694072011	0.994247802911272	0.998958278005861	1	0.999922254757638	0.999999457219135
ENSFCAG00000003470:CTNNB1	0	0	0	0	0	0	0	0	0	0.877706294304681	0.970658888267852	0.987562520386049	1	0.958295694072011	0.994247802911272	0.998958278005861	1	0.999922331880497	0.999999457219135
ENSFCAG00000011083:TSHR	0	0	0	0	0	0	0	0	0	0.876945805888177	0.975402007450636	0.987614037088266	1	0.958295694072011	0.994247802911272	0.998958278005861	1	0.999922975292689	0.999999457219135
ENSFCAG00000030250:CMTR2	0	0	0	0	0	0	0	0	0	0.876131978807242	0.979989723284745	0.987614431458938	1	0.958295694072011	0.994247802911272	0.998958278005861	1	0.999922980207774	0.999999457219135
ENSFCAG00000003320:CDH11	0	0	0	0	0	0	0	0	0	0.877747984773601	0.972063933438027	0.987633018233145	1	0.958295694072011	0.994247802911272	0.998958278005861	1	0.999923211678149	0.999999457219135
ENSFCAG00000025219:MRE11	0	0	0	0	0	0	0	0	0	0.879364846103055	0.966102838221633	0.987656267513942	1	0.958295694072011	0.994247802911272	0.998958278005861	1	0.999923500720628	0.999999457219135
ENSFCAG00000008898:CD22	0	0	0	0	0	0	0	0	0	0.878586127856525	0.969490485225184	0.987677183104155	1	0.958295694072011	0.994247802911272	0.998958278005861	1	0.999923760282281	0.999999457219135
ENSFCAG00000008554:HGF	0	0	0	0	0	0	0	0	0	0.879456307152646	0.966414123830974	0.987689954349476	1	0.958295694072011	0.994247802911272	0.998958278005861	1	0.999923918555138	0.999999457219135
ENSFCAG00000009029:TOP1	0	0	0	0	0	0	0	0	0	0.879211099912551	0.968152496322562	0.987731660226246	1	0.958295694072011	0.994247802911272	0.998958278005861	1	0.99992443426204	0.999999457219135
ENSFCAG00000016224:FGFR4	0	0	0	0	0	0	0	0	0	0.878005758847564	0.973219074698598	0.987731691473581	1	0.958295694072011	0.994247802911272	0.998958278005861	1	0.999924434647763	0.999999457219135
ENSFCAG00000001812:MYB	0	0	0	0	0	0	0	0	0	0.878520440835485	0.971707193644289	0.987765802202621	1	0.958295694072011	0.994247802911272	0.998958278005861	1	0.999924855127938	0.999999457219135
ENSFCAG00000011809:ACSL3	0	0	0	0	0	0	0	0	0	0.878943079180974	0.971160222344429	0.987822309312577	1	0.958295694072011	0.994247802911272	0.998958278005861	1	0.999925549094506	0.999999457219135
ENSFCAG00000009125:ARHGAP26	0	0	0	0	0	0	0	0	0	0.879482213520525	0.969023624560425	0.987825692549535	1	0.958295694072011	0.994247802911272	0.998958278005861	1	0.999925590541642	0.999999457219135
ENSFCAG00000014042:CNOT3	0	0	0	0	0	0	0	0	0	0.879189078285407	0.970284047359611	0.987829355630988	1	0.958295694072011	0.994247802911272	0.998958278005861	1	0.999925635404013	0.999999457219135
ENSFCAG00000006810:BCL6	0	0	0	0	0	0	0	0	0	0.87712937878301	0.981141714808876	0.987843176363835	1	0.958295694072011	0.994247802911272	0.998958278005861	1	0.999925804546532	0.999999457219135
ENSFCAG00000006882:ZNF384	0	0	0	0	0	0	0	0	0	0.878366517070272	0.97448917804388	0.987852506379176	1	0.958295694072011	0.994247802911272	0.998958278005861	1	0.999925918620896	0.999999457219135
ENSFCAG00000012034:SETDB2	0	0	0	0	0	0	0	0	0	0.879961851911201	0.9684217946771	0.987887353137939	1	0.958295694072011	0.994247802911272	0.998958278005861	1	0.999926343899103	0.999999457219135
ENSFCAG00000001371:MLH1	0	0	0	0	0	0	0	0	0	0.879333554752257	0.971346884489264	0.98790500949221	1	0.958295694072011	0.994247802911272	0.998958278005861	1	0.999926558912295	0.999999457219135
ENSFCAG00000013696:IKBKB	0	0	0	0	0	0	0	0	0	0.880520245047553	0.967000863542549	0.987921445093736	1	0.958295694072011	0.994247802911272	0.998958278005861	1	0.999926758775976	0.999999457219135
ENSFCAG00000006989:ERCC3	0	0	0	0	0	0	0	0	0	0.880040957278135	0.969013818779157	0.987931072184478	1	0.958295694072011	0.994247802911272	0.998958278005861	1	0.999926875718376	0.999999457219135
ENSFCAG00000023514:TCF3	0	0	0	0	0	0	0	0	0	0.879372137295105	0.971871774846724	0.987935485119641	1	0.958295694072011	0.994247802911272	0.998958278005861	1	0.999926929291917	0.999999457219135
ENSFCAG00000022073:DTX1	0	0	0	0	0	0	0	0	0	0.877949763255844	0.980132233996106	0.987971224675718	1	0.958295694072011	0.994247802911272	0.998958278005861	1	0.999927362447976	0.999999457219135
ENSFCAG00000010312:BARD1	0	0	0	0	0	0	0	0	0	0.879313590556627	0.973307919647317	0.987985479409223	1	0.958295694072011	0.994247802911272	0.998958278005861	1	0.999927534851742	0.999999457219135
ENSFCAG00000025772:MST1	0	0	0	0	0	0	0	0	0	0.880440094881269	0.968812915684654	0.987996682895239	1	0.958295694072011	0.994247802911272	0.998958278005861	1	0.999927670207873	0.999999457219135
ENSFCAG00000025491:ELP2	0	0	0	0	0	0	0	0	0	0.880460046417787	0.968839348039603	0.988001720646051	1	0.958295694072011	0.994247802911272	0.998958278005861	1	0.999927731030599	0.999999457219135
ENSFCAG00000012383:MPEG1	0	0	0	0	0	0	0	0	0	0.878413763030029	0.980600061285087	0.988074590518836	1	0.958295694072011	0.994247802911272	0.998958278005861	1	0.999928607943966	0.999999457219135
ENSFCAG00000028112:STAT5B	0	0	0	0	0	0	0	0	0	0.880757632042238	0.969555176438162	0.988091946049808	1	0.958295694072011	0.994247802911272	0.998958278005861	1	0.999928816007368	0.999999457219135
ENSFCAG00000027069:GATA6	0	0	0	0	0	0	0	0	0	0.878516935131676	0.980740270886682	0.98809856494373	1	0.958295694072011	0.994247802911272	0.998958278005861	1	0.999928895276389	0.999999457219135
ENSFCAG00000002153:STAT5A	0	0	0	0	0	0	0	0	0	0.880263496241881	0.972197554396702	0.988118441767107	1	0.958295694072011	0.994247802911272	0.998958278005861	1	0.999929133058177	0.999999457219135
ENSFCAG00000010119:SNX29	0	0	0	0	0	0	0	0	0	0.881353349082131	0.968465264441237	0.988151109827779	1	0.958295694072011	0.994247802911272	0.998958278005861	1	0.999929522989959	0.999999457219135
ENSFCAG00000000765:FOXO1	0	0	0	0	0	0	0	0	0	0.878267517394988	0.984680964043511	0.988156510902495	1	0.958295694072011	0.994247802911272	0.998958278005861	1	0.999929587354107	0.999999457219135
ENSFCAG00000042984:EXT1	0	0	0	0	0	0	0	0	0	0.880611332865638	0.971771890153018	0.988165452193951	1	0.958295694072011	0.994247802911272	0.998958278005861	1	0.999929693841827	0.999999457219135
ENSFCAG00000014246:CUL4A	0	0	0	0	0	0	0	0	0	0.881450236908877	0.968444311375988	0.988168185169003	1	0.958295694072011	0.994247802911272	0.998958278005861	1	0.999929726374481	0.999999457219135
ENSFCAG00000024086:NRG1	0	0	0	0	0	0	0	0	0	0.880018213117491	0.974959272329818	0.988185435462316	1	0.958295694072011	0.994247802911272	0.998958278005861	1	0.99992993154325	0.999999457219135
ENSFCAG00000014440:COP1	0	0	0	0	0	0	0	0	0	0.881408832113688	0.969188967712033	0.988196525339201	1	0.958295694072011	0.994247802911272	0.998958278005861	1	0.999930063283224	0.999999457219135
ENSFCAG00000004243:EWSR1	0	0	0	0	0	0	0	0	0	0.88329185321516	0.963219552711543	0.988231983742667	1	0.958295694072011	0.994247802911272	0.998958278005861	1	0.999930483669119	0.999999457219135
ENSFCAG00000006532:GTSE1	0	0	0	0	0	0	0	0	0	0.879955294686134	0.976865605757315	0.988244844093442	1	0.958295694072011	0.994247802911272	0.998958278005861	1	0.999930635823796	0.999999457219135
ENSFCAG00000010330:FUBP1	0	0	0	0	0	0	0	0	0	0.884143335738026	0.962190073595305	0.988328213674247	1	0.958295694072011	0.994247802911272	0.998958278005861	1	0.999931618135435	0.999999457219135
ENSFCAG00000002679:ERCC2	0	0	0	0	0	0	0	0	0	0.882501956878044	0.968287236179805	0.988356005070608	1	0.958295694072011	0.994247802911272	0.998958278005861	1	0.999931944027816	0.999999457219135
ENSFCAG00000006344:CD276	0	0	0	0	0	0	0	0	0	0.88049934149921	0.977317014577732	0.988363604429869	1	0.958295694072011	0.994247802911272	0.998958278005861	1	0.999932033004707	0.999999457219135
ENSFCAG00000003928:NCSTN	0	0	0	0	0	0	0	0	0	0.882011592465046	0.970653109834039	0.988377275840058	1	0.958295694072011	0.994247802911272	0.998958278005861	1	0.999932192928927	0.999999457219135
ENSFCAG00000027102:GAB1	0	0	0	0	0	0	0	0	0	0.882161746461486	0.970057482083793	0.988377735633183	1	0.958295694072011	0.994247802911272	0.998958278005861	1	0.999932198304168	0.999999457219135
ENSFCAG00000013778:IKBKE	0	0	0	0	0	0	0	0	0	0.88179702339537	0.972312639207645	0.988410876448078	1	0.958295694072011	0.994247802911272	0.998958278005861	1	0.999932585175648	0.999999457219135
ENSFCAG00000000620:FBXW7	0	0	0	0	0	0	0	0	0	0.882861182100694	0.968206067190452	0.988418386137582	1	0.958295694072011	0.994247802911272	0.998958278005861	1	0.999932672686075	0.999999457219135
ENSFCAG00000024456:MDM2	0	0	0	0	0	0	0	0	0	0.881166345507406	0.975583673228419	0.988425471071851	1	0.958295694072011	0.994247802911272	0.998958278005861	1	0.999932755194521	0.999999457219135
ENSFCAG00000029965:SLC34A2	0	0	0	0	0	0	0	0	0	0.881064719161384	0.976215262803096	0.988430074564693	1	0.958295694072011	0.994247802911272	0.998958278005861	1	0.999932808777827	0.999999457219135
ENSFCAG00000011053:PLK2	0	0	0	0	0	0	0	0	0	0.881900872921791	0.972837612992161	0.988452576628001	1	0.958295694072011	0.994247802911272	0.998958278005861	1	0.999933070386706	0.999999457219135
ENSFCAG00000026883:PIK3R2	0	0	0	0	0	0	0	0	0	0.882282451052832	0.971315495951091	0.988457429265618	1	0.958295694072011	0.994247802911272	0.998958278005861	1	0.9999331267363	0.999999457219135
ENSFCAG00000023059:FOXP1	0	0	0	0	0	0	0	0	0	0.883009270975503	0.968469812483402	0.988458670968483	1	0.958295694072011	0.994247802911272	0.998958278005861	1	0.999933141151322	0.999999457219135
ENSFCAG00000009752:CRTC1	0	0	0	0	0	0	0	0	0	0.881884169836835	0.973679458014684	0.988484442337711	1	0.958295694072011	0.994247802911272	0.998958278005861	1	0.999933439980942	0.999999457219135
ENSFCAG00000030253:PATZ1	0	0	0	0	0	0	0	0	0	0.880707593229273	0.981658988176828	0.988541114895157	1	0.958295694072011	0.994247802911272	0.998958278005861	1	0.999934094759197	0.999999457219135
ENSFCAG00000045924:FBXO31	0	0	0	0	0	0	0	0	0	0.881676993611209	0.977000500708408	0.988573073128322	1	0.958295694072011	0.994247802911272	0.998958278005861	1	0.999934462562663	0.999999457219135
ENSFCAG00000002431:RXRA	0	0	0	0	0	0	0	0	0	0.881943472495968	0.976656106402345	0.988610309530575	1	0.958295694072011	0.994247802911272	0.998958278005861	1	0.999934889808774	0.999999457219135
ENSFCAG00000011030:PIK3R1	0	0	0	0	0	0	0	0	0	0.88476751927882	0.965296344715758	0.988616860884711	1	0.958295694072011	0.994247802911272	0.998958278005861	1	0.999934964833154	0.999999457219135
ENSFCAG00000002630:PPM1F	0	0	0	0	0	0	0	0	0	0.883399193871895	0.970626942797811	0.988632493349952	1	0.958295694072011	0.994247802911272	0.998958278005861	1	0.999935143676634	0.999999457219135
ENSFCAG00000031674:TCF12	0	0	0	0	0	0	0	0	0	0.88369670708792	0.970102720240153	0.988662927644647	1	0.958295694072011	0.994247802911272	0.998958278005861	1	0.999935491151631	0.999999457219135
ENSFCAG00000003444:RAD54L	0	0	0	0	0	0	0	0	0	0.883536128802087	0.970881563052631	0.988669204314066	1	0.958295694072011	0.994247802911272	0.998958278005861	1	0.999935562697205	0.999999457219135
ENSFCAG00000042003:ASPSCR1	0	0	0	0	0	0	0	0	0	0.88273099730272	0.975828250301734	0.98872577197713	1	0.958295694072011	0.994247802911272	0.998958278005861	1	0.999936205694521	0.999999457219135
ENSFCAG00000003492:CTCF	0	0	0	0	0	0	0	0	0	0.882641432098047	0.977067190187266	0.988754552467971	1	0.958295694072011	0.994247802911272	0.998958278005861	1	0.999936531596445	0.999999457219135
ENSFCAG00000024132:TNFRSF11A	1	0	0	0	0	0	0	0	0	0.882286228394861	0.979912727007569	0.988783851550785	1	0.958295694072011	0.994247802911272	0.998958278005861	1	0.999936862510237	0.999999457219135
ENSFCAG00000026299:RAF1	0	0	0	0	0	0	0	0	0	0.883482936613643	0.974571902870369	0.988815854134259	1	0.958295694072011	0.994247802911272	0.998958278005861	1	0.999937222966252	0.999999457219135
ENSFCAG00000000790:TP63	0	0	0	0	0	0	0	0	0	0.884047291715405	0.972434475543598	0.98883118677572	1	0.958295694072011	0.994247802911272	0.998958278005861	1	0.99993739529603	0.999999457219135
ENSFCAG00000028024:KDSR	0	0	0	0	0	0	0	0	0	0.884232116950401	0.971711777388199	0.988833552691104	1	0.958295694072011	0.994247802911272	0.998958278005861	1	0.99993742186634	0.999999457219135
ENSFCAG00000002807:SOX10	0	0	0	0	0	0	0	0	0	0.881794946024892	0.985292174452861	0.988837896746903	1	0.958295694072011	0.994247802911272	0.998958278005861	1	0.99993747063733	0.999999457219135
ENSFCAG00000005955:PAK5	0	0	0	0	0	0	0	0	0	0.884760759745772	0.970594088257109	0.988879622855078	1	0.958295694072011	0.994247802911272	0.998958278005861	1	0.999937938126997	0.999999457219135
ENSFCAG00000030227:FOXO3	0	0	0	0	0	0	0	0	0	0.881781863423419	0.989531706779407	0.988918355109049	1	0.958295694072011	0.994247802911272	0.998958278005861	1	0.999938370498523	0.999999457219135
ENSFCAG00000015711:BAP1	0	0	0	0	0	0	0	0	0	0.884527525643364	0.972441438933667	0.988919027973656	1	0.958295694072011	0.994247802911272	0.998958278005861	1	0.999938377996364	0.999999457219135
ENSFCAG00000015395:BTK	0	0	0	0	0	0	0	0	0	0.886209847464889	0.966285616152402	0.988929569741061	1	0.958295694072011	0.994247802911272	0.998958278005861	1	0.999938495405229	0.999999457219135
ENSFCAG00000013314:TIPARP	0	0	0	0	0	0	0	0	0	0.883880029464015	0.976054586547478	0.988945513895913	1	0.958295694072011	0.994247802911272	0.998958278005861	1	0.999938672769637	0.999999457219135
ENSFCAG00000007469:GOLGA5	0	0	0	0	0	0	0	0	0	0.884614482318677	0.972798042516056	0.988950017180948	1	0.958295694072011	0.994247802911272	0.998958278005861	1	0.999938722818085	0.999999457219135
ENSFCAG00000015184:ALOX12B	0	0	0	0	0	0	0	0	0	0.885417541394403	0.970132198186947	0.988977221912259	1	0.958295694072011	0.994247802911272	0.998958278005861	1	0.999939024728934	0.999999457219135
ENSFCAG00000009182:LCP1	0	0	0	0	0	0	0	0	0	0.885137790829767	0.971436599900347	0.988985913468143	1	0.958295694072011	0.994247802911272	0.998958278005861	1	0.999939121027765	0.999999457219135
ENSFCAG00000004893:CARM1	0	0	0	0	0	0	0	0	0	0.884503741528871	0.976996775782584	0.989093699297243	1	0.958295694072011	0.994247802911272	0.998958278005861	1	0.999940308903002	0.999999457219135
ENSFCAG00000018774:TCF7L2	0	0	0	0	0	0	0	0	0	0.885626070922422	0.972969184721518	0.989140302995245	1	0.958295694072011	0.994247802911272	0.998958278005861	1	0.99994081887105	0.999999457219135
ENSFCAG00000005710:BRD3	0	0	0	0	0	0	0	0	0	0.884727106584014	0.977933312988187	0.989167111762745	1	0.958295694072011	0.994247802911272	0.998958278005861	1	0.999941111235203	0.999999457219135
ENSFCAG00000006991:SRC	0	0	0	0	0	0	0	0	0	0.88636362606817	0.971645932376006	0.989215781348816	1	0.958295694072011	0.994247802911272	0.998958278005861	1	0.999941640146591	0.999999457219135
ENSFCAG00000025248:ARAF	0	0	0	0	0	0	0	0	0	0.885920873937711	0.973703547493958	0.98922379258627	1	0.958295694072011	0.994247802911272	0.998958278005861	1	0.999941726978315	0.999999457219135
ENSFCAG00000004020:DAXX	0	0	0	0	0	0	0	0	0	0.885679546940568	0.975028053278435	0.989233161823959	1	0.958295694072011	0.994247802911272	0.998958278005861	1	0.999941828446744	0.999999457219135
ENSFCAG00000024950:ARID5A	0	0	0	0	0	0	0	0	0	0.884370824457706	0.982941801119171	0.989254572149703	1	0.958295694072011	0.994247802911272	0.998958278005861	1	0.999942059986537	0.999999457219135
ENSFCAG00000030862:NR4A3	0	0	0	0	0	0	0	0	0	0.885013659441966	0.979196553164204	0.989261183274911	1	0.958295694072011	0.994247802911272	0.998958278005861	1	0.999942131388245	0.999999457219135
ENSFCAG00000011327:FAF1	0	0	0	0	0	0	0	0	0	0.887051503407276	0.970272567109545	0.989276507346468	1	0.958295694072011	0.994247802911272	0.998958278005861	1	0.999942296721934	0.999999457219135
ENSFCAG00000030888:RECQL	0	0	0	0	0	0	0	0	0	0.886841815664952	0.97140144411316	0.989290365935912	1	0.958295694072011	0.994247802911272	0.998958278005861	1	0.99994244603991	0.999999457219135
ENSFCAG00000023537:MLLT1	0	0	0	0	0	0	0	0	0	0.885011904902346	0.980306366335946	0.989295795028698	1	0.958295694072011	0.994247802911272	0.998958278005861	1	0.999942504482199	0.999999457219135
ENSFCAG00000026205:ZBTB16	0	0	0	0	0	0	0	0	0	0.885456326070399	0.978444794252004	0.989316483020376	1	0.958295694072011	0.994247802911272	0.998958278005861	1	0.999942726908134	0.999999457219135
ENSFCAG00000007459:GAB2	0	0	0	0	0	0	0	0	0	0.885482322005544	0.979720042393459	0.989362640797834	1	0.958295694072011	0.994247802911272	0.998958278005861	1	0.999943221611856	0.999999457219135
ENSFCAG00000009638:HNF1A	0	0	0	0	0	0	0	0	0	0.886224390897107	0.975869074030933	0.989363158187299	1	0.958295694072011	0.994247802911272	0.998958278005861	1	0.99994322714486	0.999999457219135
ENSFCAG00000008744:SEPTIN6	0	0	0	0	0	0	0	0	0	0.886376376861934	0.976713365532259	0.989421505432531	1	0.958295694072011	0.994247802911272	0.998958278005861	1	0.999943849379179	0.999999457219135
ENSFCAG00000023460:ELF4	0	0	0	0	0	0	0	0	0	0.886229441112915	0.977934454463776	0.989438235672883	1	0.958295694072011	0.994247802911272	0.998958278005861	1	0.999944027161239	0.999999457219135
ENSFCAG00000009978:WIF1	0	0	0	0	0	0	0	0	0	0.88672414679655	0.975876812863808	0.989452829172382	1	0.958295694072011	0.994247802911272	0.998958278005861	1	0.999944182006456	0.999999457219135
ENSFCAG00000014348:TEC	0	0	0	0	0	0	0	0	0	0.88924951497204	0.967235903140461	0.989516064446513	1	0.958295694072011	0.994247802911272	0.998958278005861	1	0.999944850481239	0.999999457219135
ENSFCAG00000007271:FLYWCH1	0	0	0	0	0	0	0	0	0	0.886021362587252	0.982657132710205	0.98954557276258	1	0.958295694072011	0.994247802911272	0.998958278005861	1	0.999945161037641	0.999999457219135
ENSFCAG00000012963:SAMHD1	0	0	0	0	0	0	0	0	0	0.888129212860833	0.972708469488481	0.989575318189628	1	0.958295694072011	0.994247802911272	0.998958278005861	1	0.999945473198912	0.999999457219135
ENSFCAG00000008547:EBF1	0	0	0	0	0	0	0	0	0	0.888444719611737	0.971575286353941	0.989581727850958	1	0.958295694072011	0.994247802911272	0.998958278005861	1	0.999945540347555	0.999999457219135
ENSFCAG00000009580:PAX8	0	0	0	0	0	0	0	0	0	0.887183944798714	0.97717731526654	0.989582183550751	1	0.958295694072011	0.994247802911272	0.998958278005861	1	0.999945545119958	0.999999457219135
ENSFCAG00000028305:FOXA1	0	0	0	0	0	0	0	0	0	0.885822840531665	0.985830618179271	0.989587614596255	1	0.958295694072011	0.994247802911272	0.998958278005861	1	0.999945601981471	0.999999457219135
ENSFCAG00000030412:RUNX1T1	0	0	0	0	0	0	0	0	0	0.887928207730825	0.974023060174021	0.989594325143393	1	0.958295694072011	0.994247802911272	0.998958278005861	1	0.999945672197838	0.999999457219135
ENSFCAG00000043801:ZNF703	0	0	0	0	0	0	0	0	0	0.886661906308669	0.981638984676169	0.989632033872624	1	0.958295694072011	0.994247802911272	0.998958278005861	1	0.999946065919961	0.999999457219135
ENSFCAG00000045801:ZBTB7A	0	0	0	0	0	0	0	0	0	0.886129197526948	0.987238545895128	0.989672137368415	1	0.958295694072011	0.994247802911272	0.998958278005861	1	0.99994648306956	0.999999457219135
ENSFCAG00000006633:CLP1	0	0	0	0	0	0	0	0	0	0.887673021507709	0.977482561239115	0.989679679960185	1	0.958295694072011	0.994247802911272	0.998958278005861	1	0.999946561344725	0.999999457219135
ENSFCAG00000023085:CRTC3	0	0	0	0	0	0	0	0	0	0.888967177289848	0.973059393349316	0.989737214589163	1	0.958295694072011	0.994247802911272	0.998958278005861	1	0.999947156533389	0.999999457219135
ENSFCAG00000014214:SYK	0	0	0	0	0	0	0	0	0	0.888876361501896	0.974295854535327	0.989771955164421	1	0.958295694072011	0.994247802911272	0.998958278005861	1	0.99994751430089	0.999999457219135
ENSFCAG00000028670:ETV5	0	0	0	0	0	0	0	0	0	0.889698538343107	0.970980568713782	0.989774191511065	1	0.958295694072011	0.994247802911272	0.998958278005861	1	0.999947537289597	0.999999457219135
ENSFCAG00000041932:RUNX2	0	0	0	0	0	0	0	0	0	0.889362106280185	0.972774281714656	0.989794141442061	1	0.958295694072011	0.994247802911272	0.998958278005861	1	0.999947742142935	0.999999457219135
ENSFCAG00000004303:WDCP	0	0	0	0	0	0	0	0	0	0.888072488504972	0.980535544486283	0.989849910153022	1	0.958295694072011	0.994247802911272	0.998958278005861	1	0.999948312663767	0.999999457219135
ENSFCAG00000000814:HSP90AA1	0	0	0	0	0	0	0	0	0	0.888715413322882	0.97722701578799	0.989854276829449	1	0.958295694072011	0.994247802911272	0.998958278005861	1	0.999948357202765	0.999999457219135
ENSFCAG00000015112:MPL	0	0	0	0	0	0	0	0	0	0.889959680852064	0.97178752044894	0.989855426816841	1	0.958295694072011	0.994247802911272	0.998958278005861	1	0.999948368929141	0.999999457219135
ENSFCAG00000001108:SETD3	0	0	0	0	0	0	0	0	0	0.889637946664893	0.973235064821499	0.989861498097319	1	0.958295694072011	0.994247802911272	0.998958278005861	1	0.999948430815605	0.999999457219135
ENSFCAG00000035160:FNBP1	0	0	0	0	0	0	0	0	0	0.890316301348098	0.972981685378131	0.989968438388879	1	0.958295694072011	0.994247802911272	0.998958278005861	1	0.999949514787071	0.999999457219135
ENSFCAG00000002012:ARID3B	0	0	0	0	0	0	0	0	0	0.889346161111013	0.977837220496029	0.989985861347727	1	0.958295694072011	0.994247802911272	0.998958278005861	1	0.999949690295802	0.999999457219135
ENSFCAG00000029098:RAP1GDS1	0	0	0	0	0	0	0	0	0	0.890854006938439	0.972272303609323	0.990030873524854	1	0.958295694072011	0.994247802911272	0.998958278005861	1	0.999950142302864	0.999999457219135
ENSFCAG00000013874:SGK1	0	0	0	0	0	0	0	0	0	0.890013350035674	0.977477647748638	0.990089305321048	1	0.958295694072011	0.994247802911272	0.998958278005861	1	0.999950726015557	0.999999457219135
ENSFCAG00000015088:KLHL6	0	0	0	0	0	0	0	0	0	0.890193220841436	0.97689964815664	0.990099927773131	1	0.958295694072011	0.994247802911272	0.998958278005861	1	0.999950831759605	0.999999457219135
ENSFCAG00000029172:KMT5A	0	0	0	0	0	0	0	0	0	0.889839445293044	0.978997538468424	0.99011061156705	1	0.958295694072011	0.994247802911272	0.998958278005861	1	0.999950937999343	0.999999457219135
ENSFCAG00000003512:DDX5	0	0	0	0	0	0	0	0	0	0.891288121528545	0.972420386886734	0.99011171229238	1	0.958295694072011	0.994247802911272	0.998958278005861	1	0.999950948938414	0.999999457219135
ENSFCAG00000025339:DDX3X	0	0	0	0	0	0	0	0	0	0.891965581859925	0.97032914447491	0.990134150316097	1	0.958295694072011	0.994247802911272	0.998958278005861	1	0.999951171662064	0.999999457219135
ENSFCAG00000006814:LPP	0	0	0	0	0	0	0	0	0	0.891836865624454	0.971873134526601	0.99018169019165	1	0.958295694072011	0.994247802911272	0.998958278005861	1	0.999951641871047	0.999999457219135
ENSFCAG00000030907:MAP3K7	0	0	0	0	0	0	0	0	0	0.89233979790215	0.970225869128039	0.990192916267349	1	0.958295694072011	0.994247802911272	0.998958278005861	1	0.999951752573159	0.999999457219135
ENSFCAG00000008018:REL	0	0	0	0	0	0	0	0	0	0.891668399943552	0.973585581612998	0.990225656327729	1	0.958295694072011	0.994247802911272	0.998958278005861	1	0.999952074701237	0.999999457219135
ENSFCAG00000006925:PARP2	0	0	0	0	0	0	0	0	0	0.892702708898138	0.969842604183203	0.990236450012671	1	0.958295694072011	0.994247802911272	0.998958278005861	1	0.999952180662583	0.999999457219135
ENSFCAG00000009739:ELL	0	0	0	0	0	0	0	0	0	0.891821959996605	0.973993853945361	0.990268489423015	1	0.958295694072011	0.994247802911272	0.998958278005861	1	0.999952494499773	0.999999457219135
ENSFCAG00000014304:ASMTL	0	0	0	0	0	0	0	0	0	0.893211768726794	0.969178654962527	0.990290724555894	1	0.958295694072011	0.994247802911272	0.998958278005861	1	0.999952711691316	0.999999457219135
ENSFCAG00000031492:ESR1	0	0	0	0	0	0	0	0	0	0.890671402405965	0.980287644555089	0.990295298620513	1	0.958295694072011	0.994247802911272	0.998958278005861	1	0.99995275630861	0.999999457219135
ENSFCAG00000014426:ESCO2	0	0	0	0	0	0	0	0	0	0.891450480724723	0.976804609667017	0.990312705224776	1	0.958295694072011	0.994247802911272	0.998958278005861	1	0.999952925906557	0.999999457219135
ENSFCAG00000012518:KEAP1	0	0	0	0	0	0	0	0	0	0.89130630913329	0.977923483774158	0.990327453206052	1	0.958295694072011	0.994247802911272	0.998958278005861	1	0.999953069361289	0.999999457219135
ENSFCAG00000026908:PRKCI	0	0	0	0	0	0	0	0	0	0.893461783742239	0.970135538718619	0.990377911905735	1	0.958295694072011	0.994247802911272	0.998958278005861	1	0.999953558515714	0.999999457219135
ENSFCAG00000005890:SLC1A2	0	0	0	0	0	0	0	0	0	0.891515945988231	0.978995660833516	0.990399249170478	1	0.958295694072011	0.994247802911272	0.998958278005861	1	0.999953764589039	0.999999457219135
ENSFCAG00000009952:ITK	0	0	0	0	0	0	0	0	0	0.894377082043406	0.967919996345565	0.990423918020595	1	0.958295694072011	0.994247802911272	0.998958278005861	1	0.999954002265547	0.999999457219135
ENSFCAG00000041774:BIRC3	0	0	0	0	0	0	0	0	0	0.89206489628707	0.979164479636185	0.990498308557499	1	0.958295694072011	0.994247802911272	0.998958278005861	1	0.999954715274557	0.999999457219135
ENSFCAG00000012902:FANCE	0	0	0	0	0	0	0	0	0	0.892727161837301	0.977390257108324	0.990550559628762	1	0.958295694072011	0.994247802911272	0.998958278005861	1	0.999955212743673	0.999999457219135
ENSFCAG00000004249:NF2	0	0	0	0	0	0	0	0	0	0.893486876308471	0.974011815105911	0.990550651652527	1	0.958295694072011	0.994247802911272	0.998958278005861	1	0.999955213617376	0.999999457219135
ENSFCAG00000013473:RAD21	0	0	0	0	0	0	0	0	0	0.893204598016337	0.97595720487244	0.99057900292947	1	0.958295694072011	0.994247802911272	0.998958278005861	1	0.999955482386517	0.999999457219135
ENSFCAG00000018167:TAF15	0	0	0	0	0	0	0	0	0	0.897625949601269	0.961139330329574	0.990580973336265	1	0.958295694072011	0.994247802911272	0.998958278005861	1	0.999955501035748	0.999999457219135
ENSFCAG00000023350:FYN	0	0	0	0	0	0	0	0	0	0.894489539501739	0.970846446096366	0.990582128373602	1	0.958295694072011	0.994247802911272	0.998958278005861	1	0.999955511965963	0.999999457219135
ENSFCAG00000011776:LMNA	0	0	0	0	0	0	0	0	0	0.892987111320684	0.977236552951384	0.990588995447022	1	0.958295694072011	0.994247802911272	0.998958278005861	1	0.999955576921844	0.999999457219135
ENSFCAG00000029740:SHOC2	0	0	0	0	0	0	0	0	0	0.892205724805772	0.981970586761339	0.990607102154638	1	0.958295694072011	0.994247802911272	0.998958278005861	1	0.999955747965564	0.999999457219135
ENSFCAG00000010997:PRKAR1A	0	0	0	0	0	0	0	0	0	0.894503021074634	0.971530590447639	0.99061506115476	1	0.958295694072011	0.994247802911272	0.998958278005861	1	0.999955823044978	0.999999457219135
ENSFCAG00000009216:ATIC	0	0	0	0	0	0	0	0	0	0.894333697471643	0.972258995053865	0.990618791933114	1	0.958295694072011	0.994247802911272	0.998958278005861	1	0.999955858216412	0.999999457219135
ENSFCAG00000022796:PGBD5	0	0	0	0	0	0	0	0	0	0.891797209808349	0.985177954143552	0.99061959133305	1	0.958295694072011	0.994247802911272	0.998958278005861	1	0.999955865750825	0.999999457219135
ENSFCAG00000003706:FANCC	0	0	0	0	0	0	0	0	0	0.894264463915025	0.97280118004725	0.990630460608471	1	0.958295694072011	0.994247802911272	0.998958278005861	1	0.999955968130657	0.999999457219135
ENSFCAG00000004287:PTPN6	0	0	0	0	0	0	0	0	0	0.894089893414642	0.973539235602075	0.990632205651066	1	0.958295694072011	0.994247802911272	0.998958278005861	1	0.999955984556445	0.999999457219135
ENSFCAG00000002457:TBL1XR1	0	0	0	0	0	0	0	0	0	0.894576314734261	0.972582305409068	0.990672993259196	1	0.958295694072011	0.994247802911272	0.998958278005861	1	0.999956367607627	0.999999457219135
ENSFCAG00000022148:FIP1L1	0	0	0	0	0	0	0	0	0	0.896705100594105	0.965386094806828	0.990675055683701	1	0.958295694072011	0.994247802911272	0.998958278005861	1	0.999956386931997	0.999999457219135
ENSFCAG00000011506:PAK3	0	0	0	0	0	0	0	0	0	0.893897968240414	0.975593657803305	0.990681522028666	1	0.958295694072011	0.994247802911272	0.998958278005861	1	0.999956447492099	0.999999457219135
ENSFCAG00000012147:NFE2L2	0	0	0	0	0	0	0	0	0	0.893276339981538	0.978802081286458	0.9906912416252	1	0.958295694072011	0.994247802911272	0.998958278005861	1	0.999956538440902	0.999999457219135
ENSFCAG00000012781:SHQ1	0	0	0	0	0	0	0	0	0	0.895117985104953	0.971001251229467	0.990693215694096	1	0.958295694072011	0.994247802911272	0.998958278005861	1	0.99995655690113	0.999999457219135
ENSFCAG00000022556:HLF	0	0	0	0	0	0	0	0	0	0.893377795160864	0.98015238267263	0.990751425418507	1	0.958295694072011	0.994247802911272	0.998958278005861	1	0.999957099473116	0.999999457219135
ENSFCAG00000005490:FH	0	0	0	0	0	0	0	0	0	0.894277469153784	0.976715280019722	0.990786457626956	1	0.958295694072011	0.994247802911272	0.998958278005861	1	0.999957424359322	0.999999457219135
ENSFCAG00000009399:SEPTIN9	0	0	0	0	0	0	0	0	0	0.893762644454084	0.979311879922856	0.990789415773047	1	0.958295694072011	0.994247802911272	0.998958278005861	1	0.999957451736245	0.999999457219135
ENSFCAG00000006761:RUNX1	0	0	0	0	0	0	0	0	0	0.893644048965644	0.980217474485663	0.990798089303432	1	0.958295694072011	0.994247802911272	0.998958278005861	1	0.999957531956746	0.999999457219135
ENSFCAG00000000308:WT1	0	0	0	0	0	0	0	0	0	0.894339501031566	0.976955079781884	0.990805430975874	1	0.958295694072011	0.994247802911272	0.998958278005861	1	0.999957599799709	0.999999457219135
ENSFCAG00000041799:E2F3	0	0	0	0	0	0	0	0	0	0.894185789225534	0.977785431915491	0.990809092404593	1	0.958295694072011	0.994247802911272	0.998958278005861	1	0.999957633613926	0.999999457219135
ENSFCAG00000001964:PDPK1	0	0	0	0	0	0	0	0	0	0.895779061804902	0.971173301985835	0.990809770912095	1	0.958295694072011	0.994247802911272	0.998958278005861	1	0.999957639878628	0.999999457219135
ENSFCAG00000002574:TFE3	0	0	0	0	0	0	0	0	0	0.894329026138477	0.978027120081479	0.990841258664509	1	0.958295694072011	0.994247802911272	0.998958278005861	1	0.999957930095891	0.999999457219135
ENSFCAG00000013705:NT5C2	0	0	0	0	0	0	0	0	0	0.896255546281365	0.971035230401282	0.990881553242485	1	0.958295694072011	0.994247802911272	0.998958278005861	1	0.999958300024584	0.999999457219135
ENSFCAG00000027549:NCOA4	0	0	0	0	0	0	0	0	0	0.895075251481612	0.976002300854426	0.990892525006825	1	0.958295694072011	0.994247802911272	0.998958278005861	1	0.999958400468211	0.999999457219135
ENSFCAG00000013654:PHF1	0	0	0	0	0	0	0	0	0	0.895935478425535	0.972485434749284	0.990892986384262	1	0.958295694072011	0.994247802911272	0.998958278005861	1	0.999958404689339	0.999999457219135
ENSFCAG00000010770:CSF1	0	0	0	0	0	0	0	0	0	0.89487182026553	0.977115942798673	0.990899530703627	1	0.958295694072011	0.994247802911272	0.998958278005861	1	0.999958464539978	0.999999457219135
ENSFCAG00000027928:FUS	0	0	0	0	0	0	0	0	0	0.898837466635718	0.964434489420478	0.990966046960612	1	0.958295694072011	0.994247802911272	0.998958278005861	1	0.999959070407875	0.999999457219135
ENSFCAG00000012180:AKT2	0	0	0	0	0	0	0	0	0	0.896173239797917	0.973497137328805	0.990974454359485	1	0.958295694072011	0.994247802911272	0.998958278005861	1	0.999959146669411	0.999999457219135
ENSFCAG00000003177:SH2B3	0	0	0	0	0	0	0	0	0	0.894281550935973	0.983591085537171	0.990999600056284	1	0.958295694072011	0.994247802911272	0.998958278005861	1	0.99995937433441	0.999999457219135
ENSFCAG00000007992:EZR	0	0	0	0	0	0	0	0	0	0.896392458538236	0.973833729396772	0.991024056841008	1	0.958295694072011	0.994247802911272	0.998958278005861	1	0.999959595150045	0.999999457219135
ENSFCAG00000034591:FRS2	0	0	0	0	0	0	0	0	0	0.895816819278371	0.976896458443781	0.991047404973967	1	0.958295694072011	0.994247802911272	0.998958278005861	1	0.999959805392743	0.999999457219135
ENSFCAG00000028662:PSIP1	0	0	0	0	0	0	0	0	0	0.896271263824587	0.975041058476415	0.991052346229782	1	0.958295694072011	0.994247802911272	0.998958278005861	1	0.999959849816695	0.999999457219135
ENSFCAG00000008473:NFIB	0	0	0	0	0	0	0	0	0	0.897349135245933	0.971479855526546	0.991079114304109	1	0.958295694072011	0.994247802911272	0.998958278005861	1	0.999960090044627	0.999999457219135
ENSFCAG00000030101:ERF	0	0	0	0	0	0	0	0	0	0.895115861258695	0.981676211620401	0.991086193434182	1	0.958295694072011	0.994247802911272	0.998958278005861	1	0.999960153454828	0.999999457219135
ENSFCAG00000006864:GPC3	0	0	0	0	0	0	0	0	0	0.895339110009321	0.980595291962387	0.991091279031553	1	0.958295694072011	0.994247802911272	0.998958278005861	1	0.99996019897706	0.999999457219135
ENSFCAG00000006724:SLC45A3	0	0	0	0	0	0	0	0	0	0.894929838995841	0.982990595969553	0.991091594061591	1	0.958295694072011	0.994247802911272	0.998958278005861	1	0.999960201796101	0.999999457219135
ENSFCAG00000040324:ZNF331	0	0	0	0	0	0	0	0	0	0.895374674763984	0.980817889911124	0.991103827697202	1	0.958295694072011	0.994247802911272	0.998958278005861	1	0.999960311191121	0.999999457219135
ENSFCAG00000009235:YES1	0	0	0	0	0	0	0	0	0	0.897609920671273	0.971134430291792	0.991105758352782	1	0.958295694072011	0.994247802911272	0.998958278005861	1	0.999960328441539	0.999999457219135
ENSFCAG00000014365:CHEK2	0	0	0	0	0	0	0	0	0	0.896236038766321	0.978070934175641	0.991157225580898	1	0.958295694072011	0.994247802911272	0.998958278005861	1	0.999960786915078	0.999999457219135
ENSFCAG00000006154:GATA2	0	0	0	0	0	0	0	0	0	0.895006549125886	0.985165647410814	0.991158206171858	1	0.958295694072011	0.994247802911272	0.998958278005861	1	0.999960795624303	0.999999457219135
ENSFCAG00000044117:FANCG	0	0	0	0	0	0	0	0	0	0.898351592423356	0.969736063952142	0.991160439913796	1	0.958295694072011	0.994247802911272	0.998958278005861	1	0.999960815459904	0.999999457219135
ENSFCAG00000003915:PPP2R1A	0	0	0	0	0	0	0	0	0	0.896996897229757	0.974793879282391	0.991160780024374	1	0.958295694072011	0.994247802911272	0.998958278005861	1	0.99996081847964	0.999999457219135
ENSFCAG00000002126:TRAF5	0	0	0	0	0	0	0	0	0	0.896857121481243	0.975607661299041	0.99116953359911	1	0.958295694072011	0.994247802911272	0.998958278005861	1	0.999960896159753	0.999999457219135
ENSFCAG00000032199:EGR1	0	0	0	0	0	0	0	0	0	0.895393194906096	0.983275484916817	0.991175585243949	1	0.958295694072011	0.994247802911272	0.998958278005861	1	0.999960949817469	0.999999457219135
ENSFCAG00000029278:ETV1	0	0	0	0	0	0	0	0	0	0.897487881381565	0.973296838245747	0.991179678878932	1	0.958295694072011	0.994247802911272	0.998958278005861	1	0.999960986093278	0.999999457219135
ENSFCAG00000003395:RPS6KB2	0	0	0	0	0	0	0	0	0	0.896964849449715	0.975450734225326	0.991181036883706	1	0.958295694072011	0.994247802911272	0.998958278005861	1	0.999960998123524	0.999999457219135
ENSFCAG00000031995:SESN1	0	0	0	0	0	0	0	0	0	0.897167289273595	0.974687900839505	0.991184218896298	1	0.958295694072011	0.994247802911272	0.998958278005861	1	0.99996102630494	0.999999457219135
ENSFCAG00000004384:TGFBR2	0	0	0	0	0	0	0	0	0	0.895810111022912	0.98180441057933	0.991204136592525	1	0.958295694072011	0.994247802911272	0.998958278005861	1	0.99996120247343	0.999999457219135
ENSFCAG00000004158:PAK1	0	0	0	0	0	0	0	0	0	0.896831229983231	0.977330662543926	0.991228481656496	1	0.958295694072011	0.994247802911272	0.998958278005861	1	0.999961417257633	0.999999457219135
ENSFCAG00000030557:FOXF1	0	0	0	0	0	0	0	0	0	0.895142410436122	0.987586033234144	0.991232004776148	1	0.958295694072011	0.994247802911272	0.998958278005861	1	0.999961448290812	0.999999457219135
ENSFCAG00000009461:SMARCD1	0	0	0	0	0	0	0	0	0	0.89758633635042	0.974392557872987	0.991240207670349	1	0.958295694072011	0.994247802911272	0.998958278005861	1	0.999961520496973	0.999999457219135
ENSFCAG00000013821:MSN	0	0	0	0	0	0	0	0	0	0.897756169846884	0.973814836399863	0.991244259060279	1	0.958295694072011	0.994247802911272	0.998958278005861	1	0.999961556134382	0.999999457219135
ENSFCAG00000002211:NTHL1	0	0	0	0	0	0	0	0	0	0.896390794439757	0.980311550565616	0.991255109723134	1	0.958295694072011	0.994247802911272	0.998958278005861	1	0.999961651498953	0.999999457219135
ENSFCAG00000023859:CYP19A1	0	0	0	0	0	0	0	0	0	0.896686550414336	0.979449815318332	0.991276291344324	1	0.958295694072011	0.994247802911272	0.998958278005861	1	0.999961837318263	0.999999457219135
ENSFCAG00000038609:FCRL4	0	0	0	0	0	0	0	0	0	0.897751798927337	0.974891820410215	0.991286587423327	1	0.958295694072011	0.994247802911272	0.998958278005861	1	0.999961927478861	0.999999457219135
ENSFCAG00000022789:CCT6B	0	0	0	0	0	0	0	0	0	0.898370661259424	0.972646657798306	0.991294143192134	1	0.958295694072011	0.994247802911272	0.998958278005861	1	0.999961993575104	0.999999457219135
ENSFCAG00000004785:CBLC	0	0	0	0	0	0	0	0	0	0.897335869159373	0.977102241119277	0.991302148957438	1	0.958295694072011	0.994247802911272	0.998958278005861	1	0.999962063544981	0.999999457219135
ENSFCAG00000035050:YAP1	0	0	0	0	0	0	0	0	0	0.896545640776677	0.981452809217322	0.99131433753162	1	0.958295694072011	0.994247802911272	0.998958278005861	1	0.999962169948191	0.999999457219135
ENSFCAG00000044523:SOX9	0	0	0	0	0	0	0	0	0	0.896252556036545	0.983576917004495	0.991324363025481	1	0.958295694072011	0.994247802911272	0.998958278005861	1	0.999962257355921	0.999999457219135
ENSFCAG00000029143:MAPKAP1	0	0	0	0	0	0	0	0	0	0.898694947355936	0.97228851491838	0.991330573562664	1	0.958295694072011	0.994247802911272	0.998958278005861	1	0.999962311451917	0.999999457219135
ENSFCAG00000024419:MITF	0	0	0	0	0	0	0	0	0	0.89790966404307	0.975601880953341	0.991339362679077	1	0.958295694072011	0.994247802911272	0.998958278005861	1	0.999962387941765	0.999999457219135
ENSFCAG00000027895:BMPR1A	0	0	0	0	0	0	0	0	0	0.898389712449593	0.973665513372181	0.991339805578517	1	0.958295694072011	0.994247802911272	0.998958278005861	1	0.999962391794164	0.999999457219135
ENSFCAG00000011007:MSI1	0	0	0	0	0	0	0	0	0	0.897273300124789	0.978732702308715	0.991348118119909	1	0.958295694072011	0.994247802911272	0.998958278005861	1	0.999962464061065	0.999999457219135
ENSFCAG00000013396:SESN2	0	0	0	0	0	0	0	0	0	0.898330583379812	0.974339522335535	0.991357646626322	1	0.958295694072011	0.994247802911272	0.998958278005861	1	0.999962546813484	0.999999457219135
ENSFCAG00000013380:ATP6V1B2	0	0	0	0	0	0	0	0	0	0.899036210696779	0.971961042010216	0.991370674969628	1	0.958295694072011	0.994247802911272	0.998958278005861	1	0.999962659812789	0.999999457219135
ENSFCAG00000042921:IKZF1	0	0	0	0	0	0	0	0	0	0.896886104493231	0.981503298911473	0.991371170365335	1	0.958295694072011	0.994247802911272	0.998958278005861	1	0.999962664106148	0.999999457219135
ENSFCAG00000026512:CRBN	0	0	0	0	0	0	0	0	0	0.898102747077278	0.975864563977668	0.991380298220312	1	0.958295694072011	0.994247802911272	0.998958278005861	1	0.999962743168614	0.999999457219135
ENSFCAG00000005257:SMAD4	0	0	0	0	0	0	0	0	0	0.897967334374628	0.977129526636304	0.991404878872542	1	0.958295694072011	0.994247802911272	0.998958278005861	1	0.999962955660222	0.999999457219135
ENSFCAG00000028455:PRF1	0	0	0	0	0	0	0	0	0	0.897076452680321	0.984164558213006	0.99147320762057	1	0.958295694072011	0.994247802911272	0.998958278005861	1	0.999963543137981	0.999999457219135
ENSFCAG00000012482:LCK	0	0	0	0	0	0	0	0	0	0.898931492429402	0.975078092642437	0.991482644550549	1	0.958295694072011	0.994247802911272	0.998958278005861	1	0.999963623904838	0.999999457219135
ENSFCAG00000010003:TRAF3	0	0	0	0	0	0	0	0	0	0.898004243756016	0.979264968186894	0.991483341960712	1	0.958295694072011	0.994247802911272	0.998958278005861	1	0.999963629870124	0.999999457219135
ENSFCAG00000000348:CDC73	0	0	0	0	0	0	0	0	0	0.900945653352463	0.968218063563654	0.991496718638922	1	0.958295694072011	0.994247802911272	0.998958278005861	1	0.999963744192383	0.999999457219135
ENSFCAG00000015036:GATA4	0	0	0	0	0	0	0	0	0	0.897419814950333	0.983633525256178	0.991515451549373	1	0.958295694072011	0.994247802911272	0.998958278005861	1	0.999963903987739	0.999999457219135
ENSFCAG00000008222:RPN1	0	0	0	0	0	0	0	0	0	0.899753787393424	0.973206724064805	0.991537529482911	1	0.958295694072011	0.994247802911272	0.998958278005861	1	0.999964091862427	0.999999457219135
ENSFCAG00000000389:TRAF2	0	0	0	0	0	0	0	0	0	0.898359078773441	0.980896851735104	0.991590871583089	1	0.958295694072011	0.994247802911272	0.998958278005861	1	0.99996454375442	0.999999457219135
ENSFCAG00000009924:IL21R	0	0	0	0	0	0	0	0	0	0.898522477915134	0.980209911195341	0.991596188534233	1	0.958295694072011	0.994247802911272	0.998958278005861	1	0.99996458864014	0.999999457219135
ENSFCAG00000036602:IKZF2	0	0	0	0	0	0	0	0	0	0.899251319770039	0.977203795840371	0.99161248207752	1	0.958295694072011	0.994247802911272	0.998958278005861	1	0.999964726012744	0.999999457219135
ENSFCAG00000040498:YY1	0	0	0	0	0	0	0	0	0	0.898551542230885	0.982626982804584	0.991670806951052	1	0.958295694072011	0.994247802911272	0.998958278005861	1	0.999965215561553	0.999999457219135
ENSFCAG00000000648:CREB3L2	0	0	0	0	0	0	0	0	0	0.89980159515706	0.976447610127531	0.991672213425899	1	0.958295694072011	0.994247802911272	0.998958278005861	1	0.999965227324416	0.999999457219135
ENSFCAG00000001249:SUFU	0	0	0	0	0	0	0	0	0	0.89984494775106	0.976294479091576	0.991673411352973	1	0.958295694072011	0.994247802911272	0.998958278005861	1	0.999965237341545	0.999999457219135
ENSFCAG00000002222:MUTYH	0	0	0	0	0	0	0	0	0	0.900971528377139	0.97228779956272	0.991689469620405	1	0.958295694072011	0.994247802911272	0.998958278005861	1	0.999965371481902	0.999999457219135
ENSFCAG00000007485:ERG	0	0	0	0	0	0	0	0	0	0.900197982510681	0.975718749628311	0.991707445957656	1	0.958295694072011	0.994247802911272	0.998958278005861	1	0.9999655213361	0.999999457219135
ENSFCAG00000022519:NAB2	0	0	0	0	0	0	0	0	0	0.899629123059701	0.97863142565017	0.991721421189506	1	0.958295694072011	0.994247802911272	0.998958278005861	1	0.999965637611182	0.999999457219135
ENSFCAG00000044486:MNX1	0	0	0	0	0	0	0	0	0	0.898306525808439	0.986692318440984	0.991728775493771	1	0.958295694072011	0.994247802911272	0.998958278005861	1	0.999965698720514	0.999999457219135
ENSFCAG00000008765:PAX7	0	0	0	0	0	0	0	0	0	0.899786788637382	0.978763879745866	0.991750713343092	1	0.958295694072011	0.994247802911272	0.998958278005861	1	0.999965880685333	0.999999457219135
ENSFCAG00000023845:ACVR2A	0	0	0	0	0	0	0	0	0	0.901029866250307	0.973789591539259	0.991761675529976	1	0.958295694072011	0.994247802911272	0.998958278005861	1	0.999965971430027	0.999999457219135
ENSFCAG00000028016:KLF4	0	0	0	0	0	0	0	0	0	0.899118324412393	0.983175786743985	0.991775716321692	1	0.958295694072011	0.994247802911272	0.998958278005861	1	0.999966087482343	0.999999457219135
ENSFCAG00000018126:WAS	0	0	0	0	0	0	0	0	0	0.900956100722577	0.974829654825159	0.991791829453998	1	0.958295694072011	0.994247802911272	0.998958278005861	1	0.999966220418364	0.999999457219135
ENSFCAG00000029513:ABI1	0	0	0	0	0	0	0	0	0	0.901142396330786	0.974441160609906	0.991805485288008	1	0.958295694072011	0.994247802911272	0.998958278005861	1	0.999966332876324	0.999999457219135
ENSFCAG00000030732:IKZF3	0	0	0	0	0	0	0	0	0	0.900552037829378	0.977138464444226	0.991815129147898	1	0.958295694072011	0.994247802911272	0.998958278005861	1	0.999966412181763	0.999999457219135
ENSFCAG00000009146:PARP3	0	0	0	0	0	0	0	0	0	0.900964742527568	0.975463008635689	0.991817712970472	1	0.958295694072011	0.994247802911272	0.998958278005861	1	0.999966433413674	0.999999457219135
ENSFCAG00000039893:CHN1	0	0	0	0	0	0	0	0	0	0.900995503028834	0.975507542877326	0.991824209245475	1	0.958295694072011	0.994247802911272	0.998958278005861	1	0.999966486765442	0.999999457219135
ENSFCAG00000029360:DDX6	0	0	0	0	0	0	0	0	0	0.901659563039497	0.973155502746628	0.991833231712315	1	0.958295694072011	0.994247802911272	0.998958278005861	1	0.999966560793406	0.999999457219135
ENSFCAG00000009909:ETV4	0	0	0	0	0	0	0	0	0	0.901500808993488	0.973754319004365	0.991833420081497	1	0.958295694072011	0.994247802911272	0.998958278005861	1	0.999966562338071	0.999999457219135
ENSFCAG00000027261:TGFBR1	0	0	0	0	0	0	0	0	0	0.901431677475801	0.974271820622614	0.991843662889462	1	0.958295694072011	0.994247802911272	0.998958278005861	1	0.999966646277325	0.999999457219135
ENSFCAG00000009499:KBTBD4	0	0	0	0	0	0	0	0	0	0.899363124387882	0.984832042945511	0.991855838137461	1	0.958295694072011	0.994247802911272	0.998958278005861	1	0.999966745915224	0.999999457219135
ENSFCAG00000004913:EPOR	0	0	0	0	0	0	0	0	0	0.900152533541532	0.980494978388122	0.991863268830993	1	0.958295694072011	0.994247802911272	0.998958278005861	1	0.999966806651936	0.999999457219135
ENSFCAG00000026263:ACVR1B	0	0	0	0	0	0	0	0	0	0.901092473241073	0.976251713034627	0.991867292965446	1	0.958295694072011	0.994247802911272	0.998958278005861	1	0.999966839521012	0.999999457219135
ENSFCAG00000023614:LYN	0	0	0	0	0	0	0	0	0	0.901464941210555	0.974956562822953	0.991875920139303	1	0.958295694072011	0.994247802911272	0.998958278005861	1	0.999966909932631	0.999999457219135
ENSFCAG00000008054:ACVR1	0	0	0	0	0	0	0	0	0	0.901132663658748	0.976421638544916	0.991879816827036	1	0.958295694072011	0.994247802911272	0.998958278005861	1	0.999966941711272	0.999999457219135
ENSFCAG00000042273:MAF	0	0	0	0	0	0	0	0	0	0.899393864091293	0.986213955086517	0.99189188153977	1	0.958295694072011	0.994247802911272	0.998958278005861	1	0.9999670400055	0.999999457219135
ENSFCAG00000008071:TMPRSS2	0	0	0	0	0	0	0	0	0	0.901809533785441	0.974025839469043	0.991892259042717	1	0.958295694072011	0.994247802911272	0.998958278005861	1	0.999967043078743	0.999999457219135
ENSFCAG00000028288:PRCC	0	0	0	0	0	0	0	0	0	0.900633625040914	0.980749042211723	0.991946388277439	1	0.958295694072011	0.994247802911272	0.998958278005861	1	0.999967482256401	0.999999457219135
ENSFCAG00000009522:TNFRSF14	0	0	0	0	0	0	0	0	0	0.900996442703659	0.979501720498151	0.991964405594459	1	0.958295694072011	0.994247802911272	0.998958278005861	1	0.999967627784712	0.999999457219135
ENSFCAG00000031493:FOXO4	0	0	0	0	0	0	0	0	0	0.900652475205003	0.981315373756318	0.99196607904595	1	0.958295694072011	0.994247802911272	0.998958278005861	1	0.999967641284797	0.999999457219135
ENSFCAG00000001254:CYP17A1	0	0	0	0	0	0	0	0	0	0.90059587281347	0.982251757166465	0.991983807633307	1	0.958295694072011	0.994247802911272	0.998958278005861	1	0.999967784131662	0.999999457219135
ENSFCAG00000043511:NONO	0	0	0	0	0	0	0	0	0	0.902530142120535	0.974006678794848	0.992002438740028	1	0.958295694072011	0.994247802911272	0.998958278005861	1	0.999967933909067	0.999999457219135
ENSFCAG00000018794:CREB3L1	0	0	0	0	0	0	0	0	0	0.901036894028681	0.980822995106477	0.992011563226515	1	0.958295694072011	0.994247802911272	0.998958278005861	1	0.999968007134114	0.999999457219135
ENSFCAG00000018967:PAX3	0	0	0	0	0	0	0	0	0	0.901733602628713	0.978017551241014	0.992029729963893	1	0.958295694072011	0.994247802911272	0.998958278005861	1	0.999968152674366	0.999999457219135
ENSFCAG00000005262:STK40	0	0	0	0	0	0	0	0	0	0.901345132301169	0.979907939453737	0.992031508068824	1	0.958295694072011	0.994247802911272	0.998958278005861	1	0.999968166901528	0.999999457219135
ENSFCAG00000003665:EIF3E	0	0	0	0	0	0	0	0	0	0.902414916973596	0.975418038018191	0.992040396389233	1	0.958295694072011	0.994247802911272	0.998958278005861	1	0.999968237971917	0.999999457219135
ENSFCAG00000005081:SESN3	0	0	0	0	0	0	0	0	0	0.901839688862732	0.977915150901833	0.992042614176374	1	0.958295694072011	0.994247802911272	0.998958278005861	1	0.999968255692774	0.999999457219135
ENSFCAG00000030898:NADK	0	0	0	0	0	0	0	0	0	0.902539454899925	0.975100746483902	0.992047273605616	1	0.958295694072011	0.994247802911272	0.998958278005861	1	0.999968292907013	0.999999457219135
ENSFCAG00000042373:FLI1	0	0	0	0	0	0	0	0	0	0.90234876776518	0.976405444445092	0.992067314798125	1	0.958295694072011	0.994247802911272	0.998958278005861	1	0.999968452723842	0.999999457219135
ENSFCAG00000011595:MEF2C	0	0	0	0	0	0	0	0	0	0.902381820832891	0.976708971801186	0.99208348793699	1	0.958295694072011	0.994247802911272	0.998958278005861	1	0.999968581400006	0.999999457219135
ENSFCAG00000026440:TRIM27	0	0	0	0	0	0	0	0	0	0.902411693344819	0.977883616309719	0.992129655335221	1	0.958295694072011	0.994247802911272	0.998958278005861	1	0.999968947264932	0.999999457219135
ENSFCAG00000003700:AKT3	0	0	0	0	0	0	0	0	0	0.903230299889346	0.974615773437062	0.992133857337643	1	0.958295694072011	0.994247802911272	0.998958278005861	1	0.999968980458069	0.999999457219135
ENSFCAG00000042993:GATA3	0	0	0	0	0	0	0	0	0	0.901639392528318	0.983033952486673	0.99216743062122	1	0.958295694072011	0.994247802911272	0.998958278005861	1	0.999969245026435	0.999999457219135
ENSFCAG00000010809:GABRA6	0	0	0	0	0	0	0	0	0	0.902886945024937	0.97714102262054	0.992176445929928	1	0.958295694072011	0.994247802911272	0.998958278005861	1	0.999969315876501	0.999999457219135
ENSFCAG00000030098:SS18	0	0	0	0	0	0	0	0	0	0.907432769613784	0.963177627766979	0.992204785281079	1	0.958295694072011	0.994247802911272	0.998958278005861	1	0.999969538058073	0.999999457219135
ENSFCAG00000008618:EZH2	0	0	0	0	0	0	0	0	0	0.902798912505476	0.978518289667507	0.992210590609544	1	0.958295694072011	0.994247802911272	0.998958278005861	1	0.999969583472175	0.999999457219135
ENSFCAG00000027073:CDK8	0	0	0	0	0	0	0	0	0	0.904863915654669	0.970979624271914	0.992226273253545	1	0.958295694072011	0.994247802911272	0.998958278005861	1	0.999969705985028	0.999999457219135
ENSFCAG00000028515:RARA	0	0	0	0	0	0	0	0	0	0.902609070976364	0.980298004486468	0.992238651083875	1	0.958295694072011	0.994247802911272	0.998958278005861	1	0.999969802505645	0.999999457219135
ENSFCAG00000041254:CCDC6	0	0	0	0	0	0	0	0	0	0.903449868687379	0.977125516674255	0.992261690731943	1	0.958295694072011	0.994247802911272	0.998958278005861	1	0.999969981754455	0.999999457219135
ENSFCAG00000025854:CASP8	0	0	0	0	0	0	0	0	0	0.903557241288889	0.977102182207149	0.992277166194018	1	0.958295694072011	0.994247802911272	0.998958278005861	1	0.999970101853439	0.999999457219135
ENSFCAG00000041347:HOXA13	0	0	0	0	0	0	0	0	0	0.901739096501623	0.987142007746209	0.992278352323718	1	0.958295694072011	0.994247802911272	0.998958278005861	1	0.999970111048567	0.999999457219135
ENSFCAG00000013972:RASGEF1A	0	0	0	0	0	0	0	0	0	0.903894606007168	0.975841730534856	0.992282041527367	1	0.958295694072011	0.994247802911272	0.998958278005861	1	0.999970139638992	0.999999457219135
ENSFCAG00000045414:TAL1	0	0	0	0	0	0	0	0	0	0.901981233862468	0.985751628267093	0.992286395023391	1	0.958295694072011	0.994247802911272	0.998958278005861	1	0.999970173359876	0.999999457219135
ENSFCAG00000011521:TFEB	0	0	0	0	0	0	0	0	0	0.903370319933604	0.978431210535792	0.992294838645482	1	0.958295694072011	0.994247802911272	0.998958278005861	1	0.999970238707213	0.999999457219135
ENSFCAG00000010727:PIGA	0	0	0	0	0	0	0	0	0	0.903224516113629	0.979527139349554	0.992308565039652	1	0.958295694072011	0.994247802911272	0.998958278005861	1	0.999970344785927	0.999999457219135
ENSFCAG00000024268:CD36	0	0	0	0	0	0	0	0	0	0.903775262041943	0.977373455310951	0.992319852808196	1	0.958295694072011	0.994247802911272	0.998958278005861	1	0.999970431876468	0.999999457219135
ENSFCAG00000027801:BCL3	0	0	0	0	0	0	0	0	0	0.90316462646728	0.980345500285728	0.992325039565082	1	0.958295694072011	0.994247802911272	0.998958278005861	1	0.999970471851726	0.999999457219135
ENSFCAG00000006231:PPARG	0	0	0	0	0	0	0	0	0	0.903670709621582	0.978396100595067	0.992339275337222	1	0.958295694072011	0.994247802911272	0.998958278005861	1	0.999970581430039	0.999999457219135
ENSFCAG00000012037:XIAP	0	0	0	0	0	0	0	0	0	0.904993765378667	0.973374235784193	0.992349618937671	1	0.958295694072011	0.994247802911272	0.998958278005861	1	0.999970660920681	0.999999457219135
ENSFCAG00000001593:EED	0	0	0	0	0	0	0	0	0	0.904829196532502	0.974908055775211	0.992386855735281	1	0.958295694072011	0.994247802911272	0.998958278005861	1	0.999970946193041	0.999999457219135
ENSFCAG00000027765:HNRNPA2B1	0	0	0	0	0	0	0	0	0	0.905271694582796	0.974075143714239	0.992419836166687	1	0.958295694072011	0.994247802911272	0.998958278005861	1	0.999971197690453	0.999999457219135
ENSFCAG00000026462:VEGFA	0	0	0	0	0	0	0	0	0	0.904165777295556	0.979086776326495	0.992437044041403	1	0.958295694072011	0.994247802911272	0.998958278005861	1	0.999971328476663	0.999999457219135
ENSFCAG00000004033:CCNQ	0	0	0	0	0	0	0	0	0	0.903591897298939	0.98228445619431	0.992446518565546	1	0.958295694072011	0.994247802911272	0.998958278005861	1	0.999971400359184	0.999999457219135
ENSFCAG00000015103:CHEK1	0	0	0	0	0	0	0	0	0	0.904464465143569	0.978778506876223	0.992471901516205	1	0.958295694072011	0.994247802911272	0.998958278005861	1	0.999971592492014	0.999999457219135
ENSFCAG00000038026:NKX2-1	0	0	0	0	0	0	0	0	0	0.903474415366333	0.98439155588945	0.992483419066255	1	0.958295694072011	0.994247802911272	0.998958278005861	1	0.999971679458446	0.999999457219135
ENSFCAG00000027081:SMAD3	0	0	0	0	0	0	0	0	0	0.9043770841245	0.979611396833709	0.99248577913669	1	0.958295694072011	0.994247802911272	0.998958278005861	1	0.999971697262307	0.999999457219135
ENSFCAG00000014980:PLAG1	0	0	0	0	0	0	0	0	0	0.903256394556707	0.986302596114395	0.992493909514405	1	0.958295694072011	0.994247802911272	0.998958278005861	1	0.99997175855315	0.999999457219135
ENSFCAG00000009200:IL7R	0	0	0	0	0	0	0	0	0	0.905290460408937	0.976286842307301	0.992508253488055	1	0.958295694072011	0.994247802911272	0.998958278005861	1	0.999971866522775	0.999999457219135
ENSFCAG00000033222:TUSC3	0	0	0	0	0	0	0	0	0	0.904714760354115	0.978845206809321	0.992511693739053	1	0.958295694072011	0.994247802911272	0.998958278005861	1	0.999971892387331	0.999999457219135
ENSFCAG00000004957:AKT1	0	0	0	0	0	0	0	0	0	0.905330761057522	0.976342962966675	0.992516332448594	1	0.958295694072011	0.994247802911272	0.998958278005861	1	0.999971927243278	0.999999457219135
ENSFCAG00000031608:KLF5	0	0	0	0	0	0	0	0	0	0.904479662944614	0.980114025235609	0.992516995200934	1	0.958295694072011	0.994247802911272	0.998958278005861	1	0.999971932221527	0.999999457219135
ENSFCAG00000011397:ATP6AP1	0	0	0	0	0	0	0	0	0	0.9046768905537	0.979415087283073	0.992524561424043	1	0.958295694072011	0.994247802911272	0.998958278005861	1	0.999971989023671	0.999999457219135
ENSFCAG00000001845:GAS7	0	0	0	0	0	0	0	0	0	0.905878633176656	0.974542109424751	0.992528736042253	1	0.958295694072011	0.994247802911272	0.998958278005861	1	0.999972020339222	0.999999457219135
ENSFCAG00000027219:IDH2	0	0	0	0	0	0	0	0	0	0.904511308101701	0.980979796785793	0.992548017514445	1	0.958295694072011	0.994247802911272	0.998958278005861	1	0.999972164749743	0.999999457219135
ENSFCAG00000045851:SOX17	0	0	0	0	0	0	0	0	0	0.903721088278781	0.985898165741618	0.992555753813332	1	0.958295694072011	0.994247802911272	0.998958278005861	1	0.999972222586237	0.999999457219135
ENSFCAG00000025016:DDB2	0	0	0	0	0	0	0	0	0	0.904999629936571	0.978896312052975	0.992556037776745	1	0.958295694072011	0.994247802911272	0.998958278005861	1	0.999972224707997	0.999999457219135
ENSFCAG00000018598:ETS1	0	0	0	0	0	0	0	0	0	0.906334254800399	0.973723263196391	0.992563011495432	1	0.958295694072011	0.994247802911272	0.998958278005861	1	0.999972276789777	0.999999457219135
ENSFCAG00000043374:MYCN	0	0	0	0	0	0	0	0	0	0.903579867939559	0.988219467372998	0.992581170757628	1	0.958295694072011	0.994247802911272	0.998958278005861	1	0.999972412178575	0.999999457219135
ENSFCAG00000012483:HDAC1	0	0	0	0	0	0	0	0	0	0.906323483456617	0.974330539054537	0.992586030355542	1	0.958295694072011	0.994247802911272	0.998958278005861	1	0.999972448353605	0.999999457219135
ENSFCAG00000006604:SETD6	0	0	0	0	0	0	0	0	0	0.906037004003499	0.975580402699341	0.992592566442284	1	0.958295694072011	0.994247802911272	0.998958278005861	1	0.999972496970961	0.999999457219135
ENSFCAG00000005533:PBX1	0	0	0	0	0	0	0	0	0	0.905345243928188	0.978522151730165	0.992595196991477	1	0.958295694072011	0.994247802911272	0.998958278005861	1	0.999972516525621	0.999999457219135
ENSFCAG00000029939:SPRTN	0	0	0	0	0	0	0	0	0	0.904864235987246	0.980809844366047	0.99259590358011	1	0.958295694072011	0.994247802911272	0.998958278005861	1	0.999972521776987	0.999999457219135
ENSFCAG00000018839:SS18L1	0	0	0	0	0	0	0	0	0	0.90701337252224	0.973159793321297	0.992639392137539	1	0.958295694072011	0.994247802911272	0.998958278005861	1	0.999972844015744	0.999999457219135
ENSFCAG00000029721:PPP2R2A	0	0	0	0	0	0	0	0	0	0.905664936045018	0.979619739814057	0.992678574598211	1	0.958295694072011	0.994247802911272	0.998958278005861	1	0.99997313271582	0.999999457219135
ENSFCAG00000010904:GATA1	0	0	0	0	0	0	0	0	0	0.90546015673468	0.980875671989613	0.992686829269793	1	0.958295694072011	0.994247802911272	0.998958278005861	1	0.999973193339786	0.999999457219135
ENSFCAG00000046742:TLX1	0	0	0	0	0	0	0	0	0	0.904588153032458	0.986089822045917	0.99269077437414	1	0.958295694072011	0.994247802911272	0.998958278005861	1	0.999973222289182	0.999999457219135
ENSFCAG00000014851:MDM4	0	0	0	0	0	0	0	0	0	0.90760370865007	0.972421467034262	0.992694142292897	1	0.958295694072011	0.994247802911272	0.998958278005861	1	0.999973246990753	0.999999457219135
ENSFCAG00000031216:CA5B	0	0	0	0	0	0	0	0	0	0.907886880912059	0.971846399886452	0.992710238420971	1	0.958295694072011	0.994247802911272	0.998958278005861	1	0.999973364887953	0.999999457219135
ENSFCAG00000031620:PDK1	0	0	0	0	0	0	0	0	0	0.906938859719017	0.976853451587957	0.992772517029988	1	0.958295694072011	0.994247802911272	0.998958278005861	1	0.999973818593499	0.999999457219135
ENSFCAG00000033150:PTK6	0	0	0	0	0	0	0	0	0	0.906735875793178	0.978651651718165	0.992805168962742	1	0.958295694072011	0.994247802911272	0.998958278005861	1	0.999974054904781	0.999999457219135
ENSFCAG00000030336:IFNGR1	0	0	0	0	0	0	0	0	0	0.907519486793345	0.976662722993026	0.99285036709016	1	0.958295694072011	0.994247802911272	0.998958278005861	1	0.999974380244345	0.999999457219135
ENSFCAG00000009292:SETD4	0	0	0	0	0	0	0	0	0	0.90775698039065	0.976022499130937	0.992861252304426	1	0.958295694072011	0.994247802911272	0.998958278005861	1	0.999974458289505	0.999999457219135
ENSFCAG00000012114:OMD	0	0	0	0	0	0	0	0	0	0.907442680882389	0.977406839831683	0.992865847699648	1	0.958295694072011	0.994247802911272	0.998958278005861	1	0.999974491201892	0.999999457219135
ENSFCAG00000003944:PTPN1	0	0	0	0	0	0	0	0	0	0.907432225922212	0.977638473565193	0.99287244821898	1	0.958295694072011	0.994247802911272	0.998958278005861	1	0.999974538437836	0.999999457219135
ENSFCAG00000005528:NUF2	0	0	0	0	0	0	0	0	0	0.907997608331359	0.975730240365835	0.992885132902757	1	0.958295694072011	0.994247802911272	0.998958278005861	1	0.999974629091291	0.999999457219135
ENSFCAG00000027039:LEF1	0	0	0	0	0	0	0	0	0	0.908762517268845	0.973527880773544	0.992908206292744	1	0.958295694072011	0.994247802911272	0.998958278005861	1	0.999974793574086	0.999999457219135
ENSFCAG00000038251:MAP2K4	0	0	0	0	0	0	0	0	0	0.90827320019339	0.976963025073822	0.992970472867171	1	0.958295694072011	0.994247802911272	0.998958278005861	1	0.999975234776664	0.999999457219135
ENSFCAG00000004068:SMARCB1	0	0	0	0	0	0	0	0	0	0.908389344766957	0.976667814710309	0.992976546274132	1	0.958295694072011	0.994247802911272	0.998958278005861	1	0.999975277602033	0.999999457219135
ENSFCAG00000009681:RRAGC	0	0	0	0	0	0	0	0	0	0.908481507678825	0.978065178451311	0.993039179536021	1	0.958295694072011	0.994247802911272	0.998958278005861	1	0.999975717080641	0.999999457219135
ENSFCAG00000030594:HOXD11	0	0	0	0	0	0	0	0	0	0.906907485950751	0.987740158779882	0.993068590804973	1	0.958295694072011	0.994247802911272	0.998958278005861	1	0.999975922087522	0.999999457219135
ENSFCAG00000004375:ERRFI1	0	0	0	0	0	0	0	0	0	0.907346920753871	0.985507666923461	0.993086247618252	1	0.958295694072011	0.994247802911272	0.998958278005861	1	0.999976044743277	0.999999457219135
ENSFCAG00000039437:WWTR1	0	0	0	0	0	0	0	0	0	0.907531435773469	0.985212044793087	0.993106378724969	1	0.958295694072011	0.994247802911272	0.998958278005861	1	0.999976184204086	0.999999457219135
ENSFCAG00000022941:IRF4	0	0	0	0	0	0	0	0	0	0.908951742947668	0.978129458180552	0.993108924401821	1	0.958295694072011	0.994247802911272	0.998958278005861	1	0.999976201810523	0.999999457219135
ENSFCAG00000003156:ARID3C	0	0	0	0	0	0	0	0	0	0.907769358751647	0.98457471758278	0.993125942290168	1	0.958295694072011	0.994247802911272	0.998958278005861	1	0.999976319342199	0.999999457219135
ENSFCAG00000003976:IDH1	0	0	0	0	0	0	0	0	0	0.90935967016164	0.97756616267774	0.993147764236062	1	0.958295694072011	0.994247802911272	0.998958278005861	1	0.999976469625717	0.999999457219135
ENSFCAG00000012379:SPRED1	0	0	0	0	0	0	0	0	0	0.909898487364988	0.976008563315878	0.993167951896133	1	0.958295694072011	0.994247802911272	0.998958278005861	1	0.999976608227262	0.999999457219135
ENSFCAG00000046322:IRF8	0	0	0	0	0	0	0	0	0	0.908697369269018	0.981922224906974	0.993190646894969	1	0.958295694072011	0.994247802911272	0.998958278005861	1	0.999976763553375	0.999999457219135
ENSFCAG00000015151:PAG1	0	0	0	0	0	0	0	0	0	0.909455600198639	0.978539688374522	0.993194785301144	1	0.958295694072011	0.994247802911272	0.998958278005861	1	0.999976791821003	0.999999457219135
ENSFCAG00000018503:ABRAXAS1	0	0	0	0	0	0	0	0	0	0.910008150024877	0.977586404724064	0.99324063167655	1	0.958295694072011	0.994247802911272	0.998958278005861	1	0.999977103823737	0.999999457219135
ENSFCAG00000024841:ETV6	0	0	0	0	0	0	0	0	0	0.909315762522587	0.981510292375799	0.993267450537682	1	0.958295694072011	0.994247802911272	0.998958278005861	1	0.999977285355667	0.999999457219135
ENSFCAG00000030830:PTPN2	0	0	0	0	0	0	0	0	0	0.910369159843403	0.97729021643947	0.993281217950424	1	0.958295694072011	0.994247802911272	0.998958278005861	1	0.999977378263468	0.999999457219135
ENSFCAG00000037388:RAD52	0	0	0	0	0	0	0	0	0	0.911147410867285	0.974498339853498	0.993285432995303	1	0.958295694072011	0.994247802911272	0.998958278005861	1	0.999977406670059	0.999999457219135
ENSFCAG00000035352:KCNJ5	0	0	0	0	0	0	0	0	0	0.908713795647378	0.987133838704607	0.99331883124266	1	0.958295694072011	0.994247802911272	0.998958278005861	1	0.999977631119617	0.999999457219135
ENSFCAG00000045890:FOXL2	0	0	0	0	0	0	0	0	0	0.908611024027038	0.988862613607586	0.993336431088299	1	0.958295694072011	0.994247802911272	0.998958278005861	1	0.999977748945807	0.999999457219135
ENSFCAG00000014173:MAPK3	0	0	0	0	0	0	0	0	0	0.910280173997991	0.980552622806737	0.993375998486695	1	0.958295694072011	0.994247802911272	0.998958278005861	1	0.999978012700244	0.999999457219135
ENSFCAG00000041373:CEBPA	0	0	0	0	0	0	0	0	0	0.90898017388824	0.988787693702975	0.993388120819608	1	0.958295694072011	0.994247802911272	0.998958278005861	1	0.999978093191759	0.999999457219135
ENSFCAG00000010866:INHBA	0	0	0	0	0	0	0	0	0	0.909291538836376	0.986924187603565	0.993397338070435	1	0.958295694072011	0.994247802911272	0.998958278005861	1	0.999978154294713	0.999999457219135
ENSFCAG00000028312:AURKB	0	0	0	0	0	0	0	0	0	0.911464400176074	0.976874181039731	0.993419848086947	1	0.958295694072011	0.994247802911272	0.998958278005861	1	0.999978303158544	0.999999457219135
ENSFCAG00000022485:TMEM30A	0	0	0	0	0	0	0	0	0	0.91083412602062	0.979463212640162	0.993419969484397	1	0.958295694072011	0.994247802911272	0.998958278005861	1	0.99997830395999	0.999999457219135
ENSFCAG00000029481:PPP4R2	0	0	0	0	0	0	0	0	0	0.910472289872941	0.981277447043788	0.993424685743187	1	0.958295694072011	0.994247802911272	0.998958278005861	1	0.999978335084472	0.999999457219135
ENSFCAG00000038120:SMYD3	0	0	0	0	0	0	0	0	0	0.911099673384032	0.978795590669637	0.993435420699793	1	0.958295694072011	0.994247802911272	0.998958278005861	1	0.999978405845268	0.999999457219135
ENSFCAG00000013883:EIF4A2	0	0	0	0	0	0	0	0	0	0.911570102732945	0.976981782679903	0.993438439285152	1	0.958295694072011	0.994247802911272	0.998958278005861	1	0.999978425721752	0.999999457219135
ENSFCAG00000031618:FANCL	0	0	0	0	0	0	0	0	0	0.91265073385665	0.973616174937292	0.993458056113912	1	0.958295694072011	0.994247802911272	0.998958278005861	1	0.999978554669234	0.999999457219135
ENSFCAG00000009774:MEF2B	0	0	0	0	0	0	0	0	0	0.911056186891999	0.979740111814427	0.993459904397369	1	0.958295694072011	0.994247802911272	0.998958278005861	1	0.999978566798605	0.999999457219135
ENSFCAG00000003212:NDRG1	0	0	0	0	0	0	0	0	0	0.912416962972125	0.975028934807247	0.993482534112304	1	0.958295694072011	0.994247802911272	0.998958278005861	1	0.999978715027458	0.999999457219135
ENSFCAG00000043468:KLF2	0	0	0	0	0	0	0	0	0	0.909832685334277	0.987932211582164	0.993494145607712	1	0.958295694072011	0.994247802911272	0.998958278005861	1	0.999978790884817	0.999999457219135
ENSFCAG00000040420:GSK3B	0	0	0	0	0	0	0	0	0	0.911828664737348	0.979013505583559	0.993544152257067	1	0.958295694072011	0.994247802911272	0.998958278005861	1	0.999979116025204	0.999999457219135
ENSFCAG00000001624:CCNE1	0	0	0	0	0	0	0	0	0	0.912960062883872	0.974826608101871	0.99354921024301	1	0.958295694072011	0.994247802911272	0.998958278005861	1	0.999979148771776	0.999999457219135
ENSFCAG00000045230:PHOX2B	0	0	0	0	0	0	0	0	0	0.910943599109234	0.983902369451067	0.993562247850833	1	0.958295694072011	0.994247802911272	0.998958278005861	1	0.999979233061539	0.999999457219135
ENSFCAG00000041539:MYC	0	0	0	0	0	0	0	0	0	0.911190207655486	0.983613962195714	0.993589450371438	1	0.958295694072011	0.994247802911272	0.998958278005861	1	0.999979408378373	0.999999457219135
ENSFCAG00000041686:MSI2	0	0	0	0	0	0	0	0	0	0.912671451722713	0.977399513630849	0.993605591815716	1	0.958295694072011	0.994247802911272	0.998958278005861	1	0.999979512055881	0.999999457219135
ENSFCAG00000028649:DUSP4	0	0	0	0	0	0	0	0	0	0.910906336740715	0.986089866450429	0.993608255421958	1	0.958295694072011	0.994247802911272	0.998958278005861	1	0.999979529139185	0.999999457219135
ENSFCAG00000022640:MYCL	0	0	0	0	0	0	0	0	0	0.911718592609888	0.982120636445469	0.993623136454231	1	0.958295694072011	0.994247802911272	0.998958278005861	1	0.999979624448788	0.999999457219135
ENSFCAG00000001628:PAX5	0	0	0	0	0	0	0	0	0	0.912510960336538	0.978597502327936	0.993624675196378	1	0.958295694072011	0.994247802911272	0.998958278005861	1	0.999979634291364	0.999999457219135
ENSFCAG00000006788:ACTB	0	0	0	0	0	0	0	0	0	0.911096011080185	0.986458731051447	0.993642725821623	1	0.958295694072011	0.994247802911272	0.998958278005861	1	0.999979749574405	0.999999457219135
ENSFCAG00000029868:SOCS2	0	0	0	0	0	0	0	0	0	0.913070612098922	0.977084845923066	0.993649126050851	1	0.958295694072011	0.994247802911272	0.998958278005861	1	0.999979790371687	0.999999457219135
ENSFCAG00000009538:TRIP13	0	0	0	0	0	0	0	0	0	0.913528721480449	0.975431475641104	0.99365031159096	1	0.958295694072011	0.994247802911272	0.998958278005861	1	0.999979797924206	0.999999457219135
ENSFCAG00000025659:TFG	0	0	0	0	0	0	0	0	0	0.913835778559645	0.97514479275752	0.993680942154195	1	0.958295694072011	0.994247802911272	0.998958278005861	1	0.999979992566746	0.999999457219135
ENSFCAG00000024493:AURKA	0	0	0	0	0	0	0	0	0	0.913608255523838	0.976427544637853	0.993698567932426	1	0.958295694072011	0.994247802911272	0.998958278005861	1	0.99998010414213	0.999999457219135
ENSFCAG00000043446:GNA12	0	0	0	0	0	0	0	0	0	0.911497898050817	0.990513570466732	0.993771709255279	1	0.958295694072011	0.994247802911272	0.998958278005861	1	0.999980563803764	0.999999457219135
ENSFCAG00000007838:FSTL3	0	0	0	0	0	0	0	0	0	0.911923507337667	0.988997137805345	0.993806599164795	1	0.958295694072011	0.994247802911272	0.998958278005861	1	0.999980781175345	0.999999457219135
ENSFCAG00000007999:MKNK1	0	0	0	0	0	0	0	0	0	0.914467152266311	0.976762020685435	0.993826944699739	1	0.958295694072011	0.994247802911272	0.998958278005861	1	0.999980907366967	0.999999457219135
ENSFCAG00000028389:MAP2K1	0	0	0	0	0	0	0	0	0	0.913578222460784	0.980775510001111	0.993839777520599	1	0.958295694072011	0.994247802911272	0.998958278005861	1	0.999980986747346	0.999999457219135
ENSFCAG00000036087:LMO2	0	0	0	0	0	0	0	0	0	0.91322832545555	0.983032878332639	0.993855887514119	1	0.958295694072011	0.994247802911272	0.998958278005861	1	0.999981086164856	0.999999457219135
ENSFCAG00000022238:PCBP1	0	0	0	0	0	0	0	0	0	0.912689118744696	0.987130063930377	0.993877469266007	1	0.958295694072011	0.994247802911272	0.998958278005861	1	0.999981218940276	0.999999457219135
ENSFCAG00000023667:HERPUD1	0	0	0	0	0	0	0	0	0	0.913833137861535	0.981518673533465	0.993896268519011	1	0.958295694072011	0.994247802911272	0.998958278005861	1	0.999981334215281	0.999999457219135
ENSFCAG00000025666:NFE2	0	0	0	0	0	0	0	0	0	0.913647200783879	0.982528847786839	0.993899389033271	1	0.958295694072011	0.994247802911272	0.998958278005861	1	0.999981353315529	0.999999457219135
ENSFCAG00000004034:DUSP9	0	0	0	0	0	0	0	0	0	0.913139945478883	0.986936986066147	0.993935345219266	1	0.958295694072011	0.994247802911272	0.998958278005861	1	0.999981572691681	0.999999457219135
ENSFCAG00000045245:PHF6	0	0	0	0	0	0	0	0	0	0.915085679761023	0.977729211795396	0.993944243950632	1	0.958295694072011	0.994247802911272	0.998958278005861	1	0.999981626783892	0.999999457219135
ENSFCAG00000030694:HOXD13	0	0	0	0	0	0	0	0	0	0.913664756175619	0.984205899182413	0.993945331788709	1	0.958295694072011	0.994247802911272	0.998958278005861	1	0.999981633391006	0.999999457219135
ENSFCAG00000001078:POU5F1	0	0	0	0	0	0	0	0	0	0.914943428052558	0.978577349510927	0.993954166276306	1	0.958295694072011	0.994247802911272	0.998958278005861	1	0.999981687004224	0.999999457219135
ENSFCAG00000007945:HOXA11	0	0	0	0	0	0	0	0	0	0.913205169012032	0.987470594627081	0.993954918916065	1	0.958295694072011	0.994247802911272	0.998958278005861	1	0.999981691568085	0.999999457219135
ENSFCAG00000012557:ACKR3	0	0	0	0	0	0	0	0	0	0.913356725840923	0.986601469551345	0.993958008636026	1	0.958295694072011	0.994247802911272	0.998958278005861	1	0.999981710297573	0.999999457219135
ENSFCAG00000022622:ETNK1	0	0	0	0	0	0	0	0	0	0.915895121475995	0.975405143492924	0.99396678072979	1	0.958295694072011	0.994247802911272	0.998958278005861	1	0.999981763420542	0.999999457219135
ENSFCAG00000006305:CCN6	0	0	0	0	0	0	0	0	0	0.914222497193652	0.982153963753114	0.993966958014156	1	0.958295694072011	0.994247802911272	0.998958278005861	1	0.999981764493361	0.999999457219135
ENSFCAG00000030144:IRF2	0	0	0	0	0	0	0	0	0	0.915515538405818	0.976760365404348	0.993967082417656	1	0.958295694072011	0.994247802911272	0.998958278005861	1	0.999981765246158	0.999999457219135
ENSFCAG00000025160:HSD3B2	0	0	0	0	0	0	0	0	0	0.914403986443721	0.981677038711148	0.993977956859461	1	0.958295694072011	0.994247802911272	0.998958278005861	1	0.999981830989977	0.999999457219135
ENSFCAG00000032144:ACTG1	0	0	0	0	0	0	0	0	0	0.913191764913621	0.989644165600867	0.9939919218464	1	0.958295694072011	0.994247802911272	0.998958278005861	1	0.999981915243872	0.999999457219135
ENSFCAG00000000449:ELF3	0	0	0	0	0	0	0	0	0	0.914418157673986	0.983150322980662	0.994020329132863	1	0.958295694072011	0.994247802911272	0.998958278005861	1	0.999982086025919	0.999999457219135
ENSFCAG00000026744:GNB1	0	0	0	0	0	0	0	0	0	0.914903801170456	0.98083941257539	0.994020554106313	1	0.958295694072011	0.994247802911272	0.998958278005861	1	0.999982087375199	0.999999457219135
ENSFCAG00000045474:CRLF2	0	0	0	0	0	0	0	0	0	0.915040726659179	0.980635238051004	0.99403272860098	1	0.958295694072011	0.994247802911272	0.998958278005861	1	0.99998216031589	0.999999457219135
ENSFCAG00000004268:DEK	0	0	0	0	0	0	0	0	0	0.915436925747735	0.979297002310377	0.994043686410892	1	0.958295694072011	0.994247802911272	0.998958278005861	1	0.999982225839593	0.999999457219135
ENSFCAG00000028366:XBP1	0	0	0	0	0	0	0	0	0	0.915489754341353	0.979588468421895	0.994060071428642	1	0.958295694072011	0.994247802911272	0.998958278005861	1	0.999982323590669	0.999999457219135
ENSFCAG00000035960:TLX3	0	0	0	0	0	0	0	0	0	0.914405071900112	0.984929568401113	0.994062914400975	1	0.958295694072011	0.994247802911272	0.998958278005861	1	0.99998234052401	0.999999457219135
ENSFCAG00000014712:RAD51	0	0	0	0	0	0	0	0	0	0.91537314575979	0.980638050989962	0.994077159847029	1	0.958295694072011	0.994247802911272	0.998958278005861	1	0.999982425250437	0.999999457219135
ENSFCAG00000019399:QKI	0	0	0	0	0	0	0	0	0	0.916055655513055	0.979556926443323	0.994134050527919	1	0.958295694072011	0.994247802911272	0.998958278005861	1	0.999982761578782	0.999999457219135
ENSFCAG00000024972:JUN	0	0	0	0	0	0	0	0	0	0.91418261533035	0.990470025221935	0.994139335710641	1	0.958295694072011	0.994247802911272	0.998958278005861	1	0.999982792658635	0.999999457219135
ENSFCAG00000030278:MCL1	0	0	0	0	0	0	0	0	0	0.915076420409786	0.984462913858903	0.994141826167565	1	0.958295694072011	0.994247802911272	0.998958278005861	1	0.999982807294186	0.999999457219135
ENSFCAG00000008090:TTL	0	0	0	0	0	0	0	0	0	0.916454698845147	0.97838482147109	0.994148116232653	1	0.958295694072011	0.994247802911272	0.998958278005861	1	0.999982844230937	0.999999457219135
ENSFCAG00000015075:SETD7	0	0	0	0	0	0	0	0	0	0.917058471196544	0.976219373276013	0.994150386375628	1	0.958295694072011	0.994247802911272	0.998958278005861	1	0.99998285755198	0.999999457219135
ENSFCAG00000004500:LTB	0	0	0	0	0	0	0	0	0	0.915937512231478	0.981522067587932	0.994178175733958	1	0.958295694072011	0.994247802911272	0.998958278005861	1	0.999983020197907	0.999999457219135
ENSFCAG00000009646:SMARCE1	0	0	0	0	0	0	0	0	0	0.91697681400243	0.977963350552883	0.994202147721599	1	0.958295694072011	0.994247802911272	0.998958278005861	1	0.99998315987743	0.999999457219135
ENSFCAG00000006667:INHA	0	0	0	0	0	0	0	0	0	0.915513341614654	0.986211754124522	0.994240110854536	1	0.958295694072011	0.994247802911272	0.998958278005861	1	0.999983379897818	0.999999457219135
ENSFCAG00000002637:SPOP	0	0	0	0	0	0	0	0	0	0.917043318838956	0.979010869842086	0.99424603744087	1	0.958295694072011	0.994247802911272	0.998958278005861	1	0.999983414115325	0.999999457219135
ENSFCAG00000024636:RAD51C	0	0	0	0	0	0	0	0	0	0.916947203455011	0.97984669613228	0.994260349656898	1	0.958295694072011	0.994247802911272	0.998958278005861	1	0.999983496602106	0.999999457219135
ENSFCAG00000000479:CALR	0	0	0	0	0	0	0	0	0	0.917110944773468	0.979303599354066	0.994264391232194	1	0.958295694072011	0.994247802911272	0.998958278005861	1	0.999983519857949	0.999999457219135
ENSFCAG00000033201:NEGR1	0	0	0	0	0	0	0	0	0	0.917134080134455	0.97982716718265	0.994284122918687	1	0.958295694072011	0.994247802911272	0.998958278005861	1	0.999983633161196	0.999999457219135
ENSFCAG00000039431:PNRC1	0	0	0	0	0	0	0	0	0	0.916719977649771	0.982307256371671	0.994303360942186	1	0.958295694072011	0.994247802911272	0.998958278005861	1	0.999983743252728	0.999999457219135
ENSFCAG00000025137:PRKACA	0	0	0	0	0	0	0	0	0	0.918486835994005	0.976330565179408	0.994339244226235	1	0.958295694072011	0.994247802911272	0.998958278005861	1	0.999983947603817	0.999999457219135
ENSFCAG00000003608:TFPT	0	0	0	0	0	0	0	0	0	0.917704183963992	0.979343602945587	0.994342759622893	1	0.958295694072011	0.994247802911272	0.998958278005861	1	0.999983967553943	0.999999457219135
ENSFCAG00000033551:DNAJB1	0	0	0	0	0	0	0	0	0	0.916296349894168	0.989533668926445	0.994406648986725	1	0.958295694072011	0.994247802911272	0.998958278005861	1	0.99998432796518	0.999999457219135
ENSFCAG00000025662:SH3GL1	0	0	0	0	0	0	0	0	0	0.918539809869527	0.979823136529983	0.994465684155515	1	0.958295694072011	0.994247802911272	0.998958278005861	1	0.999984657344191	0.999999457219135
ENSFCAG00000013445:EPCAM	0	0	0	0	0	0	0	0	0	0.918519228491154	0.98041131936677	0.994481321004877	1	0.958295694072011	0.994247802911272	0.998958278005861	1	0.999984744000874	0.999999457219135
ENSFCAG00000013003:S1PR2	0	0	0	0	0	0	0	0	0	0.917189752096421	0.99013232073261	0.994533199003992	1	0.958295694072011	0.994247802911272	0.998958278005861	1	0.999985029738703	0.999999457219135
ENSFCAG00000024503:GNAQ	0	0	0	0	0	0	0	0	0	0.919428347836255	0.978706301414238	0.994542725516134	1	0.958295694072011	0.994247802911272	0.998958278005861	1	0.999985081915498	0.999999457219135
ENSFCAG00000025247:SFRP4	0	0	0	0	0	0	0	0	0	0.918098397780997	0.984697129576366	0.994544069157164	1	0.958295694072011	0.994247802911272	0.998958278005861	1	0.999985089267289	0.999999457219135
ENSFCAG00000002606:PRSS8	0	0	0	0	0	0	0	0	0	0.91909729113122	0.980737011668336	0.994565036893714	1	0.958295694072011	0.994247802911272	0.998958278005861	1	0.999985203757997	0.999999457219135
ENSFCAG00000038036:ZNF24	0	0	0	0	0	0	0	0	0	0.919767976283304	0.979198538165151	0.994601868416381	1	0.958295694072011	0.994247802911272	0.998958278005861	1	0.999985403799944	0.999999457219135
ENSFCAG00000040666:CYSLTR2	0	0	0	0	0	0	0	0	0	0.918477871962258	0.985137949998507	0.994603240878834	1	0.958295694072011	0.994247802911272	0.998958278005861	1	0.999985411227799	0.999999457219135
ENSFCAG00000008220:CREB1	0	0	0	0	0	0	0	0	0	0.920998977447753	0.975075152172578	0.9946086555488	1	0.958295694072011	0.994247802911272	0.998958278005861	1	0.999985440513866	0.999999457219135
ENSFCAG00000026699:CDX2	0	0	0	0	0	0	0	0	0	0.918266163441401	0.98730901407691	0.994622786324561	1	0.958295694072011	0.994247802911272	0.998958278005861	1	0.999985516803473	0.999999457219135
ENSFCAG00000009769:NFKBIE	0	0	0	0	0	0	0	0	0	0.919560464372249	0.982074728953977	0.994662685231861	1	0.958295694072011	0.994247802911272	0.998958278005861	1	0.999985731127072	0.999999457219135
ENSFCAG00000010694:DUSP2	0	0	0	0	0	0	0	0	0	0.91869187623921	0.98665927530778	0.994664173734932	1	0.958295694072011	0.994247802911272	0.998958278005861	1	0.999985739091845	0.999999457219135
ENSFCAG00000007657:RAD51B	0	0	0	0	0	0	0	0	0	0.920931024871914	0.977478824326709	0.99468934602994	1	0.958295694072011	0.994247802911272	0.998958278005861	1	0.99998587344794	0.999999457219135
ENSFCAG00000023627:GID4	0	0	0	0	0	0	0	0	0	0.920219998548691	0.98020260421491	0.994690607923913	1	0.958295694072011	0.994247802911272	0.998958278005861	1	0.999985880166479	0.999999457219135
ENSFCAG00000030589:APH1A	0	0	0	0	0	0	0	0	0	0.920538018156212	0.979285187309829	0.994701389449149	1	0.958295694072011	0.994247802911272	0.998958278005861	1	0.999985937503897	0.999999457219135
ENSFCAG00000042983:CRKL	0	0	0	0	0	0	0	0	0	0.920629350513938	0.979798823761936	0.994729222457909	1	0.958295694072011	0.994247802911272	0.998958278005861	1	0.999986084982868	0.999999457219135
ENSFCAG00000048115:FANCF	0	0	0	0	0	0	0	0	0	0.91937253081887	0.986432999861585	0.994746121516859	1	0.958295694072011	0.994247802911272	0.998958278005861	1	0.999986174146069	0.999999457219135
ENSFCAG00000022444:TENT5C	0	0	0	0	0	0	0	0	0	0.919570410226414	0.987556178272287	0.994794018700116	1	0.958295694072011	0.994247802911272	0.998958278005861	1	0.999986425302323	0.999999457219135
ENSFCAG00000004973:MYOD1	0	0	0	0	0	0	0	0	0	0.919331588145938	0.989262999365196	0.994794667939036	1	0.958295694072011	0.994247802911272	0.998958278005861	1	0.999986428690865	0.999999457219135
ENSFCAG00000025542:HEY1	0	0	0	0	0	0	0	0	0	0.920248514993382	0.983960871847125	0.994799437207992	1	0.958295694072011	0.994247802911272	0.998958278005861	1	0.999986453569899	0.999999457219135
ENSFCAG00000013318:IRF1	0	0	0	0	0	0	0	0	0	0.920426011585138	0.983455259195411	0.994808805785091	1	0.958295694072011	0.994247802911272	0.998958278005861	1	0.99998650237479	0.999999457219135
ENSFCAG00000009373:BTLA	0	0	0	0	0	0	0	0	0	0.921219140510515	0.980800533738762	0.994833425389951	1	0.958295694072011	0.994247802911272	0.998958278005861	1	0.999986630208182	0.999999457219135
ENSFCAG00000010841:MAFB	0	0	0	0	0	0	0	0	0	0.919640672506721	0.991830427287821	0.994871749532066	1	0.958295694072011	0.994247802911272	0.998958278005861	1	0.999986827987819	0.999999457219135
ENSFCAG00000033716:FGF14	0	0	0	0	0	0	0	0	0	0.921916213637986	0.98065114065331	0.994914917710139	1	0.958295694072011	0.994247802911272	0.998958278005861	1	0.9999870489981	0.999999457219135
ENSFCAG00000022176:MLF1	0	0	0	0	0	0	0	0	0	0.921600469977413	0.982677162308468	0.99493413333059	1	0.958295694072011	0.994247802911272	0.998958278005861	1	0.999987146774834	0.999999457219135
ENSFCAG00000045118:CDK6	0	0	0	0	0	0	0	0	0	0.922215268279926	0.981358936187846	0.994972593645831	1	0.958295694072011	0.994247802911272	0.998958278005861	1	0.999987341361485	0.999999457219135
ENSFCAG00000009419:SCG5	0	0	0	0	0	0	0	0	0	0.922762966090682	0.979909455099029	0.994995477630278	1	0.958295694072011	0.994247802911272	0.998958278005861	1	0.999987456435582	0.999999457219135
ENSFCAG00000038352:HOXC11	0	0	0	0	0	0	0	0	0	0.92197774219573	0.984342060438666	0.995023465124103	1	0.958295694072011	0.994247802911272	0.998958278005861	1	0.999987596457655	0.999999457219135
ENSFCAG00000014287:PDCD1	0	0	0	0	0	0	0	0	0	0.922382579555057	0.982718588219489	0.995031220213065	1	0.958295694072011	0.994247802911272	0.998958278005861	1	0.999987635117256	0.999999457219135
ENSFCAG00000008160:FCGR2B	0	0	0	0	0	0	0	0	0	0.9222606411656	0.984320137259756	0.995057584876817	1	0.958295694072011	0.994247802911272	0.998958278005861	1	0.999987766094721	0.999999457219135
ENSFCAG00000032546:IGF2	0	0	0	0	0	0	0	0	0	0.92179042054838	0.987109272566378	0.995062194401122	1	0.958295694072011	0.994247802911272	0.998958278005861	1	0.999987788922713	0.999999457219135
ENSFCAG00000044642:GNA11	0	0	0	0	0	0	0	0	0	0.922774152840227	0.982145351195163	0.995063159621762	1	0.958295694072011	0.994247802911272	0.998958278005861	1	0.999987793700123	0.999999457219135
ENSFCAG00000012089:MOB3B	0	0	0	0	0	0	0	0	0	0.922281161498052	0.98535767828233	0.995084685105583	1	0.958295694072011	0.994247802911272	0.998958278005861	1	0.99998789999836	0.999999457219135
ENSFCAG00000045844:XPA	0	0	0	0	0	0	0	0	0	0.923289077391093	0.981692897338773	0.995112704857572	1	0.958295694072011	0.994247802911272	0.998958278005861	1	0.999988037669372	0.999999457219135
ENSFCAG00000027426:RAD51D	0	0	0	0	0	0	0	0	0	0.923727416933708	0.979974811761711	0.995113950014881	1	0.958295694072011	0.994247802911272	0.998958278005861	1	0.999988043768963	0.999999457219135
ENSFCAG00000022323:PPP1CB	0	0	0	0	0	0	0	0	0	0.924435554234897	0.977800897319255	0.995126725102772	1	0.958295694072011	0.994247802911272	0.998958278005861	1	0.999988106259671	0.999999457219135
ENSFCAG00000038221:MTAP	0	0	0	0	0	0	0	0	0	0.924127032921089	0.981523553369336	0.995208381073616	1	0.958295694072011	0.994247802911272	0.998958278005861	1	0.999988501814358	0.999999457219135
ENSFCAG00000008358:CCND1	0	0	0	0	0	0	0	0	0	0.923506931554756	0.984304897286868	0.995208385194518	1	0.958295694072011	0.994247802911272	0.998958278005861	1	0.999988501834152	0.999999457219135
ENSFCAG00000023702:PIM1	0	0	0	0	0	0	0	0	0	0.924625443967382	0.980986732380412	0.995251923792742	1	0.958295694072011	0.994247802911272	0.998958278005861	1	0.999988710003405	0.999999457219135
ENSFCAG00000009047:CD274	0	0	0	0	0	0	0	0	0	0.923969335931175	0.984341840463239	0.995264756753166	1	0.958295694072011	0.994247802911272	0.998958278005861	1	0.999988770997659	0.999999457219135
ENSFCAG00000040513:TPM3	0	0	0	0	0	0	0	0	0	0.925252036122896	0.979132090370689	0.995268051721545	1	0.958295694072011	0.994247802911272	0.998958278005861	1	0.999988786631739	0.999999457219135
ENSFCAG00000002120:HOXB13	0	0	0	0	0	0	0	0	0	0.924195881364845	0.984668789707442	0.995299729652603	1	0.958295694072011	0.994247802911272	0.998958278005861	1	0.999988936381723	0.999999457219135
ENSFCAG00000037922:PPP6C	0	0	0	0	0	0	0	0	0	0.925310647062389	0.980558982324085	0.995319915282647	1	0.958295694072011	0.994247802911272	0.998958278005861	1	0.999989031278628	0.999999457219135
ENSFCAG00000014272:CTLA4	0	0	0	0	0	0	0	0	0	0.924464615608703	0.984412675087631	0.995325522546807	1	0.958295694072011	0.994247802911272	0.998958278005861	1	0.999989057566905	0.999999457219135
ENSFCAG00000014436:TCEA1	0	0	0	0	0	0	0	0	0	0.925296313107286	0.981217864966408	0.99533792510559	1	0.958295694072011	0.994247802911272	0.998958278005861	1	0.99998911560104	0.999999457219135
ENSFCAG00000009048:PDCD1LG2	0	0	0	0	0	0	0	0	0	0.925236415806114	0.981571122131841	0.995341164290821	1	0.958295694072011	0.994247802911272	0.998958278005861	1	0.999989130732405	0.999999457219135
ENSFCAG00000046021:EXOSC6	0	0	0	0	0	0	0	0	0	0.924219513329447	0.987902037550838	0.995371884075227	1	0.958295694072011	0.994247802911272	0.998958278005861	1	0.999989273711199	0.999999457219135
ENSFCAG00000034951:MYD88	0	0	0	0	0	0	0	0	0	0.926346481173254	0.979793532505968	0.995417001812894	1	0.958295694072011	0.994247802911272	0.998958278005861	1	0.999989481983492	0.999999457219135
ENSFCAG00000030268:NPM1	0	0	0	0	0	0	0	0	0	0.926513539633299	0.979514877651268	0.99542746070083	1	0.958295694072011	0.994247802911272	0.998958278005861	1	0.999989529971786	0.999999457219135
ENSFCAG00000009155:RSPO3	0	0	0	0	0	0	0	0	0	0.92699202452305	0.978534906034046	0.995450418595089	1	0.958295694072011	0.994247802911272	0.998958278005861	1	0.999989634923656	0.999999457219135
ENSFCAG00000009689:VTCN1	0	0	0	0	0	0	0	0	0	0.925381627668942	0.986487382516201	0.995481014561369	1	0.958295694072011	0.994247802911272	0.998958278005861	1	0.999989773969916	0.999999457219135
ENSFCAG00000036644:CCND3	0	0	0	0	0	0	0	0	0	0.925682005164261	0.986697273664347	0.995520598226518	1	0.958295694072011	0.994247802911272	0.998958278005861	1	0.999989952466339	0.999999457219135
ENSFCAG00000013892:ATF1	0	0	0	0	0	0	0	0	0	0.927294971068187	0.979752654571687	0.995524854762577	1	0.958295694072011	0.994247802911272	0.998958278005861	1	0.999989971566806	0.999999457219135
ENSFCAG00000031909:ATG5	0	0	0	0	0	0	0	0	0	0.927313710814302	0.979770472331603	0.995527561028449	1	0.958295694072011	0.994247802911272	0.998958278005861	1	0.999989983701241	0.999999457219135
ENSFCAG00000036921:SDHB	0	0	0	0	0	0	0	0	0	0.927241344099916	0.980426937640404	0.995539722672283	1	0.958295694072011	0.994247802911272	0.998958278005861	1	0.999990038141162	0.999999457219135
ENSFCAG00000011605:EGFL7	0	0	0	0	0	0	0	0	0	0.926535662263022	0.98426005787242	0.99556445207017	1	0.958295694072011	0.994247802911272	0.998958278005861	1	0.999990148380714	0.999999457219135
ENSFCAG00000006671:NFKBIA	0	0	0	0	0	0	0	0	0	0.926345643627528	0.985556570826436	0.995573072917885	1	0.958295694072011	0.994247802911272	0.998958278005861	1	0.999990186666628	0.999999457219135
ENSFCAG00000040177:CD79B	0	0	0	0	0	0	0	0	0	0.928200896614401	0.980418352104222	0.995648518964284	1	0.958295694072011	0.994247802911272	0.998958278005861	1	0.999990518543611	0.999999457219135
ENSFCAG00000031745:KLF6	0	0	0	0	0	0	0	0	0	0.927138907677588	0.985697276950668	0.995667633025249	1	0.958295694072011	0.994247802911272	0.998958278005861	1	0.999990601716107	0.999999457219135
ENSFCAG00000028964:SIX1	0	0	0	0	0	0	0	0	0	0.926860499733527	0.990810946287936	0.995729618565465	1	0.958295694072011	0.994247802911272	0.998958278005861	1	0.999990868914193	0.999999457219135
ENSFCAG00000036433:POU2AF1	0	0	0	0	0	0	0	0	0	0.927529719331407	0.986651211989001	0.995732927145797	1	0.958295694072011	0.994247802911272	0.998958278005861	1	0.99999088306785	0.999999457219135
ENSFCAG00000025024:PRRX1	0	0	0	0	0	0	0	0	0	0.928831656072582	0.982093467779848	0.995768543639946	1	0.958295694072011	0.994247802911272	0.998958278005861	1	0.999991034734224	0.999999457219135
ENSFCAG00000043034:FGF3	0	0	0	0	0	0	0	0	0	0.927444679825344	0.989874594868363	0.995782409376986	1	0.958295694072011	0.994247802911272	0.998958278005861	1	0.999991093434433	0.999999457219135
ENSFCAG00000032259:DCUN1D1	0	0	0	0	0	0	0	0	0	0.929831713174076	0.979159678645804	0.995790734708601	1	0.958295694072011	0.994247802911272	0.998958278005861	1	0.999991128586726	0.999999457219135
ENSFCAG00000008129:CD79A	0	0	0	0	0	0	0	0	0	0.929043578852807	0.984704003659763	0.995860031353698	1	0.958295694072011	0.994247802911272	0.998958278005861	1	0.999991418479208	0.999999457219135
ENSFCAG00000045399:FGF23	0	0	0	0	0	0	0	0	0	0.929082590291235	0.987177778353764	0.995918797440063	1	0.958295694072011	0.994247802911272	0.998958278005861	1	0.999991660540092	0.999999457219135
ENSFCAG00000045613:FEV	0	0	0	0	0	0	0	0	0	0.929194640996614	0.986579397330142	0.995919000034962	1	0.958295694072011	0.994247802911272	0.998958278005861	1	0.999991661368594	0.999999457219135
ENSFCAG00000040786:LASP1	0	0	0	0	0	0	0	0	0	0.930384561030282	0.981522035657958	0.995924162144564	1	0.958295694072011	0.994247802911272	0.998958278005861	1	0.999991682464889	0.999999457219135
ENSFCAG00000005782:RSPO2	0	0	0	0	0	0	0	0	0	0.930277856238918	0.982102384094919	0.99592899037374	1	0.958295694072011	0.994247802911272	0.998958278005861	1	0.999991702172478	0.999999457219135
ENSFCAG00000006857:XRCC2	0	0	0	0	0	0	0	0	0	0.92955214198433	0.985710325814394	0.995939867330661	1	0.958295694072011	0.994247802911272	0.998958278005861	1	0.999991746483657	0.999999457219135
ENSFCAG00000006923:CCNB1IP1	0	0	0	0	0	0	0	0	0	0.930159217124288	0.983111040028427	0.995943425370085	1	0.958295694072011	0.994247802911272	0.998958278005861	1	0.999991760952819	0.999999457219135
ENSFCAG00000014271:CD28	0	0	0	0	0	0	0	0	0	0.92966856784782	0.986326067694177	0.995966225455536	1	0.958295694072011	0.994247802911272	0.998958278005861	1	0.999991853370195	0.999999457219135
ENSFCAG00000041934:SOCS1	1	0	0	0	0	0	0	0	0	0.929091379719591	0.991639192835222	0.995993706823305	1	0.958295694072011	0.994247802911272	0.998958278005861	1	0.99999196406888	0.999999457219135
ENSFCAG00000029552:BCL2	0	0	0	0	0	0	0	0	0	0.930411659596393	0.988065982114518	0.996082838626343	1	0.958295694072011	0.994247802911272	0.998958278005861	1	0.999992317886133	0.999999457219135
ENSFCAG00000008999:TPM4	0	0	0	0	0	0	0	0	0	0.931448853450296	0.984440958157933	0.996117511299297	1	0.958295694072011	0.994247802911272	0.998958278005861	1	0.999992453367842	0.999999457219135
ENSFCAG00000023035:JAZF1	0	0	0	0	0	0	0	0	0	0.931993564752297	0.982740298612192	0.996132315911999	1	0.958295694072011	0.994247802911272	0.998958278005861	1	0.999992510848438	0.999999457219135
ENSFCAG00000025224:FGF12	0	0	0	0	0	0	0	0	0	0.931992112670824	0.982983172773452	0.996138675337313	1	0.958295694072011	0.994247802911272	0.998958278005861	1	0.999992535472075	0.999999457219135
ENSFCAG00000025776:RAC2	0	0	0	0	0	0	0	0	0	0.932411205580942	0.981727415604159	0.996148670448305	1	0.958295694072011	0.994247802911272	0.998958278005861	1	0.999992574091004	0.999999457219135
ENSFCAG00000036639:FGF4	0	0	0	0	0	0	0	0	0	0.931047016872519	0.990419804782683	0.996191674368647	1	0.958295694072011	0.994247802911272	0.998958278005861	1	0.999992739104798	0.999999457219135
ENSFCAG00000040323:BCL7A	0	0	0	0	0	0	0	0	0	0.932198009769756	0.984550330259107	0.996200475988332	1	0.958295694072011	0.994247802911272	0.998958278005861	1	0.999992772649338	0.999999457219135
ENSFCAG00000013046:GADD45B	0	0	0	0	0	0	0	0	0	0.931294547202203	0.989472179870415	0.996203558222985	1	0.958295694072011	0.994247802911272	0.998958278005861	1	0.999992784377899	0.999999457219135
ENSFCAG00000024840:RRAS	0	0	0	0	0	0	0	0	0	0.932163719176028	0.985322690663801	0.996215028549472	1	0.958295694072011	0.994247802911272	0.998958278005861	1	0.999992827941162	0.999999457219135
ENSFCAG00000029945:PAFAH1B2	0	0	0	0	0	0	0	0	0	0.932348958164072	0.984941638769782	0.996225893256724	1	0.958295694072011	0.994247802911272	0.998958278005861	1	0.999992869082544	0.999999457219135
ENSFCAG00000037118:DUSP22	0	0	0	0	0	0	0	0	0	0.932469635492054	0.984772681963471	0.996234714295264	1	0.958295694072011	0.994247802911272	0.998958278005861	1	0.999992902398014	0.999999457219135
ENSFCAG00000036364:BCL10	0	0	0	0	0	0	0	0	0	0.932423091946765	0.985710279139483	0.996251428343549	1	0.958295694072011	0.994247802911272	0.998958278005861	1	0.999992965309753	0.999999457219135
ENSFCAG00000039688:NKX3-1	0	0	0	0	0	0	0	0	0	0.933564415245529	0.983304555140116	0.996313335925202	1	0.958295694072011	0.994247802911272	0.998958278005861	1	0.999993195887361	0.999999457219135
ENSFCAG00000027163:FGF19	0	0	0	0	0	0	0	0	0	0.932821304294239	0.989524027729578	0.996367533813868	1	0.958295694072011	0.994247802911272	0.998958278005861	1	0.999993394591879	0.999999457219135
ENSFCAG00000022142:SBDS	0	0	0	0	0	0	0	0	0	0.933398171416703	0.987539214485146	0.996392581711931	1	0.958295694072011	0.994247802911272	0.998958278005861	1	0.999993485428335	0.999999457219135
ENSFCAG00000030239:TMEM127	0	0	0	0	0	0	0	0	0	0.933537060317254	0.987497675379433	0.996406300314083	1	0.958295694072011	0.994247802911272	0.998958278005861	1	0.999993534912109	0.999999457219135
ENSFCAG00000000142:FGF6	0	0	0	0	0	0	0	0	0	0.93395135773901	0.986847434679098	0.996436405527342	1	0.958295694072011	0.994247802911272	0.998958278005861	1	0.999993642841279	0.999999457219135
ENSFCAG00000011361:RAC1	0	0	0	0	0	0	0	0	0	0.935559576050757	0.980689944503382	0.996444904140284	1	0.958295694072011	0.994247802911272	0.998958278005861	1	0.999993673144739	0.999999457219135
ENSFCAG00000043691:RYBP	0	0	0	0	0	0	0	0	0	0.93474113343151	0.985269134289517	0.996483486587549	1	0.958295694072011	0.994247802911272	0.998958278005861	1	0.999993809806484	0.999999457219135
ENSFCAG00000040792:BBC3	0	0	0	0	0	0	0	0	0	0.934590449988112	0.987727134368879	0.996519963103812	1	0.958295694072011	0.994247802911272	0.998958278005861	1	0.999993937635097	0.999999457219135
ENSFCAG00000040747:BCL2L2	0	0	0	0	0	0	0	0	0	0.935223323484739	0.98733749273484	0.996577131774276	1	0.958295694072011	0.994247802911272	0.998958278005861	1	0.999994135291356	0.999999457219135
ENSFCAG00000036350:BCL2L11	0	0	0	0	0	0	0	0	0	0.936355277409304	0.982529505186011	0.99657798514841	1	0.958295694072011	0.994247802911272	0.998958278005861	1	0.999994138216989	0.999999457219135
ENSFCAG00000000258:BAX	0	0	0	0	0	0	0	0	0	0.936159702186498	0.98476991675734	0.996615743958435	1	0.958295694072011	0.994247802911272	0.998958278005861	1	0.999994266934482	0.999999457219135
ENSFCAG00000015580:PDGFB	0	0	0	0	0	0	0	0	0	0.936745807587208	0.98321835928471	0.996635412875323	1	0.958295694072011	0.994247802911272	0.998958278005861	1	0.999994333417934	0.999999457219135
ENSFCAG00000027677:SOCS3	0	0	0	0	0	0	0	0	0	0.935130329020885	0.994438109968901	0.996668948471192	1	0.958295694072011	0.995234845942589	0.998958278005861	1	0.999994445877404	0.999999457219135
ENSFCAG00000036606:FGF10	0	0	0	0	0	0	0	0	0	0.936609664506385	0.987797772737261	0.996725776530469	1	0.958295694072011	0.994247802911272	0.998958278005861	1	0.999994633870499	0.999999457219135
ENSFCAG00000024009:IGF1	0	0	0	0	0	0	0	0	0	0.937844538967054	0.984081374996035	0.996765819140069	1	0.958295694072011	0.994247802911272	0.998958278005861	1	0.999994764389732	0.999999457219135
ENSFCAG00000043547:CDKN1B	0	0	0	0	0	0	0	0	0	0.937941810467168	0.987329413912903	0.99684802716683	1	0.958295694072011	0.994247802911272	0.998958278005861	1	0.999995027306282	0.999999457219135
ENSFCAG00000028989:CD70	0	0	0	0	0	0	0	0	0	0.937967726789181	0.989881818084013	0.996896099970318	1	0.958295694072011	0.994247802911272	0.998958278005861	1	0.999995177910624	0.999999457219135
ENSFCAG00000022046:SDC4	0	0	0	0	0	0	0	0	0	0.938397383922406	0.98766829099625	0.996898947067188	1	0.958295694072011	0.994247802911272	0.998958278005861	1	0.999995186757405	0.999999457219135
ENSFCAG00000043152:RMI2	0	0	0	0	0	0	0	0	0	0.93830336489512	0.990456520586122	0.996937594108902	1	0.958295694072011	0.994247802911272	0.998958278005861	1	0.999995306041027	0.999999457219135
ENSFCAG00000012862:RHEB	0	0	0	0	0	0	0	0	0	0.940344430342027	0.983231883613426	0.996983420783938	1	0.958295694072011	0.994247802911272	0.998958278005861	1	0.999995445542984	0.999999457219135
ENSFCAG00000044777:ARFRP1	0	0	0	0	0	0	0	0	0	0.940104316437337	0.985864978704432	0.997024588613278	1	0.958295694072011	0.994247802911272	0.998958278005861	1	0.999995569066741	0.999999457219135
ENSFCAG00000012394:RHOH	0	0	0	0	0	0	0	0	0	0.939792570261828	0.988898191819494	0.997055108543023	1	0.958295694072011	0.994247802911272	0.998958278005861	1	0.999995659544336	0.999999457219135
ENSFCAG00000045823:CBFB	0	0	0	0	0	0	0	0	0	0.942784258532095	0.980023503878079	0.997115166942737	1	0.958295694072011	0.994247802911272	0.998958278005861	1	0.999995834861945	0.999999457219135
ENSFCAG00000001199:PTP4A1	0	0	0	0	0	0	0	0	0	0.941586800952039	0.985965034416291	0.997164652699596	1	0.958295694072011	0.994247802911272	0.998958278005861	1	0.999995976598464	0.999999457219135
ENSFCAG00000027886:CDKN1A	0	0	0	0	0	0	0	0	0	0.941238444354567	0.988526343635724	0.997183745089912	1	0.958295694072011	0.994247802911272	0.998958278005861	1	0.999996030626133	0.999999457219135
ENSFCAG00000000499:SDHC	0	0	0	0	0	0	0	0	0	0.942704314288369	0.985145514105524	0.997247735795618	1	0.958295694072011	0.994247802911272	0.998958278005861	1	0.999996209041371	0.999999457219135
ENSFCAG00000027456:RHOA	0	0	0	0	0	0	0	0	0	0.942495051955598	0.986034508988974	0.997248925337384	1	0.958295694072011	0.994247802911272	0.998958278005861	1	0.999996212319108	0.999999457219135
ENSFCAG00000000062:MAD2L2	0	0	0	0	0	0	0	0	0	0.943486118599151	0.982658360913233	0.997254929083333	1	0.958295694072011	0.994247802911272	0.998958278005861	1	0.99999622884055	0.999999457219135
ENSFCAG00000002990:HRAS	0	0	0	0	0	0	0	0	0	0.942336218998965	0.987279689757992	0.997260577749826	1	0.958295694072011	0.994247802911272	0.998958278005861	1	0.999996244351865	0.999999457219135
ENSFCAG00000046660:TNFRSF17	0	0	0	0	0	0	0	0	0	0.941781932728509	0.992033442548441	0.997287121851039	1	0.958295694072011	0.994247802911272	0.998958278005861	1	0.999996316813888	0.999999457219135
ENSFCAG00000037994:NRAS	0	0	0	0	0	0	0	0	0	0.943894386309454	0.983581476105407	0.997315479034716	1	0.958295694072011	0.994247802911272	0.998958278005861	1	0.999996393444857	0.999999457219135
ENSFCAG00000013688:IL2	0	0	0	0	0	0	0	0	0	0.943356114549381	0.987345705337987	0.997353519878771	1	0.958295694072011	0.994247802911272	0.998958278005861	1	0.999996494978128	0.999999457219135
ENSFCAG00000043871:BTG1	0	0	0	0	0	0	0	0	0	0.94394652139097	0.986344476146254	0.997385176870933	1	0.958295694072011	0.994247802911272	0.998958278005861	1	0.999996578366378	0.999999457219135
ENSFCAG00000013515:IL10	0	0	0	0	0	0	0	0	0	0.944634353857709	0.987640155266461	0.997471818230185	1	0.958295694072011	0.994247802911272	0.998958278005861	1	0.999996801451829	0.999999457219135
ENSFCAG00000035249:EIF1AX	0	0	0	0	0	0	0	0	0	0.946988904290089	0.980873918010551	0.99750540682061	1	0.958295694072011	0.994247802911272	0.998958278005861	1	0.999996885911896	0.999999457219135
ENSFCAG00000045270:CHIC2	0	0	0	0	0	0	0	0	0	0.945489709860407	0.985923200043641	0.99751011506688	1	0.958295694072011	0.994247802911272	0.998958278005861	1	0.999996897660618	0.999999457219135
ENSFCAG00000002084:DDIT3	0	0	0	0	0	0	0	0	0	0.94551177719873	0.987942835721655	0.997553363110094	1	0.958295694072011	0.994247802911272	0.998958278005861	1	0.999997004540033	0.999999457219135
ENSFCAG00000043254:BTG2	0	0	0	0	0	0	0	0	0	0.945149891655038	0.990787876286219	0.997569679012599	1	0.958295694072011	0.994247802911272	0.998958278005861	1	0.999997044374605	0.999999457219135
ENSFCAG00000024623:LMO1	0	0	0	0	0	0	0	0	0	0.948053855150348	0.984821077347295	0.997699359690359	1	0.958295694072011	0.994247802911272	0.998958278005861	1	0.999997351495218	0.999999457219135
ENSFCAG00000042197:CNBP	0	0	0	0	0	0	0	0	0	0.947622439898858	0.987108173291367	0.997714307796314	1	0.958295694072011	0.994247802911272	0.998958278005861	1	0.999997385813073	0.999999457219135
ENSFCAG00000023293:MLLT3	0	0	0	0	0	0	0	0	0	0.947743795033541	0.989331409760076	0.997765337745325	1	0.958295694072011	0.994247802911272	0.998958278005861	1	0.999997501280345	0.999999457219135
ENSFCAG00000033312:FHIT	0	0	0	0	0	0	0	0	0	0.948252882637817	0.990644712459187	0.997827558090035	1	0.958295694072011	0.994247802911272	0.998958278005861	1	0.999997638537407	0.999999457219135
ENSFCAG00000019293:CENPA	0	0	0	0	0	0	0	0	0	0.94937866316548	0.988150409730169	0.997876669655462	1	0.958295694072011	0.994247802911272	0.998958278005861	1	0.999997744136911	0.999999457219135
ENSFCAG00000018336:TCL1B	0	0	0	0	0	0	0	0	0	0.949644271931874	0.989043439711451	0.997913710086378	1	0.958295694072011	0.994247802911272	0.998958278005861	1	0.999997822182151	0.999999457219135
ENSFCAG00000032943:CHCHD7	0	0	0	0	0	0	0	0	0	0.951631422892483	0.98316646501793	0.997939833566434	1	0.958295694072011	0.994247802911272	0.998958278005861	1	0.999997876398308	0.999999457219135
ENSFCAG00000037105:RPL22	0	0	0	0	0	0	0	0	0	0.949983818819275	0.991618057286853	0.997979519570116	1	0.958295694072011	0.994247802911272	0.998958278005861	1	0.999997957453311	0.999999457219135
ENSFCAG00000029629:MTCP1	0	0	0	0	0	0	0	0	0	0.951185246612163	0.989094810575635	0.99803468027457	1	0.958295694072011	0.994247802911272	0.998958278005861	1	0.999998067492775	0.999999457219135
ENSFCAG00000022679:YPEL5	0	0	0	0	0	0	0	0	0	0.952033724132558	0.990008481595084	0.998114176175032	1	0.958295694072011	0.994247802911272	0.998958278005861	1	0.999998220715426	0.999999457219135
ENSFCAG00000008354:SH2D1A	0	0	0	0	0	0	0	0	0	0.95356648294097	0.987116633498881	0.998176007418654	1	0.958295694072011	0.994247802911272	0.998958278005861	1	0.99999833551322	0.999999457219135
ENSFCAG00000045832:ID3	0	0	0	0	0	0	0	0	0	0.954027116370131	0.990548452897535	0.998269553248629	1	0.958295694072011	0.994247802911272	0.998958278005861	1	0.999998501912651	0.999999457219135
ENSFCAG00000044104:HMGA1	0	0	0	0	0	0	0	0	0	0.953976790766672	0.991512597466138	0.998279476643118	1	0.958295694072011	0.994247802911272	0.998958278005861	1	0.999998519050109	0.999999457219135
ENSFCAG00000012230:B2M	0	0	0	0	0	0	0	0	0	0.955832467033947	0.987258489945273	0.998340166129233	1	0.959036374744675	0.994247802911272	0.998958278005861	1	0.999998621712974	0.999999457219135
ENSFCAG00000027874:MLLT11	0	0	0	0	0	0	0	0	0	0.960108585215177	0.995234845942589	0.998732104603386	1	0.962251684735747	0.995234845942589	0.998958278005861	1	0.999999195880713	0.999999457219135
ENSFCAG00000032392:CKS1B	0	0	0	0	0	0	0	0	0	0.964855997815379	0.98942516231901	0.998942053576621	1	0.964991738775889	0.994247802911272	0.998958278005861	1	0.999999440177227	0.999999457219135
ENSFCAG00000042068:PMAIP1	0	0	0	0	0	0	0	0	0	0.964991738775889	0.989965869844573	0.998958278005861	1	0.964991738775889	0.994247802911272	0.998958278005861	1	0.999999457219135	0.999999457219135
