gene_name	n_syn	n_mis	n_non	n_spl	n_ind	wmis_cv	wnon_cv	wspl_cv	wind_cv	pmis_cv	ptrunc_cv	pallsubs_cv	pind_cv	qmis_cv	qtrunc_cv	qallsubs_cv	qind_cv	pglobal_cv	qglobal_cv
ENSFCAG00000003470:CTNNB1	0	13	0	0	0	113.668257279015	0	0	0	0	0.904616461854461	0	1	0	0.975301228071892	0	1	0	0
ENSFCAG00000000787:APC	0	0	3	0	1	0	129.377911489174	129.377911489174	3.82652919254658	0.410666581901955	1.44878802521564e-06	6.48031294214757e-06	0.195581386365842	0.83749911316667	0.00130101164664365	0.00290966051102426	1	1.84772335991568e-05	0.00829627788602139
ENSFCAG00000000620:FBXW7	0	1	2	0	1	10.7038044001177	192.844868979118	192.844868979118	14.6683619047619	0.0870927969518023	3.61275088788249e-05	4.56560020813956e-05	0.0625940264471366	0.83749911316667	0.0108141676577282	0.0102497724672733	1	3.93388378508996e-05	0.0117754254633693
ENSFCAG00000026263:ACVR1B	0	2	1	0	1	24.0610754822925	166.118666467799	166.118666467799	21.5289069052278	0.00287475444866292	0.00410550834521639	0.000191771760034043	0.0437842382586797	0.393861819748871	0.615442726963217	0.0344422081021141	1	0.000106533176224111	0.0239166980623128
ENSFCAG00000013448:MSH2	0	1	0	2	0	8.58562375852558	259.462689527142	259.462689527142	0	0.111529072598853	1.94104826733987e-05	3.08073099287709e-05	1	0.83749911316667	0.00871530672035603	0.00922165477201209	1	0.000350826207376365	0.0597525001778237
ENSFCAG00000010003:TRAF3	0	0	1	0	2	0	211.433492933063	211.433492933063	38.6687923675621	0.658716471833432	0.00315362900772442	0.0116107585961894	0.00305755096322599	0.83749911316667	0.615442726963217	0.98658115614024	1	0.000399237194952051	0.0597525001778237
ENSFCAG00000003492:CTCF	0	1	0	0	2	9.5439462705321	0	0	30.223273155416	0.0990579140785623	0.921457251540555	0.255332726738581	0.00482034158827678	0.83749911316667	0.975301228071892	0.98658115614024	1	0.00947721133909063	0.999929831853093
ENSFCAG00000018737:PIK3CA	0	3	0	0	0	23.4310439174667	0	0	0	0.000284014027501001	0.875108530874316	0.00136189788341401	1	0.127522298347949	0.975301228071892	0.203830716550963	1	0.0103488932081838	0.999929831853093
ENSFCAG00000023845:ACVR2A	0	0	0	0	2	0	0	0	42.1504652435687	0.724540434318518	0.916505086908231	0.9346464255153	0.00260246197271041	0.83749911316667	0.975301228071892	0.98658115614024	1	0.0170726063994182	0.999929831853093
ENSFCAG00000019200:PTEN	0	2	0	0	0	41.6712472965332	0	0	0	0.000905342230002271	0.932576358984669	0.00404821299955882	1	0.270999107514013	0.975301228071892	0.519327896229117	1	0.0263517604629993	0.999929831853093
ENSFCAG00000007517:JAK3	0	1	0	0	2	4.5821454977188	0	0	17.8447225118758	0.223734064227223	0.884512351686199	0.472042734260049	0.0123312729469838	0.83749911316667	0.975301228071892	0.98658115614024	1	0.0357769371492144	0.999929831853093
ENSFCAG00000027895:BMPR1A	0	2	0	0	0	27.4041606576575	0	0	0	0.00218722186475684	0.912329565377449	0.00910652724885186	1	0.393861819748871	0.975301228071892	0.98658115614024	1	0.05189594821639	0.999929831853093
ENSFCAG00000013481:PRDM16	0	2	0	0	1	7.2211228092461	0	0	8.4236381535769	0.0347119688774581	0.903983915856114	0.106785724071302	0.102826118897415	0.83749911316667	0.975301228071892	0.98658115614024	1	0.0605198759116203	0.999929831853093
ENSFCAG00000037105:RPL22	0	0	0	0	1	0	0	0	85.2811738648948	0.839413412485194	0.96000159330444	0.978445850865321	0.0115478585718787	0.850220220099505	0.975301228071892	0.98658115614024	1	0.0619526760070623	0.999929831853093
ENSFCAG00000011397:ATP6AP1	0	2	0	0	0	23.8122805650043	0	0	0	0.00293817815267439	0.93163289465319	0.0119572252144183	1	0.393861819748871	0.975301228071892	0.98658115614024	1	0.0648849208210486	0.999929831853093
ENSFCAG00000009623:TP53	0	2	0	0	0	23.3189036489451	0	0	0	0.0030701923588442	0.914970872497399	0.0124212199054612	1	0.393861819748871	0.975301228071892	0.98658115614024	1	0.0669298676855621	0.999929831853093
ENSFCAG00000031492:ESR1	0	1	0	0	1	9.66574502943358	0	0	18.4585091083413	0.0976588892226278	0.935868786435416	0.252859173072595	0.0505871146594972	0.83749911316667	0.975301228071892	0.98658115614024	1	0.0685489546870603	0.999929831853093
ENSFCAG00000011030:PIK3R1	0	1	0	0	1	10.2036610882844	0	0	15.1532664305392	0.0919004367017598	0.883861453568856	0.239055287805037	0.0607491233939765	0.83749911316667	0.975301228071892	0.98658115614024	1	0.0759821081402727	0.999929831853093
ENSFCAG00000012246:DNMT1	1	2	0	0	1	6.63082291967361	0	0	6.42973198630709	0.0412052664914836	0.853595339793943	0.122354962903897	0.129414969952024	0.83749911316667	0.975301228071892	0.98658115614024	1	0.0814777006154004	0.999929831853093
ENSFCAG00000030907:MAP3K7	0	0	1	0	0	0	152.574060348802	152.574060348802	0	0.691967804886404	0.00450658598946641	0.0163699142372271	1	0.83749911316667	0.615442726963217	0.98658115614024	1	0.0836880783271023	0.999929831853093
ENSFCAG00000022826:CDKN2A	0	0	0	0	1	0	0	0	55.8440174039159	0.73731916715421	0.939305549628741	0.942568052776009	0.0174953187270321	0.83749911316667	0.975301228071892	0.98658115614024	1	0.0841836383444725	0.999929831853093
ENSFCAG00000015718:PBRM1	0	0	0	0	2	0	0	0	13.0424083326277	0.504083694541654	0.860821683341673	0.787784169719332	0.0209477574883587	0.83749911316667	0.975301228071892	0.98658115614024	1	0.084232003952014	0.999929831853093
ENSFCAG00000010119:SNX29	0	0	0	1	0	0	140.869001594161	140.869001594161	0	0.590644082098784	0.00491903641656422	0.0165845621445589	1	0.83749911316667	0.615442726963217	0.98658115614024	1	0.0845693759325917	0.999929831853093
ENSFCAG00000028455:PRF1	0	2	0	0	0	19.3014847692389	0	0	0	0.00456366282851317	0.944921108469845	0.0178679364209385	1	0.512271152500603	0.975301228071892	0.98658115614024	1	0.0897818676777444	0.999929831853093
ENSFCAG00000001719:CTNNA1	0	0	1	0	0	0	127.547507956751	127.547507956751	0	0.608129313367371	0.00548620025588409	0.018546839427879	1	0.83749911316667	0.615442726963217	0.98658115614024	1	0.0925015434655532	0.999929831853093
ENSFCAG00000028208:RBM15	0	0	1	0	0	0	114.661094104541	114.661094104541	0	0.547663959021207	0.00616813423459794	0.0196205228006965	1	0.83749911316667	0.615442726963217	0.98658115614024	1	0.0967523135136353	0.999929831853093
ENSFCAG00000009873:PTPRK	0	1	0	1	0	5.10567449971547	58.3089361627229	58.3089361627229	0	0.198708515724542	0.0130307022736932	0.0200871568407682	1	0.83749911316667	0.975301228071892	0.98658115614024	1	0.0985812300421196	0.999929831853093
ENSFCAG00000022265:TP53BP1	1	0	0	0	2	0	0	0	11.1236313736819	0.487628420331839	0.861116524530881	0.77400381050254	0.027131176856531	0.83749911316667	0.975301228071892	0.98658115614024	1	0.102126476764543	0.999929831853093
ENSFCAG00000012814:ARID1A	0	0	0	0	2	0	0	0	9.62912160050016	0.375832175799518	0.876212521721891	0.667461602825849	0.0340694028163858	0.83749911316667	0.975301228071892	0.98658115614024	1	0.108779810343824	0.999929831853093
ENSFCAG00000012737:CIC	0	0	0	0	2	0	0	0	8.87915369537645	0.356059233520719	0.870418904680574	0.644569681224518	0.038603303559657	0.83749911316667	0.975301228071892	0.98658115614024	1	0.116788336893888	0.999929831853093
ENSFCAG00000030594:HOXD11	0	0	0	0	1	0	0	0	32.4521281078803	0.67164369682775	0.961338693911948	0.913001749166367	0.0296168762535189	0.83749911316667	0.975301228071892	0.98658115614024	1	0.12466718235022	0.999929831853093
ENSFCAG00000018481:EPHA7	0	2	0	0	0	15.4266305463048	0	0	0	0.00728828888603505	0.897331611432968	0.0270899207595571	1	0.727209268851053	0.975301228071892	0.98658115614024	1	0.124846434027523	0.999929831853093
ENSFCAG00000019287:SETD2	0	0	0	0	2	0	0	0	8.58133496768442	0.426109921805677	0.841118146530492	0.714059927790472	0.0406590964525227	0.83749911316667	0.975301228071892	0.98658115614024	1	0.13179025182087	0.999929831853093
ENSFCAG00000004033:CCNQ	0	0	0	0	1	0	0	0	29.1810913224706	0.675367858854627	0.939724423307815	0.913426635437255	0.0327943679954471	0.83749911316667	0.975301228071892	0.98658115614024	1	0.135039782322564	0.999929831853093
ENSFCAG00000022711:EPHA5	0	2	0	0	0	13.7714140613653	0	0	0	0.00923024244286819	0.895487170769855	0.0334566194360714	1	0.828875771369563	0.975301228071892	0.98658115614024	1	0.147125672047183	0.999929831853093
ENSFCAG00000003944:PTPN1	0	0	0	0	1	0	0	0	25.7039052069426	0.718827517401579	0.926246153467266	0.933239249113958	0.0370161338639407	0.83749911316667	0.975301228071892	0.98658115614024	1	0.150805630575289	0.999929831853093
ENSFCAG00000002679:ERCC2	0	2	0	0	0	13.0101675747019	0	0	0	0.0103869762968053	0.907239089979125	0.037237201340392	1	0.83749911316667	0.975301228071892	0.98658115614024	1	0.159764238085697	0.999929831853093
ENSFCAG00000015103:CHEK1	0	0	0	0	1	0	0	0	23.0634621144055	0.741520014050421	0.932763688786683	0.943691087478374	0.0410269467804222	0.83749911316667	0.975301228071892	0.98658115614024	1	0.164603648334511	0.999929831853093
ENSFCAG00000044523:SOX9	0	0	0	0	1	0	0	0	21.4868582589286	0.62750292091007	0.936377627497535	0.886107797575607	0.0438650192748588	0.83749911316667	0.975301228071892	0.98658115614024	1	0.165098782490218	0.999929831853093
ENSFCAG00000009461:SMARCD1	0	0	0	0	1	0	0	0	21.3202934662237	0.683521678543106	0.909819132565868	0.9143805564372	0.0441879637321938	0.83749911316667	0.975301228071892	0.98658115614024	1	0.170055398453458	0.999929831853093
ENSFCAG00000045924:FBXO31	0	2	0	0	0	12.4561659582299	0	0	0	0.0113675832757486	0.92069139534584	0.040420050578252	1	0.83749911316667	0.975301228071892	0.98658115614024	1	0.170104925795188	0.999929831853093
ENSFCAG00000027261:TGFBR1	0	0	0	0	1	0	0	0	21.6560461192351	0.717573289995462	0.911509381672328	0.93091250769927	0.043541787342092	0.83749911316667	0.975301228071892	0.98658115614024	1	0.170469063934966	0.999929831853093
ENSFCAG00000022796:PGBD5	0	0	0	0	1	0	0	0	20.3727248677249	0.633870827040708	0.931355440877809	0.889466276550679	0.0461196166198308	0.83749911316667	0.975301228071892	0.98658115614024	1	0.172031278572089	0.999929831853093
ENSFCAG00000014501:ROBO1	0	0	1	0	0	0	51.9013160937437	51.9013160937437	0	0.51557154409093	0.0148316793151675	0.0415966574119521	1	0.83749911316667	0.975301228071892	0.98658115614024	1	0.173863024235875	0.999929831853093
ENSFCAG00000030040:ATRX	0	0	1	0	0	0	46.3879824731228	46.3879824731228	0	0.454184752995802	0.0168078327608328	0.0433474938538559	1	0.83749911316667	0.975301228071892	0.98658115614024	1	0.179393880275764	0.999929831853093
ENSFCAG00000008561:CARD11	0	1	0	0	1	4.37356667090703	0	0	9.45126411389298	0.235403292920136	0.87923993901144	0.488944676617635	0.0929861126845096	0.83749911316667	0.975301228071892	0.98658115614024	1	0.185988989667957	0.999929831853093
ENSFCAG00000004384:TGFBR2	0	0	0	0	1	0	0	0	18.183919716647	0.654913591118987	0.925140425411698	0.900959881494195	0.051299977170961	0.83749911316667	0.975301228071892	0.98658115614024	1	0.188313724563085	0.999929831853093
ENSFCAG00000023514:TCF3	0	0	0	0	1	0	0	0	16.7958342420938	0.59519155630737	0.90852975998123	0.86264324240897	0.055234814787496	0.83749911316667	0.975301228071892	0.98658115614024	1	0.192684260451269	0.999929831853093
ENSFCAG00000025772:MST1	0	0	0	0	1	0	0	0	15.1532664305392	0.597476460241385	0.893819534090423	0.862158833798796	0.0607491233939765	0.83749911316667	0.975301228071892	0.98658115614024	1	0.206847104254562	0.999929831853093
ENSFCAG00000011809:ACSL3	0	0	0	0	1	0	0	0	15.2583514959382	0.643809157868807	0.906642982973746	0.892460210103076	0.0603635639810814	0.83749911316667	0.975301228071892	0.98658115614024	1	0.211240122759377	0.999929831853093
ENSFCAG00000014104:MAP3K1	0	1	0	0	1	4.60841906749037	0	0	7.28561021759697	0.222340089308326	0.886035496925427	0.470067173720427	0.116482211325537	0.83749911316667	0.975301228071892	0.98658115614024	1	0.213810507839743	0.999929831853093
ENSFCAG00000012034:SETDB2	0	0	0	0	1	0	0	0	15.0496189173344	0.680522000716328	0.909658157737185	0.912829096282194	0.061134266503734	0.83749911316667	0.975301228071892	0.98658115614024	1	0.216852588410981	0.999929831853093
ENSFCAG00000026305:PIK3CD	0	2	0	0	0	10.3843859403914	0	0	0	0.0165502254956242	0.891212380900694	0.0560733389959673	1	0.83749911316667	0.975301228071892	0.98658115614024	1	0.217625945524628	0.999929831853093
ENSFCAG00000010312:BARD1	0	0	0	0	1	0	0	0	14.2135289774825	0.639191518187845	0.91613755842574	0.89097040573371	0.0644294179232228	0.83749911316667	0.975301228071892	0.98658115614024	1	0.221446054277654	0.999929831853093
ENSFCAG00000028112:STAT5B	0	0	0	0	1	0	0	0	13.9787438736613	0.624751676352561	0.888070026051515	0.878511363081011	0.065419644945755	0.83749911316667	0.975301228071892	0.98658115614024	1	0.22163803856125	0.999929831853093
ENSFCAG00000003694:TFRC	0	0	0	0	1	0	0	0	13.9256600361664	0.656075872651131	0.909508407693599	0.899765318919266	0.0656477671794594	0.83749911316667	0.975301228071892	0.98658115614024	1	0.226174091506193	0.999929831853093
ENSFCAG00000012847:BRAF	0	0	0	0	1	0	0	0	13.6661756876664	0.636261026949029	0.894799776017081	0.88641085553967	0.0667861829548915	0.83749911316667	0.975301228071892	0.98658115614024	1	0.226548550370253	0.999929831853093
ENSFCAG00000006007:LZTR1	0	0	0	0	1	0	0	0	13.0967517006803	0.584867843048841	0.89061297679753	0.853276883792437	0.0694283437617301	0.83749911316667	0.975301228071892	0.98658115614024	1	0.226666141201003	0.999929831853093
ENSFCAG00000030995:AXL	0	0	0	0	1	0	0	0	12.7624958568114	0.608249922647053	0.890923454066633	0.868691150043553	0.0710790799971845	0.83749911316667	0.975301228071892	0.98658115614024	1	0.233691049952748	0.999929831853093
ENSFCAG00000026584:LRP1B	0	3	0	0	0	5.47382829645472	0	0	0	0.0214413162025436	0.750858574303286	0.0674885309318888	1	0.83749911316667	0.975301228071892	0.98658115614024	1	0.249423951162598	0.999929831853093
ENSFCAG00000015491:PMS1	0	0	0	0	1	0	0	0	11.8804227090404	0.645870525681663	0.910375943871715	0.894126649200708	0.0758377156249286	0.83749911316667	0.975301228071892	0.98658115614024	1	0.250285826402411	0.999929831853093
ENSFCAG00000028243:MAP3K13	0	0	0	0	1	0	0	0	10.7644534526139	0.588530586958881	0.893931973046737	0.856235533429259	0.0828567412654083	0.83749911316667	0.975301228071892	0.98658115614024	1	0.258654551602442	0.999929831853093
ENSFCAG00000015377:EML4	0	0	0	0	1	0	0	0	10.9247978436658	0.621517637107663	0.874630394218297	0.874313747714401	0.081769272349434	0.83749911316667	0.975301228071892	0.98658115614024	1	0.260100027128466	0.999929831853093
ENSFCAG00000009543:TERT	0	0	0	0	1	0	0	0	8.44303256221905	0.439906675407613	0.903564005102543	0.736680621486228	0.10262113231488	0.83749911316667	0.975301228071892	0.98658115614024	1	0.270819220566408	0.999929831853093
ENSFCAG00000011110:JARID2	0	0	0	0	1	0	0	0	8.78695801004107	0.495641834412017	0.884986577443318	0.784595097245401	0.0991173858973192	0.83749911316667	0.975301228071892	0.98658115614024	1	0.276386919481049	0.999929831853093
ENSFCAG00000014494:MLLT6	0	0	0	0	1	0	0	0	9.17537233408793	0.535384595661496	0.900172305478425	0.818773902487594	0.0954378156394797	0.83749911316667	0.975301228071892	0.98658115614024	1	0.277343724230467	0.999929831853093
ENSFCAG00000011453:RPTOR	1	0	0	0	1	0	0	0	8.23448460222412	0.473723223072491	0.866248126125663	0.762754217499117	0.104869225661809	0.83749911316667	0.975301228071892	0.98658115614024	1	0.28203162965928	0.999929831853093
ENSFCAG00000043012:ANKRD11	0	3	0	0	0	5.15921906156322	0	0	0	0.025312320751303	0.874894244959365	0.0809747992703637	1	0.83749911316667	0.975301228071892	0.98658115614024	1	0.28451445500032	0.999929831853093
ENSFCAG00000037938:NSD2	0	0	0	0	1	0	0	0	8.14305805223644	0.489316936542558	0.876126291404317	0.77789720298396	0.10588619442151	0.83749911316667	0.975301228071892	0.98658115614024	1	0.288005945545533	0.999929831853093
ENSFCAG00000007089:MSH6	0	0	0	0	1	0	0	0	8.08917016806723	0.552670210484962	0.870514864654253	0.827322454895484	0.106494917121709	0.83749911316667	0.975301228071892	0.98658115614024	1	0.302133501832067	0.999929831853093
ENSFCAG00000024512:ZNF521	1	2	0	0	0	7.9763813777895	0	0	0	0.0283829414921898	0.88986687402296	0.0896420974329679	1	0.83749911316667	0.975301228071892	0.98658115614024	1	0.305852582284152	0.999929831853093
ENSFCAG00000010606:CLIP1	0	0	0	0	1	0	0	0	7.64508090936166	0.523885430348924	0.894938760997162	0.809096793193623	0.111791721398951	0.83749911316667	0.975301228071892	0.98658115614024	1	0.307798334023389	0.999929831853093
ENSFCAG00000032000:NCOA2	0	0	0	0	1	0	0	0	7.47877051568418	0.526463094356101	0.884909474628872	0.809708454752532	0.113913842991099	0.83749911316667	0.975301228071892	0.98658115614024	1	0.312074109931869	0.999929831853093
ENSFCAG00000004858:BCOR	0	0	0	0	1	0	0	0	6.10164804690595	0.416098356417067	0.894438441948223	0.712158359889284	0.135170219483048	0.83749911316667	0.975301228071892	0.98658115614024	1	0.321582104512845	0.999929831853093
ENSFCAG00000003535:DICER1	0	0	0	0	1	0	0	0	5.71494619666048	0.445449107760159	0.863432717513065	0.736466200130977	0.142649780060541	0.83749911316667	0.975301228071892	0.98658115614024	1	0.341776335836876	0.999929831853093
ENSFCAG00000006278:ARID1B	0	0	0	0	1	0	0	0	4.77900583343676	0.352819553356395	0.861860907239396	0.639685738032425	0.16472757426638	0.83749911316667	0.975301228071892	0.98658115614024	1	0.342490451331873	0.999929831853093
ENSFCAG00000006877:CHD4	0	0	0	0	1	0	0	0	5.75079531028303	0.459851734197872	0.829959739414344	0.74365241858971	0.141921633963477	0.83749911316667	0.975301228071892	0.98658115614024	1	0.342864954382482	0.999929831853093
ENSFCAG00000006381:KMT2B	0	0	0	0	1	0	0	0	5.01196876016922	0.385954902714267	0.850482004542185	0.674634082835225	0.158614360839821	0.83749911316667	0.975301228071892	0.98658115614024	1	0.346152000221363	0.999929831853093
ENSFCAG00000002498:POLE	0	0	0	0	1	0	0	0	4.81456080025008	0.373512078485962	0.8338499011921	0.658384245632032	0.163764131635062	0.83749911316667	0.975301228071892	0.98658115614024	1	0.347966021052158	0.999929831853093
ENSFCAG00000001819:LRRK2	0	1	0	0	1	3.18373533995868	0	0	4.35176876130199	0.331282594931539	0.826609315154802	0.608994722958582	0.177263966118711	0.83749911316667	0.975301228071892	0.98658115614024	1	0.348262382210819	0.999929831853093
ENSFCAG00000006262:CREBBP	0	0	0	0	1	0	0	0	4.49949751679813	0.351637656367594	0.847928681221419	0.636259767484767	0.172717727560707	0.83749911316667	0.975301228071892	0.98658115614024	1	0.352564763383114	0.999929831853093
ENSFCAG00000005621:CACNA1D	0	0	0	0	1	0	0	0	4.96223339132676	0.41064209670018	0.830755025998368	0.696766843590347	0.159880898743501	0.83749911316667	0.975301228071892	0.98658115614024	1	0.355880915527228	0.999929831853093
ENSFCAG00000045844:XPA	0	1	0	0	0	21.9453063711902	0	0	0	0.0388499172239756	0.947360407674053	0.118139352054799	1	0.83749911316667	0.975301228071892	0.98658115614024	1	0.370472060168395	0.999929831853093
ENSFCAG00000036433:POU2AF1	0	1	0	0	0	21.4459985966724	0	0	0	0.0398675755248018	0.941716768564813	0.120701984117357	1	0.83749911316667	0.975301228071892	0.98658115614024	1	0.375917966406038	0.999929831853093
ENSFCAG00000015575:CXCR4	0	1	0	0	0	19.8500639378646	0	0	0	0.0434873994716413	0.94641828747905	0.129971872274734	1	0.83749911316667	0.975301228071892	0.98658115614024	1	0.395171317894328	0.999929831853093
ENSFCAG00000010809:GABRA6	0	1	0	0	0	18.7130831561472	0	0	0	0.0464689787989612	0.937363673661778	0.137333013981814	1	0.83749911316667	0.975301228071892	0.98658115614024	1	0.409986638623569	0.999929831853093
ENSFCAG00000007347:MGA	0	1	0	0	1	2.70696374517526	0	0	3.5339773300904	0.392840810461777	0.837846744005869	0.679758406011497	0.207540036707517	0.83749911316667	0.975301228071892	0.98658115614024	1	0.417369336976285	0.999929831853093
ENSFCAG00000025587:BRCA2	0	0	0	0	1	0	0	0	3.25867044685173	0.382836525701531	0.847051774089077	0.670734422861533	0.220224426543095	0.83749911316667	0.975301228071892	0.98658115614024	1	0.430210046194142	0.999929831853093
ENSFCAG00000041686:MSI2	0	1	0	0	0	16.7399627079408	0	0	0	0.0526727133014305	0.949129508007934	0.152716321892726	1	0.83749911316667	0.975301228071892	0.98658115614024	1	0.439696738729248	0.999929831853093
ENSFCAG00000023667:HERPUD1	0	1	0	0	0	16.7212221380072	0	0	0	0.0527391210388193	0.938003699988608	0.15272589813434	1	0.83749911316667	0.975301228071892	0.98658115614024	1	0.439714733845453	0.999929831853093
ENSFCAG00000008358:CCND1	0	1	0	0	0	16.3424752967607	0	0	0	0.054115970230977	0.954614900363226	0.156268430734969	1	0.83749911316667	0.975301228071892	0.98658115614024	1	0.446330772843941	0.999929831853093
ENSFCAG00000000864:AFDN	0	2	0	0	0	5.50190849066315	0	0	0	0.0597259218373775	0.855132397923293	0.167096999468022	1	0.83749911316667	0.975301228071892	0.98658115614024	1	0.466063742661665	0.999929831853093
ENSFCAG00000011595:MEF2C	0	1	0	0	0	14.4223342122722	0	0	0	0.0622859197475689	0.931648585931302	0.175274047224273	1	0.83749911316667	0.975301228071892	0.98658115614024	1	0.480497069820421	0.999929831853093
ENSFCAG00000001254:CYP17A1	0	1	0	0	0	14.2851457093261	0	0	0	0.0629592167841075	0.933660570426229	0.176877266805173	1	0.83749911316667	0.975301228071892	0.98658115614024	1	0.483281613671458	0.999929831853093
ENSFCAG00000027081:SMAD3	0	1	0	0	0	13.369486424131	0	0	0	0.0678298908820252	0.924520457145782	0.187894117019914	1	0.83749911316667	0.975301228071892	0.98658115614024	1	0.502029909979404	0.999929831853093
ENSFCAG00000031493:FOXO4	0	1	0	0	0	13.2217247229728	0	0	0	0.068683081796533	0.929056250090745	0.189934767595942	1	0.83749911316667	0.975301228071892	0.98658115614024	1	0.505430584607647	0.999929831853093
ENSFCAG00000044117:FANCG	0	1	0	0	0	12.9655002332952	0	0	0	0.0702114895768097	0.905706917743709	0.1928088073745	1	0.83749911316667	0.975301228071892	0.98658115614024	1	0.510182943338844	0.999929831853093
ENSFCAG00000009216:ATIC	0	1	0	0	0	12.8768630602871	0	0	0	0.0707552458895578	0.922672363080554	0.194480952845618	1	0.83749911316667	0.975301228071892	0.98658115614024	1	0.512928158768322	0.999929831853093
ENSFCAG00000013705:NT5C2	0	1	0	0	0	12.8416496094721	0	0	0	0.070973476875711	0.907387093702408	0.194571937899573	1	0.83749911316667	0.975301228071892	0.98658115614024	1	0.51307711833117	0.999929831853093
ENSFCAG00000010347:MAX	0	1	0	0	0	12.4506087161087	0	0	0	0.0734849659125855	0.929009764447819	0.2007537622854	1	0.83749911316667	0.975301228071892	0.98658115614024	1	0.523099297472993	0.999929831853093
ENSFCAG00000013722:STK11	0	1	0	0	0	11.883502005991	0	0	0	0.0774391873018294	0.931175379760043	0.209578987162044	1	0.83749911316667	0.975301228071892	0.98658115614024	1	0.537078552087602	0.999929831853093
ENSFCAG00000010770:CSF1	0	1	0	0	0	11.572063755364	0	0	0	0.0797856462363621	0.916262012351573	0.214346046983715	1	0.83749911316667	0.975301228071892	0.98658115614024	1	0.544474010915787	0.999929831853093
ENSFCAG00000001964:PDPK1	0	1	0	0	0	11.4372742345406	0	0	0	0.0808431604444759	0.902854985924081	0.216235027641985	1	0.83749911316667	0.975301228071892	0.98658115614024	1	0.547375050806448	0.999929831853093
ENSFCAG00000023466:POT1	0	1	0	0	0	11.1151926460918	0	0	0	0.083480130961199	0.912547100996842	0.22225250708462	1	0.83749911316667	0.975301228071892	0.98658115614024	1	0.556507192441512	0.999929831853093
ENSFCAG00000025491:ELP2	0	1	0	0	0	10.6721245803128	0	0	0	0.0873832137729462	0.885715500119994	0.229626088114807	1	0.83749911316667	0.975301228071892	0.98658115614024	1	0.567475639701137	0.999929831853093
ENSFCAG00000002574:TFE3	0	1	0	0	0	10.5049767823432	0	0	0	0.0889461549370506	0.918995068690968	0.234137331228067	1	0.83749911316667	0.975301228071892	0.98658115614024	1	0.574069018564517	0.999929831853093
ENSFCAG00000045414:TAL1	0	1	0	0	0	10.4408448498645	0	0	0	0.0895598672509562	0.944428232962081	0.236084667259516	1	0.83749911316667	0.975301228071892	0.98658115614024	1	0.576888177711452	0.999929831853093
ENSFCAG00000003915:PPP2R1A	0	1	0	0	0	10.245021211435	0	0	0	0.0914840509244976	0.91794894347868	0.239466302019283	1	0.83749911316667	0.975301228071892	0.98658115614024	1	0.581745682392836	0.999929831853093
ENSFCAG00000004957:AKT1	0	1	0	0	0	9.99604041534384	0	0	0	0.0940456027576816	0.920124742289283	0.244902741171995	1	0.83749911316667	0.975301228071892	0.98658115614024	1	0.589454968203489	0.999929831853093
ENSFCAG00000030412:RUNX1T1	1	1	0	0	0	9.3394931588576	0	0	0	0.101492800778072	0.902041599525028	0.259617817571697	1	0.83749911316667	0.975301228071892	0.98658115614024	1	0.609724039564533	0.999929831853093
ENSFCAG00000000389:TRAF2	0	1	0	0	0	9.34158903911606	0	0	0	0.101467311876952	0.924316092373056	0.260362631853937	1	0.83749911316667	0.975301228071892	0.98658115614024	1	0.610727387514964	0.999929831853093
ENSFCAG00000014440:COP1	0	1	0	0	0	9.17736157269734	0	0	0	0.103505035045387	0.896342786814959	0.263464128105194	1	0.83749911316667	0.975301228071892	0.98658115614024	1	0.614882608692192	0.999929831853093
ENSFCAG00000027650:EPS15	0	1	0	0	0	9.1990667711657	0	0	0	0.103231325627207	0.912020166914834	0.263537808540008	1	0.83749911316667	0.975301228071892	0.98658115614024	1	0.614980876158384	0.999929831853093
ENSFCAG00000022556:HLF	0	1	0	0	0	9.20806374261671	0	0	0	0.103118269051651	0.93610210361291	0.264071108765827	1	0.83749911316667	0.975301228071892	0.98658115614024	1	0.615691523938378	0.999929831853093
ENSFCAG00000018470:BRIP1	0	1	0	0	0	8.58289695701877	0	0	0	0.111568742808184	0.89505462383062	0.279532573819346	1	0.83749911316667	0.975301228071892	0.98658115614024	1	0.635834981370597	0.999929831853093
ENSFCAG00000024132:TNFRSF11A	0	1	0	0	0	8.60052656788393	0	0	0	0.111312729396656	0.927828554723826	0.280313253914625	1	0.83749911316667	0.975301228071892	0.98658115614024	1	0.636828975545452	0.999929831853093
ENSFCAG00000003320:CDH11	1	1	0	0	0	8.5882906148622	0	0	0	0.111490254986722	0.920867595732278	0.28043234179482	1	0.83749911316667	0.975301228071892	0.98658115614024	1	0.636980411879605	0.999929831853093
ENSFCAG00000002154:STAT3	0	1	0	0	0	8.52275063505297	0	0	0	0.112450547043478	0.888888483810423	0.280975695770801	1	0.83749911316667	0.975301228071892	0.98658115614024	1	0.637670718456746	0.999929831853093
ENSFCAG00000007090:FBXO11	0	1	0	0	0	8.14355464873978	0	0	0	0.118325212287785	0.885882085280564	0.292297857798923	1	0.83749911316667	0.975301228071892	0.98658115614024	1	0.651818942725843	0.999929831853093
ENSFCAG00000007325:AR	1	1	0	0	0	7.59298316950532	0	0	0	0.127952726108608	0.91249773730797	0.312039066627338	1	0.83749911316667	0.975301228071892	0.98658115614024	1	0.675448152936021	0.999929831853093
ENSFCAG00000014215:ECT2L	0	1	0	0	0	7.48098390442537	0	0	0	0.130093015275917	0.884078671375882	0.314637410619138	1	0.83749911316667	0.975301228071892	0.98658115614024	1	0.678463465926684	0.999929831853093
ENSFCAG00000004737:CBL	0	1	0	0	0	7.12484529381111	0	0	0	0.137366426067403	0.889836147499395	0.328503469539228	1	0.83749911316667	0.975301228071892	0.98658115614024	1	0.694196120224108	0.999929831853093
ENSFCAG00000012620:TYRO3	0	1	0	0	0	7.10648297758442	0	0	0	0.13776207697374	0.903716807317114	0.329983595520335	1	0.83749911316667	0.975301228071892	0.98658115614024	1	0.695840478650908	0.999929831853093
ENSFCAG00000006810:BCL6	1	1	0	0	0	7.12523212946841	0	0	0	0.137358060023572	0.93716075420818	0.330626855344705	1	0.83749911316667	0.975301228071892	0.98658115614024	1	0.696553042185228	0.999929831853093
ENSFCAG00000010530:DDR1	0	1	0	0	0	6.89734356362363	0	0	0	0.142423433749918	0.904864378487848	0.338599616961863	1	0.83749911316667	0.975301228071892	0.98658115614024	1	0.705281650217327	0.999929831853093
ENSFCAG00000024012:GRM3	0	1	0	0	0	6.51691589751654	0	0	0	0.15170248940442	0.91175994532333	0.355699487290775	1	0.83749911316667	0.975301228071892	0.98658115614024	1	0.723375035358579	0.999929831853093
ENSFCAG00000041663:PGR	1	1	0	0	0	6.46994327949911	0	0	0	0.152926877536071	0.917629448347719	0.358166552438229	1	0.83749911316667	0.975301228071892	0.98658115614024	1	0.725916628384976	0.999929831853093
ENSFCAG00000045801:ZBTB7A	0	1	0	0	0	6.49915076634903	0	0	0	0.152163416706797	0.956090223809765	0.358175943651272	1	0.83749911316667	0.975301228071892	0.98658115614024	1	0.725926270757188	0.999929831853093
ENSFCAG00000038306:TRIM33	0	1	0	0	0	6.2752816642399	0	0	0	0.158204154254746	0.90054987979102	0.366605689819651	1	0.83749911316667	0.975301228071892	0.98658115614024	1	0.734482923313664	0.999929831853093
ENSFCAG00000031292:ATXN7	0	1	0	0	0	6.2244418208399	0	0	0	0.15963880358139	0.912757009266126	0.369786840066376	1	0.83749911316667	0.975301228071892	0.98658115614024	1	0.737661344975281	0.999929831853093
ENSFCAG00000001953:JAK1	0	1	0	0	0	6.04031568449677	0	0	0	0.16504414177997	0.877942827079399	0.377004729614665	1	0.83749911316667	0.975301228071892	0.98658115614024	1	0.744771918265533	0.999929831853093
ENSFCAG00000013266:SMAD2	0	1	0	0	0	6.00575996805393	0	0	0	0.166096825104372	0.905179963966711	0.380597915880903	1	0.83749911316667	0.975301228071892	0.98658115614024	1	0.748259993682172	0.999929831853093
ENSFCAG00000013378:ATP1A1	0	1	0	0	0	5.92356261276128	0	0	0	0.168651875992025	0.891621406157192	0.384146105852769	1	0.83749911316667	0.975301228071892	0.98658115614024	1	0.751671098914595	0.999929831853093
ENSFCAG00000027384:ARID3A	0	1	0	0	0	5.80758160476938	0	0	0	0.172384236684827	0.926051590685319	0.392447140617602	1	0.83749911316667	0.975301228071892	0.98658115614024	1	0.759523917496035	0.999929831853093
ENSFCAG00000004802:MRTFA	1	1	0	0	0	5.67942143403953	0	0	0	0.176691548642313	0.915988230962728	0.399243037025038	1	0.83749911316667	0.975301228071892	0.98658115614024	1	0.765821977897916	0.999929831853093
ENSFCAG00000029806:AFF1	0	1	0	0	0	5.62288873921424	0	0	0	0.178656005771099	0.910634689912499	0.402247493520049	1	0.83749911316667	0.975301228071892	0.98658115614024	1	0.768569347990641	0.999929831853093
ENSFCAG00000003098:PML	0	1	0	0	0	5.60322597623567	0	0	0	0.179348817837402	0.919660779814747	0.40389670362817	1	0.83749911316667	0.975301228071892	0.98658115614024	1	0.770067887130665	0.999929831853093
ENSFCAG00000000093:KMT2D	0	0	0	0	0	0	0	0	0	0.203499712667767	0.792987504951817	0.430439132075124	1	0.83749911316667	0.975301228071892	0.98658115614024	1	0.793277520402204	0.999929831853093
ENSFCAG00000013185:SETD1B	1	1	0	0	0	4.90639715364098	0	0	0	0.207592365522486	0.928170633312576	0.450167685265036	1	0.83749911316667	0.975301228071892	0.98658115614024	1	0.809462330033941	0.999929831853093
ENSFCAG00000022680:ZNRF3	0	1	0	0	0	4.86239831318779	0	0	0	0.209654209950219	0.925533113039415	0.453265441465076	1	0.83749911316667	0.975301228071892	0.98658115614024	1	0.811924124096379	0.999929831853093
ENSFCAG00000005115:ABL1	0	1	0	0	0	4.79405074493777	0	0	0	0.212933507707428	0.90345146085601	0.457011498246293	1	0.83749911316667	0.975301228071892	0.98658115614024	1	0.814872856664971	0.999929831853093
ENSFCAG00000005323:INPPL1	1	1	0	0	0	4.75238830549354	0	0	0	0.214979541064705	0.881345238568375	0.458436296848733	1	0.83749911316667	0.975301228071892	0.98658115614024	1	0.815986321846819	0.999929831853093
ENSFCAG00000012831:ARID2	0	1	0	0	0	4.5069202818862	0	0	0	0.227816460222303	0.877177875032861	0.47750906671274	1	0.83749911316667	0.975301228071892	0.98658115614024	1	0.830470461299254	0.999929831853093
ENSFCAG00000000760:IRS4	0	1	0	0	0	4.49309003972673	0	0	0	0.228582101537056	0.913931208104136	0.481583241569814	1	0.83749911316667	0.975301228071892	0.98658115614024	1	0.833464646315773	0.999929831853093
ENSFCAG00000008632:KMT2C	0	2	0	0	0	2.62260306648289	0	0	0	0.240018122264105	0.781447140750897	0.48250135857437	1	0.83749911316667	0.975301228071892	0.98658115614024	1	0.834134617925246	0.999929831853093
ENSFCAG00000025616:FAT1	1	0	0	0	0	0	0	0	0	0.248363078215308	0.834261954125041	0.502519300203962	1	0.83749911316667	0.975301228071892	0.98658115614024	1	0.848313499872827	0.999929831853093
ENSFCAG00000015061:TRRAP	0	0	0	0	0	0	0	0	0	0.260287275408095	0.792176291106758	0.512575817748234	1	0.83749911316667	0.975301228071892	0.98658115614024	1	0.855133641196696	0.999929831853093
ENSFCAG00000018164:IGF1R	0	1	0	0	0	4.07827185764825	0	0	0	0.253987735739486	0.885342490796645	0.516323642907635	1	0.83749911316667	0.975301228071892	0.98658115614024	1	0.857624669339419	0.999929831853093
ENSFCAG00000012673:TET1	0	1	0	0	0	4.01325419610054	0	0	0	0.258449444771932	0.865950899058977	0.52059709053481	1	0.83749911316667	0.975301228071892	0.98658115614024	1	0.860431873681839	0.999929831853093
ENSFCAG00000023839:ZFHX3	0	0	0	0	0	0	0	0	0	0.292849070890758	0.858762079498394	0.56605520153431	1	0.83749911316667	0.975301228071892	0.98658115614024	1	0.888176655520647	0.999929831853093
ENSFCAG00000024678:TET3	0	1	0	0	0	3.51333946979579	0	0	0	0.298266184901003	0.893228826056775	0.57696230877585	1	0.83749911316667	0.975301228071892	0.98658115614024	1	0.89427908007183	0.999929831853093
ENSFCAG00000005120:NUP214	0	1	0	0	0	3.50702881819863	0	0	0	0.298840893607016	0.898232358094209	0.578183759731058	1	0.83749911316667	0.975301228071892	0.98658115614024	1	0.894949559619906	0.999929831853093
ENSFCAG00000031193:NCOR2	1	0	0	0	0	0	0	0	0	0.305152651560442	0.851182028204444	0.580793193681653	1	0.83749911316667	0.975301228071892	0.98658115614024	1	0.896373293780984	0.999929831853093
ENSFCAG00000010626:SMG1	0	0	0	0	0	0	0	0	0	0.328424796984933	0.787100317872286	0.598095557289384	1	0.83749911316667	0.975301228071892	0.98658115614024	1	0.905519510502777	0.999929831853093
ENSFCAG00000000914:NOTCH3	0	0	0	0	0	0	0	0	0	0.330000705159383	0.862302371298841	0.612943505008584	1	0.83749911316667	0.975301228071892	0.98658115614024	1	0.912968629580512	0.999929831853093
ENSFCAG00000004894:SMARCA4	0	1	0	0	0	3.1725078890808	0	0	0	0.332525689821894	0.864123020173086	0.616208523352271	1	0.83749911316667	0.975301228071892	0.98658115614024	1	0.914558118324649	0.999929831853093
ENSFCAG00000000945:RNF213	1	2	0	0	0	2.11297307502391	0	0	0	0.346986033924814	0.785503758793694	0.619220673096122	1	0.83749911316667	0.975301228071892	0.98658115614024	1	0.916009160419889	0.999929831853093
ENSFCAG00000034298:CUX1	1	1	0	0	0	3.02432346132279	0	0	0	0.349774550394888	0.872281807525431	0.637585253968383	1	0.83749911316667	0.975301228071892	0.98658115614024	1	0.924541514464502	0.999929831853093
ENSFCAG00000007234:PTPRS	1	0	0	0	0	0	0	0	0	0.355164134552665	0.854255327137585	0.641257021649	1	0.83749911316667	0.975301228071892	0.98658115614024	1	0.926183504583464	0.999929831853093
ENSFCAG00000012430:ATM	0	0	0	0	0	0	0	0	0	0.369236337463126	0.807759232541138	0.648750265501538	1	0.83749911316667	0.975301228071892	0.98658115614024	1	0.929469329005241	0.999929831853093
ENSFCAG00000043897:RANBP2	0	1	0	0	0	2.88084654941235	0	0	0	0.368113384149398	0.828333396146621	0.651462664130431	1	0.83749911316667	0.975301228071892	0.98658115614024	1	0.930637341730665	0.999929831853093
ENSFCAG00000006065:NF1	1	0	0	0	0	0	0	0	0	0.379044548438624	0.822671681131752	0.662322244245697	1	0.83749911316667	0.975301228071892	0.98658115614024	1	0.935201040678233	0.999929831853093
ENSFCAG00000024379:MGAM	0	0	0	0	0	0	0	0	0	0.38264002460326	0.811122629782449	0.663884676535256	1	0.83749911316667	0.975301228071892	0.98658115614024	1	0.935842926116508	0.999929831853093
ENSFCAG00000011214:UBR5	0	0	0	0	0	0	0	0	0	0.387218340741047	0.798586714318738	0.66605957799672	1	0.83749911316667	0.975301228071892	0.98658115614024	1	0.936730308964152	0.999929831853093
ENSFCAG00000007047:MYO18A	0	0	0	0	0	0	0	0	0	0.381379215169105	0.855254386790786	0.670482169326619	1	0.83749911316667	0.975301228071892	0.98658115614024	1	0.938512894162336	0.999929831853093
ENSFCAG00000009998:NCOR1	0	0	0	0	0	0	0	0	0	0.38568594326535	0.830293171214266	0.670849948991676	1	0.83749911316667	0.975301228071892	0.98658115614024	1	0.938659816237423	0.999929831853093
ENSFCAG00000001124:MYH9	0	0	0	0	0	0	0	0	0	0.383702272823802	0.845708824220116	0.671439964974884	1	0.83749911316667	0.975301228071892	0.98658115614024	1	0.93889509700915	0.999929831853093
ENSFCAG00000014803:MED12	0	1	0	0	0	2.72440406184781	0	0	0	0.390224427945776	0.8333926195971	0.676205655754888	1	0.83749911316667	0.975301228071892	0.98658115614024	1	0.940776544927725	0.999929831853093
ENSFCAG00000005317:NUMA1	0	0	0	0	0	0	0	0	0	0.390671322747413	0.849615662750585	0.679501717872184	1	0.83749911316667	0.975301228071892	0.98658115614024	1	0.942058135623425	0.999929831853093
ENSFCAG00000015145:CAD	0	0	0	0	0	0	0	0	0	0.397143141631952	0.839454303187266	0.684549281689791	1	0.83749911316667	0.975301228071892	0.98658115614024	1	0.943989790416877	0.999929831853093
ENSFCAG00000051264:WDR90	1	0	0	0	0	0	0	0	0	0.39803624539022	0.851172647783553	0.687481187916452	1	0.83749911316667	0.975301228071892	0.98658115614024	1	0.945094697469114	0.999929831853093
ENSFCAG00000005002:EP300	0	0	0	0	0	0	0	0	0	0.402040881290925	0.847312326858958	0.690984110736864	1	0.83749911316667	0.975301228071892	0.98658115614024	1	0.946398406453285	0.999929831853093
ENSFCAG00000013232:MYH11	0	0	0	0	0	0	0	0	0	0.400928106859147	0.857861719643578	0.69156152126823	1	0.83749911316667	0.975301228071892	0.98658115614024	1	0.94661159840209	0.999929831853093
ENSFCAG00000009649:NOTCH2	0	0	0	0	0	0	0	0	0	0.407753783644607	0.852603726921462	0.697728501178665	1	0.83749911316667	0.975301228071892	0.98658115614024	1	0.948858584544464	0.999929831853093
ENSFCAG00000008606:DOT1L	0	1	0	0	0	2.61749168662475	0	0	0	0.406784841163513	0.882869948917742	0.701209642271717	1	0.83749911316667	0.975301228071892	0.98658115614024	1	0.950102865280634	0.999929831853093
ENSFCAG00000011746:TSC2	0	0	0	0	0	0	0	0	0	0.417092125269102	0.861258077896494	0.708563760780899	1	0.83749911316667	0.975301228071892	0.98658115614024	1	0.952674767693679	0.999929831853093
ENSFCAG00000001531:NSD1	0	0	0	0	0	0	0	0	0	0.420003024870521	0.845969308078928	0.708916842504179	1	0.83749911316667	0.975301228071892	0.98658115614024	1	0.952796321767933	0.999929831853093
ENSFCAG00000030516:TPR	0	0	0	0	0	0	0	0	0	0.42358830652294	0.835422757377344	0.7105305560721	1	0.83749911316667	0.975301228071892	0.98658115614024	1	0.953349631482401	0.999929831853093
ENSFCAG00000053177:CNTRL	0	0	0	0	0	0	0	0	0	0.427116428429182	0.839889583031523	0.71481682591365	1	0.83749911316667	0.975301228071892	0.98658115614024	1	0.954801533068585	0.999929831853093
ENSFCAG00000018078:ATR	0	0	0	0	0	0	0	0	0	0.430887331169645	0.825756316997719	0.715738121652567	1	0.83749911316667	0.975301228071892	0.98658115614024	1	0.955110245272044	0.999929831853093
ENSFCAG00000041416:IRS2	0	0	0	0	0	0	0	0	0	0.420639407805699	0.940024562049096	0.721016194070043	1	0.83749911316667	0.975301228071892	0.98658115614024	1	0.956856035323521	0.999929831853093
ENSFCAG00000023397:POLQ	0	0	0	0	0	0	0	0	0	0.433555598587965	0.849281548876966	0.722750255442435	1	0.83749911316667	0.975301228071892	0.98658115614024	1	0.95742115228147	0.999929831853093
ENSFCAG00000018332:PTPN13	0	0	0	0	0	0	0	0	0	0.443291147680848	0.826858031887573	0.72775569511467	1	0.83749911316667	0.975301228071892	0.98658115614024	1	0.959029083395412	0.999929831853093
ENSFCAG00000006448:ROS1	0	0	0	0	0	0	0	0	0	0.448530777750124	0.82572381743954	0.73240889635306	1	0.83749911316667	0.975301228071892	0.98658115614024	1	0.960492979155094	0.999929831853093
ENSFCAG00000022076:NIN	0	0	0	0	0	0	0	0	0	0.445257504445268	0.841752887716272	0.732513739338474	1	0.83749911316667	0.975301228071892	0.98658115614024	1	0.960525621468045	0.999929831853093
ENSFCAG00000009906:PTPRB	1	0	0	0	0	0	0	0	0	0.446444417351648	0.840539490842115	0.733397343038543	1	0.83749911316667	0.975301228071892	0.98658115614024	1	0.960800130888186	0.999929831853093
ENSFCAG00000012280:SLX4	0	0	0	0	0	0	0	0	0	0.438690491256242	0.88718027859045	0.733510109398776	1	0.83749911316667	0.975301228071892	0.98658115614024	1	0.960835087419098	0.999929831853093
ENSFCAG00000002588:SETD1A	0	0	0	0	0	0	0	0	0	0.446625638256689	0.867597767933595	0.738234971466177	1	0.83749911316667	0.975301228071892	0.98658115614024	1	0.962284202954289	0.999929831853093
ENSFCAG00000000053:MTOR	0	1	0	0	0	2.31450947956578	0	0	0	0.461515048227408	0.819578986877158	0.742944456606115	1	0.83749911316667	0.975301228071892	0.98658115614024	1	0.963698509304236	0.999929831853093
ENSFCAG00000029985:KAT6A	0	0	0	0	0	0	0	0	0	0.456144117002083	0.857758796053804	0.745479932305013	1	0.83749911316667	0.975301228071892	0.98658115614024	1	0.964447563776489	0.999929831853093
ENSFCAG00000025265:CAMTA1	1	0	0	0	0	0	0	0	0	0.453792594752906	0.875161111253706	0.746082677986604	1	0.83749911316667	0.975301228071892	0.98658115614024	1	0.96462436289116	0.999929831853093
ENSFCAG00000014850:PIK3C2B	0	0	0	0	0	0	0	0	0	0.466420040295559	0.85002573673996	0.753448476402745	1	0.83749911316667	0.975301228071892	0.98658115614024	1	0.966745703307208	0.999929831853093
ENSFCAG00000005552:KAT6B	0	0	0	0	0	0	0	0	0	0.464002824812062	0.863698667875534	0.753638717828558	1	0.83749911316667	0.975301228071892	0.98658115614024	1	0.966799535620181	0.999929831853093
ENSFCAG00000001568:SMARCA2	0	0	0	0	0	0	0	0	0	0.467116128587025	0.853892697366347	0.754766278833306	1	0.83749911316667	0.975301228071892	0.98658115614024	1	0.967117614349549	0.999929831853093
ENSFCAG00000000959:PASK	0	0	0	0	0	0	0	0	0	0.4629175875939	0.877373358086788	0.754789158454173	1	0.83749911316667	0.975301228071892	0.98658115614024	1	0.967124051118715	0.999929831853093
ENSFCAG00000004031:ATP2B3	0	0	0	0	0	0	0	0	0	0.460360401999147	0.896458215816291	0.755047335071372	1	0.83749911316667	0.975301228071892	0.98658115614024	1	0.967196636396212	0.999929831853093
ENSFCAG00000031869:BCORL1	1	0	0	0	0	0	0	0	0	0.465310362288289	0.875923348328847	0.756742592161281	1	0.83749911316667	0.975301228071892	0.98658115614024	1	0.96767105927869	0.999929831853093
ENSFCAG00000012577:MYO5A	0	0	0	0	0	0	0	0	0	0.473924715861941	0.842423178950381	0.7586912287389	1	0.83749911316667	0.975301228071892	0.98658115614024	1	0.968211700133082	0.999929831853093
ENSFCAG00000000496:PCM1	0	0	0	0	0	0	0	0	0	0.471546367689219	0.855849036944604	0.759062289133207	1	0.83749911316667	0.975301228071892	0.98658115614024	1	0.968314081594869	0.999929831853093
ENSFCAG00000004564:COL1A1	0	0	0	0	0	0	0	0	0	0.474076093473305	0.846821423728815	0.759660365076388	1	0.83749911316667	0.975301228071892	0.98658115614024	1	0.968478718495509	0.999929831853093
ENSFCAG00000015536:ADGRA2	0	0	0	0	0	0	0	0	0	0.468136827493227	0.884968806579485	0.760599840098079	1	0.83749911316667	0.975301228071892	0.98658115614024	1	0.968736384304149	0.999929831853093
ENSFCAG00000022277:TRIP11	0	0	0	0	0	0	0	0	0	0.475167506641372	0.86240288194449	0.763392701576534	1	0.83749911316667	0.975301228071892	0.98658115614024	1	0.969495523648269	0.999929831853093
ENSFCAG00000007864:MAP3K6	0	0	0	0	0	0	0	0	0	0.474782269339979	0.868257574290273	0.764016631956002	1	0.83749911316667	0.975301228071892	0.98658115614024	1	0.969663719152584	0.999929831853093
ENSFCAG00000002384:PDCD11	0	0	0	0	0	0	0	0	0	0.477066429415849	0.857362047600274	0.764197325420082	1	0.83749911316667	0.975301228071892	0.98658115614024	1	0.969712334273293	0.999929831853093
ENSFCAG00000007256:KDM5C	0	0	0	0	0	0	0	0	0	0.478688204480452	0.867037701450836	0.767254176861265	1	0.83749911316667	0.975301228071892	0.98658115614024	1	0.970528305328342	0.999929831853093
ENSFCAG00000000639:RELN	0	1	0	0	0	2.13998886697426	0	0	0	0.499532777986778	0.78758160964835	0.767755291791354	1	0.83749911316667	0.975301228071892	0.98658115614024	1	0.970660905675115	0.999929831853093
ENSFCAG00000024457:PTPRD	0	0	0	0	0	0	0	0	0	0.481731257278248	0.854487454189159	0.767755468726853	1	0.83749911316667	0.975301228071892	0.98658115614024	1	0.970660952436356	0.999929831853093
ENSFCAG00000004770:PTPRT	0	0	0	0	0	0	0	0	0	0.479775721292258	0.868402497936296	0.768427018457263	1	0.83749911316667	0.975301228071892	0.98658115614024	1	0.97083813866898	0.999929831853093
ENSFCAG00000003795:FANCA	0	0	0	0	0	0	0	0	0	0.482978609843867	0.861217767236195	0.770016415399323	1	0.83749911316667	0.975301228071892	0.98658115614024	1	0.97125515861549	0.999929831853093
ENSFCAG00000015191:PER1	0	0	0	0	0	0	0	0	0	0.479388713364841	0.885071045343886	0.770611521072221	1	0.83749911316667	0.975301228071892	0.98658115614024	1	0.971410455678672	0.999929831853093
ENSFCAG00000003030:INSR	1	0	0	0	0	0	0	0	0	0.482238174616846	0.875428135417933	0.771680981972039	1	0.83749911316667	0.975301228071892	0.98658115614024	1	0.971688384303522	0.999929831853093
ENSFCAG00000003208:CHD2	0	0	0	0	0	0	0	0	0	0.48957973445639	0.841697282000322	0.772081465440323	1	0.83749911316667	0.975301228071892	0.98658115614024	1	0.971792079328283	0.999929831853093
ENSFCAG00000009032:PLCG1	0	0	0	0	0	0	0	0	0	0.48689510683942	0.861825462579158	0.773496797217069	1	0.83749911316667	0.975301228071892	0.98658115614024	1	0.972156879961416	0.999929831853093
ENSFCAG00000013540:ARHGEF28	1	0	0	0	0	0	0	0	0	0.487569316388611	0.862990462238603	0.774273825173	1	0.83749911316667	0.975301228071892	0.98658115614024	1	0.9723560568079	0.999929831853093
ENSFCAG00000001882:FLT4	0	0	0	0	0	0	0	0	0	0.487312524755759	0.868797315557863	0.775019065240027	1	0.83749911316667	0.975301228071892	0.98658115614024	1	0.972546352809729	0.999929831853093
ENSFCAG00000014002:COL2A1	0	0	0	0	0	0	0	0	0	0.491756826367779	0.849024538608062	0.775338794600611	1	0.83749911316667	0.975301228071892	0.98658115614024	1	0.97262777553825	0.999929831853093
ENSFCAG00000001147:BCL9L	0	0	0	0	0	0	0	0	0	0.483488115160642	0.896877552773813	0.775777335284785	1	0.83749911316667	0.975301228071892	0.98658115614024	1	0.972739240493236	0.999929831853093
ENSFCAG00000003009:IRS1	0	0	0	0	0	0	0	0	0	0.480060861756294	0.929086658847664	0.776218211289462	1	0.83749911316667	0.975301228071892	0.98658115614024	1	0.972851049135325	0.999929831853093
ENSFCAG00000011205:PTCH1	0	0	0	0	0	0	0	0	0	0.488588764796812	0.88506789821421	0.778597474964576	1	0.83749911316667	0.975301228071892	0.98658115614024	1	0.973450125273167	0.999929831853093
ENSFCAG00000001908:ASXL1	0	0	0	0	0	0	0	0	0	0.488598356743068	0.885674173606085	0.778691882165709	1	0.83749911316667	0.975301228071892	0.98658115614024	1	0.973473745998587	0.999929831853093
ENSFCAG00000002050:BCR	0	0	0	0	0	0	0	0	0	0.487472009678793	0.894707513134288	0.778951075116551	1	0.83749911316667	0.975301228071892	0.98658115614024	1	0.973538537349886	0.999929831853093
ENSFCAG00000002747:CLTCL1	0	0	0	0	0	0	0	0	0	0.490891090400687	0.875074284001197	0.779079565828541	1	0.83749911316667	0.975301228071892	0.98658115614024	1	0.973570624637377	0.999929831853093
ENSFCAG00000000325:POLD1	1	0	0	0	0	0	0	0	0	0.490075329929348	0.886861361628525	0.780126178476383	1	0.83749911316667	0.975301228071892	0.98658115614024	1	0.973831200523362	0.999929831853093
ENSFCAG00000004987:PLCG2	1	0	0	0	0	0	0	0	0	0.49456581079214	0.865499059658555	0.780648465049509	1	0.83749911316667	0.975301228071892	0.98658115614024	1	0.973960709279439	0.999929831853093
ENSFCAG00000003741:NUP98	0	0	0	0	0	0	0	0	0	0.495544637251895	0.863221477245413	0.781087063266258	1	0.83749911316667	0.975301228071892	0.98658115614024	1	0.974069196317071	0.999929831853093
ENSFCAG00000009679:KDR	1	0	0	0	0	0	0	0	0	0.495560513822038	0.872231505233601	0.782591105752231	1	0.83749911316667	0.975301228071892	0.98658115614024	1	0.974439350931236	0.999929831853093
ENSFCAG00000000916:BRD4	0	0	0	0	0	0	0	0	0	0.493644069972518	0.887200865217214	0.783217379581073	1	0.83749911316667	0.975301228071892	0.98658115614024	1	0.974592628264725	0.999929831853093
ENSFCAG00000014299:GRIN2A	0	0	0	0	0	0	0	0	0	0.492482031917186	0.895945132844378	0.783409246222724	1	0.83749911316667	0.975301228071892	0.98658115614024	1	0.97463948641971	0.999929831853093
ENSFCAG00000007696:MDC1	0	0	0	0	0	0	0	0	0	0.496431008302849	0.876935374356776	0.78406255698556	1	0.83749911316667	0.975301228071892	0.98658115614024	1	0.974798687279954	0.999929831853093
ENSFCAG00000012455:KDM2B	0	0	0	0	0	0	0	0	0	0.498853183634942	0.874603450475248	0.785733427998569	1	0.83749911316667	0.975301228071892	0.98658115614024	1	0.975203375087026	0.999929831853093
ENSFCAG00000025470:KNL1	0	0	0	0	0	0	0	0	0	0.49766365191839	0.883177325473738	0.786037034552316	1	0.83749911316667	0.975301228071892	0.98658115614024	1	0.975276527422273	0.999929831853093
ENSFCAG00000008083:RICTOR	0	0	0	0	0	0	0	0	0	0.512560691579378	0.835230637612669	0.789744878129379	1	0.83749911316667	0.975301228071892	0.98658115614024	1	0.976160464360124	0.999929831853093
ENSFCAG00000014340:KDM5A	0	0	0	0	0	0	0	0	0	0.506657945730712	0.860888814094024	0.789912148164724	1	0.83749911316667	0.975301228071892	0.98658115614024	1	0.976199929957073	0.999929831853093
ENSFCAG00000026560:ARHGEF12	0	0	0	0	0	0	0	0	0	0.509687949276376	0.854130217951462	0.791163091483473	1	0.83749911316667	0.975301228071892	0.98658115614024	1	0.976493954349088	0.999929831853093
ENSFCAG00000014232:HDAC4	0	0	0	0	0	0	0	0	0	0.502241253712727	0.901921488863354	0.792398795970994	1	0.83749911316667	0.975301228071892	0.98658115614024	1	0.976782455033417	0.999929831853093
ENSFCAG00000013146:BRCA1	0	0	0	0	0	0	0	0	0	0.506464751316931	0.878841116186671	0.792709448176474	1	0.83749911316667	0.975301228071892	0.98658115614024	1	0.976854679959226	0.999929831853093
ENSFCAG00000004831:ARHGAP35	0	0	0	0	0	0	0	0	0	0.506390626642083	0.894963664271874	0.794952616814189	1	0.83749911316667	0.975301228071892	0.98658115614024	1	0.97737259390193	0.999929831853093
ENSFCAG00000008986:PREX2	0	0	0	0	0	0	0	0	0	0.512876175078103	0.865060917259364	0.795699628520554	1	0.83749911316667	0.975301228071892	0.98658115614024	1	0.977543661874527	0.999929831853093
ENSFCAG00000044847:BCL11B	0	0	0	0	0	0	0	0	0	0.501666533098302	0.941980050730894	0.79584359674593	1	0.83749911316667	0.975301228071892	0.98658115614024	1	0.977576550415679	0.999929831853093
ENSFCAG00000007346:SETBP1	0	0	0	0	0	0	0	0	0	0.50558760621067	0.915063728436707	0.796697272048119	1	0.83749911316667	0.975301228071892	0.98658115614024	1	0.977771031698472	0.999929831853093
ENSFCAG00000009436:TYK2	0	0	0	0	0	0	0	0	0	0.509406205109994	0.891119361144135	0.796912305694923	1	0.83749911316667	0.975301228071892	0.98658115614024	1	0.977819875637805	0.999929831853093
ENSFCAG00000027260:CLTC	0	0	0	0	0	0	0	0	0	0.515217344496686	0.862130320149065	0.79707637852769	1	0.83749911316667	0.975301228071892	0.98658115614024	1	0.97785710502708	0.999929831853093
ENSFCAG00000028848:CIITA	0	0	0	0	0	0	0	0	0	0.512791476685674	0.905881594842045	0.80157901354538	1	0.83749911316667	0.975301228071892	0.98658115614024	1	0.978865630463328	0.999929831853093
ENSFCAG00000007401:PC	0	0	0	0	0	0	0	0	0	0.515912206313123	0.888512167888867	0.801834500261974	1	0.83749911316667	0.975301228071892	0.98658115614024	1	0.978922096191127	0.999929831853093
ENSFCAG00000009903:ERBB2	0	0	0	0	0	0	0	0	0	0.524629841312651	0.869499787368506	0.805828098492617	1	0.83749911316667	0.975301228071892	0.98658115614024	1	0.979794165804392	0.999929831853093
ENSFCAG00000011119:LATS2	0	0	0	0	0	0	0	0	0	0.518197901507367	0.907707141184051	0.806172126468508	1	0.83749911316667	0.975301228071892	0.98658115614024	1	0.979868362801144	0.999929831853093
ENSFCAG00000011374:PRKDC	0	1	0	0	0	1.93743347048895	0	0	0	0.551402815146349	0.78304636213425	0.80627468630632	1	0.83749911316667	0.975301228071892	0.98658115614024	1	0.979890453615506	0.999929831853093
ENSFCAG00000005610:SETD5	0	0	0	0	0	0	0	0	0	0.525766924055358	0.867551315908765	0.806390930071651	1	0.83749911316667	0.975301228071892	0.98658115614024	1	0.979915476098381	0.999929831853093
ENSFCAG00000004091:TRIM24	0	0	0	0	0	0	0	0	0	0.521266037758631	0.891798229146316	0.80658655973709	1	0.83749911316667	0.975301228071892	0.98658115614024	1	0.979957549258785	0.999929831853093
ENSFCAG00000014806:ZMYM3	0	0	0	0	0	0	0	0	0	0.525035072214272	0.876797665013216	0.807339763396672	1	0.83749911316667	0.975301228071892	0.98658115614024	1	0.980119094343534	0.999929831853093
ENSFCAG00000000349:BCL9	0	0	0	0	0	0	0	0	0	0.520583744329555	0.9035722847479	0.807586094836409	1	0.83749911316667	0.975301228071892	0.98658115614024	1	0.980171774326329	0.999929831853093
ENSFCAG00000002822:SALL4	0	0	0	0	0	0	0	0	0	0.518202676453339	0.937110762387604	0.809088759400708	1	0.83749911316667	0.975301228071892	0.98658115614024	1	0.980491505046951	0.999929831853093
ENSFCAG00000000360:DROSHA	0	0	0	0	0	0	0	0	0	0.536260796160054	0.849236980256602	0.811134478894645	1	0.83749911316667	0.975301228071892	0.98658115614024	1	0.98092229982842	0.999929831853093
ENSFCAG00000029845:ZNF217	0	0	0	0	0	0	0	0	0	0.523939483490694	0.927488845621725	0.812852188795596	1	0.83749911316667	0.975301228071892	0.98658115614024	1	0.98128003582072	0.999929831853093
ENSFCAG00000013299:FLT1	0	0	0	0	0	0	0	0	0	0.531857440416207	0.880042868158775	0.813177104831735	1	0.83749911316667	0.975301228071892	0.98658115614024	1	0.981347295441843	0.999929831853093
ENSFCAG00000012999:RET	0	0	0	0	0	0	0	0	0	0.531270263382099	0.889083433124082	0.814073978134268	1	0.83749911316667	0.975301228071892	0.98658115614024	1	0.981532280127549	0.999929831853093
ENSFCAG00000009757:UPF1	0	0	0	0	0	0	0	0	0	0.53070703508151	0.894745524962732	0.814428109018448	1	0.83749911316667	0.975301228071892	0.98658115614024	1	0.981605049265106	0.999929831853093
ENSFCAG00000027460:CPS1	0	0	0	0	0	0	0	0	0	0.535089823189393	0.874720967364947	0.814822365554433	1	0.83749911316667	0.975301228071892	0.98658115614024	1	0.981685882544384	0.999929831853093
ENSFCAG00000015033:NCOA3	0	0	0	0	0	0	0	0	0	0.533376680332717	0.883764593504457	0.81492248074197	1	0.83749911316667	0.975301228071892	0.98658115614024	1	0.981706378497469	0.999929831853093
ENSFCAG00000013897:SMC1A	0	0	0	0	0	0	0	0	0	0.535259530359353	0.879579182774638	0.815729155813278	1	0.83749911316667	0.975301228071892	0.98658115614024	1	0.981871075337665	0.999929831853093
ENSFCAG00000009445:KDM6A	0	0	0	0	0	0	0	0	0	0.54121594498014	0.857104577745775	0.816397700705995	1	0.83749911316667	0.975301228071892	0.98658115614024	1	0.982006965928143	0.999929831853093
ENSFCAG00000011321:INPP5D	0	0	0	0	0	0	0	0	0	0.536423553153179	0.883114080111396	0.817168215182664	1	0.83749911316667	0.975301228071892	0.98658115614024	1	0.982162904122577	0.999929831853093
ENSFCAG00000014859:ERBB3	0	0	0	0	0	0	0	0	0	0.540284906201046	0.867904593187724	0.817638537461052	1	0.83749911316667	0.975301228071892	0.98658115614024	1	0.982257731718994	0.999929831853093
ENSFCAG00000009897:CDK12	1	0	0	0	0	0	0	0	0	0.536976428255391	0.887209709378429	0.818204324550887	1	0.83749911316667	0.975301228071892	0.98658115614024	1	0.982371448710037	0.999929831853093
ENSFCAG00000029975:AFF3	0	0	0	0	0	0	0	0	0	0.535632464982513	0.895970147818238	0.818408103445824	1	0.83749911316667	0.975301228071892	0.98658115614024	1	0.982412310183079	0.999929831853093
ENSFCAG00000006087:BLM	0	0	0	0	0	0	0	0	0	0.538149715993042	0.88784791069557	0.819195394539129	1	0.83749911316667	0.975301228071892	0.98658115614024	1	0.982569700165391	0.999929831853093
ENSFCAG00000025791:NCOA1	0	0	0	0	0	0	0	0	0	0.539771393794277	0.879753192326538	0.819203296649724	1	0.83749911316667	0.975301228071892	0.98658115614024	1	0.982571276066108	0.999929831853093
ENSFCAG00000009655:SETDB1	0	0	0	0	0	0	0	0	0	0.540133733012166	0.880224979756634	0.819552442902761	1	0.83749911316667	0.975301228071892	0.98658115614024	1	0.982640829466609	0.999929831853093
ENSFCAG00000003659:DNMT3A	0	0	0	0	0	0	0	0	0	0.538650546602835	0.888180058372804	0.819626267480154	1	0.83749911316667	0.975301228071892	0.98658115614024	1	0.98265551700292	0.999929831853093
ENSFCAG00000015468:EGFR	0	0	0	0	0	0	0	0	0	0.542072045907888	0.874846045947671	0.820157846763442	1	0.83749911316667	0.975301228071892	0.98658115614024	1	0.982761079400462	0.999929831853093
ENSFCAG00000001395:RBM10	0	0	0	0	0	0	0	0	0	0.541098852266149	0.880432297127123	0.82031666126042	1	0.83749911316667	0.975301228071892	0.98658115614024	1	0.982792550342906	0.999929831853093
ENSFCAG00000006852:EPHB4	0	0	0	0	0	0	0	0	0	0.538361398564702	0.904333532474945	0.821589800088935	1	0.83749911316667	0.975301228071892	0.98658115614024	1	0.983043726931809	0.999929831853093
ENSFCAG00000013609:NSD3	1	0	0	0	0	0	0	0	0	0.546061569826289	0.874157898803116	0.823040367186881	1	0.83749911316667	0.975301228071892	0.98658115614024	1	0.983327503945903	0.999929831853093
ENSFCAG00000003634:PDGFRB	0	0	0	0	0	0	0	0	0	0.54492103699924	0.884613395040775	0.823842302618889	1	0.83749911316667	0.975301228071892	0.98658115614024	1	0.983483290336874	0.999929831853093
ENSFCAG00000011228:FANCD2	0	0	0	0	0	0	0	0	0	0.550649968420818	0.86153059442313	0.824245535026285	1	0.83749911316667	0.975301228071892	0.98658115614024	1	0.983561328493771	0.999929831853093
ENSFCAG00000000947:NFATC2	0	0	0	0	0	0	0	0	0	0.540205964985822	0.915477067538216	0.824308685769551	1	0.83749911316667	0.975301228071892	0.98658115614024	1	0.983573532280612	0.999929831853093
ENSFCAG00000007112:TSC1	0	0	0	0	0	0	0	0	0	0.546804553090389	0.890116782749927	0.826067749169619	1	0.83749911316667	0.975301228071892	0.98658115614024	1	0.983911525698082	0.999929831853093
ENSFCAG00000018200:PDS5B	0	0	0	0	0	0	0	0	0	0.551549870774061	0.869726835612048	0.826363348782049	1	0.83749911316667	0.975301228071892	0.98658115614024	1	0.983967955542799	0.999929831853093
ENSFCAG00000003633:CSF1R	1	0	0	0	0	0	0	0	0	0.550619929827203	0.882694146398049	0.827796164692707	1	0.83749911316667	0.975301228071892	0.98658115614024	1	0.984239981765314	0.999929831853093
ENSFCAG00000013999:HDAC7	0	0	0	0	0	0	0	0	0	0.549540998916758	0.890447426565421	0.828155452038424	1	0.83749911316667	0.975301228071892	0.98658115614024	1	0.984307804922538	0.999929831853093
ENSFCAG00000027902:ERBB4	0	0	0	0	0	0	0	0	0	0.553851050474119	0.871585836851416	0.828371141002298	1	0.83749911316667	0.975301228071892	0.98658115614024	1	0.984348445940202	0.999929831853093
ENSFCAG00000003836:ASXL2	0	0	0	0	0	0	0	0	0	0.550847177704284	0.889225058241604	0.828946710318771	1	0.83749911316667	0.975301228071892	0.98658115614024	1	0.984456622269246	0.999929831853093
ENSFCAG00000004047:HIP1	0	0	0	0	0	0	0	0	0	0.554863753671016	0.87404667694737	0.829526492982832	1	0.83749911316667	0.975301228071892	0.98658115614024	1	0.984565186444868	0.999929831853093
ENSFCAG00000030096:ARID4B	0	0	0	0	0	0	0	0	0	0.551927398923569	0.890445331388023	0.829922846050094	1	0.83749911316667	0.975301228071892	0.98658115614024	1	0.984639170249904	0.999929831853093
ENSFCAG00000007143:TLL2	0	0	0	0	0	0	0	0	0	0.551492492476312	0.893101708092705	0.829980799285124	1	0.83749911316667	0.975301228071892	0.98658115614024	1	0.984649972015745	0.999929831853093
ENSFCAG00000012184:NOD1	0	0	0	0	0	0	0	0	0	0.548085215237957	0.913577986909189	0.83005164032014	1	0.83749911316667	0.975301228071892	0.98658115614024	1	0.984663170411583	0.999929831853093
ENSFCAG00000014971:CBFA2T3	1	0	0	0	0	0	0	0	0	0.548602571883025	0.910677451834273	0.830103494687345	1	0.83749911316667	0.975301228071892	0.98658115614024	1	0.984672827568146	0.999929831853093
ENSFCAG00000002750:HIRA	0	0	0	0	0	0	0	0	0	0.556639219127703	0.869942258800146	0.830123903616426	1	0.83749911316667	0.975301228071892	0.98658115614024	1	0.984676627559728	0.999929831853093
ENSFCAG00000009719:PTK7	0	0	0	0	0	0	0	0	0	0.553141908189334	0.893651756331033	0.831275776340557	1	0.83749911316667	0.975301228071892	0.98658115614024	1	0.984890284783215	0.999929831853093
ENSFCAG00000004554:PIK3CG	0	0	0	0	0	0	0	0	0	0.550749919546327	0.909587261268969	0.831574391269891	1	0.83749911316667	0.975301228071892	0.98658115614024	1	0.984945413305887	0.999929831853093
ENSFCAG00000009141:PDGFRA	0	0	0	0	0	0	0	0	0	0.556304261124628	0.882703905804747	0.831973644928565	1	0.83749911316667	0.975301228071892	0.98658115614024	1	0.985018953632928	0.999929831853093
ENSFCAG00000035450:ARID5B	0	0	0	0	0	0	0	0	0	0.551025968061952	0.911862567259704	0.832047046168554	1	0.83749911316667	0.975301228071892	0.98658115614024	1	0.985032452884629	0.999929831853093
ENSFCAG00000018385:FGFR3	0	0	0	0	0	0	0	0	0	0.555479353825303	0.896482255779713	0.833385832636195	1	0.83749911316667	0.975301228071892	0.98658115614024	1	0.985277534095919	0.999929831853093
ENSFCAG00000024874:SOS1	0	0	0	0	0	0	0	0	0	0.563429071648362	0.863952628834517	0.833953085644643	1	0.83749911316667	0.975301228071892	0.98658115614024	1	0.985380727802539	0.999929831853093
ENSFCAG00000030408:ZMYM2	0	0	0	0	0	0	0	0	0	0.563938882745332	0.86238896885326	0.834030714774635	1	0.83749911316667	0.975301228071892	0.98658115614024	1	0.98539481994186	0.999929831853093
ENSFCAG00000000512:RPS6KA4	0	0	0	0	0	0	0	0	0	0.556391980401741	0.89844456429719	0.834320271275609	1	0.83749911316667	0.975301228071892	0.98658115614024	1	0.985447319859737	0.999929831853093
ENSFCAG00000005777:PARP1	1	0	0	0	0	0	0	0	0	0.556909830174504	0.896087148218289	0.834377709404877	1	0.83749911316667	0.975301228071892	0.98658115614024	1	0.985457722106596	0.999929831853093
ENSFCAG00000004555:CBLB	0	0	0	0	0	0	0	0	0	0.562669423244126	0.876487511818822	0.83558095811467	1	0.83749911316667	0.975301228071892	0.98658115614024	1	0.985674726075322	0.999929831853093
ENSFCAG00000013369:RABEP1	0	0	0	0	0	0	0	0	0	0.558727162552178	0.89767077331641	0.83591806537827	1	0.83749911316667	0.975301228071892	0.98658115614024	1	0.985735211999392	0.999929831853093
ENSFCAG00000000247:PIK3C2G	0	0	0	0	0	0	0	0	0	0.56444169247114	0.872114321128091	0.836114123730597	1	0.83749911316667	0.975301228071892	0.98658115614024	1	0.985770327504363	0.999929831853093
ENSFCAG00000024759:WRN	0	0	0	0	0	0	0	0	0	0.566643648946376	0.863535372344706	0.836161258294003	1	0.83749911316667	0.975301228071892	0.98658115614024	1	0.985778762799035	0.999929831853093
ENSFCAG00000003178:ATXN2	0	0	0	0	0	0	0	0	0	0.560837675782252	0.893710913199515	0.836898554234285	1	0.83749911316667	0.975301228071892	0.98658115614024	1	0.985910364992723	0.999929831853093
ENSFCAG00000027633:STAG2	0	0	0	0	0	0	0	0	0	0.573306756950343	0.854534328864793	0.839126251965561	1	0.83749911316667	0.975301228071892	0.98658115614024	1	0.986304049688686	0.999929831853093
ENSFCAG00000006093:FES	0	0	0	0	0	0	0	0	0	0.564787347805217	0.891779679549385	0.839461135449052	1	0.83749911316667	0.975301228071892	0.98658115614024	1	0.986362719462707	0.999929831853093
ENSFCAG00000005038:SF3B1	0	0	0	0	0	0	0	0	0	0.570006493712844	0.872567791230816	0.840130825194674	1	0.83749911316667	0.975301228071892	0.98658115614024	1	0.98647964483032	0.999929831853093
ENSFCAG00000006091:FURIN	0	0	0	0	0	0	0	0	0	0.563074771136185	0.906359390562982	0.840194612446458	1	0.83749911316667	0.975301228071892	0.98658115614024	1	0.986490753998524	0.999929831853093
ENSFCAG00000002273:KSR2	0	0	0	0	0	0	0	0	0	0.565889578612489	0.896960609272947	0.840979103624685	1	0.83749911316667	0.975301228071892	0.98658115614024	1	0.986626984835145	0.999929831853093
ENSFCAG00000012003:EMSY	0	0	0	0	0	0	0	0	0	0.567055877173512	0.893125370760236	0.841271811335892	1	0.83749911316667	0.975301228071892	0.98658115614024	1	0.986677627501336	0.999929831853093
ENSFCAG00000008747:PTPRO	0	0	0	0	0	0	0	0	0	0.571374787028089	0.876457748706493	0.841746689669673	1	0.83749911316667	0.975301228071892	0.98658115614024	1	0.986759571692581	0.999929831853093
ENSFCAG00000001242:NFKB2	0	0	0	0	0	0	0	0	0	0.56878202698619	0.893111577528252	0.84249429162317	1	0.83749911316667	0.975301228071892	0.98658115614024	1	0.986888033786421	0.999929831853093
ENSFCAG00000013913:INPP4A	0	0	0	0	0	0	0	0	0	0.571541282542416	0.881804582819931	0.8427315783502	1	0.83749911316667	0.975301228071892	0.98658115614024	1	0.986928668564567	0.999929831853093
ENSFCAG00000023047:STAG1	0	0	0	0	0	0	0	0	0	0.576045203190253	0.864557035845355	0.842921021414075	1	0.83749911316667	0.975301228071892	0.98658115614024	1	0.986961062266524	0.999929831853093
ENSFCAG00000000407:CTR9	0	0	0	0	0	0	0	0	0	0.570504861894301	0.889545729672561	0.843191196897092	1	0.83749911316667	0.975301228071892	0.98658115614024	1	0.987007187102809	0.999929831853093
ENSFCAG00000005305:ABL2	0	0	0	0	0	0	0	0	0	0.572022377420637	0.883691218052541	0.843365996754196	1	0.83749911316667	0.975301228071892	0.98658115614024	1	0.987036983118458	0.999929831853093
ENSFCAG00000012665:MECOM	1	0	0	0	0	0	0	0	0	0.567822307305243	0.905879613689413	0.843530746503955	1	0.83749911316667	0.975301228071892	0.98658115614024	1	0.987065032848689	0.999929831853093
ENSFCAG00000002830:TEK	0	0	0	0	0	0	0	0	0	0.571504731426555	0.888243710173814	0.843700157053453	1	0.83749911316667	0.975301228071892	0.98658115614024	1	0.987093842555289	0.999929831853093
ENSFCAG00000009534:MET	0	0	0	0	0	0	0	0	0	0.573120817499995	0.881238105028619	0.843746767769825	1	0.83749911316667	0.975301228071892	0.98658115614024	1	0.987101763137132	0.999929831853093
ENSFCAG00000006634:LRIG3	0	0	0	0	0	0	0	0	0	0.569245688923308	0.900257259433685	0.84381114045269	1	0.83749911316667	0.975301228071892	0.98658115614024	1	0.987112697784988	0.999929831853093
ENSFCAG00000015690:PTPRC	0	0	0	0	0	0	0	0	0	0.571954362560035	0.886999212048259	0.843827850185975	1	0.83749911316667	0.975301228071892	0.98658115614024	1	0.987115535376341	0.999929831853093
ENSFCAG00000000544:EPHB1	1	0	0	0	0	0	0	0	0	0.569246431926951	0.906255415492532	0.844588668341885	1	0.83749911316667	0.975301228071892	0.98658115614024	1	0.98724438456898	0.999929831853093
ENSFCAG00000006348:TRAF7	0	0	0	0	0	0	0	0	0	0.569992892022652	0.902573334439085	0.844645419664712	1	0.83749911316667	0.975301228071892	0.98658115614024	1	0.987253968275923	0.999929831853093
ENSFCAG00000004892:DNM2	0	0	0	0	0	0	0	0	0	0.573839255963435	0.889231510102014	0.84548232994721	1	0.83749911316667	0.975301228071892	0.98658115614024	1	0.987394856350532	0.999929831853093
ENSFCAG00000015643:AXIN1	1	0	0	0	0	0	0	0	0	0.568393469009093	0.922424932785891	0.845836094597237	1	0.83749911316667	0.975301228071892	0.98658115614024	1	0.987454161042628	0.999929831853093
ENSFCAG00000026883:PIK3R2	0	0	0	0	0	0	0	0	0	0.570213845932527	0.911048241279811	0.845859688052286	1	0.83749911316667	0.975301228071892	0.98658115614024	1	0.9874581109582	0.999929831853093
ENSFCAG00000002782:AGO2	0	0	0	0	0	0	0	0	0	0.573108206528767	0.902852913671464	0.846874487243625	1	0.83749911316667	0.975301228071892	0.98658115614024	1	0.987627381658974	0.999929831853093
ENSFCAG00000006191:ERC1	0	0	0	0	0	0	0	0	0	0.577541781062319	0.882977039864584	0.84709310884975	1	0.83749911316667	0.975301228071892	0.98658115614024	1	0.987663688961484	0.999929831853093
ENSFCAG00000040223:TBX3	0	0	0	0	0	0	0	0	0	0.56865487812652	0.935851185431155	0.847293900519349	1	0.83749911316667	0.975301228071892	0.98658115614024	1	0.987696985471783	0.999929831853093
ENSFCAG00000010557:SMC3	0	0	0	0	0	0	0	0	0	0.583539538065492	0.861152033901825	0.84741229459432	1	0.83749911316667	0.975301228071892	0.98658115614024	1	0.987716596004921	0.999929831853093
ENSFCAG00000010710:ALPK1	0	0	0	0	0	0	0	0	0	0.576307544021101	0.891271520655204	0.84750156533048	1	0.83749911316667	0.975301228071892	0.98658115614024	1	0.987731371674168	0.999929831853093
ENSFCAG00000012287:MAML2	0	0	0	0	0	0	0	0	0	0.570770131380051	0.92643274174202	0.84792764787858	1	0.83749911316667	0.975301228071892	0.98658115614024	1	0.987801765308454	0.999929831853093
ENSFCAG00000011776:LMNA	0	0	0	0	0	0	0	0	0	0.571723570970778	0.925815719885725	0.848540273591426	1	0.83749911316667	0.975301228071892	0.98658115614024	1	0.987902602769242	0.999929831853093
ENSFCAG00000004050:ERCC4	0	0	0	0	0	0	0	0	0	0.574911701949798	0.908888397980628	0.848899918281838	1	0.83749911316667	0.975301228071892	0.98658115614024	1	0.987961593792147	0.999929831853093
ENSFCAG00000022073:DTX1	0	0	0	0	0	0	0	0	0	0.573469400256191	0.921585279645645	0.849336185710363	1	0.83749911316667	0.975301228071892	0.98658115614024	1	0.988032948412333	0.999929831853093
ENSFCAG00000008289:SND1	0	0	0	0	0	0	0	0	0	0.58163979824351	0.879520134773686	0.849351741006111	1	0.83749911316667	0.975301228071892	0.98658115614024	1	0.98803548845268	0.999929831853093
ENSFCAG00000001563:SEC31A	0	0	0	0	0	0	0	0	0	0.583330435033443	0.876389977272347	0.849985085521249	1	0.83749911316667	0.975301228071892	0.98658115614024	1	0.988138666057139	0.999929831853093
ENSFCAG00000006913:NTRK1	0	0	0	0	0	0	0	0	0	0.576401687064561	0.912150063068276	0.850331342512601	1	0.83749911316667	0.975301228071892	0.98658115614024	1	0.988194874930849	0.999929831853093
ENSFCAG00000011529:VAV2	0	0	0	0	0	0	0	0	0	0.581462526836555	0.88826966055539	0.850606174862219	1	0.83749911316667	0.975301228071892	0.98658115614024	1	0.988239388868307	0.999929831853093
ENSFCAG00000001865:XPC	0	0	0	0	0	0	0	0	0	0.581345088167955	0.895309754074851	0.851556731239244	1	0.83749911316667	0.975301228071892	0.98658115614024	1	0.988392663700536	0.999929831853093
ENSFCAG00000012425:AFF4	0	0	0	0	0	0	0	0	0	0.582777194732355	0.890515248278034	0.851840521089142	1	0.83749911316667	0.975301228071892	0.98658115614024	1	0.988438218369349	0.999929831853093
ENSFCAG00000013582:PCSK7	0	0	0	0	0	0	0	0	0	0.582899639638269	0.891880335186171	0.852125259418866	1	0.83749911316667	0.975301228071892	0.98658115614024	1	0.988483830271769	0.999929831853093
ENSFCAG00000002081:GLI1	0	0	0	0	0	0	0	0	0	0.579399710439939	0.91033627967942	0.852192215153298	1	0.83749911316667	0.975301228071892	0.98658115614024	1	0.988494542014767	0.999929831853093
ENSFCAG00000018496:SMARCA1	0	0	0	0	0	0	0	0	0	0.589311715717765	0.867172108630617	0.852403802272987	1	0.83749911316667	0.975301228071892	0.98658115614024	1	0.988528357665196	0.999929831853093
ENSFCAG00000001740:NUTM1	0	0	0	0	0	0	0	0	0	0.579158902505816	0.914237712677187	0.852487716872758	1	0.83749911316667	0.975301228071892	0.98658115614024	1	0.988541754269997	0.999929831853093
ENSFCAG00000007834:KTN1	0	0	0	0	0	0	0	0	0	0.587131339657606	0.87713260604886	0.852678190736734	1	0.83749911316667	0.975301228071892	0.98658115614024	1	0.988572131950408	0.999929831853093
ENSFCAG00000013850:MAP3K14	0	0	0	0	0	0	0	0	0	0.581339367097443	0.90519162040736	0.85288608551199	1	0.83749911316667	0.975301228071892	0.98658115614024	1	0.988605239437278	0.999929831853093
ENSFCAG00000023517:NOTCH1	0	1	0	0	0	1.79032523894789	0	0	0	0.595567051406666	0.852612198019222	0.853736983847671	1	0.83749911316667	0.975301228071892	0.98658115614024	1	0.988740217965468	0.999929831853093
ENSFCAG00000008459:PMS2	0	0	0	0	0	0	0	0	0	0.582120253303467	0.909028873096241	0.853903652167466	1	0.83749911316667	0.975301228071892	0.98658115614024	1	0.988766557311616	0.999929831853093
ENSFCAG00000018250:LIFR	0	0	0	0	0	0	0	0	0	0.588215824237892	0.882073731450842	0.854216444563897	1	0.83749911316667	0.975301228071892	0.98658115614024	1	0.988815901494198	0.999929831853093
ENSFCAG00000012236:MEN1	0	0	0	0	0	0	0	0	0	0.582357607556421	0.911633666192735	0.85438225820244	1	0.83749911316667	0.975301228071892	0.98658115614024	1	0.988842012768044	0.999929831853093
ENSFCAG00000008085:MERTK	0	0	0	0	0	0	0	0	0	0.591233459693863	0.876734384848103	0.855354665996421	1	0.83749911316667	0.975301228071892	0.98658115614024	1	0.988994493818383	0.999929831853093
ENSFCAG00000012141:STIL	1	0	0	0	0	0	0	0	0	0.586821536595739	0.89618519066864	0.85540574410616	1	0.83749911316667	0.975301228071892	0.98658115614024	1	0.989002472690308	0.999929831853093
ENSFCAG00000005052:VAV1	0	0	0	0	0	0	0	0	0	0.590324301595181	0.881104109248214	0.85547096170975	1	0.83749911316667	0.975301228071892	0.98658115614024	1	0.989012655848338	0.999929831853093
ENSFCAG00000005686:MSH3	0	0	0	0	0	0	0	0	0	0.5866266032437	0.899194516947588	0.855692327137938	1	0.83749911316667	0.975301228071892	0.98658115614024	1	0.989047183046119	0.999929831853093
ENSFCAG00000018749:MLLT10	0	0	0	0	0	0	0	0	0	0.587751110799093	0.894455292017238	0.855786482384524	1	0.83749911316667	0.975301228071892	0.98658115614024	1	0.989061851433927	0.999929831853093
ENSFCAG00000027154:BCL11A	0	0	0	0	0	0	0	0	0	0.580265499681166	0.942714330665802	0.856000521048986	1	0.83749911316667	0.975301228071892	0.98658115614024	1	0.989095157846471	0.999929831853093
ENSFCAG00000004825:RASA1	0	0	0	0	0	0	0	0	0	0.592299236771212	0.87716000036663	0.856133983408811	1	0.83749911316667	0.975301228071892	0.98658115614024	1	0.989115898743506	0.999929831853093
ENSFCAG00000019223:ARID4A	0	0	0	0	0	0	0	0	0	0.593868317869411	0.875207195912779	0.856841607231765	1	0.83749911316667	0.975301228071892	0.98658115614024	1	0.989225520457331	0.999929831853093
ENSFCAG00000010165:SPEN	0	1	0	0	0	1.75504667260665	0	0	0	0.607117121957269	0.832979488257183	0.856893704570987	1	0.83749911316667	0.975301228071892	0.98658115614024	1	0.989233568027078	0.999929831853093
ENSFCAG00000010549:SNCAIP	0	0	0	0	0	0	0	0	0	0.588096063127874	0.906409030340287	0.857637237717457	1	0.83749911316667	0.975301228071892	0.98658115614024	1	0.989348077835823	0.999929831853093
ENSFCAG00000023857:LATS1	0	0	0	0	0	0	0	0	0	0.590324419060566	0.895650666649851	0.857684484429351	1	0.83749911316667	0.975301228071892	0.98658115614024	1	0.989355332404231	0.999929831853093
ENSFCAG00000014965:NTRK3	0	0	0	0	0	0	0	0	0	0.589268529565419	0.902706212402915	0.857945442030865	1	0.83749911316667	0.975301228071892	0.98658115614024	1	0.989395354654042	0.999929831853093
ENSFCAG00000005619:EXT2	0	0	0	0	0	0	0	0	0	0.591794036231959	0.897531672955609	0.858930987686683	1	0.83749911316667	0.975301228071892	0.98658115614024	1	0.989545788958782	0.999929831853093
ENSFCAG00000005630:BRSK1	0	0	0	0	0	0	0	0	0	0.591642876371088	0.901105835247372	0.859320957192353	1	0.83749911316667	0.975301228071892	0.98658115614024	1	0.989605001821762	0.999929831853093
ENSFCAG00000028024:KDSR	0	0	0	0	0	0	0	0	0	0.590525571123519	0.910285512607022	0.859753550213869	1	0.83749911316667	0.975301228071892	0.98658115614024	1	0.989670479586951	0.999929831853093
ENSFCAG00000026102:AXIN2	0	0	0	0	0	0	0	0	0	0.589592727914932	0.915795987033786	0.859779658523074	1	0.83749911316667	0.975301228071892	0.98658115614024	1	0.989674424404095	0.999929831853093
ENSFCAG00000027069:GATA6	0	0	0	0	0	0	0	0	0	0.586590949789886	0.941488380743559	0.860240539592249	1	0.83749911316667	0.975301228071892	0.98658115614024	1	0.989743930412151	0.999929831853093
ENSFCAG00000010755:PRDM1	0	0	0	0	0	0	0	0	0	0.588927680592837	0.926528205505559	0.860482385222116	1	0.83749911316667	0.975301228071892	0.98658115614024	1	0.989780304642112	0.999929831853093
ENSFCAG00000002828:PIK3CB	0	0	0	0	0	0	0	0	0	0.603370552186468	0.869030596055365	0.86194502579636	1	0.83749911316667	0.975301228071892	0.98658115614024	1	0.989998841747769	0.999929831853093
ENSFCAG00000003112:KIT	0	0	0	0	0	0	0	0	0	0.596494285825083	0.897801079674397	0.862081697363334	1	0.83749911316667	0.975301228071892	0.98658115614024	1	0.99001913535826	0.999929831853093
ENSFCAG00000007779:DNMT3B	0	0	0	0	0	0	0	0	0	0.601439569816728	0.879013577813799	0.862431908625828	1	0.83749911316667	0.975301228071892	0.98658115614024	1	0.990071037418303	0.999929831853093
ENSFCAG00000008135:TNFAIP3	0	0	0	0	0	0	0	0	0	0.596394332350377	0.904500882230016	0.862922294497494	1	0.83749911316667	0.975301228071892	0.98658115614024	1	0.990143474683713	0.999929831853093
ENSFCAG00000012942:PALB2	0	0	0	0	0	0	0	0	0	0.597407064291907	0.901863376389144	0.86323902989103	1	0.83749911316667	0.975301228071892	0.98658115614024	1	0.990190113061595	0.999929831853093
ENSFCAG00000002617:GTF2I	0	0	0	0	0	0	0	0	0	0.603115369341168	0.877665904683929	0.863287982335585	1	0.83749911316667	0.975301228071892	0.98658115614024	1	0.990197310798834	0.999929831853093
ENSFCAG00000008249:KDM4C	0	0	0	0	0	0	0	0	0	0.601440564663274	0.886473698218362	0.863635589559557	1	0.83749911316667	0.975301228071892	0.98658115614024	1	0.990248341501196	0.999929831853093
ENSFCAG00000005710:BRD3	0	0	0	0	0	0	0	0	0	0.594445918730902	0.923717930535771	0.863889142654785	1	0.83749911316667	0.975301228071892	0.98658115614024	1	0.99028547627667	0.999929831853093
ENSFCAG00000028588:JAK2	0	0	0	0	0	0	0	0	0	0.603088129102178	0.883613218661784	0.864248061473694	1	0.83749911316667	0.975301228071892	0.98658115614024	1	0.990337915435933	0.999929831853093
ENSFCAG00000010283:MIB1	0	0	0	0	0	0	0	0	0	0.605238902913154	0.876402950771933	0.864437160493149	1	0.83749911316667	0.975301228071892	0.98658115614024	1	0.990365483435092	0.999929831853093
ENSFCAG00000005090:AMER1	0	0	0	0	0	0	0	0	0	0.59983845396147	0.899273274247485	0.864477512213596	1	0.83749911316667	0.975301228071892	0.98658115614024	1	0.990371360797378	0.999929831853093
ENSFCAG00000000746:AGO1	0	0	0	0	0	0	0	0	0	0.602216975738455	0.889550163808374	0.864612118207646	1	0.83749911316667	0.975301228071892	0.98658115614024	1	0.990390952987432	0.999929831853093
ENSFCAG00000026041:SMO	0	0	0	0	0	0	0	0	0	0.599079200015352	0.908707731529727	0.865223789845979	1	0.83749911316667	0.975301228071892	0.98658115614024	1	0.990479719172087	0.999929831853093
ENSFCAG00000013612:FGFR1	0	0	0	0	0	0	0	0	0	0.601507503295703	0.898317216342944	0.86543075530942	1	0.83749911316667	0.975301228071892	0.98658115614024	1	0.990509656208171	0.999929831853093
ENSFCAG00000016224:FGFR4	0	0	0	0	0	0	0	0	0	0.601457008989279	0.899205518602597	0.86552154014696	1	0.83749911316667	0.975301228071892	0.98658115614024	1	0.990522772389713	0.999929831853093
ENSFCAG00000014491:PRKD1	0	0	0	0	0	0	0	0	0	0.602536143591221	0.89889633254216	0.866178347989076	1	0.83749911316667	0.975301228071892	0.98658115614024	1	0.990617381411075	0.999929831853093
ENSFCAG00000007533:PPFIBP1	0	0	0	0	0	0	0	0	0	0.609603650729368	0.872246070096157	0.866490586336223	1	0.83749911316667	0.975301228071892	0.98658115614024	1	0.990662182689784	0.999929831853093
ENSFCAG00000006344:CD276	0	0	0	0	0	0	0	0	0	0.598330300769113	0.926883102585609	0.866779339732745	1	0.83749911316667	0.975301228071892	0.98658115614024	1	0.99070351410888	0.999929831853093
ENSFCAG00000002153:STAT5A	0	0	0	0	0	0	0	0	0	0.604869506749722	0.895186731084294	0.867157980837715	1	0.83749911316667	0.975301228071892	0.98658115614024	1	0.990757566057356	0.999929831853093
ENSFCAG00000013063:BUB1B	0	0	0	0	0	0	0	0	0	0.61141739440787	0.869865647121021	0.867207960203605	1	0.83749911316667	0.975301228071892	0.98658115614024	1	0.990764688381183	0.999929831853093
ENSFCAG00000003177:SH2B3	0	0	0	0	0	0	0	0	0	0.600588395605843	0.917131127898711	0.867216149615616	1	0.83749911316667	0.975301228071892	0.98658115614024	1	0.990765855141023	0.999929831853093
ENSFCAG00000008901:BACH2	0	0	0	0	0	0	0	0	0	0.59800054874627	0.9340669359493	0.867245945916204	1	0.83749911316667	0.975301228071892	0.98658115614024	1	0.990770099619473	0.999929831853093
ENSFCAG00000004539:FLT3	0	0	0	0	0	0	0	0	0	0.60548688917945	0.899555240635201	0.868172469541724	1	0.83749911316667	0.975301228071892	0.98658115614024	1	0.990901572100865	0.999929831853093
ENSFCAG00000008675:NUP93	0	0	0	0	0	0	0	0	0	0.607642679440478	0.890109072614225	0.868181242358507	1	0.83749911316667	0.975301228071892	0.98658115614024	1	0.990902812224789	0.999929831853093
ENSFCAG00000045383:CDH1	0	0	0	0	0	0	0	0	0	0.607548511875367	0.896375940237966	0.869044945045718	1	0.83749911316667	0.975301228071892	0.98658115614024	1	0.991024471248251	0.999929831853093
ENSFCAG00000013987:MALT1	0	0	0	0	0	0	0	0	0	0.607676093993478	0.899049125143659	0.869503826147868	1	0.83749911316667	0.975301228071892	0.98658115614024	1	0.991088758869203	0.999929831853093
ENSFCAG00000015184:ALOX12B	0	0	0	0	0	0	0	0	0	0.607929044557589	0.904654232354589	0.870424643862489	1	0.83749911316667	0.975301228071892	0.98658115614024	1	0.99121703174561	0.999929831853093
ENSFCAG00000025193:USP8	0	0	0	0	0	0	0	0	0	0.611593009287491	0.890618325982863	0.870762616461028	1	0.83749911316667	0.975301228071892	0.98658115614024	1	0.991263867979115	0.999929831853093
ENSFCAG00000013629:EPAS1	1	0	0	0	0	0	0	0	0	0.608206281826657	0.907254938305909	0.870939190968136	1	0.83749911316667	0.975301228071892	0.98658115614024	1	0.991288285495975	0.999929831853093
ENSFCAG00000014304:ASMTL	0	0	0	0	0	0	0	0	0	0.608401857792572	0.907239480114745	0.871061983920525	1	0.83749911316667	0.975301228071892	0.98658115614024	1	0.991305244753392	0.999929831853093
ENSFCAG00000024008:EPHA3	0	0	0	0	0	0	0	0	0	0.613434996713243	0.886908219845956	0.87134847233843	1	0.83749911316667	0.975301228071892	0.98658115614024	1	0.991344745120629	0.999929831853093
ENSFCAG00000003692:FGFR2	0	0	0	0	0	0	0	0	0	0.610847773772291	0.898923992250701	0.871501829867104	1	0.83749911316667	0.975301228071892	0.98658115614024	1	0.991365850997155	0.999929831853093
ENSFCAG00000009163:DDR2	0	0	0	0	0	0	0	0	0	0.611208530498839	0.898721944784119	0.871701651118336	1	0.83749911316667	0.975301228071892	0.98658115614024	1	0.991393310969262	0.999929831853093
ENSFCAG00000007271:FLYWCH1	0	0	0	0	0	0	0	0	0	0.607851262470874	0.920937103601925	0.872333982198852	1	0.83749911316667	0.975301228071892	0.98658115614024	1	0.991479905830624	0.999929831853093
ENSFCAG00000029436:TET2	0	0	0	0	0	0	0	0	0	0.608155813179119	0.920193072070816	0.872447273434957	1	0.83749911316667	0.975301228071892	0.98658115614024	1	0.991495372122281	0.999929831853093
ENSFCAG00000014042:CNOT3	0	0	0	0	0	0	0	0	0	0.610521626511729	0.911251831235754	0.872913403366701	1	0.83749911316667	0.975301228071892	0.98658115614024	1	0.991558852477584	0.999929831853093
ENSFCAG00000042862:SFPQ	0	0	0	0	0	0	0	0	0	0.611016015696076	0.916147104034029	0.873810986671963	1	0.83749911316667	0.975301228071892	0.98658115614024	1	0.991680389716058	0.999929831853093
ENSFCAG00000008506:CYLD	0	0	0	0	0	0	0	0	0	0.613533146802546	0.903633478574401	0.873838746523631	1	0.83749911316667	0.975301228071892	0.98658115614024	1	0.991684133834517	0.999929831853093
ENSFCAG00000004893:CARM1	0	0	0	0	0	0	0	0	0	0.612521371661328	0.912517126849352	0.874332822991496	1	0.83749911316667	0.975301228071892	0.98658115614024	1	0.991750625049477	0.999929831853093
ENSFCAG00000024269:KIF5B	0	0	0	0	0	0	0	0	0	0.619346625528303	0.889285974500958	0.87539348666392	1	0.83749911316667	0.975301228071892	0.98658115614024	1	0.991892422906641	0.999929831853093
ENSFCAG00000002702:XPO1	0	0	0	0	0	0	0	0	0	0.620357127969341	0.886304259846808	0.875549326379842	1	0.83749911316667	0.975301228071892	0.98658115614024	1	0.991913148465053	0.999929831853093
ENSFCAG00000002807:SOX10	0	0	0	0	0	0	0	0	0	0.612022082630541	0.928708131492218	0.875795696053605	1	0.83749911316667	0.975301228071892	0.98658115614024	1	0.991945857268384	0.999929831853093
ENSFCAG00000046155:REST	0	0	0	0	0	0	0	0	0	0.612552456000369	0.9255461518726	0.875812447284265	1	0.83749911316667	0.975301228071892	0.98658115614024	1	0.99194807869725	0.999929831853093
ENSFCAG00000044781:ELN	0	0	0	0	0	0	0	0	0	0.617843304973433	0.899399966534261	0.875950884283285	1	0.83749911316667	0.975301228071892	0.98658115614024	1	0.991966424961277	0.999929831853093
ENSFCAG00000006882:ZNF384	0	0	0	0	0	0	0	0	0	0.612644315777004	0.926415626386202	0.87595954016305	1	0.83749911316667	0.975301228071892	0.98658115614024	1	0.991967571348737	0.999929831853093
ENSFCAG00000042003:ASPSCR1	0	0	0	0	0	0	0	0	0	0.61532261718969	0.911637598522851	0.875986049424633	1	0.83749911316667	0.975301228071892	0.98658115614024	1	0.991971081711643	0.999929831853093
ENSFCAG00000028493:DIS3	0	0	0	0	0	0	0	0	0	0.620452109492122	0.894152351449475	0.876808438182773	1	0.83749911316667	0.975301228071892	0.98658115614024	1	0.992079584273833	0.999929831853093
ENSFCAG00000014571:STAT6	0	0	0	0	0	0	0	0	0	0.620536112092524	0.896734359468057	0.877236296045587	1	0.83749911316667	0.975301228071892	0.98658115614024	1	0.992135728977483	0.999929831853093
ENSFCAG00000024529:RB1	0	0	0	0	0	0	0	0	0	0.628039826382828	0.870423179887105	0.877509974852085	1	0.83749911316667	0.975301228071892	0.98658115614024	1	0.992171532436212	0.999929831853093
ENSFCAG00000002431:RXRA	0	0	0	0	0	0	0	0	0	0.613850278616096	0.936211952916233	0.877651896406764	1	0.83749911316667	0.975301228071892	0.98658115614024	1	0.992190065417784	0.999929831853093
ENSFCAG00000009081:NTRK2	0	0	0	0	0	0	0	0	0	0.622632621683566	0.891039825692518	0.877679073928519	1	0.83749911316667	0.975301228071892	0.98658115614024	1	0.992193611805923	0.999929831853093
ENSFCAG00000006989:ERCC3	0	0	0	0	0	0	0	0	0	0.620532295272268	0.902089153464145	0.877984344501518	1	0.83749911316667	0.975301228071892	0.98658115614024	1	0.992233388678782	0.999929831853093
ENSFCAG00000043801:ZNF703	0	0	0	0	0	0	0	0	0	0.611762510236336	0.966177451510244	0.878352687350166	1	0.83749911316667	0.975301228071892	0.98658115614024	1	0.992281242595436	0.999929831853093
ENSFCAG00000008898:CD22	0	0	0	0	0	0	0	0	0	0.622513522329927	0.89751393828326	0.878561447334529	1	0.83749911316667	0.975301228071892	0.98658115614024	1	0.992308295435501	0.999929831853093
ENSFCAG00000030227:FOXO3	0	0	0	0	0	0	0	0	0	0.614763191355406	0.940378893881523	0.878582790236742	1	0.83749911316667	0.975301228071892	0.98658115614024	1	0.992311058429604	0.999929831853093
ENSFCAG00000025327:GMPS	0	0	0	0	0	0	0	0	0	0.621146114877954	0.906368326637532	0.878933070946043	1	0.83749911316667	0.975301228071892	0.98658115614024	1	0.992356330746289	0.999929831853093
ENSFCAG00000006532:GTSE1	0	0	0	0	0	0	0	0	0	0.617980673789409	0.92515701463593	0.879176315212271	1	0.83749911316667	0.975301228071892	0.98658115614024	1	0.992387686918172	0.999929831853093
ENSFCAG00000013778:IKBKE	0	0	0	0	0	0	0	0	0	0.624202772935162	0.898057001792221	0.87967012041038	1	0.83749911316667	0.975301228071892	0.98658115614024	1	0.992451135470984	0.999929831853093
ENSFCAG00000012518:KEAP1	0	0	0	0	0	0	0	0	0	0.621129740146698	0.913643111095631	0.879834982131087	1	0.83749911316667	0.975301228071892	0.98658115614024	1	0.992472256665088	0.999929831853093
ENSFCAG00000026205:ZBTB16	0	0	0	0	0	0	0	0	0	0.617883560089934	0.933592234844561	0.879943169709466	1	0.83749911316667	0.975301228071892	0.98658115614024	1	0.99248610028597	0.999929831853093
ENSFCAG00000002630:PPM1F	0	0	0	0	0	0	0	0	0	0.623035632860719	0.906199351837322	0.880070166511453	1	0.83749911316667	0.975301228071892	0.98658115614024	1	0.992502333753147	0.999929831853093
ENSFCAG00000029172:KMT5A	0	0	0	0	0	0	0	0	0	0.618154393249454	0.93570527809589	0.88030361056079	1	0.83749911316667	0.975301228071892	0.98658115614024	1	0.992532126121689	0.999929831853093
ENSFCAG00000024456:MDM2	0	0	0	0	0	0	0	0	0	0.623983535243151	0.905290967198707	0.880529776324909	1	0.83749911316667	0.975301228071892	0.98658115614024	1	0.992560930586861	0.999929831853093
ENSFCAG00000015711:BAP1	0	0	0	0	0	0	0	0	0	0.621862824302754	0.915907836136498	0.88055489449698	1	0.83749911316667	0.975301228071892	0.98658115614024	1	0.992564126052168	0.999929831853093
ENSFCAG00000010997:PRKAR1A	1	0	0	0	0	0	0	0	0	0.626138380206292	0.900795557533068	0.881230786684183	1	0.83749911316667	0.975301228071892	0.98658115614024	1	0.992649842238938	0.999929831853093
ENSFCAG00000014214:SYK	1	0	0	0	0	0	0	0	0	0.622628123921759	0.920759113408861	0.881577074115442	1	0.83749911316667	0.975301228071892	0.98658115614024	1	0.992693557312768	0.999929831853093
ENSFCAG00000025248:ARAF	0	0	0	0	0	0	0	0	0	0.624653486394192	0.912529752891158	0.881858908427365	1	0.83749911316667	0.975301228071892	0.98658115614024	1	0.992729035466006	0.999929831853093
ENSFCAG00000013131:EZH1	0	0	0	0	0	0	0	0	0	0.631717831214213	0.88482815909859	0.882180049387434	1	0.83749911316667	0.975301228071892	0.98658115614024	1	0.992769351869459	0.999929831853093
ENSFCAG00000013269:CSF3R	0	0	0	0	0	0	0	0	0	0.6266075251158	0.906696382573162	0.882309275767281	1	0.83749911316667	0.975301228071892	0.98658115614024	1	0.992785542108513	0.999929831853093
ENSFCAG00000009399:SEPTIN9	0	0	0	0	0	0	0	0	0	0.622810544501552	0.929280567852705	0.882579516391298	1	0.83749911316667	0.975301228071892	0.98658115614024	1	0.992819338266736	0.999929831853093
ENSFCAG00000000765:FOXO1	0	0	0	0	0	0	0	0	0	0.62217381685111	0.93953049971494	0.883124501210344	1	0.83749911316667	0.975301228071892	0.98658115614024	1	0.992887242126495	0.999929831853093
ENSFCAG00000023537:MLLT1	0	0	0	0	0	0	0	0	0	0.624571863778119	0.924137104771125	0.883132303504698	1	0.83749911316667	0.975301228071892	0.98658115614024	1	0.992888211832097	0.999929831853093
ENSFCAG00000008145:CUL3	0	0	0	0	0	0	0	0	0	0.630173766992627	0.898294017913643	0.883308912115826	1	0.83749911316667	0.975301228071892	0.98658115614024	1	0.992910143137513	0.999929831853093
ENSFCAG00000002012:ARID3B	0	0	0	0	0	0	0	0	0	0.623232139610544	0.935383397556355	0.883413811599475	1	0.83749911316667	0.975301228071892	0.98658115614024	1	0.992923152867916	0.999929831853093
ENSFCAG00000008744:SEPTIN6	0	0	0	0	0	0	0	0	0	0.6257774884024	0.920995174034027	0.883527329751572	1	0.83749911316667	0.975301228071892	0.98658115614024	1	0.992937217460279	0.999929831853093
ENSFCAG00000018774:TCF7L2	0	0	0	0	0	0	0	0	0	0.62955447693358	0.904553551214716	0.88380283055307	1	0.83749911316667	0.975301228071892	0.98658115614024	1	0.992971290617204	0.999929831853093
ENSFCAG00000006633:CLP1	0	0	0	0	0	0	0	0	0	0.626387970927174	0.921012081421341	0.88390017177431	1	0.83749911316667	0.975301228071892	0.98658115614024	1	0.992983308969458	0.999929831853093
ENSFCAG00000000814:HSP90AA1	0	0	0	0	0	0	0	0	0	0.626377383624857	0.921089774322443	0.883902315012803	1	0.83749911316667	0.975301228071892	0.98658115614024	1	0.992983573466388	0.999929831853093
ENSFCAG00000003928:NCSTN	0	0	0	0	0	0	0	0	0	0.630068207675063	0.907412358034832	0.884487737963288	1	0.83749911316667	0.975301228071892	0.98658115614024	1	0.993055625941971	0.999929831853093
ENSFCAG00000009752:CRTC1	0	0	0	0	0	0	0	0	0	0.626811138693878	0.925151965473446	0.884602006792114	1	0.83749911316667	0.975301228071892	0.98658115614024	1	0.99306964467448	0.999929831853093
ENSFCAG00000009739:ELL	0	0	0	0	0	0	0	0	0	0.629001019889685	0.914035643893257	0.884675040048871	1	0.83749911316667	0.975301228071892	0.98658115614024	1	0.993078596811069	0.999929831853093
ENSFCAG00000026268:INPP4B	0	0	0	0	0	0	0	0	0	0.632817101794676	0.901546613885588	0.885342262846394	1	0.83749911316667	0.975301228071892	0.98658115614024	1	0.993160103334876	0.999929831853093
ENSFCAG00000007992:EZR	1	0	0	0	0	0	0	0	0	0.630967038668353	0.913322690677178	0.885768890612621	1	0.83749911316667	0.975301228071892	0.98658115614024	1	0.993211955703572	0.999929831853093
ENSFCAG00000009125:ARHGAP26	0	0	0	0	0	0	0	0	0	0.635114745893479	0.902193659682745	0.886792297594008	1	0.83749911316667	0.975301228071892	0.98658115614024	1	0.993335503171449	0.999929831853093
ENSFCAG00000030862:NR4A3	0	0	0	0	0	0	0	0	0	0.630716745204587	0.92487308871731	0.886928825789579	1	0.83749911316667	0.975301228071892	0.98658115614024	1	0.993351895772232	0.999929831853093
ENSFCAG00000014937:KEL	0	0	0	0	0	0	0	0	0	0.638329859172047	0.890530620269071	0.886976314308512	1	0.83749911316667	0.975301228071892	0.98658115614024	1	0.993357592674021	0.999929831853093
ENSFCAG00000013696:IKBKB	0	0	0	0	0	0	0	0	0	0.641075434064234	0.882168656114086	0.887228422548451	1	0.83749911316667	0.975301228071892	0.98658115614024	1	0.99338779395465	0.999929831853093
ENSFCAG00000004020:DAXX	0	0	0	0	0	0	0	0	0	0.631458700317298	0.925563937805542	0.88744581071172	1	0.83749911316667	0.975301228071892	0.98658115614024	1	0.99341377842866	0.999929831853093
ENSFCAG00000007246:DDX10	0	0	0	0	0	0	0	0	0	0.633960872414855	0.913886923755265	0.887621317142633	1	0.83749911316667	0.975301228071892	0.98658115614024	1	0.993434717915153	0.999929831853093
ENSFCAG00000042984:EXT1	0	0	0	0	0	0	0	0	0	0.636538979494145	0.902810446208855	0.887715895748773	1	0.83749911316667	0.975301228071892	0.98658115614024	1	0.99344598759893	0.999929831853093
ENSFCAG00000024086:NRG1	0	0	0	0	0	0	0	0	0	0.634094300410106	0.914164463459993	0.887733992574431	1	0.83749911316667	0.975301228071892	0.98658115614024	1	0.993448142810189	0.999929831853093
ENSFCAG00000006761:RUNX1	0	0	0	0	0	0	0	0	0	0.63035487778503	0.935728072378149	0.887771405421182	1	0.83749911316667	0.975301228071892	0.98658115614024	1	0.993452597261054	0.999929831853093
ENSFCAG00000044486:MNX1	0	0	0	0	0	0	0	0	0	0.628206100916993	0.952618614323371	0.887793824641344	1	0.83749911316667	0.975301228071892	0.98658115614024	1	0.993455265784261	0.999929831853093
ENSFCAG00000014246:CUL4A	0	0	0	0	0	0	0	0	0	0.639504539219	0.891531533827556	0.887814583492421	1	0.83749911316667	0.975301228071892	0.98658115614024	1	0.993457736171639	0.999929831853093
ENSFCAG00000001371:MLH1	0	0	0	0	0	0	0	0	0	0.635925246840513	0.907111753308812	0.887930155342691	1	0.83749911316667	0.975301228071892	0.98658115614024	1	0.993471480816876	0.999929831853093
ENSFCAG00000003444:RAD54L	0	0	0	0	0	0	0	0	0	0.637440911634254	0.901387125466191	0.888049030396435	1	0.83749911316667	0.975301228071892	0.98658115614024	1	0.993485602609383	0.999929831853093
ENSFCAG00000023085:CRTC3	0	0	0	0	0	0	0	0	0	0.63442545619331	0.916544308826461	0.8882134050555	1	0.83749911316667	0.975301228071892	0.98658115614024	1	0.993505103325376	0.999929831853093
ENSFCAG00000009978:WIF1	0	0	0	0	0	0	0	0	0	0.63303330812372	0.924048133069447	0.888226166566813	1	0.83749911316667	0.975301228071892	0.98658115614024	1	0.993506616024648	0.999929831853093
ENSFCAG00000013487:GPHN	0	0	0	0	0	0	0	0	0	0.64113547295818	0.892289964811024	0.888876693089013	1	0.83749911316667	0.975301228071892	0.98658115614024	1	0.993583484041455	0.999929831853093
ENSFCAG00000030253:PATZ1	0	0	0	0	0	0	0	0	0	0.633332744244429	0.933356357678758	0.88933596257747	1	0.83749911316667	0.975301228071892	0.98658115614024	1	0.993637465868878	0.999929831853093
ENSFCAG00000022869:PIK3C3	0	0	0	0	0	0	0	0	0	0.643067265657869	0.888202958785397	0.889356860464573	1	0.83749911316667	0.975301228071892	0.98658115614024	1	0.993639916531814	0.999929831853093
ENSFCAG00000029266:CSDE1	0	0	0	0	0	0	0	0	0	0.638757626559054	0.906837670032623	0.889556317102618	1	0.83749911316667	0.975301228071892	0.98658115614024	1	0.993663281795752	0.999929831853093
ENSFCAG00000043468:KLF2	0	0	0	0	0	0	0	0	0	0.632858789943469	0.940827721076959	0.889712680314907	1	0.83749911316667	0.975301228071892	0.98658115614024	1	0.99368156762555	0.999929831853093
ENSFCAG00000006991:SRC	0	0	0	0	0	0	0	0	0	0.638574325698459	0.911611046041068	0.890059990842689	1	0.83749911316667	0.975301228071892	0.98658115614024	1	0.993722085407827	0.999929831853093
ENSFCAG00000010859:IL6ST	0	0	0	0	0	0	0	0	0	0.64398635910433	0.891864114470606	0.890454806075371	1	0.83749911316667	0.975301228071892	0.98658115614024	1	0.993767980568146	0.999929831853093
ENSFCAG00000012781:SHQ1	0	0	0	0	0	0	0	0	0	0.641633832337234	0.905113741429434	0.891000793091599	1	0.83749911316667	0.975301228071892	0.98658115614024	1	0.993831160227617	0.999929831853093
ENSFCAG00000023059:FOXP1	0	0	0	0	0	0	0	0	0	0.64328634263959	0.902268944403078	0.891568010898999	1	0.83749911316667	0.975301228071892	0.98658115614024	1	0.993896442303612	0.999929831853093
ENSFCAG00000007459:GAB2	0	0	0	0	0	0	0	0	0	0.643236081359831	0.903857184842649	0.891756811555431	1	0.83749911316667	0.975301228071892	0.98658115614024	1	0.993918091637369	0.999929831853093
ENSFCAG00000042273:MAF	0	0	0	0	0	0	0	0	0	0.63580633700748	0.946200290136571	0.891891390569874	1	0.83749911316667	0.975301228071892	0.98658115614024	1	0.993933499099257	0.999929831853093
ENSFCAG00000043374:MYCN	0	0	0	0	0	0	0	0	0	0.635501428496221	0.953707254845257	0.892238476777013	1	0.83749911316667	0.975301228071892	0.98658115614024	1	0.99397314202236	0.999929831853093
ENSFCAG00000002211:NTHL1	0	0	0	0	0	0	0	0	0	0.638266190221648	0.93569194714602	0.892469262138689	1	0.83749911316667	0.975301228071892	0.98658115614024	1	0.993999426747216	0.999929831853093
ENSFCAG00000029965:SLC34A2	0	0	0	0	0	0	0	0	0	0.640657684084421	0.92554300041374	0.892875695454503	1	0.83749911316667	0.975301228071892	0.98658115614024	1	0.994045571372828	0.999929831853093
ENSFCAG00000028305:FOXA1	0	0	0	0	0	0	0	0	0	0.639041711873885	0.936696294973305	0.89301446177683	1	0.83749911316667	0.975301228071892	0.98658115614024	1	0.99406128391169	0.999929831853093
ENSFCAG00000004287:PTPN6	0	0	0	0	0	0	0	0	0	0.644666390474921	0.913715959416817	0.893852005839166	1	0.83749911316667	0.975301228071892	0.98658115614024	1	0.994155661482352	0.999929831853093
ENSFCAG00000000790:TP63	0	0	0	0	0	0	0	0	0	0.645289920954211	0.911909820112249	0.893987048983992	1	0.83749911316667	0.975301228071892	0.98658115614024	1	0.994170805156183	0.999929831853093
ENSFCAG00000009638:HNF1A	0	0	0	0	0	0	0	0	0	0.643754056518412	0.919983769395321	0.89406393042917	1	0.83749911316667	0.975301228071892	0.98658115614024	1	0.99417941749198	0.999929831853093
ENSFCAG00000012784:STRN	0	0	0	0	0	0	0	0	0	0.65030901311781	0.892467131498126	0.89414103287695	1	0.83749911316667	0.975301228071892	0.98658115614024	1	0.994188047945063	0.999929831853093
ENSFCAG00000023797:SUZ12	0	0	0	0	0	0	0	0	0	0.648037471463636	0.904211749345792	0.894552067376229	1	0.83749911316667	0.975301228071892	0.98658115614024	1	0.994233944857849	0.999929831853093
ENSFCAG00000035160:FNBP1	0	0	0	0	0	0	0	0	0	0.645614646561025	0.917127099251203	0.894804559407444	1	0.83749911316667	0.975301228071892	0.98658115614024	1	0.994262044962386	0.999929831853093
ENSFCAG00000003644:ARNT	0	0	0	0	0	0	0	0	0	0.649357913938079	0.901009539395729	0.894857732832725	1	0.83749911316667	0.975301228071892	0.98658115614024	1	0.994267953606282	0.999929831853093
ENSFCAG00000004243:EWSR1	0	0	0	0	0	0	0	0	0	0.651667364379478	0.89975469746941	0.895981178082421	1	0.83749911316667	0.975301228071892	0.98658115614024	1	0.994392052818406	0.999929831853093
ENSFCAG00000001108:SETD3	0	0	0	0	0	0	0	0	0	0.650524707256789	0.904543544357408	0.896004533169179	1	0.83749911316667	0.975301228071892	0.98658115614024	1	0.994394617740356	0.999929831853093
ENSFCAG00000007469:GOLGA5	0	0	0	0	0	0	0	0	0	0.652838418257973	0.899555522580751	0.896608896591645	1	0.83749911316667	0.975301228071892	0.98658115614024	1	0.994460778992367	0.999929831853093
ENSFCAG00000012180:AKT2	0	0	0	0	0	0	0	0	0	0.649864417277641	0.912731905265775	0.89669424377719	1	0.83749911316667	0.975301228071892	0.98658115614024	1	0.994470089340323	0.999929831853093
ENSFCAG00000030557:FOXF1	0	0	0	0	0	0	0	0	0	0.644204714393218	0.947909243744742	0.896930871897853	1	0.83749911316667	0.975301228071892	0.98658115614024	1	0.994495860132063	0.999929831853093
ENSFCAG00000026219:ETAA1	0	0	0	0	0	0	0	0	0	0.647797155899934	0.926309365633866	0.897070289544369	1	0.83749911316667	0.975301228071892	0.98658115614024	1	0.994511014658829	0.999929831853093
ENSFCAG00000041774:BIRC3	0	0	0	0	0	0	0	0	0	0.64932141210266	0.9201567219801	0.89726722444935	1	0.83749911316667	0.975301228071892	0.98658115614024	1	0.994532384321725	0.999929831853093
ENSFCAG00000011007:MSI1	0	0	0	0	0	0	0	0	0	0.649034170943642	0.92273977385452	0.89739208224595	1	0.83749911316667	0.975301228071892	0.98658115614024	1	0.99454591041389	0.999929831853093
ENSFCAG00000009029:TOP1	0	0	0	0	0	0	0	0	0	0.660209533832566	0.880623153453137	0.897707929945451	1	0.83749911316667	0.975301228071892	0.98658115614024	1	0.994580049269912	0.999929831853093
ENSFCAG00000025339:DDX3X	0	0	0	0	0	0	0	0	0	0.65306591055943	0.907322301192351	0.897803453046936	1	0.83749911316667	0.975301228071892	0.98658115614024	1	0.994590352134359	0.999929831853093
ENSFCAG00000027102:GAB1	0	0	0	0	0	0	0	0	0	0.654101078619663	0.903430280644892	0.8978573500468	1	0.83749911316667	0.975301228071892	0.98658115614024	1	0.994596160834532	0.999929831853093
ENSFCAG00000008765:PAX7	0	0	0	0	0	0	0	0	0	0.647628640230189	0.937241681285689	0.898030774133891	1	0.83749911316667	0.975301228071892	0.98658115614024	1	0.994614829504959	0.999929831853093
ENSFCAG00000045851:SOX17	0	0	0	0	0	0	0	0	0	0.645314793736599	0.956226177708459	0.898134503103844	1	0.83749911316667	0.975301228071892	0.98658115614024	1	0.994625979662864	0.999929831853093
ENSFCAG00000009580:PAX8	0	0	0	0	0	0	0	0	0	0.651175409684501	0.92288724678385	0.898619879127077	1	0.83749911316667	0.975301228071892	0.98658115614024	1	0.994677995118543	0.999929831853093
ENSFCAG00000001812:MYB	0	0	0	0	0	0	0	0	0	0.65704873834517	0.897408598082274	0.898637389076057	1	0.83749911316667	0.975301228071892	0.98658115614024	1	0.994679866676752	0.999929831853093
ENSFCAG00000027801:BCL3	0	0	0	0	0	0	0	0	0	0.64990783890265	0.929979285966896	0.898643876276352	1	0.83749911316667	0.975301228071892	0.98658115614024	1	0.994680559977248	0.999929831853093
ENSFCAG00000042921:IKZF1	0	0	0	0	0	0	0	0	0	0.650045026585673	0.92991679398583	0.898715389216766	1	0.83749911316667	0.975301228071892	0.98658115614024	1	0.994688199609407	0.999929831853093
ENSFCAG00000008547:EBF1	1	0	0	0	0	0	0	0	0	0.652922267938302	0.919946404378332	0.899273880740671	1	0.83749911316667	0.975301228071892	0.98658115614024	1	0.994747666797435	0.999929831853093
ENSFCAG00000025219:MRE11	0	0	0	0	0	0	0	0	0	0.65964128986218	0.895243817716105	0.899741486445707	1	0.83749911316667	0.975301228071892	0.98658115614024	1	0.994797189839738	0.999929831853093
ENSFCAG00000008554:HGF	0	0	0	0	0	0	0	0	0	0.664180950015613	0.880674786256136	0.899866931916594	1	0.83749911316667	0.975301228071892	0.98658115614024	1	0.994810434132388	0.999929831853093
ENSFCAG00000030357:NBN	0	0	0	0	0	0	0	0	0	0.656063879312455	0.911623834208537	0.900028332953532	1	0.83749911316667	0.975301228071892	0.98658115614024	1	0.994827448820667	0.999929831853093
ENSFCAG00000003427:HIF1A	0	0	0	0	0	0	0	0	0	0.658388612600666	0.90325290856959	0.900207139503272	1	0.83749911316667	0.975301228071892	0.98658115614024	1	0.994846264581653	0.999929831853093
ENSFCAG00000012383:MPEG1	0	0	0	0	0	0	0	0	0	0.652360402909824	0.938155909061574	0.900794383869587	1	0.83749911316667	0.975301228071892	0.98658115614024	1	0.994907810308312	0.999929831853093
ENSFCAG00000041347:HOXA13	0	0	0	0	0	0	0	0	0	0.651689718984368	0.950781315458394	0.901411801460017	1	0.83749911316667	0.975301228071892	0.98658115614024	1	0.994972105476342	0.999929831853093
ENSFCAG00000011083:TSHR	0	0	0	0	0	0	0	0	0	0.656178985964013	0.924508946360622	0.901596575814509	1	0.83749911316667	0.975301228071892	0.98658115614024	1	0.994991264838509	0.999929831853093
ENSFCAG00000041373:CEBPA	0	0	0	0	0	0	0	0	0	0.650816729867976	0.96582177304118	0.901807737767299	1	0.83749911316667	0.975301228071892	0.98658115614024	1	0.995013113980906	0.999929831853093
ENSFCAG00000005955:PAK5	0	0	0	0	0	0	0	0	0	0.656273737984255	0.929002938612044	0.902118104729413	1	0.83749911316667	0.975301228071892	0.98658115614024	1	0.995045138225052	0.999929831853093
ENSFCAG00000006724:SLC45A3	0	0	0	0	0	0	0	0	0	0.654513523787954	0.940450690316118	0.902200479984202	1	0.83749911316667	0.975301228071892	0.98658115614024	1	0.995053619925267	0.999929831853093
ENSFCAG00000000308:WT1	0	0	0	0	0	0	0	0	0	0.659395398067818	0.915192932374996	0.902308249949107	1	0.83749911316667	0.975301228071892	0.98658115614024	1	0.995064705014339	0.999929831853093
ENSFCAG00000026299:RAF1	0	0	0	0	0	0	0	0	0	0.662549884039064	0.903505543883851	0.902516145765922	1	0.83749911316667	0.975301228071892	0.98658115614024	1	0.995086052564154	0.999929831853093
ENSFCAG00000028670:ETV5	0	0	0	0	0	0	0	0	0	0.658749992327981	0.920529820933786	0.902579042817342	1	0.83749911316667	0.975301228071892	0.98658115614024	1	0.995092501641261	0.999929831853093
ENSFCAG00000045890:FOXL2	0	0	0	0	0	0	0	0	0	0.652303560493083	0.967351957260852	0.902721073290692	1	0.83749911316667	0.975301228071892	0.98658115614024	1	0.995107048449825	0.999929831853093
ENSFCAG00000011053:PLK2	0	0	0	0	0	0	0	0	0	0.660183857819053	0.91505886387871	0.902724535604521	1	0.83749911316667	0.975301228071892	0.98658115614024	1	0.995107402782138	0.999929831853093
ENSFCAG00000026462:VEGFA	0	0	0	0	0	0	0	0	0	0.659015750467008	0.922637417873874	0.90296123333848	1	0.83749911316667	0.975301228071892	0.98658115614024	1	0.995131594885039	0.999929831853093
ENSFCAG00000002901:PCLO	1	1	0	0	0	1.52215616470387	0	0	0	0.694671137509243	0.824417956232379	0.903338914861802	1	0.83749911316667	0.975301228071892	0.98658115614024	1	0.995170067999439	0.999929831853093
ENSFCAG00000030101:ERF	0	0	0	0	0	0	0	0	0	0.657996867255228	0.932320920527146	0.903400936011445	1	0.83749911316667	0.975301228071892	0.98658115614024	1	0.995176370783842	0.999929831853093
ENSFCAG00000025031:HOOK3	0	0	0	0	0	0	0	0	0	0.667786034752917	0.894142396073539	0.903974856632232	1	0.83749911316667	0.975301228071892	0.98658115614024	1	0.995234492438171	0.999929831853093
ENSFCAG00000015036:GATA4	0	0	0	0	0	0	0	0	0	0.658991621703996	0.936287135474535	0.904321706835446	1	0.83749911316667	0.975301228071892	0.98658115614024	1	0.995269441727029	0.999929831853093
ENSFCAG00000004249:NF2	0	0	0	0	0	0	0	0	0	0.664784306725733	0.910109214089528	0.904607010202222	1	0.83749911316667	0.975301228071892	0.98658115614024	1	0.995298089718162	0.999929831853093
ENSFCAG00000004913:EPOR	0	0	0	0	0	0	0	0	0	0.661804095492653	0.92401902566561	0.90464081451116	1	0.83749911316667	0.975301228071892	0.98658115614024	1	0.995301478126473	0.999929831853093
ENSFCAG00000012963:SAMHD1	0	0	0	0	0	0	0	0	0	0.665281140108757	0.909152420328939	0.904750965059436	1	0.83749911316667	0.975301228071892	0.98658115614024	1	0.995312510411683	0.999929831853093
ENSFCAG00000040498:YY1	0	0	0	0	0	0	0	0	0	0.660252654834253	0.933666860031801	0.904772346804428	1	0.83749911316667	0.975301228071892	0.98658115614024	1	0.995314650376553	0.999929831853093
ENSFCAG00000028016:KLF4	0	0	0	0	0	0	0	0	0	0.659474147898438	0.938709184480144	0.904803530136502	1	0.83749911316667	0.975301228071892	0.98658115614024	1	0.995317770415018	0.999929831853093
ENSFCAG00000007838:FSTL3	0	0	0	0	0	0	0	0	0	0.657398185441551	0.954178841439959	0.904837021897866	1	0.83749911316667	0.975301228071892	0.98658115614024	1	0.995321120225659	0.999929831853093
ENSFCAG00000029544:FAT4	0	1	0	0	0	1.5266911099102	0	0	0	0.692753684345935	0.837690325095728	0.905698964334778	1	0.83749911316667	0.975301228071892	0.98658115614024	1	0.995406904436353	0.999929831853093
ENSFCAG00000036087:LMO2	0	0	0	0	0	0	0	0	0	0.662656592488259	0.929764810077594	0.905706163793284	1	0.83749911316667	0.975301228071892	0.98658115614024	1	0.995407617501844	0.999929831853093
ENSFCAG00000008222:RPN1	0	0	0	0	0	0	0	0	0	0.662249978749389	0.932357879913373	0.905740111533351	1	0.83749911316667	0.975301228071892	0.98658115614024	1	0.995410979061629	0.999929831853093
ENSFCAG00000041799:E2F3	0	0	0	0	0	0	0	0	0	0.66365850268543	0.925373210167915	0.905795815683999	1	0.83749911316667	0.975301228071892	0.98658115614024	1	0.995416492219327	0.999929831853093
ENSFCAG00000041932:RUNX2	0	0	0	0	0	0	0	0	0	0.663927027316921	0.924448350650955	0.905842065946175	1	0.83749911316667	0.975301228071892	0.98658115614024	1	0.99542106710275	0.999929831853093
ENSFCAG00000015112:MPL	0	0	0	0	0	0	0	0	0	0.670293780685053	0.898920274348268	0.906017729252773	1	0.83749911316667	0.975301228071892	0.98658115614024	1	0.995438421469846	0.999929831853093
ENSFCAG00000015088:KLHL6	0	0	0	0	0	0	0	0	0	0.664736268267914	0.924961569257142	0.906335543313321	1	0.83749911316667	0.975301228071892	0.98658115614024	1	0.9954697328398	0.999929831853093
ENSFCAG00000035050:YAP1	0	0	0	0	0	0	0	0	0	0.666150084088146	0.919027927345983	0.906434918286867	1	0.83749911316667	0.975301228071892	0.98658115614024	1	0.995479500491835	0.999929831853093
ENSFCAG00000003395:RPS6KB2	0	0	0	0	0	0	0	0	0	0.668106590605725	0.912286690135105	0.90666797255577	1	0.83749911316667	0.975301228071892	0.98658115614024	1	0.995502364863859	0.999929831853093
ENSFCAG00000024950:ARID5A	0	0	0	0	0	0	0	0	0	0.663138820752796	0.939977937102087	0.90691986248121	1	0.83749911316667	0.975301228071892	0.98658115614024	1	0.995527009792103	0.999929831853093
ENSFCAG00000004785:CBLC	0	0	0	0	0	0	0	0	0	0.664738017113021	0.932829220487317	0.907137464804214	1	0.83749911316667	0.975301228071892	0.98658115614024	1	0.995548243694231	0.999929831853093
ENSFCAG00000018634:STAT4	1	0	0	0	0	0	0	0	0	0.674906388792872	0.890495201777779	0.907161306554096	1	0.83749911316667	0.975301228071892	0.98658115614024	1	0.995550567028396	0.999929831853093
ENSFCAG00000038026:NKX2-1	0	0	0	0	0	0	0	0	0	0.663214880576533	0.94507379470978	0.907380026415588	1	0.83749911316667	0.975301228071892	0.98658115614024	1	0.995571851632801	0.999929831853093
ENSFCAG00000012482:LCK	0	0	0	0	0	0	0	0	0	0.668247618665819	0.917884609294628	0.907425671026054	1	0.83749911316667	0.975301228071892	0.98658115614024	1	0.995576286863568	0.999929831853093
ENSFCAG00000008071:TMPRSS2	0	0	0	0	0	0	0	0	0	0.669777664792809	0.913138089483656	0.907664903736773	1	0.83749911316667	0.975301228071892	0.98658115614024	1	0.995599495262692	0.999929831853093
ENSFCAG00000026440:TRIM27	0	0	0	0	0	0	0	0	0	0.665896801047121	0.932642934040624	0.907745534628665	1	0.83749911316667	0.975301228071892	0.98658115614024	1	0.99560730320364	0.999929831853093
ENSFCAG00000001436:PRDM14	0	0	0	0	0	0	0	0	0	0.66721793384216	0.929446320217655	0.908140395729043	1	0.83749911316667	0.975301228071892	0.98658115614024	1	0.995645436410532	0.999929831853093
ENSFCAG00000022148:FIP1L1	0	0	0	0	0	0	0	0	0	0.679331073152815	0.883090012695153	0.908235662231885	1	0.83749911316667	0.975301228071892	0.98658115614024	1	0.99565461094076	0.999929831853093
ENSFCAG00000031674:TCF12	0	0	0	0	0	0	0	0	0	0.671630235249219	0.911686791438398	0.908463385696721	1	0.83749911316667	0.975301228071892	0.98658115614024	1	0.995676501095373	0.999929831853093
ENSFCAG00000009924:IL21R	0	0	0	0	0	0	0	0	0	0.668216522883899	0.928280024743588	0.908556524609321	1	0.83749911316667	0.975301228071892	0.98658115614024	1	0.995685437721306	0.999929831853093
ENSFCAG00000022519:NAB2	0	0	0	0	0	0	0	0	0	0.667739518391195	0.934052487591833	0.908871005574904	1	0.83749911316667	0.975301228071892	0.98658115614024	1	0.99571554145239	0.999929831853093
ENSFCAG00000012902:FANCE	1	0	0	0	0	0	0	0	0	0.669393192191685	0.925320567337308	0.908873799386475	1	0.83749911316667	0.975301228071892	0.98658115614024	1	0.995715808402667	0.999929831853093
ENSFCAG00000015395:BTK	0	0	0	0	0	0	0	0	0	0.676005856812073	0.89891075539019	0.909011947555104	1	0.83749911316667	0.975301228071892	0.98658115614024	1	0.995728997827358	0.999929831853093
ENSFCAG00000005262:STK40	0	0	0	0	0	0	0	0	0	0.668016772100084	0.9339945455499	0.909014105563563	1	0.83749911316667	0.975301228071892	0.98658115614024	1	0.995729203692418	0.999929831853093
ENSFCAG00000038609:FCRL4	0	0	0	0	0	0	0	0	0	0.670599900741673	0.923027855998891	0.909265661106507	1	0.83749911316667	0.975301228071892	0.98658115614024	1	0.995753165945898	0.999929831853093
ENSFCAG00000030898:NADK	0	0	0	0	0	0	0	0	0	0.669606925931767	0.931831288798756	0.909655374582665	1	0.83749911316667	0.975301228071892	0.98658115614024	1	0.995790151196902	0.999929831853093
ENSFCAG00000030250:CMTR2	0	0	0	0	0	0	0	0	0	0.670281766866643	0.932025651977446	0.91003355563853	1	0.83749911316667	0.975301228071892	0.98658115614024	1	0.995825882355236	0.999929831853093
ENSFCAG00000006154:GATA2	0	0	0	0	0	0	0	0	0	0.66782503658131	0.947904185403271	0.910089075413639	1	0.83749911316667	0.975301228071892	0.98658115614024	1	0.99583111472218	0.999929831853093
ENSFCAG00000018167:TAF15	0	0	0	0	0	0	0	0	0	0.68100852605378	0.890546010013048	0.910315192636989	1	0.83749911316667	0.975301228071892	0.98658115614024	1	0.995852389770956	0.999929831853093
ENSFCAG00000029939:SPRTN	0	0	0	0	0	0	0	0	0	0.673543087274068	0.921386685265492	0.910636059590555	1	0.83749911316667	0.975301228071892	0.98658115614024	1	0.995882483290573	0.999929831853093
ENSFCAG00000006814:LPP	0	0	0	0	0	0	0	0	0	0.673318770405474	0.925904953523771	0.911014695700759	1	0.83749911316667	0.975301228071892	0.98658115614024	1	0.995917849451643	0.999929831853093
ENSFCAG00000006864:GPC3	0	0	0	0	0	0	0	0	0	0.673542967033814	0.926799384550705	0.911227418715894	1	0.83749911316667	0.975301228071892	0.98658115614024	1	0.995937649605434	0.999929831853093
ENSFCAG00000013821:MSN	0	0	0	0	0	0	0	0	0	0.675656064414117	0.919061493645606	0.911475115066736	1	0.83749911316667	0.975301228071892	0.98658115614024	1	0.995960642483697	0.999929831853093
ENSFCAG00000011327:FAF1	0	0	0	0	0	0	0	0	0	0.677345654164022	0.912367976663284	0.91153995079861	1	0.83749911316667	0.975301228071892	0.98658115614024	1	0.995966649865716	0.999929831853093
ENSFCAG00000023350:FYN	0	0	0	0	0	0	0	0	0	0.677838450705249	0.910508557145294	0.911557423168633	1	0.83749911316667	0.975301228071892	0.98658115614024	1	0.995968267986659	0.999929831853093
ENSFCAG00000013654:PHF1	0	0	0	0	0	0	0	0	0	0.675493282229739	0.923349022525229	0.911877077356611	1	0.83749911316667	0.975301228071892	0.98658115614024	1	0.995997812144759	0.999929831853093
ENSFCAG00000009695:PTPN11	0	0	0	0	0	0	0	0	0	0.676338172281877	0.919600315575354	0.911893242567665	1	0.83749911316667	0.975301228071892	0.98658115614024	1	0.995999303243515	0.999929831853093
ENSFCAG00000004973:MYOD1	0	0	0	0	0	0	0	0	0	0.669624733681065	0.964508984539801	0.912095511059426	1	0.83749911316667	0.975301228071892	0.98658115614024	1	0.996017936511631	0.999929831853093
ENSFCAG00000001845:GAS7	0	0	0	0	0	0	0	0	0	0.675949120464876	0.923497743333536	0.912131372847139	1	0.83749911316667	0.975301228071892	0.98658115614024	1	0.996021235470067	0.999929831853093
ENSFCAG00000001249:SUFU	0	0	0	0	0	0	0	0	0	0.674712719835807	0.929661920085803	0.912137165828065	1	0.83749911316667	0.975301228071892	0.98658115614024	1	0.996021768239369	0.999929831853093
ENSFCAG00000043446:GNA12	1	0	0	0	0	0	0	0	0	0.672744276650174	0.945587299435943	0.912531034263741	1	0.83749911316667	0.975301228071892	0.98658115614024	1	0.99605790528471	0.999929831853093
ENSFCAG00000009182:LCP1	0	0	0	0	0	0	0	0	0	0.680195301449644	0.909086325133708	0.912586563549718	1	0.83749911316667	0.975301228071892	0.98658115614024	1	0.99606298636756	0.999929831853093
ENSFCAG00000028288:PRCC	1	0	0	0	0	0	0	0	0	0.673199286662903	0.943429698417832	0.912598980131881	1	0.83749911316667	0.975301228071892	0.98658115614024	1	0.99606412205684	0.999929831853093
ENSFCAG00000013396:SESN2	0	0	0	0	0	0	0	0	0	0.680460869024571	0.909285764406397	0.912748998240951	1	0.83749911316667	0.975301228071892	0.98658115614024	1	0.996077830192546	0.999929831853093
ENSFCAG00000004303:WDCP	0	0	0	0	0	0	0	0	0	0.67512818653564	0.933957558828476	0.912776615765289	1	0.83749911316667	0.975301228071892	0.98658115614024	1	0.996080351098829	0.999929831853093
ENSFCAG00000010330:FUBP1	0	0	0	0	0	0	0	0	0	0.681527804057175	0.906184817017149	0.912881154839924	1	0.83749911316667	0.975301228071892	0.98658115614024	1	0.996089885777144	0.999929831853093
ENSFCAG00000028649:DUSP4	0	0	0	0	0	0	0	0	0	0.672157904779723	0.95917744577562	0.9131509810886	1	0.83749911316667	0.975301228071892	0.98658115614024	1	0.996114440452296	0.999929831853093
ENSFCAG00000026908:PRKCI	0	0	0	0	0	0	0	0	0	0.683777730401932	0.902488548733322	0.913513652359006	1	0.83749911316667	0.975301228071892	0.98658115614024	1	0.996147318593268	0.999929831853093
ENSFCAG00000005890:SLC1A2	0	0	0	0	0	0	0	0	0	0.676962064817763	0.932257453711994	0.913569787001194	1	0.83749911316667	0.975301228071892	0.98658115614024	1	0.99615239463757	0.999929831853093
ENSFCAG00000000648:CREB3L2	0	0	0	0	0	0	0	0	0	0.676924030633981	0.932470900187548	0.91357081293631	1	0.83749911316667	0.975301228071892	0.98658115614024	1	0.996152487376923	0.999929831853093
ENSFCAG00000009909:ETV4	0	0	0	0	0	0	0	0	0	0.678438229842182	0.925739616748178	0.913668025567737	1	0.83749911316667	0.975301228071892	0.98658115614024	1	0.996161269681246	0.999929831853093
ENSFCAG00000046742:TLX1	0	0	0	0	0	0	0	0	0	0.675232353769303	0.944171176341381	0.913727416658827	1	0.83749911316667	0.975301228071892	0.98658115614024	1	0.996166630052875	0.999929831853093
ENSFCAG00000011521:TFEB	0	0	0	0	0	0	0	0	0	0.678128931589333	0.93022534415621	0.913974097536982	1	0.83749911316667	0.975301228071892	0.98658115614024	1	0.996188853042132	0.999929831853093
ENSFCAG00000014348:TEC	0	0	0	0	0	0	0	0	0	0.683115162951534	0.90980884294947	0.914172701021008	1	0.83749911316667	0.975301228071892	0.98658115614024	1	0.996206696454415	0.999929831853093
ENSFCAG00000002222:MUTYH	0	0	0	0	0	0	0	0	0	0.68462404590543	0.906598283010938	0.91451060539336	1	0.83749911316667	0.975301228071892	0.98658115614024	1	0.996236956123138	0.999929831853093
ENSFCAG00000029123:PICALM	0	0	0	0	0	0	0	0	0	0.683509061615514	0.912613302259367	0.914733472417537	1	0.83749911316667	0.975301228071892	0.98658115614024	1	0.996256845751141	0.999929831853093
ENSFCAG00000042993:GATA3	0	0	0	0	0	0	0	0	0	0.67851997607657	0.937497966805133	0.914870694168988	1	0.83749911316667	0.975301228071892	0.98658115614024	1	0.996269065010604	0.999929831853093
ENSFCAG00000013874:SGK1	0	0	0	0	0	0	0	0	0	0.681965425758887	0.921461103139463	0.915009479507152	1	0.83749911316667	0.975301228071892	0.98658115614024	1	0.996281402568575	0.999929831853093
ENSFCAG00000041539:MYC	0	0	0	0	0	0	0	0	0	0.677376266489329	0.946744539754172	0.915048854261269	1	0.83749911316667	0.975301228071892	0.98658115614024	1	0.996284899020671	0.999929831853093
ENSFCAG00000002791:P2RY8	0	0	0	0	0	0	0	0	0	0.674918001442347	0.968634733383715	0.915097632018016	1	0.83749911316667	0.975301228071892	0.98658115614024	1	0.996289228103646	0.999929831853093
ENSFCAG00000027928:FUS	0	0	0	0	0	0	0	0	0	0.686194986430297	0.905850205365364	0.915200924543834	1	0.83749911316667	0.975301228071892	0.98658115614024	1	0.996298386853784	0.999929831853093
ENSFCAG00000046322:IRF8	0	0	0	0	0	0	0	0	0	0.681597121792071	0.925362300632188	0.915253205190275	1	0.83749911316667	0.975301228071892	0.98658115614024	1	0.996303018034799	0.999929831853093
ENSFCAG00000009952:ITK	0	0	0	0	0	0	0	0	0	0.690689257905402	0.894692351905874	0.915824734251921	1	0.83749911316667	0.975301228071892	0.98658115614024	1	0.996353451111101	0.999929831853093
ENSFCAG00000027219:IDH2	0	0	0	0	0	0	0	0	0	0.682234901407444	0.928013747712986	0.915860542000904	1	0.83749911316667	0.975301228071892	0.98658115614024	1	0.996356598996151	0.999929831853093
ENSFCAG00000035960:TLX3	0	0	0	0	0	0	0	0	0	0.678553418710581	0.949703389927291	0.915881088319037	1	0.83749911316667	0.975301228071892	0.98658115614024	1	0.99635840460568	0.999929831853093
ENSFCAG00000046021:EXOSC6	0	0	0	0	0	0	0	0	0	0.678228579868381	0.952619473142127	0.91591797894716	1	0.83749911316667	0.975301228071892	0.98658115614024	1	0.996361645395707	0.999929831853093
ENSFCAG00000028952:HOXA3	0	0	0	0	0	0	0	0	0	0.677872364369243	0.958233048262162	0.916093690958227	1	0.83749911316667	0.975301228071892	0.98658115614024	1	0.996377061057771	0.999929831853093
ENSFCAG00000009146:PARP3	0	0	0	0	0	0	0	0	0	0.684380940776165	0.920463670347453	0.916124885267957	1	0.83749911316667	0.975301228071892	0.98658115614024	1	0.996379794291064	0.999929831853093
ENSFCAG00000007485:ERG	0	0	0	0	0	0	0	0	0	0.681774512622398	0.933428654868296	0.91616748242205	1	0.83749911316667	0.975301228071892	0.98658115614024	1	0.996383524921611	0.999929831853093
ENSFCAG00000018967:PAX3	1	0	0	0	0	0	0	0	0	0.683392727028862	0.927397380967617	0.916386598132933	1	0.83749911316667	0.975301228071892	0.98658115614024	1	0.996402683636125	0.999929831853093
ENSFCAG00000023460:ELF4	0	0	0	0	0	0	0	0	0	0.682598325841133	0.933785473403136	0.916623061780535	1	0.83749911316667	0.975301228071892	0.98658115614024	1	0.996423300415505	0.999929831853093
ENSFCAG00000033150:PTK6	0	0	0	0	0	0	0	0	0	0.684764674275451	0.923977485406338	0.916715228311069	1	0.83749911316667	0.975301228071892	0.98658115614024	1	0.996431319703089	0.999929831853093
ENSFCAG00000005490:FH	0	0	0	0	0	0	0	0	0	0.683380961794742	0.932676104837621	0.916915079563572	1	0.83749911316667	0.975301228071892	0.98658115614024	1	0.996448676665652	0.999929831853093
ENSFCAG00000041254:CCDC6	0	0	0	0	0	0	0	0	0	0.684318713462599	0.929216333130021	0.917046056681813	1	0.83749911316667	0.975301228071892	0.98658115614024	1	0.996460028321318	0.999929831853093
ENSFCAG00000004375:ERRFI1	0	0	0	0	0	0	0	0	0	0.682145878083254	0.943325727841599	0.917239309432192	1	0.83749911316667	0.975301228071892	0.98658115614024	1	0.996476743181302	0.999929831853093
ENSFCAG00000006604:SETD6	0	0	0	0	0	0	0	0	0	0.685797732673711	0.92922839857639	0.917796127687019	1	0.83749911316667	0.975301228071892	0.98658115614024	1	0.996524675991421	0.999929831853093
ENSFCAG00000032199:EGR1	0	0	0	0	0	0	0	0	0	0.680724079567228	0.965144179372317	0.917951537661076	1	0.83749911316667	0.975301228071892	0.98658115614024	1	0.996537993901393	0.999929831853093
ENSFCAG00000008618:EZH2	0	0	0	0	0	0	0	0	0	0.688586650374096	0.919982164285187	0.918186099398909	1	0.83749911316667	0.975301228071892	0.98658115614024	1	0.99655804492558	0.999929831853093
ENSFCAG00000004034:DUSP9	0	0	0	0	0	0	0	0	0	0.683873365962107	0.945692216255684	0.91831121384279	1	0.83749911316667	0.975301228071892	0.98658115614024	1	0.996568715568416	0.999929831853093
ENSFCAG00000003512:DDX5	0	0	0	0	0	0	0	0	0	0.68952614185614	0.917816793739911	0.918399761141037	1	0.83749911316667	0.975301228071892	0.98658115614024	1	0.996576257205777	0.999929831853093
ENSFCAG00000030888:RECQL	0	0	0	0	0	0	0	0	0	0.690418582940997	0.914646247262161	0.918457492920927	1	0.83749911316667	0.975301228071892	0.98658115614024	1	0.996581169665481	0.999929831853093
ENSFCAG00000029143:MAPKAP1	0	0	0	0	0	0	0	0	0	0.694060312182355	0.902101113274832	0.918578994522385	1	0.83749911316667	0.975301228071892	0.98658115614024	1	0.996591496513393	0.999929831853093
ENSFCAG00000013314:TIPARP	0	0	0	0	0	0	0	0	0	0.688168366612917	0.926115918663785	0.918661966110456	1	0.83749911316667	0.975301228071892	0.98658115614024	1	0.996598539325366	0.999929831853093
ENSFCAG00000023614:LYN	1	0	0	0	0	0	0	0	0	0.694030006838211	0.906720734564801	0.919207657107258	1	0.83749911316667	0.975301228071892	0.98658115614024	1	0.996644672101107	0.999929831853093
ENSFCAG00000011506:PAK3	0	0	0	0	0	0	0	0	0	0.691718366472136	0.917954082792168	0.919503900857574	1	0.83749911316667	0.975301228071892	0.98658115614024	1	0.996669580897385	0.999929831853093
ENSFCAG00000028515:RARA	0	0	0	0	0	0	0	0	0	0.687409442037233	0.94127234406956	0.919738800765527	1	0.83749911316667	0.975301228071892	0.98658115614024	1	0.996689263929167	0.999929831853093
ENSFCAG00000006788:ACTB	0	0	0	0	0	0	0	0	0	0.68692124121991	0.944887788777801	0.919791336942392	1	0.83749911316667	0.975301228071892	0.98658115614024	1	0.996693657897477	0.999929831853093
ENSFCAG00000018839:SS18L1	0	0	0	0	0	0	0	0	0	0.690716005402375	0.925792767309598	0.919897673113264	1	0.83749911316667	0.975301228071892	0.98658115614024	1	0.996702542352614	0.999929831853093
ENSFCAG00000028312:AURKB	0	0	0	0	0	0	0	0	0	0.694476554340504	0.910622103489516	0.919945384064883	1	0.83749911316667	0.975301228071892	0.98658115614024	1	0.99670652463821	0.999929831853093
ENSFCAG00000018794:CREB3L1	0	0	0	0	0	0	0	0	0	0.689016585401734	0.936580966120863	0.920129087014722	1	0.83749911316667	0.975301228071892	0.98658115614024	1	0.996721834651104	0.999929831853093
ENSFCAG00000013473:RAD21	0	0	0	0	0	0	0	0	0	0.695393992043391	0.910378306170228	0.920361667245206	1	0.83749911316667	0.975301228071892	0.98658115614024	1	0.996741165541353	0.999929831853093
ENSFCAG00000010694:DUSP2	0	0	0	0	0	0	0	0	0	0.687621715351661	0.949811011533641	0.920519701142765	1	0.83749911316667	0.975301228071892	0.98658115614024	1	0.996754266981359	0.999929831853093
ENSFCAG00000003706:FANCC	0	0	0	0	0	0	0	0	0	0.697647959384218	0.903572511926432	0.920532252401744	1	0.83749911316667	0.975301228071892	0.98658115614024	1	0.996755306351849	0.999929831853093
ENSFCAG00000044642:GNA11	0	0	0	0	0	0	0	0	0	0.688800262284133	0.946840966980166	0.920888621286142	1	0.83749911316667	0.975301228071892	0.98658115614024	1	0.996784745878202	0.999929831853093
ENSFCAG00000043511:NONO	0	0	0	0	0	0	0	0	0	0.69496689084843	0.916450546969685	0.920919463939959	1	0.83749911316667	0.975301228071892	0.98658115614024	1	0.996787287295495	0.999929831853093
ENSFCAG00000018598:ETS1	0	0	0	0	0	0	0	0	0	0.693348769711424	0.923425783378366	0.920939301362201	1	0.83749911316667	0.975301228071892	0.98658115614024	1	0.99678892134206	0.999929831853093
ENSFCAG00000031608:KLF5	0	0	0	0	0	0	0	0	0	0.69064215266292	0.937466092346395	0.921020564102819	1	0.83749911316667	0.975301228071892	0.98658115614024	1	0.996795610649667	0.999929831853093
ENSFCAG00000024419:MITF	0	0	0	0	0	0	0	0	0	0.697191270935024	0.908830082591004	0.921031116794104	1	0.83749911316667	0.975301228071892	0.98658115614024	1	0.996796478789886	0.999929831853093
ENSFCAG00000009522:TNFRSF14	0	0	0	0	0	0	0	0	0	0.692264190177675	0.930765783186575	0.921183049864326	1	0.83749911316667	0.975301228071892	0.98658115614024	1	0.99680896449494	0.999929831853093
ENSFCAG00000003212:NDRG1	0	0	0	0	0	0	0	0	0	0.697248962116383	0.909970153729757	0.921209802474004	1	0.83749911316667	0.975301228071892	0.98658115614024	1	0.996811160402397	0.999929831853093
ENSFCAG00000014365:CHEK2	0	0	0	0	0	0	0	0	0	0.694046681694902	0.9231198846887	0.921248033826266	1	0.83749911316667	0.975301228071892	0.98658115614024	1	0.996814297159443	0.999929831853093
ENSFCAG00000014980:PLAG1	1	0	0	0	0	0	0	0	0	0.687837356317126	0.959395765655643	0.921258890757943	1	0.83749911316667	0.975301228071892	0.98658115614024	1	0.996815187645817	0.999929831853093
ENSFCAG00000027765:HNRNPA2B1	0	0	0	0	0	0	0	0	0	0.694001051277436	0.925467921934124	0.921484441798513	1	0.83749911316667	0.975301228071892	0.98658115614024	1	0.996833658422051	0.999929831853093
ENSFCAG00000022640:MYCL	0	0	0	0	0	0	0	0	0	0.691062986198103	0.944675340772219	0.921846859009615	1	0.83749911316667	0.975301228071892	0.98658115614024	1	0.996863221795237	0.999929831853093
ENSFCAG00000012483:HDAC1	0	0	0	0	0	0	0	0	0	0.696822943053067	0.916756673376492	0.921860950276369	1	0.83749911316667	0.975301228071892	0.98658115614024	1	0.996864368380797	0.999929831853093
ENSFCAG00000030694:HOXD13	0	0	0	0	0	0	0	0	0	0.689437734021359	0.956704586530248	0.921897784158764	1	0.83749911316667	0.975301228071892	0.98658115614024	1	0.996867364482023	0.999929831853093
ENSFCAG00000039893:CHN1	0	0	0	0	0	0	0	0	0	0.697872467302202	0.915574125541479	0.922225037504333	1	0.83749911316667	0.975301228071892	0.98658115614024	1	0.996893918949727	0.999929831853093
ENSFCAG00000005081:SESN3	0	0	0	0	0	0	0	0	0	0.698287513762847	0.914936945243938	0.922346868835332	1	0.83749911316667	0.975301228071892	0.98658115614024	1	0.996903775099507	0.999929831853093
ENSFCAG00000042373:FLI1	0	0	0	0	0	0	0	0	0	0.695219549875072	0.929509576328971	0.922508292446248	1	0.83749911316667	0.975301228071892	0.98658115614024	1	0.996916809476706	0.999929831853093
ENSFCAG00000013972:RASGEF1A	0	0	0	0	0	0	0	0	0	0.696453610950055	0.924758547449938	0.92260597755959	1	0.83749911316667	0.975301228071892	0.98658115614024	1	0.99692468348007	0.999929831853093
ENSFCAG00000002126:TRAF5	0	0	0	0	0	0	0	0	0	0.697484944281067	0.922375329374844	0.922841388547952	1	0.83749911316667	0.975301228071892	0.98658115614024	1	0.996943616517172	0.999929831853093
ENSFCAG00000010841:MAFB	0	0	0	0	0	0	0	0	0	0.690081936779983	0.970956901888943	0.922967673886607	1	0.83749911316667	0.975301228071892	0.98658115614024	1	0.996953748324697	0.999929831853093
ENSFCAG00000007945:HOXA11	0	0	0	0	0	0	0	0	0	0.692139444664898	0.95341740501081	0.923028091121039	1	0.83749911316667	0.975301228071892	0.98658115614024	1	0.996958589457327	0.999929831853093
ENSFCAG00000032144:ACTG1	0	0	0	0	0	0	0	0	0	0.69305746997279	0.94971402329362	0.923221391000947	1	0.83749911316667	0.975301228071892	0.98658115614024	1	0.996974051690243	0.999929831853093
ENSFCAG00000048115:FANCF	0	0	0	0	0	0	0	0	0	0.695456803459499	0.942214769121334	0.923811100863565	1	0.83749911316667	0.975301228071892	0.98658115614024	1	0.997020973078735	0.999929831853093
ENSFCAG00000031216:CA5B	0	0	0	0	0	0	0	0	0	0.703034828236478	0.911087952153922	0.924131145850311	1	0.83749911316667	0.975301228071892	0.98658115614024	1	0.997046280464712	0.999929831853093
ENSFCAG00000034591:FRS2	0	0	0	0	0	0	0	0	0	0.698568829087681	0.929828985911026	0.924169753937237	1	0.83749911316667	0.975301228071892	0.98658115614024	1	0.997049325885902	0.999929831853093
ENSFCAG00000024841:ETV6	0	0	0	0	0	0	0	0	0	0.700076675933308	0.923843912840687	0.9242573321276	1	0.83749911316667	0.975301228071892	0.98658115614024	1	0.997056228109384	0.999929831853093
ENSFCAG00000040324:ZNF331	0	0	0	0	0	0	0	0	0	0.698893991817131	0.929773381801188	0.924321174853001	1	0.83749911316667	0.975301228071892	0.98658115614024	1	0.997061254460665	0.999929831853093
ENSFCAG00000031620:PDK1	0	0	0	0	0	0	0	0	0	0.699907194548262	0.925254128134825	0.92433124804656	1	0.83749911316667	0.975301228071892	0.98658115614024	1	0.997062047122553	0.999929831853093
ENSFCAG00000008018:REL	0	0	0	0	0	0	0	0	0	0.701135937349511	0.921500755376591	0.924500659177275	1	0.83749911316667	0.975301228071892	0.98658115614024	1	0.997075361675908	0.999929831853093
ENSFCAG00000009499:KBTBD4	0	0	0	0	0	0	0	0	0	0.6986200679529	0.933007099281954	0.924512543182415	1	0.83749911316667	0.975301228071892	0.98658115614024	1	0.997076294511936	0.999929831853093
ENSFCAG00000013380:ATP6V1B2	0	0	0	0	0	0	0	0	0	0.70313315698429	0.914596394975328	0.924625377324876	1	0.83749911316667	0.975301228071892	0.98658115614024	1	0.997085143827397	0.999929831853093
ENSFCAG00000018126:WAS	0	0	0	0	0	0	0	0	0	0.701439019188109	0.922457542104047	0.924754777046411	1	0.83749911316667	0.975301228071892	0.98658115614024	1	0.99709527539212	0.999929831853093
ENSFCAG00000027549:NCOA4	0	0	0	0	0	0	0	0	0	0.702457324964846	0.919202455407748	0.924863966807453	1	0.83749911316667	0.975301228071892	0.98658115614024	1	0.997103810498892	0.999929831853093
ENSFCAG00000008473:NFIB	0	0	0	0	0	0	0	0	0	0.70438480801296	0.912084325216299	0.924899643811384	1	0.83749911316667	0.975301228071892	0.98658115614024	1	0.997106596492145	0.999929831853093
ENSFCAG00000012147:NFE2L2	0	0	0	0	0	0	0	0	0	0.699435876767792	0.934393877168168	0.925040662685742	1	0.83749911316667	0.975301228071892	0.98658115614024	1	0.997117595091398	0.999929831853093
ENSFCAG00000004158:PAK1	0	0	0	0	0	0	0	0	0	0.701185272958811	0.927134103816422	0.925147338955007	1	0.83749911316667	0.975301228071892	0.98658115614024	1	0.997125900897688	0.999929831853093
ENSFCAG00000003156:ARID3C	0	0	0	0	0	0	0	0	0	0.698961855276051	0.940128838559244	0.925336843875778	1	0.83749911316667	0.975301228071892	0.98658115614024	1	0.997140625402935	0.999929831853093
ENSFCAG00000023383:GNA13	0	0	0	0	0	0	0	0	0	0.699758203173952	0.938004612067377	0.925532279753091	1	0.83749911316667	0.975301228071892	0.98658115614024	1	0.997155770092011	0.999929831853093
ENSFCAG00000000348:CDC73	0	0	0	0	0	0	0	0	0	0.711667564874942	0.892951574336484	0.925554230565101	1	0.83749911316667	0.975301228071892	0.98658115614024	1	0.997157468523161	0.999929831853093
ENSFCAG00000006925:PARP2	0	0	0	0	0	0	0	0	0	0.70763034652686	0.905987962958699	0.925611093305632	1	0.83749911316667	0.975301228071892	0.98658115614024	1	0.997161865823237	0.999929831853093
ENSFCAG00000005257:SMAD4	0	0	0	0	0	0	0	0	0	0.704187345246497	0.925924221634376	0.926447395528408	1	0.83749911316667	0.975301228071892	0.98658115614024	1	0.997226135228711	0.999929831853093
ENSFCAG00000011854:ALB	0	0	0	0	0	0	0	0	0	0.708050113552957	0.910890902805461	0.926465697621806	1	0.83749911316667	0.975301228071892	0.98658115614024	1	0.997227533291492	0.999929831853093
ENSFCAG00000010866:INHBA	0	0	0	0	0	0	0	0	0	0.701208315077042	0.948106865230164	0.927069442903642	1	0.83749911316667	0.975301228071892	0.98658115614024	1	0.997273449627005	0.999929831853093
ENSFCAG00000025247:SFRP4	0	0	0	0	0	0	0	0	0	0.703153408841393	0.940347693160797	0.927367002718293	1	0.83749911316667	0.975301228071892	0.98658115614024	1	0.997295935132489	0.999929831853093
ENSFCAG00000012557:ACKR3	0	0	0	0	0	0	0	0	0	0.701032570852806	0.953488298259107	0.927371667537567	1	0.83749911316667	0.975301228071892	0.98658115614024	1	0.997296286875597	0.999929831853093
ENSFCAG00000024972:JUN	0	0	0	0	0	0	0	0	0	0.699090772078422	0.97336593666685	0.927495780030801	1	0.83749911316667	0.975538628489767	0.98658115614024	1	0.997305636759291	0.999929831853093
ENSFCAG00000030732:IKZF3	0	0	0	0	0	0	0	0	0	0.704978512566133	0.93590233326055	0.927830869403803	1	0.83749911316667	0.975301228071892	0.98658115614024	1	0.997330797418712	0.999929831853093
ENSFCAG00000038120:SMYD3	0	0	0	0	0	0	0	0	0	0.709562300628647	0.91665556387921	0.927898927672601	1	0.83749911316667	0.975301228071892	0.98658115614024	1	0.997335892882801	0.999929831853093
ENSFCAG00000005533:PBX1	0	0	0	0	0	0	0	0	0	0.705415449844073	0.934998879642411	0.927951996731327	1	0.83749911316667	0.975301228071892	0.98658115614024	1	0.997339862653795	0.999929831853093
ENSFCAG00000026699:CDX2	0	0	0	0	0	0	0	0	0	0.703553313265258	0.945068595675812	0.927952821179554	1	0.83749911316667	0.975301228071892	0.98658115614024	1	0.997339924301772	0.999929831853093
ENSFCAG00000030278:MCL1	0	0	0	0	0	0	0	0	0	0.705220732382853	0.94110580393428	0.928413756212314	1	0.83749911316667	0.975301228071892	0.98658115614024	1	0.997374275976723	0.999929831853093
ENSFCAG00000022789:CCT6B	0	0	0	0	0	0	0	0	0	0.711279052954883	0.915209922510936	0.928514861401998	1	0.83749911316667	0.975301228071892	0.98658115614024	1	0.997381780341496	0.999929831853093
ENSFCAG00000025662:SH3GL1	1	0	0	0	0	0	0	0	0	0.708957343712023	0.926575171394642	0.928758730964845	1	0.83749911316667	0.975301228071892	0.98658115614024	1	0.997399835854159	0.999929831853093
ENSFCAG00000036602:IKZF2	0	0	0	0	0	0	0	0	0	0.708345384922826	0.93075161838481	0.928910275766607	1	0.83749911316667	0.975301228071892	0.98658115614024	1	0.997411023604	0.999929831853093
ENSFCAG00000045230:PHOX2B	0	0	0	0	0	0	0	0	0	0.704194046189797	0.958132142262054	0.929181954121146	1	0.83749911316667	0.975301228071892	0.98658115614024	1	0.99743101829022	0.999929831853093
ENSFCAG00000031995:SESN1	0	0	0	0	0	0	0	0	0	0.709511763451792	0.928179323132268	0.929187689641566	1	0.83749911316667	0.975301228071892	0.98658115614024	1	0.997431439550503	0.999929831853093
ENSFCAG00000009538:TRIP13	0	0	0	0	0	0	0	0	0	0.710054053118352	0.928746824354532	0.929499184947001	1	0.83749911316667	0.975301228071892	0.98658115614024	1	0.997454264969647	0.999929831853093
ENSFCAG00000001628:PAX5	1	0	0	0	0	0	0	0	0	0.707970909301791	0.940289580072573	0.929636774241645	1	0.83749911316667	0.975301228071892	0.98658115614024	1	0.997464313850527	0.999929831853093
ENSFCAG00000038081:PRKN	0	0	0	0	0	0	0	0	0	0.715420958106422	0.909869574988052	0.929723251522971	1	0.83749911316667	0.975301228071892	0.98658115614024	1	0.997470619326324	0.999929831853093
ENSFCAG00000013003:S1PR2	0	0	0	0	0	0	0	0	0	0.705604557483373	0.962097916728778	0.930081960933635	1	0.83749911316667	0.975301228071892	0.98658115614024	1	0.997496688686632	0.999929831853093
ENSFCAG00000033222:TUSC3	0	0	0	0	0	0	0	0	0	0.713900974842408	0.919182183998935	0.93020246907476	1	0.83749911316667	0.975301228071892	0.98658115614024	1	0.997505415619391	0.999929831853093
ENSFCAG00000026512:CRBN	0	0	0	0	0	0	0	0	0	0.716097555617817	0.911546463036788	0.930250655006267	1	0.83749911316667	0.975301228071892	0.98658115614024	1	0.99750890076844	0.999929831853093
ENSFCAG00000029278:ETV1	0	0	0	0	0	0	0	0	0	0.712085932828669	0.930623456162869	0.930632590535666	1	0.83749911316667	0.975301228071892	0.98658115614024	1	0.997536436773032	0.999929831853093
ENSFCAG00000008054:ACVR1	0	0	0	0	0	0	0	0	0	0.712874807485702	0.927261629352857	0.930644463199791	1	0.83749911316667	0.975301228071892	0.98658115614024	1	0.997537290231661	0.999929831853093
ENSFCAG00000035352:KCNJ5	0	0	0	0	0	0	0	0	0	0.708431629348488	0.950245172949506	0.93065098059505	1	0.83749911316667	0.975301228071892	0.98658115614024	1	0.997537758665927	0.999929831853093
ENSFCAG00000010727:PIGA	0	0	0	0	0	0	0	0	0	0.711592582120529	0.934630218673075	0.930801523347493	1	0.83749911316667	0.975301228071892	0.98658115614024	1	0.997548566142557	0.999929831853093
ENSFCAG00000000479:CALR	0	0	0	0	0	0	0	0	0	0.711420586483564	0.936547010891247	0.930903362596845	1	0.83749911316667	0.975301228071892	0.98658115614024	1	0.997555863383845	0.999929831853093
ENSFCAG00000039437:WWTR1	0	0	0	0	0	0	0	0	0	0.709080088095026	0.950785234484091	0.930993143512537	1	0.83749911316667	0.975301228071892	0.98658115614024	1	0.997562287350733	0.999929831853093
ENSFCAG00000014426:ESCO2	0	0	0	0	0	0	0	0	0	0.714220253074424	0.925624596285753	0.931083786436906	1	0.83749911316667	0.975301228071892	0.98658115614024	1	0.99756876421254	0.999929831853093
ENSFCAG00000029098:RAP1GDS1	0	0	0	0	0	0	0	0	0	0.714947230504083	0.925218539394511	0.931370981650029	1	0.83749911316667	0.975301228071892	0.98658115614024	1	0.997589227388178	0.999929831853093
ENSFCAG00000023859:CYP19A1	0	0	0	0	0	0	0	0	0	0.714952571831278	0.927444628249416	0.931614724506098	1	0.83749911316667	0.975301228071892	0.98658115614024	1	0.997606525029997	0.999929831853093
ENSFCAG00000009769:NFKBIE	0	0	0	0	0	0	0	0	0	0.713076657183229	0.938747738173727	0.931868137777502	1	0.83749911316667	0.975301228071892	0.98658115614024	1	0.997624441333149	0.999929831853093
ENSFCAG00000014173:MAPK3	1	0	0	0	0	0	0	0	0	0.712010597613244	0.947300938924222	0.932092945503009	1	0.83749911316667	0.975301228071892	0.98658115614024	1	0.997640277541317	0.999929831853093
ENSFCAG00000009235:YES1	0	0	0	0	0	0	0	0	0	0.724657797859172	0.897868297958602	0.93213862625219	1	0.83749911316667	0.975301228071892	0.98658115614024	1	0.99764348881751	0.999929831853093
ENSFCAG00000002457:TBL1XR1	0	0	0	0	0	0	0	0	0	0.721157567892006	0.910138138402689	0.932336057725354	1	0.83749911316667	0.975301228071892	0.98658115614024	1	0.997657342157491	0.999929831853093
ENSFCAG00000029868:SOCS2	0	0	0	0	0	0	0	0	0	0.712465056953422	0.948971412848047	0.93242981359049	1	0.83749911316667	0.975301228071892	0.98658115614024	1	0.99766390616255	0.999929831853093
ENSFCAG00000029740:SHOC2	0	0	0	0	0	0	0	0	0	0.71458505936946	0.938330587432009	0.932521666745277	1	0.83749911316667	0.975301228071892	0.98658115614024	1	0.997670327813545	0.999929831853093
ENSFCAG00000033551:DNAJB1	0	0	0	0	0	0	0	0	0	0.714128102356687	0.947921916908781	0.933114568128778	1	0.83749911316667	0.975301228071892	0.98658115614024	1	0.997711561174512	0.999929831853093
ENSFCAG00000028662:PSIP1	0	0	0	0	0	0	0	0	0	0.72488825613096	0.909424533192812	0.933887453081079	1	0.83749911316667	0.975301228071892	0.98658115614024	1	0.997764745909203	0.999929831853093
ENSFCAG00000003700:AKT3	0	0	0	0	0	0	0	0	0	0.72147427999958	0.922968918502875	0.934057844723437	1	0.83749911316667	0.975301228071892	0.98658115614024	1	0.997776385043047	0.999929831853093
ENSFCAG00000009774:MEF2B	0	0	0	0	0	0	0	0	0	0.716175551169559	0.948274118961969	0.934075952563857	1	0.83749911316667	0.975301228071892	0.98658115614024	1	0.997777620128455	0.999929831853093
ENSFCAG00000022941:IRF4	0	0	0	0	0	0	0	0	0	0.723847939275675	0.914476150749516	0.93408835547091	1	0.83749911316667	0.975301228071892	0.98658115614024	1	0.997778465893667	0.999929831853093
ENSFCAG00000029513:ABI1	0	0	0	0	0	0	0	0	0	0.721966061895168	0.923725775754701	0.934362008859215	1	0.83749911316667	0.975301228071892	0.98658115614024	1	0.997797084662421	0.999929831853093
ENSFCAG00000029360:DDX6	0	0	0	0	0	0	0	0	0	0.722241201567992	0.92328725610958	0.934434550301396	1	0.83749911316667	0.975301228071892	0.98658115614024	1	0.997802006781233	0.999929831853093
ENSFCAG00000022444:TENT5C	0	0	0	0	0	0	0	0	0	0.717417900882506	0.946367617964065	0.934491717575287	1	0.83749911316667	0.975301228071892	0.98658115614024	1	0.997805881756451	0.999929831853093
ENSFCAG00000007999:MKNK1	0	0	0	0	0	0	0	0	0	0.724066669304986	0.919851854314294	0.934842987060625	1	0.83749911316667	0.975301228071892	0.98658115614024	1	0.99782961513584	0.999929831853093
ENSFCAG00000006231:PPARG	0	0	0	0	0	0	0	0	0	0.717592076874854	0.950139033553098	0.934857847797686	1	0.83749911316667	0.975301228071892	0.98658115614024	1	0.997830616285029	0.999929831853093
ENSFCAG00000038352:HOXC11	0	0	0	0	0	0	0	0	0	0.720024226930141	0.94483758397175	0.935542872646343	1	0.83749911316667	0.975301228071892	0.98658115614024	1	0.997876509186362	0.999929831853093
ENSFCAG00000003665:EIF3E	0	0	0	0	0	0	0	0	0	0.726071385223139	0.918900265082114	0.935608636111931	1	0.83749911316667	0.975301228071892	0.98658115614024	1	0.997880888583303	0.999929831853093
ENSFCAG00000005528:NUF2	0	0	0	0	0	0	0	0	0	0.726868735531829	0.9214087215092	0.936252891978732	1	0.83749911316667	0.975301228071892	0.98658115614024	1	0.997923547209209	0.999929831853093
ENSFCAG00000028389:MAP2K1	0	0	0	0	0	0	0	0	0	0.722280994051208	0.941919904340433	0.936306172080885	1	0.83749911316667	0.975301228071892	0.98658115614024	1	0.997927055235172	0.999929831853093
ENSFCAG00000027073:CDK8	0	0	0	0	0	0	0	0	0	0.730904303961381	0.909545975403313	0.936510189681726	1	0.83749911316667	0.975301228071892	0.98658115614024	1	0.997940459968621	0.999929831853093
ENSFCAG00000029721:PPP2R2A	0	0	0	0	0	0	0	0	0	0.729600333203406	0.913832899939107	0.936511639854646	1	0.83749911316667	0.975301228071892	0.98658115614024	1	0.997940555091412	0.999929831853093
ENSFCAG00000045474:CRLF2	0	0	0	0	0	0	0	0	0	0.725593707607994	0.929662871601666	0.936605149382498	1	0.83749911316667	0.975301228071892	0.98658115614024	1	0.9979466840243	0.999929831853093
ENSFCAG00000043034:FGF3	0	0	0	0	0	0	0	0	0	0.720444412054445	0.95764290354244	0.936651505507843	1	0.83749911316667	0.975301228071892	0.98658115614024	1	0.997949718901316	0.999929831853093
ENSFCAG00000009292:SETD4	0	0	0	0	0	0	0	0	0	0.727670306131312	0.923865704982327	0.9368829977026	1	0.83749911316667	0.975301228071892	0.98658115614024	1	0.997964840070459	0.999929831853093
ENSFCAG00000004068:SMARCB1	0	0	0	0	0	0	0	0	0	0.728663786539582	0.921658981513982	0.937061315450479	1	0.83749911316667	0.975301228071892	0.98658115614024	1	0.997976448861517	0.999929831853093
ENSFCAG00000003608:TFPT	0	0	0	0	0	0	0	0	0	0.728034923704438	0.924868060232521	0.937153553835298	1	0.83749911316667	0.975301228071892	0.98658115614024	1	0.997982440422159	0.999929831853093
ENSFCAG00000038251:MAP2K4	0	0	0	0	0	0	0	0	0	0.72849426391591	0.92466239100546	0.937329765820693	1	0.83749911316667	0.975301228071892	0.98658115614024	1	0.997993861447531	0.999929831853093
ENSFCAG00000030336:IFNGR1	0	0	0	0	0	0	0	0	0	0.724007116179835	0.946174925950651	0.93742217645332	1	0.83749911316667	0.975301228071892	0.98658115614024	1	0.997999837719636	0.999929831853093
ENSFCAG00000034951:MYD88	0	0	0	0	0	0	0	0	0	0.726974331048673	0.934604960101677	0.937704806466756	1	0.83749911316667	0.975301228071892	0.98658115614024	1	0.998018059103552	0.999929831853093
ENSFCAG00000025137:PRKACA	0	0	0	0	0	0	0	0	0	0.727453042274472	0.93355937567433	0.937811399862098	1	0.83749911316667	0.975301228071892	0.98658115614024	1	0.998024909141514	0.999929831853093
ENSFCAG00000045613:FEV	0	0	0	0	0	0	0	0	0	0.722239468618003	0.965493112909063	0.937897831851772	1	0.83749911316667	0.975301228071892	0.98658115614024	1	0.998030454647021	0.999929831853093
ENSFCAG00000000449:ELF3	0	0	0	0	0	0	0	0	0	0.728112687389927	0.934471029277721	0.938187218076584	1	0.83749911316667	0.975301228071892	0.98658115614024	1	0.998048963789725	0.999929831853093
ENSFCAG00000025016:DDB2	0	0	0	0	0	0	0	0	0	0.730690434846351	0.924939374747129	0.938307846370993	1	0.83749911316667	0.975301228071892	0.98658115614024	1	0.998056652814757	0.999929831853093
ENSFCAG00000015151:PAG1	0	0	0	0	0	0	0	0	0	0.725031722166293	0.952017932146326	0.938313164025374	1	0.83749911316667	0.975301228071892	0.98658115614024	1	0.998056991412974	0.999929831853093
ENSFCAG00000025666:NFE2	0	0	0	0	0	0	0	0	0	0.725820846578942	0.949595591959084	0.938483776116537	1	0.83749911316667	0.975301228071892	0.98658115614024	1	0.99806783903438	0.999929831853093
ENSFCAG00000041934:SOCS1	0	0	0	0	0	0	0	0	0	0.725595569770544	0.96062472728293	0.939116505104574	1	0.83749911316667	0.975301228071892	0.98658115614024	1	0.998107797568318	0.999929831853093
ENSFCAG00000024268:CD36	0	0	0	0	0	0	0	0	0	0.734477856438664	0.924338178132466	0.939855317291521	1	0.83749911316667	0.975301228071892	0.98658115614024	1	0.998153916058812	0.999929831853093
ENSFCAG00000022238:PCBP1	0	0	0	0	0	0	0	0	0	0.727376574922412	0.960480806196943	0.93988797574884	1	0.83749911316667	0.975301228071892	0.98658115614024	1	0.99815594127374	0.999929831853093
ENSFCAG00000009681:RRAGC	0	0	0	0	0	0	0	0	0	0.732057785297661	0.935127108732818	0.939950788889396	1	0.83749911316667	0.975301228071892	0.98658115614024	1	0.998159833249488	0.999929831853093
ENSFCAG00000028366:XBP1	0	0	0	0	0	0	0	0	0	0.732826354889002	0.932082199835901	0.93997909588089	1	0.83749911316667	0.975301228071892	0.98658115614024	1	0.998161585811754	0.999929831853093
ENSFCAG00000012037:XIAP	0	0	0	0	0	0	0	0	0	0.734716202360829	0.925021226899249	0.940032547270885	1	0.83749911316667	0.975301228071892	0.98658115614024	1	0.998164892807064	0.999929831853093
ENSFCAG00000001593:EED	0	0	0	0	0	0	0	0	0	0.739969721427056	0.908911399886426	0.940238862474272	1	0.83749911316667	0.975301228071892	0.98658115614024	1	0.998177628861047	0.999929831853093
ENSFCAG00000012379:SPRED1	0	0	0	0	0	0	0	0	0	0.739502655405513	0.91296151585041	0.940582899795119	1	0.83749911316667	0.975301228071892	0.98658115614024	1	0.99819876596262	0.999929831853093
ENSFCAG00000027039:LEF1	0	0	0	0	0	0	0	0	0	0.732764424244898	0.939137438533101	0.940626576375353	1	0.83749911316667	0.975301228071892	0.98658115614024	1	0.998201440378873	0.999929831853093
ENSFCAG00000010904:GATA1	0	0	0	0	0	0	0	0	0	0.733802134900091	0.934512875592518	0.940634906655767	1	0.83749911316667	0.975301228071892	0.98658115614024	1	0.998201950230579	0.999929831853093
ENSFCAG00000023627:GID4	0	0	0	0	0	0	0	0	0	0.73252056537875	0.942706352668261	0.940835147401683	1	0.83749911316667	0.975301228071892	0.98658115614024	1	0.998214183692158	0.999929831853093
ENSFCAG00000039431:PNRC1	0	0	0	0	0	0	0	0	0	0.730534912596392	0.956386918026176	0.941005927495733	1	0.83749911316667	0.975301228071892	0.98658115614024	1	0.998224583617376	0.999929831853093
ENSFCAG00000026744:GNB1	0	0	0	0	0	0	0	0	0	0.73530116183883	0.936637244628783	0.941473051527688	1	0.83749911316667	0.975301228071892	0.98658115614024	1	0.998252871563489	0.999929831853093
ENSFCAG00000030144:IRF2	0	0	0	0	0	0	0	0	0	0.738337760193958	0.925177233817209	0.941570335594289	1	0.83749911316667	0.975301228071892	0.98658115614024	1	0.998258733696084	0.999929831853093
ENSFCAG00000014851:MDM4	1	0	0	0	0	0	0	0	0	0.738580152169844	0.924586056308759	0.941605251347958	1	0.83749911316667	0.975301228071892	0.98658115614024	1	0.998260835194529	0.999929831853093
ENSFCAG00000006667:INHA	0	0	0	0	0	0	0	0	0	0.733065649570178	0.950268494711938	0.941667946286817	1	0.83749911316667	0.975301228071892	0.98658115614024	1	0.998264605408296	0.999929831853093
ENSFCAG00000025542:HEY1	0	0	0	0	0	0	0	0	0	0.73621954218901	0.935281984927195	0.941731319240067	1	0.83749911316667	0.975301228071892	0.98658115614024	1	0.998268412152941	0.999929831853093
ENSFCAG00000023702:PIM1	0	0	0	0	0	0	0	0	0	0.734687912081668	0.943699304096195	0.941840946347275	1	0.83749911316667	0.975301228071892	0.98658115614024	1	0.998274987265185	0.999929831853093
ENSFCAG00000037388:RAD52	0	0	0	0	0	0	0	0	0	0.739403645976737	0.925169344725958	0.942012813626151	1	0.83749911316667	0.975301228071892	0.98658115614024	1	0.998285269677309	0.999929831853093
ENSFCAG00000032546:IGF2	0	0	0	0	0	0	0	0	0	0.733439359956627	0.95416328349485	0.942103279722887	1	0.83749911316667	0.975301228071892	0.98658115614024	1	0.998290669452613	0.999929831853093
ENSFCAG00000024503:GNAQ	0	0	0	0	0	0	0	0	0	0.739416644463213	0.925996725800226	0.942109848058646	1	0.83749911316667	0.975301228071892	0.98658115614024	1	0.998291061167701	0.999929831853093
ENSFCAG00000003976:IDH1	0	0	0	0	0	0	0	0	0	0.737340559990031	0.934735341109207	0.942149198800119	1	0.83749911316667	0.975301228071892	0.98658115614024	1	0.998293406964391	0.999929831853093
ENSFCAG00000040420:GSK3B	0	0	0	0	0	0	0	0	0	0.741907726265741	0.919394398778259	0.942378185134527	1	0.83749911316667	0.975301228071892	0.98658115614024	1	0.998307024808778	0.999929831853093
ENSFCAG00000040513:TPM3	0	0	0	0	0	0	0	0	0	0.742072920332119	0.922575090120508	0.942820559842465	1	0.83749911316667	0.975301228071892	0.98658115614024	1	0.998333175320453	0.999929831853093
ENSFCAG00000025854:CASP8	0	0	0	0	0	0	0	0	0	0.73822939833889	0.938436129574833	0.942869868393244	1	0.83749911316667	0.975301228071892	0.98658115614024	1	0.998336077284082	0.999929831853093
ENSFCAG00000036644:CCND3	0	0	0	0	0	0	0	0	0	0.737661713523521	0.942968934881335	0.943032053061968	1	0.83749911316667	0.975301228071892	0.98658115614024	1	0.998345604174098	0.999929831853093
ENSFCAG00000030830:PTPN2	0	0	0	0	0	0	0	0	0	0.743921915231639	0.920434986877403	0.94332625485691	1	0.83749911316667	0.975301228071892	0.98658115614024	1	0.998362814695332	0.999929831853093
ENSFCAG00000002637:SPOP	0	0	0	0	0	0	0	0	0	0.740454404597669	0.93907939072249	0.94385358274099	1	0.83749911316667	0.975301228071892	0.98658115614024	1	0.998393433265577	0.999929831853093
ENSFCAG00000045118:CDK6	0	0	0	0	0	0	0	0	0	0.74219973498863	0.932120693287142	0.943905984333404	1	0.83749911316667	0.975301228071892	0.98658115614024	1	0.998396459796526	0.999929831853093
ENSFCAG00000022485:TMEM30A	0	0	0	0	0	0	0	0	0	0.744813143430363	0.922722814510524	0.943956365241855	1	0.83749911316667	0.975301228071892	0.98658115614024	1	0.998399366876898	0.999929831853093
ENSFCAG00000002120:HOXB13	0	0	0	0	0	0	0	0	0	0.738887055319438	0.949806156916509	0.944088952505575	1	0.83749911316667	0.975301228071892	0.98658115614024	1	0.998407004580929	0.999929831853093
ENSFCAG00000030098:SS18	0	0	0	0	0	0	0	0	0	0.742803380744968	0.9321926526619	0.944160919913951	1	0.83749911316667	0.975301228071892	0.98658115614024	1	0.998411142474755	0.999929831853093
ENSFCAG00000025659:TFG	0	0	0	0	0	0	0	0	0	0.744938057374437	0.924663003783315	0.944227967242133	1	0.83749911316667	0.975301228071892	0.98658115614024	1	0.998414992543933	0.999929831853093
ENSFCAG00000042983:CRKL	0	0	0	0	0	0	0	0	0	0.740862664155224	0.943884272029874	0.944440961089043	1	0.83749911316667	0.975301228071892	0.98658115614024	1	0.998427191739347	0.999929831853093
ENSFCAG00000015075:SETD7	0	0	0	0	0	0	0	0	0	0.742743373523943	0.93559888121555	0.944471838123154	1	0.83749911316667	0.975301228071892	0.98658115614024	1	0.998428956230791	0.999929831853093
ENSFCAG00000024493:AURKA	0	0	0	0	0	0	0	0	0	0.743807321621746	0.932414791960766	0.94459390087726	1	0.83749911316667	0.975301228071892	0.98658115614024	1	0.998435921716512	0.999929831853093
ENSFCAG00000001078:POU5F1	0	0	0	0	0	0	0	0	0	0.748059326864272	0.91925491205985	0.944856283833498	1	0.83749911316667	0.975301228071892	0.98658115614024	1	0.998450841153705	0.999929831853093
ENSFCAG00000013883:EIF4A2	0	0	0	0	0	0	0	0	0	0.745459076503914	0.929187834279032	0.944932622478686	1	0.83749911316667	0.975301228071892	0.98658115614024	1	0.998455168184439	0.999929831853093
ENSFCAG00000028964:SIX1	0	0	0	0	0	0	0	0	0	0.740892183172886	0.951319189426293	0.94503294345219	1	0.83749911316667	0.975301228071892	0.98658115614024	1	0.998460845204991	0.999929831853093
ENSFCAG00000009200:IL7R	0	0	0	0	0	0	0	0	0	0.744261596394815	0.936639670221572	0.945191568426321	1	0.83749911316667	0.975301228071892	0.98658115614024	1	0.99846979983388	0.999929831853093
ENSFCAG00000018503:ABRAXAS1	0	0	0	0	0	0	0	0	0	0.745534737079212	0.931451588038253	0.945198634028296	1	0.83749911316667	0.975301228071892	0.98658115614024	1	0.998470198078879	0.999929831853093
ENSFCAG00000008090:TTL	0	0	0	0	0	0	0	0	0	0.743993058250936	0.939699603289702	0.945364090266952	1	0.83749911316667	0.975301228071892	0.98658115614024	1	0.998479508741436	0.999929831853093
ENSFCAG00000009646:SMARCE1	0	0	0	0	0	0	0	0	0	0.746969783831659	0.931023691167132	0.945734545298389	1	0.83749911316667	0.975301228071892	0.98658115614024	1	0.998500250236399	0.999929831853093
ENSFCAG00000006671:NFKBIA	0	0	0	0	0	0	0	0	0	0.74688844516623	0.933372657883589	0.945939523459781	1	0.83749911316667	0.975301228071892	0.98658115614024	1	0.998511664444256	0.999929831853093
ENSFCAG00000015580:PDGFB	0	0	0	0	0	0	0	0	0	0.750109376970097	0.925728523629	0.94642420178812	1	0.83749911316667	0.975301228071892	0.98658115614024	1	0.998538477089563	0.999929831853093
ENSFCAG00000031618:FANCL	0	0	0	0	0	0	0	0	0	0.751595177848753	0.924207062580097	0.946842104028275	1	0.83749911316667	0.975301228071892	0.98658115614024	1	0.998561396372544	0.999929831853093
ENSFCAG00000036639:FGF4	0	0	0	0	0	0	0	0	0	0.744255161329489	0.960057493836805	0.946991705675292	1	0.83749911316667	0.975301228071892	0.98658115614024	1	0.998569556235257	0.999929831853093
ENSFCAG00000019399:QKI	0	0	0	0	0	0	0	0	0	0.749967473252168	0.933218398971638	0.947157450712995	1	0.83749911316667	0.975301228071892	0.98658115614024	1	0.998578569025789	0.999929831853093
ENSFCAG00000014287:PDCD1	0	0	0	0	0	0	0	0	0	0.749248908464869	0.938675353849357	0.947393275918606	1	0.83749911316667	0.975301228071892	0.98658115614024	1	0.998591342605655	0.999929831853093
ENSFCAG00000004500:LTB	0	0	0	0	0	0	0	0	0	0.746656292492072	0.951414913940615	0.947396804419998	1	0.83749911316667	0.975301228071892	0.98658115614024	1	0.998591533282778	0.999929831853093
ENSFCAG00000001624:CCNE1	0	0	0	0	0	0	0	0	0	0.752409364438056	0.927319748937268	0.947508941111479	1	0.83749911316667	0.975301228071892	0.98658115614024	1	0.998597586206346	0.999929831853093
ENSFCAG00000008160:FCGR2B	0	0	0	0	0	0	0	0	0	0.750612027113966	0.936339044654312	0.94771793292726	1	0.83749911316667	0.975301228071892	0.98658115614024	1	0.998608831769377	0.999929831853093
ENSFCAG00000033716:FGF14	0	0	0	0	0	0	0	0	0	0.748833877110122	0.944531715855573	0.94773815622486	1	0.83749911316667	0.975301228071892	0.98658115614024	1	0.998609917511524	0.999929831853093
ENSFCAG00000033201:NEGR1	0	0	0	0	0	0	0	0	0	0.751480762812204	0.935610248844894	0.947992481507198	1	0.83749911316667	0.975301228071892	0.98658115614024	1	0.998623534814135	0.999929831853093
ENSFCAG00000011605:EGFL7	0	0	0	0	0	0	0	0	0	0.749939535334226	0.943784642581537	0.948117423144175	1	0.83749911316667	0.975301228071892	0.98658115614024	1	0.998630199552456	0.999929831853093
ENSFCAG00000029552:BCL2	0	0	0	0	0	0	0	0	0	0.74858673259908	0.95805327350883	0.948622483703966	1	0.83749911316667	0.975301228071892	0.98658115614024	1	0.998656973125081	0.999929831853093
ENSFCAG00000040792:BBC3	0	0	0	0	0	0	0	0	0	0.75016205209222	0.94972527141446	0.948678673001213	1	0.83749911316667	0.975301228071892	0.98658115614024	1	0.998659935129735	0.999929831853093
ENSFCAG00000040786:LASP1	0	0	0	0	0	0	0	0	0	0.751805353292069	0.941729688332904	0.948682107991307	1	0.83749911316667	0.975301228071892	0.98658115614024	1	0.998660116096426	0.999929831853093
ENSFCAG00000045245:PHF6	0	0	0	0	0	0	0	0	0	0.7586303298206	0.920740999768034	0.949176588081891	1	0.83749911316667	0.975301228071892	0.98658115614024	1	0.998686037209224	0.999929831853093
ENSFCAG00000022622:ETNK1	0	0	0	0	0	0	0	0	0	0.75718167013759	0.92710881337818	0.949346222118549	1	0.83749911316667	0.975301228071892	0.98658115614024	1	0.998694870234414	0.999929831853093
ENSFCAG00000038036:ZNF24	1	0	0	0	0	0	0	0	0	0.75727079900898	0.929621483012625	0.949650509293315	1	0.83749911316667	0.975301228071892	0.98658115614024	1	0.998710638844398	0.999929831853093
ENSFCAG00000029481:PPP4R2	0	0	0	0	0	0	0	0	0	0.756212525172022	0.934687667174113	0.949756364635402	1	0.83749911316667	0.975301228071892	0.98658115614024	1	0.998716101563869	0.999929831853093
ENSFCAG00000027426:RAD51D	0	0	0	0	0	0	0	0	0	0.756506452099375	0.934450964543194	0.949847066328171	1	0.83749911316667	0.975301228071892	0.98658115614024	1	0.998720772885815	0.999929831853093
ENSFCAG00000022323:PPP1CB	0	0	0	0	0	0	0	0	0	0.76277403325954	0.917344446309023	0.95033706704434	1	0.83749911316667	0.975301228071892	0.98658115614024	1	0.998745859157434	0.999929831853093
ENSFCAG00000008999:TPM4	0	0	0	0	0	0	0	0	0	0.757387113756284	0.936461252125843	0.950382034491346	1	0.83749911316667	0.975301228071892	0.98658115614024	1	0.998748148670124	0.999929831853093
ENSFCAG00000013046:GADD45B	0	0	0	0	0	0	0	0	0	0.755418776351836	0.948998496624739	0.950694520251528	1	0.83749911316667	0.975301228071892	0.98658115614024	1	0.998764000088905	0.999929831853093
ENSFCAG00000009419:SCG5	0	0	0	0	0	0	0	0	0	0.759490732830899	0.93157160931314	0.950706139477051	1	0.83749911316667	0.975301228071892	0.98658115614024	1	0.998764587514847	0.999929831853093
ENSFCAG00000030589:APH1A	0	0	0	0	0	0	0	0	0	0.756873441812813	0.943366662991976	0.950805392157612	1	0.83749911316667	0.975301228071892	0.98658115614024	1	0.998769599583475	0.999929831853093
ENSFCAG00000025160:HSD3B2	0	0	0	0	0	0	0	0	0	0.756036309386788	0.949135940963486	0.950945289419332	1	0.83749911316667	0.975301228071892	0.98658115614024	1	0.998776646531454	0.999929831853093
ENSFCAG00000002606:PRSS8	0	0	0	0	0	0	0	0	0	0.757214951719718	0.944316572579974	0.951017419653122	1	0.83749911316667	0.975301228071892	0.98658115614024	1	0.99878027185637	0.999929831853093
ENSFCAG00000045399:FGF23	0	0	0	0	0	0	0	0	0	0.754053594021598	0.962252890989364	0.951041144448041	1	0.83749911316667	0.975301228071892	0.98658115614024	1	0.998781463088433	0.999929831853093
ENSFCAG00000006305:CCN6	0	0	0	0	0	0	0	0	0	0.757959847111793	0.941896190847775	0.951098428232588	1	0.83749911316667	0.975301228071892	0.98658115614024	1	0.998784336892012	0.999929831853093
ENSFCAG00000036921:SDHB	0	0	0	0	0	0	0	0	0	0.758086772996123	0.941902551636454	0.951147860568263	1	0.83749911316667	0.975301228071892	0.98658115614024	1	0.998786814032145	0.999929831853093
ENSFCAG00000039688:NKX3-1	0	0	0	0	0	0	0	0	0	0.757852571175173	0.946388664247418	0.95143326690342	1	0.83749911316667	0.975301228071892	0.98658115614024	1	0.998801066006381	0.999929831853093
ENSFCAG00000013318:IRF1	0	0	0	0	0	0	0	0	0	0.76223283467037	0.9304963402087	0.951636840826033	1	0.83749911316667	0.975301228071892	0.98658115614024	1	0.998811179305243	0.999929831853093
ENSFCAG00000006857:XRCC2	0	0	0	0	0	0	0	0	0	0.757102076286975	0.957851507468627	0.951965785875941	1	0.83749911316667	0.975301228071892	0.98658115614024	1	0.998827428853676	0.999929831853093
ENSFCAG00000024636:RAD51C	0	0	0	0	0	0	0	0	0	0.764128669119849	0.934363334706437	0.952742873536988	1	0.83749911316667	0.975301228071892	0.98658115614024	1	0.998865364832653	0.999929831853093
ENSFCAG00000004268:DEK	0	0	0	0	0	0	0	0	0	0.763418792182454	0.938681110371006	0.95288827896177	1	0.83749911316667	0.975301228071892	0.98658115614024	1	0.998872392845975	0.999929831853093
ENSFCAG00000027677:SOCS3	0	0	0	0	0	0	0	0	0	0.757899678851689	0.973067691207141	0.953061499913152	1	0.83749911316667	0.975538628489767	0.98658115614024	1	0.998880736332081	0.999929831853093
ENSFCAG00000027163:FGF19	0	0	0	0	0	0	0	0	0	0.761537730173152	0.961814514384548	0.953905506104728	1	0.83749911316667	0.975301228071892	0.98658115614024	1	0.998920939037889	0.999929831853093
ENSFCAG00000033129:FAS	0	0	0	0	0	0	0	0	0	0.765696988355935	0.941552865357935	0.953999543164079	1	0.83749911316667	0.975301228071892	0.98658115614024	1	0.998925372074046	0.999929831853093
ENSFCAG00000025748:BCL2L1	0	0	0	0	0	0	0	0	0	0.764007789748363	0.951630679864963	0.954176772432368	1	0.83749911316667	0.975301228071892	0.98658115614024	1	0.998933701708696	0.999929831853093
ENSFCAG00000024840:RRAS	0	0	0	0	0	0	0	0	0	0.765340190325768	0.948686848561087	0.954455172495995	1	0.83749911316667	0.975301228071892	0.98658115614024	1	0.998946719823146	0.999929831853093
ENSFCAG00000008220:CREB1	0	0	0	0	0	0	0	0	0	0.769574887555698	0.93232749782647	0.954555413009183	1	0.83749911316667	0.975301228071892	0.98658115614024	1	0.998951387231067	0.999929831853093
ENSFCAG00000028989:CD70	0	0	0	0	0	0	0	0	0	0.763779327340791	0.96021401344633	0.954659237861745	1	0.83749911316667	0.975301228071892	0.98658115614024	1	0.998956210435472	0.999929831853093
ENSFCAG00000023035:JAZF1	0	0	0	0	0	0	0	0	0	0.768329091067896	0.938619681068092	0.954709748013499	1	0.83749911316667	0.975301228071892	0.98658115614024	1	0.998958552811792	0.999929831853093
ENSFCAG00000014436:TCEA1	0	0	0	0	0	0	0	0	0	0.770944737257293	0.929090742195139	0.954716899325613	1	0.83749911316667	0.975301228071892	0.98658115614024	1	0.998958884233403	0.999929831853093
ENSFCAG00000012114:OMD	0	0	0	0	0	0	0	0	0	0.76539021181702	0.952074141919305	0.954726512687404	1	0.83749911316667	0.975301228071892	0.98658115614024	1	0.998959329672255	0.999929831853093
ENSFCAG00000031745:KLF6	0	0	0	0	0	0	0	0	0	0.764400691618997	0.957951320467433	0.954753567402431	1	0.83749911316667	0.975301228071892	0.98658115614024	1	0.99896058274344	0.999929831853093
ENSFCAG00000012089:MOB3B	0	0	0	0	0	0	0	0	0	0.765463741200311	0.953792601703549	0.954875544505229	1	0.83749911316667	0.975301228071892	0.98658115614024	1	0.998966222737831	0.999929831853093
ENSFCAG00000013445:EPCAM	0	0	0	0	0	0	0	0	0	0.771210524746783	0.931200838552621	0.955035665738878	1	0.83749911316667	0.975301228071892	0.98658115614024	1	0.998973602793947	0.999929831853093
ENSFCAG00000025024:PRRX1	0	0	0	0	0	0	0	0	0	0.768293393019841	0.944092960643146	0.955179796168329	1	0.83749911316667	0.975301228071892	0.98658115614024	1	0.998980222868669	0.999929831853093
ENSFCAG00000037922:PPP6C	0	0	0	0	0	0	0	0	0	0.771923379270594	0.932790844366923	0.955457135784998	1	0.83749911316667	0.975301228071892	0.98658115614024	1	0.998992900208254	0.999929831853093
ENSFCAG00000043152:RMI2	0	0	0	0	0	0	0	0	0	0.76520699151523	0.97090741923644	0.955748027867804	1	0.83749911316667	0.975301228071892	0.98658115614024	1	0.999006110538585	0.999929831853093
ENSFCAG00000030239:TMEM127	0	0	0	0	0	0	0	0	0	0.767274387521692	0.95896506087797	0.955888074778136	1	0.83749911316667	0.975301228071892	0.98658115614024	1	0.999012438937451	0.999929831853093
ENSFCAG00000007657:RAD51B	0	0	0	0	0	0	0	0	0	0.773064522722417	0.938640417511743	0.956436376023171	1	0.83749911316667	0.975301228071892	0.98658115614024	1	0.999037018022372	0.999929831853093
ENSFCAG00000014712:RAD51	0	0	0	0	0	0	0	0	0	0.776089904335563	0.929118241480231	0.956568242037854	1	0.83749911316667	0.975301228071892	0.98658115614024	1	0.999042882377911	0.999929831853093
ENSFCAG00000040177:CD79B	0	0	0	0	0	0	0	0	0	0.772350636346499	0.94308747785017	0.956575222865447	1	0.83749911316667	0.975301228071892	0.98658115614024	1	0.999043192323153	0.999929831853093
ENSFCAG00000025776:RAC2	0	0	0	0	0	0	0	0	0	0.772547144456094	0.947735986046782	0.957028833840435	1	0.83749911316667	0.975301228071892	0.98658115614024	1	0.999063223232771	0.999929831853093
ENSFCAG00000038221:MTAP	0	0	0	0	0	0	0	0	0	0.775686788126858	0.939082264213397	0.957416472205187	1	0.83749911316667	0.975301228071892	0.98658115614024	1	0.999080170496829	0.999929831853093
ENSFCAG00000040666:CYSLTR2	0	0	0	0	0	0	0	0	0	0.775499953259545	0.950434952872121	0.958296494995506	1	0.83749911316667	0.975301228071892	0.98658115614024	1	0.999118061951184	0.999929831853093
ENSFCAG00000025224:FGF12	0	0	0	0	0	0	0	0	0	0.778634230658101	0.947596501968799	0.959187944610209	1	0.83749911316667	0.975301228071892	0.98658115614024	1	0.999155621466704	0.999929831853093
ENSFCAG00000008129:CD79A	0	0	0	0	0	0	0	0	0	0.779649652603335	0.945890142544595	0.959406705894957	1	0.83749911316667	0.975301228071892	0.98658115614024	1	0.999164711920724	0.999929831853093
ENSFCAG00000009047:CD274	0	0	0	0	0	0	0	0	0	0.779353057031758	0.948538635243278	0.959514169799031	1	0.83749911316667	0.975301228071892	0.98658115614024	1	0.999169159228096	0.999929831853093
ENSFCAG00000022176:MLF1	0	0	0	0	0	0	0	0	0	0.787836176653967	0.920508295853362	0.959644477687991	1	0.83749911316667	0.975301228071892	0.98658115614024	1	0.999174535770135	0.999929831853093
ENSFCAG00000044777:ARFRP1	0	0	0	0	0	0	0	0	0	0.78152375936854	0.95029133755528	0.960405042798273	1	0.83749911316667	0.975301228071892	0.98658115614024	1	0.999205563958607	0.999929831853093
ENSFCAG00000009048:PDCD1LG2	0	0	0	0	0	0	0	0	0	0.782162043313369	0.94951618688803	0.960567392490633	1	0.83749911316667	0.975301228071892	0.98658115614024	1	0.99921210919153	0.999929831853093
ENSFCAG00000002990:HRAS	0	0	0	0	0	0	0	0	0	0.781849393170061	0.953831943579114	0.960774652547098	1	0.83749911316667	0.975301228071892	0.98658115614024	1	0.999220425140423	0.999929831853093
ENSFCAG00000030268:NPM1	0	0	0	0	0	0	0	0	0	0.78598278118164	0.939082146398983	0.960996338377384	1	0.83749911316667	0.975301228071892	0.98658115614024	1	0.999229270411873	0.999929831853093
ENSFCAG00000009155:RSPO3	0	0	0	0	0	0	0	0	0	0.794201354281871	0.919676288664852	0.961646828132731	1	0.83749911316667	0.975301228071892	0.98658115614024	1	0.999254929833122	0.999929831853093
ENSFCAG00000009373:BTLA	0	0	0	0	0	0	0	0	0	0.787304250681279	0.942125704682945	0.961717376752567	1	0.83749911316667	0.975301228071892	0.98658115614024	1	0.999257686262092	0.999929831853093
ENSFCAG00000040323:BCL7A	0	0	0	0	0	0	0	0	0	0.788734299224481	0.945748133546515	0.962506026762089	1	0.83749911316667	0.975301228071892	0.98658115614024	1	0.999288147670728	0.999929831853093
ENSFCAG00000045823:CBFB	0	0	0	0	0	0	0	0	0	0.790738523641343	0.938212291820934	0.962510683842453	1	0.83749911316667	0.975301228071892	0.98658115614024	1	0.999288325629561	0.999929831853093
ENSFCAG00000006923:CCNB1IP1	0	0	0	0	0	0	0	0	0	0.788885597289945	0.945259453103939	0.962516311827529	1	0.83749911316667	0.975301228071892	0.98658115614024	1	0.999288540659051	0.999929831853093
ENSFCAG00000022142:SBDS	0	0	0	0	0	0	0	0	0	0.786111965810125	0.962795128261935	0.96280266722059	1	0.83749911316667	0.975301228071892	0.98658115614024	1	0.999299438064396	0.999929831853093
ENSFCAG00000031909:ATG5	0	0	0	0	0	0	0	0	0	0.793278263657365	0.933409860067596	0.962879190372568	1	0.83749911316667	0.975301228071892	0.98658115614024	1	0.999302335771494	0.999929831853093
ENSFCAG00000009689:VTCN1	0	0	0	0	0	0	0	0	0	0.787892049994078	0.954714310832356	0.962899701266011	1	0.83749911316667	0.975301228071892	0.98658115614024	1	0.999303111425299	0.999929831853093
ENSFCAG00000043547:CDKN1B	0	0	0	0	0	0	0	0	0	0.790812861105207	0.950485772086118	0.963571960094123	1	0.83749911316667	0.975301228071892	0.98658115614024	1	0.99932829224156	0.999929831853093
ENSFCAG00000013892:ATF1	0	0	0	0	0	0	0	0	0	0.793080367297235	0.946986758332612	0.964047753088237	1	0.83749911316667	0.975301228071892	0.98658115614024	1	0.999345830569957	0.999929831853093
ENSFCAG00000027886:CDKN1A	0	0	0	0	0	0	0	0	0	0.79188049842412	0.952625678983123	0.964082643414245	1	0.83749911316667	0.975301228071892	0.98658115614024	1	0.999347107428667	0.999929831853093
ENSFCAG00000014272:CTLA4	0	0	0	0	0	0	0	0	0	0.793269554065452	0.948731374192586	0.964247943284257	1	0.83749911316667	0.975301228071892	0.98658115614024	1	0.999353139639821	0.999929831853093
ENSFCAG00000000062:MAD2L2	0	0	0	0	0	0	0	0	0	0.798450512690976	0.940456503026934	0.965226746569289	1	0.83749911316667	0.975301228071892	0.98658115614024	1	0.999388278128649	0.999929831853093
ENSFCAG00000036364:BCL10	0	0	0	0	0	0	0	0	0	0.798161453688275	0.943131324276145	0.965371321994696	1	0.83749911316667	0.975301228071892	0.98658115614024	1	0.999393384149043	0.999929831853093
ENSFCAG00000005782:RSPO2	0	0	0	0	0	0	0	0	0	0.801126657249632	0.934201453585298	0.965477892158452	1	0.83749911316667	0.975301228071892	0.98658115614024	1	0.999397134061913	0.999929831853093
ENSFCAG00000000142:FGF6	0	0	0	0	0	0	0	0	0	0.795114336687366	0.957835693271389	0.965496151962495	1	0.83749911316667	0.975301228071892	0.98658115614024	1	0.999397775394051	0.999929831853093
ENSFCAG00000000258:BAX	0	0	0	0	0	0	0	0	0	0.800742677573074	0.936199623945077	0.96555418787651	1	0.83749911316667	0.975301228071892	0.98658115614024	1	0.999399811474308	0.999929831853093
ENSFCAG00000014271:CD28	0	0	0	0	0	0	0	0	0	0.796262239495205	0.954130918971093	0.965620276833775	1	0.83749911316667	0.975301228071892	0.98658115614024	1	0.999402125832398	0.999929831853093
ENSFCAG00000032259:DCUN1D1	0	0	0	0	0	0	0	0	0	0.804557949289699	0.927873376494112	0.965882300483832	1	0.840108184258313	0.975301228071892	0.98658115614024	1	0.999411257080467	0.999929831853093
ENSFCAG00000043691:RYBP	0	0	0	0	0	0	0	0	0	0.795623419069389	0.963729834963885	0.966012639872628	1	0.83749911316667	0.975301228071892	0.98658115614024	1	0.999415772796213	0.999929831853093
ENSFCAG00000011361:RAC1	0	0	0	0	0	0	0	0	0	0.805808924981786	0.934730248098014	0.966986201577077	1	0.840437183082048	0.975301228071892	0.98658115614024	1	0.999448946543252	0.999929831853093
ENSFCAG00000022046:SDC4	0	0	0	0	0	0	0	0	0	0.800205519757703	0.956874007972799	0.967067352471048	1	0.83749911316667	0.975301228071892	0.98658115614024	1	0.999451667459155	0.999929831853093
ENSFCAG00000040747:BCL2L2	0	0	0	0	0	0	0	0	0	0.800276981524718	0.962770382441132	0.967450531825062	1	0.83749911316667	0.975301228071892	0.98658115614024	1	0.999464423134704	0.999929831853093
ENSFCAG00000036350:BCL2L11	0	0	0	0	0	0	0	0	0	0.810065235967764	0.944262979914953	0.969159622617368	1	0.840739912175031	0.975301228071892	0.98658115614024	1	0.999519469887709	0.999929831853093
ENSFCAG00000029945:PAFAH1B2	0	0	0	0	0	0	0	0	0	0.810858615770886	0.944400103844475	0.96940917742703	1	0.840739912175031	0.975301228071892	0.98658115614024	1	0.999527255302621	0.999929831853093
ENSFCAG00000019293:CENPA	0	0	0	0	0	0	0	0	0	0.808866608669856	0.958182061937304	0.969834647755354	1	0.840739912175031	0.975301228071892	0.98658115614024	1	0.999540380667552	0.999929831853093
ENSFCAG00000036606:FGF10	0	0	0	0	0	0	0	0	0	0.811564047247021	0.948869118519423	0.969984236610602	1	0.840739912175031	0.975301228071892	0.98658115614024	1	0.999544950991733	0.999929831853093
ENSFCAG00000037118:DUSP22	0	0	0	0	0	0	0	0	0	0.812934642623389	0.951322652484315	0.970578553011945	1	0.840739912175031	0.975301228071892	0.98658115614024	1	0.99956288102276	0.999929831853093
ENSFCAG00000046660:TNFRSF17	1	0	0	0	0	0	0	0	0	0.813794753723056	0.951831236938039	0.970870226966754	1	0.840739912175031	0.975301228071892	0.98658115614024	1	0.999571547442356	0.999929831853093
ENSFCAG00000012862:RHEB	0	0	0	0	0	0	0	0	0	0.817267039191225	0.94111492755997	0.971005715635763	1	0.840739912175031	0.975301228071892	0.98658115614024	1	0.999575543368319	0.999929831853093
ENSFCAG00000043254:BTG2	0	0	0	0	0	0	0	0	0	0.812264710634843	0.96067494366211	0.971008599923486	1	0.840739912175031	0.975301228071892	0.98658115614024	1	0.999575628228215	0.999929831853093
ENSFCAG00000024009:IGF1	0	0	0	0	0	0	0	0	0	0.815664192859298	0.956528635028685	0.971747457779525	1	0.840739912175031	0.975301228071892	0.98658115614024	1	0.999597084358499	0.999929831853093
ENSFCAG00000045832:ID3	0	0	0	0	0	0	0	0	0	0.816829222224419	0.958249133640572	0.972198416955684	1	0.840739912175031	0.975301228071892	0.98658115614024	1	0.999609903922054	0.999929831853093
ENSFCAG00000042197:CNBP	0	0	0	0	0	0	0	0	0	0.81981944180466	0.948060079813262	0.972327117748092	1	0.841368981417811	0.975301228071892	0.98658115614024	1	0.999613524169167	0.999929831853093
ENSFCAG00000027456:RHOA	0	0	0	0	0	0	0	0	0	0.817334012615592	0.962327141474067	0.972592334771486	1	0.840739912175031	0.975301228071892	0.98658115614024	1	0.999620930784206	0.999929831853093
ENSFCAG00000043871:BTG1	0	0	0	0	0	0	0	0	0	0.817284135916662	0.963201015534832	0.972627694018941	1	0.840739912175031	0.975301228071892	0.98658115614024	1	0.999621912784218	0.999929831853093
ENSFCAG00000045270:CHIC2	0	0	0	0	0	0	0	0	0	0.82237629066099	0.944439452198354	0.972751927541809	1	0.842068311303955	0.975301228071892	0.98658115614024	1	0.99962535281606	0.999929831853093
ENSFCAG00000024623:LMO1	0	0	0	0	0	0	0	0	0	0.818643978754254	0.960396970363284	0.972855594884233	1	0.841123904944302	0.975301228071892	0.98658115614024	1	0.99962821122552	0.999929831853093
ENSFCAG00000000499:SDHC	0	0	0	0	0	0	0	0	0	0.824605217436078	0.948939036482747	0.973741458301086	1	0.84263874603183	0.975301228071892	0.98658115614024	1	0.999652186647524	0.999929831853093
ENSFCAG00000002084:DDIT3	0	0	0	0	0	0	0	0	0	0.822161375283008	0.960819734981379	0.973880704800086	1	0.842068311303955	0.975301228071892	0.98658115614024	1	0.999655881965051	0.999929831853093
ENSFCAG00000012394:RHOH	0	0	0	0	0	0	0	0	0	0.82668678758802	0.950698914647268	0.97445050574196	1	0.84263874603183	0.975301228071892	0.98658115614024	1	0.999670795922426	0.999929831853093
ENSFCAG00000001199:PTP4A1	0	0	0	0	0	0	0	0	0	0.825915915922691	0.955278571004536	0.974569180864198	1	0.84263874603183	0.975301228071892	0.98658115614024	1	0.999673860192387	0.999929831853093
ENSFCAG00000013515:IL10	0	0	0	0	0	0	0	0	0	0.828935475895303	0.946676546027966	0.974745405198401	1	0.843972854142837	0.975301228071892	0.98658115614024	1	0.999678383759225	0.999929831853093
ENSFCAG00000033306:CDKN2C	0	0	0	0	0	0	0	0	0	0.825286368323055	0.96907568161245	0.975195871302847	1	0.84263874603183	0.975301228071892	0.98658115614024	1	0.999689802143385	0.999929831853093
ENSFCAG00000037994:NRAS	0	0	0	0	0	0	0	0	0	0.833862843972549	0.950103753382981	0.97632926422452	1	0.848028124447734	0.975301228071892	0.98658115614024	1	0.999717611127777	0.999929831853093
ENSFCAG00000022679:YPEL5	0	0	0	0	0	0	0	0	0	0.83817772223136	0.958248260063495	0.978020888630266	1	0.850220220099505	0.975301228071892	0.98658115614024	1	0.999756670007706	0.999929831853093
ENSFCAG00000033312:FHIT	0	0	0	0	0	0	0	0	0	0.839805495799845	0.954422766656327	0.978177636912286	1	0.850220220099505	0.975301228071892	0.98658115614024	1	0.999760141060393	0.999929831853093
ENSFCAG00000018336:TCL1B	0	0	0	0	0	0	0	0	0	0.837711389752951	0.964616137548304	0.978279429556579	1	0.850220220099505	0.975301228071892	0.98658115614024	1	0.999762381716275	0.999929831853093
ENSFCAG00000029629:MTCP1	0	0	0	0	0	0	0	0	0	0.842860715232359	0.959482465982193	0.979278568208091	1	0.85139361336182	0.975301228071892	0.98658115614024	1	0.999783812687873	0.999929831853093
ENSFCAG00000023293:MLLT3	0	0	0	0	0	0	0	0	0	0.842633271694894	0.965234834714104	0.979555692438781	1	0.85139361336182	0.975301228071892	0.98658115614024	1	0.999789576221342	0.999929831853093
ENSFCAG00000008354:SH2D1A	0	0	0	0	0	0	0	0	0	0.845500313914052	0.955681681993261	0.97967936522334	1	0.853100316735752	0.975301228071892	0.98658115614024	1	0.999792123022522	0.999929831853093
ENSFCAG00000035249:EIF1AX	0	0	0	0	0	0	0	0	0	0.848616610251775	0.946831098072766	0.979765676662807	1	0.854324793728804	0.975301228071892	0.98658115614024	1	0.999793891189144	0.999929831853093
ENSFCAG00000044104:HMGA1	0	0	0	0	0	0	0	0	0	0.848504255839989	0.968178630939167	0.981138737525675	1	0.854324793728804	0.975301228071892	0.98658115614024	1	0.99982099741477	0.999929831853093
ENSFCAG00000013688:IL2	0	0	0	0	0	0	0	0	0	0.851921579738838	0.964159330168045	0.981736958194232	1	0.856691577385751	0.975301228071892	0.98658115614024	1	0.999832206039964	0.999929831853093
ENSFCAG00000012230:B2M	0	0	0	0	0	0	0	0	0	0.855862426571482	0.956658592904697	0.982186585288835	1	0.85969178865905	0.975301228071892	0.98658115614024	1	0.999840390561097	0.999929831853093
ENSFCAG00000032943:CHCHD7	0	0	0	0	0	0	0	0	0	0.860626590399122	0.962773317598534	0.983632653776732	1	0.863511372266381	0.975301228071892	0.986754532930007	1	0.999865318174212	0.999929831853093
ENSFCAG00000032392:CKS1B	0	0	0	0	0	0	0	0	0	0.865662835632739	0.960052669279257	0.984556861364462	1	0.867595118747991	0.975301228071892	0.986754532930007	1	0.999880136109966	0.999929831853093
ENSFCAG00000042068:PMAIP1	0	0	0	0	0	0	0	0	0	0.874210568397559	0.975779716732361	0.987091745292073	1	0.875185162119296	0.975795717027801	0.988177050495691	1	0.999916327679748	0.999929831853093
ENSFCAG00000027874:MLLT11	0	0	0	0	0	0	0	0	0	0.879805343790947	0.975795717027801	0.988177050495691	1	0.879805343790947	0.975795717027801	0.988177050495691	1	0.999929831853093	0.999929831853093
