gene_name	n_syn	n_mis	n_non	n_spl	n_ind	wmis_cv	wnon_cv	wspl_cv	wind_cv	pmis_cv	ptrunc_cv	pallsubs_cv	pind_cv	qmis_cv	qtrunc_cv	qallsubs_cv	qind_cv	pglobal_cv	qglobal_cv
ENSFCAG00000002791:P2RY8	0	12	3	0	3	113.269923914819	1882.90300535522	1882.90300535522	78.6982899577599	5.95079541199084e-14	2.64960253737456e-09	0	4.71763826512068e-05	2.67190713998389e-11	2.37934307856236e-06	0	0.0423643916207837	0	0
ENSFCAG00000012230:B2M	0	9	0	0	1	333.42910482777	0	0	78.9187333469973	9.99200722162641e-16	0.947079199536783	1.0547118733939e-14	0.0125161391099918	8.97282248502052e-13	0.966916603700468	4.73565631153861e-12	1	4.9960036108132e-15	2.24320562125513e-12
ENSFCAG00000010003:TRAF3	0	0	1	1	3	0	266.91383606318	266.91383606318	49.5149170560247	0.619471948502821	4.90724407565812e-05	0.00019853645507828	0.000177984568600277	0.798151315183741	0.0110167629498525	0.0254693909514707	0.0799150713015243	6.41651232480278e-07	0.000192067602255763
ENSFCAG00000009623:TP53	0	6	1	0	0	56.8537788601915	140.047726260515	140.047726260515	0	4.40729074124846e-07	0.00665502074747037	2.64851231168706e-07	1	0.000131924902854704	0.309860857820342	6.55911145502341e-05	1	4.27578411499319e-06	0.000841977187156395
ENSFCAG00000030732:IKZF3	0	4	0	2	0	38.7986601401178	381.613290867513	381.613290867513	0	7.09027692112896e-05	2.32429429696257e-05	2.92165320936455e-07	1	0.0106117811252897	0.00717125067376201	6.55911145502341e-05	1	4.68806897080398e-06	0.000841977187156395
ENSFCAG00000028389:MAP2K1	0	5	0	0	1	61.7659685007819	0	0	23.8358610870373	1.64680853720345e-06	0.914188235391103	1.00521580115309e-05	0.0402995463414554	0.000369708516602174	0.966916603700468	0.00150447298239246	1	6.36778216966949e-06	0.000953044731393867
ENSFCAG00000025854:CASP8	0	3	0	2	0	33.6070809072363	376.122871074338	376.122871074338	0	0.000600564295648587	2.39574075960869e-05	1.63080243809066e-06	1	0.0770438196417759	0.00717125067376201	0.000292892117881083	1	2.33635906244922e-05	0.002997214911542
ENSFCAG00000023383:GNA13	0	4	0	0	1	41.4008046820515	0	0	24.8447864240547	5.51583718771953e-05	0.934500878416476	0.000290916436804789	0.0387250344573618	0.00990644358914428	0.966916603700468	0.0290269955834112	1	0.000139624803859206	0.0156728842331959
ENSFCAG00000008135:TNFAIP3	0	1	1	1	1	5.89517469818869	225.235151469221	225.235151469221	11.6662475382518	0.215199752788521	7.00002615905415e-05	0.000276312955194924	0.0790835353263707	0.798151315183741	0.0125720469816613	0.0290269955834112	1	0.000256348489286462	0.0255778825976937
ENSFCAG00000033129:FAS	1	2	0	0	2	17.5156112439595	0	0	59.6274874177313	0.0103347850825177	0.900229400588401	0.0368247178967652	0.00103200081144453	0.488454579163206	0.966916603700468	0.847912735161415	0.308912242892395	0.000424793072970497	0.0381464179527507
ENSFCAG00000036644:CCND3	0	0	1	0	1	0	293.146349851758	293.146349851758	32.052318321818	0.71910785427734	0.00296498041422311	0.010877619816868	0.0302749957514236	0.798151315183741	0.259500039975517	0.542672366419302	1	0.00296996519086057	0.242457158308436
ENSFCAG00000032144:ACTG1	0	2	0	1	0	21.4171105540381	350.954213354818	350.954213354818	0	0.00923970447629241	0.00243738859803866	0.000641723202005173	1	0.46743401418721	0.243197217893191	0.0576267435400646	1	0.0053592573070248	0.401051088475689
ENSFCAG00000026268:INPP4B	0	2	0	0	2	11.5244913915001	0	0	19.9815516346653	0.0312919989205483	0.866444592420935	0.0955871644639932	0.00813896993883736	0.798151315183741	0.966916603700468	0.976975969205427	1	0.00634739837716336	0.421949379755497
ENSFCAG00000045832:ID3	0	1	1	0	0	31.5169123426331	693.12768774953	693.12768774953	0	0.0346752553658548	0.00116598340159146	0.000810324460144063	1	0.798151315183741	0.149579013518448	0.0661519422917608	1	0.00657827540821487	0.421949379755497
ENSFCAG00000019200:PTEN	0	2	0	1	0	24.3757417184468	158.69519564306	158.69519564306	0	0.0071134691542426	0.00580120580173138	0.00111991278390666	1	0.456278235750704	0.309860857820342	0.0838068066623486	1	0.00872916519817624	0.516132287357859
ENSFCAG00000009445:KDM6A	0	0	2	0	0	0	91.0273880732233	91.0273880732233	0	0.477415210130716	0.000466101046250444	0.00123443008212831	1	0.798151315183741	0.0697597899221498	0.0852706318270173	1	0.00950158842990478	0.516132287357859
ENSFCAG00000037105:RPL22	0	1	0	0	1	36.1084796009285	0	0	72.8010020797883	0.0298132909264687	0.944536025975131	0.094048970356494	0.0135539704387916	0.798151315183741	0.966916603700468	0.976975969205427	1	0.00977087849118441	0.516132287357859
ENSFCAG00000012814:ARID1A	0	0	1	0	2	0	51.9408441172358	51.9408441172358	8.2199818540855	0.389397519015309	0.0199106325473888	0.0363349356929622	0.037870634112376	0.798151315183741	0.63856242955554	0.847912735161415	1	0.0104420568207531	0.520942612502013
ENSFCAG00000001242:NFKB2	0	1	0	0	2	5.39008002672807	0	0	20.3716470028041	0.236052351696571	0.872743241162699	0.486304523111202	0.00785689888595489	0.798151315183741	0.966916603700468	0.976975969205427	1	0.0250925755930759	0.999896172540474
ENSFCAG00000009873:PTPRK	1	4	0	0	1	8.47757566778167	0	0	6.31987164757247	0.00836963966169535	0.780384482722081	0.0284130724482953	0.137006081437676	0.46743401418721	0.966916603700468	0.780828457117204	1	0.0254922922568781	0.999896172540474
ENSFCAG00000007517:JAK3	0	1	0	1	1	3.97537997546152	68.6999307123924	68.6999307123924	7.61664985262991	0.32070247451385	0.0146037667675779	0.0397197516987782	0.116339201017133	0.798151315183741	0.546424273220207	0.86995943964641	1	0.0294685904794101	0.999896172540474
ENSFCAG00000008561:CARD11	0	3	0	0	1	11.4778016039385	0	0	8.06815229234767	0.0124750248697134	0.857767018825809	0.0423569303750397	0.110533749466465	0.533455825381078	0.966916603700468	0.884570313413621	1	0.0297956924839647	0.999896172540474
ENSFCAG00000044847:BCL11B	0	4	0	0	0	18.0558846240916	0	0	0	0.00123291567315875	0.92327526890383	0.00532789350507246	1	0.13839478431207	0.966916603700468	0.341746311968219	1	0.0332183468756129	0.999896172540474
ENSFCAG00000028848:CIITA	1	1	1	0	1	2.55917339130734	54.2808993461163	54.2808993461163	8.01307958045451	0.461622385078877	0.0170762831468385	0.0510652111031772	0.111210665557203	0.798151315183741	0.584133939114817	0.935848154503125	1	0.0350449759941343	0.999896172540474
ENSFCAG00000000142:FGF6	0	0	0	1	0	0	570.045641351296	570.045641351296	0	0.773881971145982	0.00144026152409449	0.00582931634217188	1	0.803405792010511	0.161669356079606	0.348981738351356	1	0.0358203068836689	0.999896172540474
ENSFCAG00000015088:KLHL6	0	3	0	0	0	23.0900102478593	0	0	0	0.00179660925605973	0.915606794105608	0.00753219116992021	1	0.179261679104627	0.966916603700468	0.422744229411772	1	0.0443538295906128	0.999896172540474
ENSFCAG00000025339:DDX3X	0	3	0	0	0	21.9653490043668	0	0	0	0.00207371730168726	0.883336151375473	0.00847372675964964	1	0.186219813691516	0.966916603700468	0.44761215471561	1	0.0489000541927903	0.999896172540474
ENSFCAG00000015690:PTPRC	1	0	0	0	2	0	0	0	14.4481988742964	0.380806929813264	0.798570691372491	0.662286877559952	0.0145612211038205	0.798151315183741	0.966916603700468	0.976975969205427	1	0.054404481741487	0.999896172540474
ENSFCAG00000026584:LRP1B	0	5	0	1	1	6.48566844690154	16.9831638012569	16.9831638012569	2.04159331919406	0.0242084799627875	0.0687914041489462	0.0318332410254677	0.330854486583962	0.764937048350656	0.966916603700468	0.816750012596285	1	0.0584885225471392	0.999896172540474
ENSFCAG00000028366:XBP1	0	0	0	1	0	0	253.933987651366	253.933987651366	0	0.69302835412547	0.00346770654755701	0.0122761431547654	1	0.798151315183741	0.259500039975517	0.558054851784274	1	0.0662923697257073	0.999896172540474
ENSFCAG00000035249:EIF1AX	0	0	0	1	0	0	261.158301049889	261.158301049889	0	0.812364270044093	0.00336314286423633	0.0129583522372539	1	0.821512516328374	0.259500039975517	0.558054851784274	1	0.0692755420448111	0.999896172540474
ENSFCAG00000004500:LTB	0	2	0	0	0	34.5131189450422	0	0	0	0.00349550620594441	0.944480075348303	0.0139841076871374	1	0.2681105496008	0.966916603700468	0.558054851784274	1	0.0736939227841937	0.999896172540474
ENSFCAG00000027154:BCL11A	0	0	1	0	0	0	191.00764504298	191.00764504298	0	0.559303863639426	0.00473443499792281	0.0139852178857988	1	0.798151315183741	0.309860857820342	0.558054851784274	1	0.0736986631038493	0.999896172540474
ENSFCAG00000013046:GADD45B	0	2	0	0	0	34.1016792355081	0	0	0	0.00358276903698174	0.941586366221439	0.0142931643552765	1	0.2681105496008	0.966916603700468	0.558054851784274	1	0.0750101531006498	0.999896172540474
ENSFCAG00000005090:AMER1	0	0	1	0	0	0	162.634969725165	162.634969725165	0	0.548969317602692	0.00564715809662597	0.0161583385725343	1	0.798151315183741	0.309860857820342	0.577824965707811	1	0.0828166403774203	0.999896172540474
ENSFCAG00000009461:SMARCD1	0	1	0	0	1	9.51646807730615	0	0	18.2002505199471	0.129530350084703	0.893845528480796	0.312600750879968	0.052141303874661	0.798151315183741	0.966916603700468	0.976975969205427	1	0.0833979940501635	0.999896172540474
ENSFCAG00000000479:CALR	0	0	0	1	0	0	185.474545748038	185.474545748038	0	0.679328284136178	0.00488937333030148	0.0165625597680743	1	0.798151315183741	0.309860857820342	0.577824965707811	1	0.0844791673630461	0.999896172540474
ENSFCAG00000002457:TBL1XR1	0	1	0	0	1	9.68627424000931	0	0	17.5538864827901	0.127081584168669	0.8917117290077	0.307818881366351	0.0539598337111446	0.798151315183741	0.966916603700468	0.976975969205427	1	0.0846730418984671	0.999896172540474
ENSFCAG00000041416:IRS2	0	4	0	0	0	12.6014609979134	0	0	0	0.0043021331534947	0.920957915887927	0.0167298987844132	1	0.297178120910634	0.966916603700468	0.577824965707811	1	0.0851645169835391	0.999896172540474
ENSFCAG00000002901:PCLO	1	3	1	0	2	2.22849121048656	18.9201349350008	18.9201349350008	3.60235108104821	0.348596534059865	0.0552232798755143	0.131659175362675	0.127072657313636	0.798151315183741	0.966916603700468	0.976975969205427	1	0.085166081571078	0.999896172540474
ENSFCAG00000000093:KMT2D	1	0	1	0	1	0	14.7502105441882	14.7502105441882	1.77395717194799	0.146000921088741	0.072828110658277	0.0472972137853767	0.362951797120885	0.798151315183741	0.966916603700468	0.921574412610633	1	0.0869452534290748	0.999896172540474
ENSFCAG00000026440:TRIM27	0	0	0	1	0	0	149.145507973586	149.145507973586	0	0.64127253868419	0.00621032216572648	0.0197883786350221	1	0.798151315183741	0.309860857820342	0.658146815342588	1	0.0974114689004321	0.999896172540474
ENSFCAG00000008160:FCGR2B	1	0	0	1	0	0	130.087437349578	130.087437349578	0	0.645026724454022	0.0064977982491593	0.0212595778746246	1	0.798151315183741	0.309860857820342	0.681825033264747	1	0.103129101704434	0.999896172540474
ENSFCAG00000027163:FGF19	0	0	0	0	1	0	0	0	42.6878603104213	0.743110650656005	0.954624512285232	0.946230689348381	0.0229010890757896	0.798151315183741	0.966916603700468	0.976975969205427	1	0.104704580887614	0.999896172540474
ENSFCAG00000041254:CCDC6	0	0	0	1	0	0	135.49750755379	135.49750755379	0	0.663774617968806	0.00690113269087622	0.0222678196479419	1	0.798151315183741	0.309860857820342	0.68953455323627	1	0.106988249256659	0.999896172540474
ENSFCAG00000025772:MST1	0	1	0	1	0	6.05999954262037	85.8734611655119	85.8734611655119	0	0.20912055171741	0.0114096655088152	0.0249590534505487	1	0.798151315183741	0.445473027257218	0.741855311488552	1	0.11707090591714	0.999896172540474
ENSFCAG00000023614:LYN	0	0	1	0	0	0	115.492430628693	115.492430628693	0	0.64613241647395	0.00822770907971027	0.0256097045168654	1	0.798151315183741	0.351832512075229	0.741855311488552	1	0.119463737740183	0.999896172540474
ENSFCAG00000005630:BRSK1	0	0	1	0	0	0	92.2323614919571	92.2323614919571	0	0.576614400395169	0.0105439294477169	0.0294206055128838	1	0.798151315183741	0.430384029274989	0.780828457117204	1	0.133159425268236	0.999896172540474
ENSFCAG00000006634:LRIG3	0	3	0	0	0	13.4060038676835	0	0	0	0.0082337511384265	0.878302079360975	0.0295636609598942	1	0.46743401418721	0.966916603700468	0.780828457117204	1	0.133663500119451	0.999896172540474
ENSFCAG00000006671:NFKBIA	0	0	0	0	1	0	0	0	29.8137437088657	0.718731753226953	0.917348253605146	0.932377395029312	0.0324759682423796	0.798151315183741	0.966916603700468	0.976975969205427	1	0.136176776244401	0.999896172540474
ENSFCAG00000042993:GATA3	0	2	0	0	0	21.2692383649495	0	0	0	0.00936950139796189	0.930649696518156	0.0339209661918045	1	0.46743401418721	0.966916603700468	0.846139656673346	1	0.148700085214752	0.999896172540474
ENSFCAG00000009774:MEF2B	1	0	0	0	1	0	0	0	24.9769395433316	0.626672623802872	0.913525299809399	0.883443804479892	0.0385278651334336	0.798151315183741	0.966916603700468	0.976975969205427	1	0.14909320187292	0.999896172540474
ENSFCAG00000013146:BRCA1	0	0	1	0	0	0	58.1612272295851	58.1612272295851	0	0.430969997706988	0.0175630471671493	0.035911067687429	1	0.798151315183741	0.584133939114817	0.847912735161415	1	0.155376766296463	0.999896172540474
ENSFCAG00000010755:PRDM1	0	1	0	0	1	5.83748202478537	0	0	11.4249747789449	0.217405930725488	0.911920605574744	0.463106271405722	0.0806217792048249	0.798151315183741	0.966916603700468	0.976975969205427	1	0.160090683525616	0.999896172540474
ENSFCAG00000012425:AFF4	0	0	1	0	0	0	65.5112284658598	65.5112284658598	0	0.524575798738605	0.0153930386274782	0.0381290999455604	1	0.798151315183741	0.552917947499017	0.85599829377783	1	0.162688386134967	0.999896172540474
ENSFCAG00000004894:SMARCA4	0	2	0	0	1	5.8534440281903	0	0	5.69862212881837	0.107481230153619	0.82924495284953	0.262025541398635	0.149749852244359	0.798151315183741	0.966916603700468	0.976975969205427	1	0.166295871483754	0.999896172540474
ENSFCAG00000000746:AGO1	0	1	0	0	1	5.64132014642014	0	0	10.9456052078003	0.225231989562899	0.866987505987149	0.469475565516682	0.0838627027487374	0.798151315183741	0.966916603700468	0.976975969205427	1	0.166726972821397	0.999896172540474
ENSFCAG00000024841:ETV6	0	0	0	0	1	0	0	0	21.8403006239365	0.670861047275251	0.920302846511978	0.909356706285101	0.0438238192846712	0.798151315183741	0.966916603700468	0.976975969205427	1	0.168276702254394	0.999896172540474
ENSFCAG00000041539:MYC	0	2	0	0	0	18.9345227219812	0	0	0	0.0118307355767373	0.938878894942089	0.0418205721956117	1	0.531200027395505	0.966916603700468	0.884570313413621	1	0.174574412426659	0.999896172540474
ENSFCAG00000015103:CHEK1	0	0	0	0	1	0	0	0	19.6883213171754	0.673869911300591	0.901155589249663	0.908613252267789	0.0483870281495836	0.798151315183741	0.966916603700468	0.976975969205427	1	0.181327846520828	0.999896172540474
ENSFCAG00000000247:PIK3C2G	0	3	0	0	0	11.2245516281222	0	0	0	0.0132311220711171	0.836216479695976	0.0440330427398633	1	0.540070346357416	0.966916603700468	0.898674372281756	1	0.181540087145895	0.999896172540474
ENSFCAG00000041932:RUNX2	2	0	0	0	1	0	0	0	16.0535543047738	0.463097214556165	0.855096644070367	0.7522746233985	0.0587129862466961	0.798151315183741	0.966916603700468	0.976975969205427	1	0.181962230625431	0.999896172540474
ENSFCAG00000006278:ARID1B	1	0	0	1	0	0	26.5415108065631	26.5415108065631	0	0.255021797711198	0.0378731858723644	0.0474975038137067	1	0.798151315183741	0.966916603700468	0.921574412610633	1	0.192226108468175	0.999896172540474
ENSFCAG00000009924:IL21R	0	0	0	0	1	0	0	0	17.4236164532332	0.643994468131669	0.921281868243596	0.894640988697421	0.054341812802586	0.798151315183741	0.966916603700468	0.976975969205427	1	0.195622435662824	0.999896172540474
ENSFCAG00000006814:LPP	0	2	0	0	0	17.248602031373	0	0	0	0.014245988057677	0.90624253251917	0.0488715938654157	1	0.556212925034518	0.966916603700468	0.921574412610633	1	0.196393381116215	0.999896172540474
ENSFCAG00000014850:PIK3C2B	0	0	1	0	0	0	42.9881608298925	42.9881608298925	0	0.441111093478527	0.0245632457172708	0.0492601022330851	1	0.798151315183741	0.735259821803638	0.921574412610633	1	0.197564576365837	0.999896172540474
ENSFCAG00000012180:AKT2	0	0	0	0	1	0	0	0	16.4184078117005	0.623170841313908	0.899260452111007	0.879742242599745	0.0574816663492248	0.798151315183741	0.966916603700468	0.976975969205427	1	0.20148810935042	0.999896172540474
ENSFCAG00000002012:ARID3B	0	0	0	0	1	0	0	0	16.1363045846953	0.618697836655672	0.915313788986238	0.878914931692363	0.0584291148644493	0.798151315183741	0.966916603700468	0.976975969205427	1	0.20382532293406	0.999896172540474
ENSFCAG00000009216:ATIC	0	2	0	0	0	16.104081254645	0	0	0	0.0163207765885215	0.890555498842847	0.0547941922375011	1	0.610669057353846	0.966916603700468	0.976975969205427	1	0.213925900231481	0.999896172540474
ENSFCAG00000007992:EZR	0	0	0	0	1	0	0	0	14.6739519817073	0.600855872269322	0.886689465415851	0.864035014158218	0.0638877852904335	0.798151315183741	0.966916603700468	0.976975969205427	1	0.215106654303797	0.999896172540474
ENSFCAG00000004243:EWSR1	0	0	0	0	1	0	0	0	14.1862979883575	0.626124479974097	0.872329370909748	0.877541249821836	0.0659421556652437	0.798151315183741	0.966916603700468	0.976975969205427	1	0.222765157285007	0.999896172540474
ENSFCAG00000018774:TCF7L2	0	0	0	0	1	0	0	0	13.9337229499891	0.602919428148476	0.880357085054337	0.864432460593207	0.0670590085255027	0.798151315183741	0.966916603700468	0.976975969205427	1	0.223052942454416	0.999896172540474
ENSFCAG00000008547:EBF1	0	2	0	0	0	15.4113343546141	0	0	0	0.0177986703773103	0.891017501164936	0.0591386067831795	1	0.639328239952986	0.966916603700468	0.976975969205427	1	0.226374976974467	0.999896172540474
ENSFCAG00000026883:PIK3R2	0	0	0	0	1	0	0	0	12.9179219646392	0.564231554547091	0.889520736811627	0.839561710690779	0.0719606882963012	0.798151315183741	0.966916603700468	0.976975969205427	1	0.229972007391097	0.999896172540474
ENSFCAG00000027384:ARID3A	0	0	0	0	1	0	0	0	12.4553438571521	0.570103649638266	0.911043837737353	0.846306334581294	0.0744384511342755	0.798151315183741	0.966916603700468	0.976975969205427	1	0.237164826634923	0.999896172540474
ENSFCAG00000001371:MLH1	0	0	0	0	1	0	0	0	12.3732928436004	0.587719444522218	0.880958144955751	0.854573947556607	0.0748958767148015	0.798151315183741	0.966916603700468	0.976975969205427	1	0.239938994610869	0.999896172540474
ENSFCAG00000038026:NKX2-1	1	2	0	0	0	12.333766293397	0	0	0	0.0208887618922308	0.916687544747219	0.0687536125568164	1	0.705679620309789	0.966916603700468	0.976975969205427	1	0.252822571518374	0.999896172540474
ENSFCAG00000025248:ARAF	0	2	0	0	0	14.0900764904386	0	0	0	0.0212175386952832	0.895623826409766	0.0690746350149053	1	0.705679620309789	0.966916603700468	0.976975969205427	1	0.253681272898118	0.999896172540474
ENSFCAG00000013540:ARHGEF28	0	1	1	0	0	3.12399091355142	43.038959790927	43.038959790927	0	0.404469096772113	0.0245310529958847	0.0695495222761414	1	0.798151315183741	0.735259821803638	0.976975969205427	1	0.25494881255601	0.999896172540474
ENSFCAG00000014571:STAT6	0	0	0	0	1	0	0	0	11.1139991340742	0.580923596544099	0.87044464967532	0.848386352707067	0.0826949504156527	0.798151315183741	0.966916603700468	0.976975969205427	1	0.25656624088627	0.999896172540474
ENSFCAG00000006091:FURIN	0	0	0	0	1	0	0	0	10.6962747930441	0.549178286169687	0.886521022660938	0.828235350957971	0.0856535775078008	0.798151315183741	0.966916603700468	0.976975969205427	1	0.258645118448391	0.999896172540474
ENSFCAG00000041663:PGR	2	1	0	0	1	2.26316149405847	0	0	10.0657334065302	0.506003641710663	0.852807078253798	0.786002796523723	0.0905433567282749	0.798151315183741	0.966916603700468	0.976975969205427	1	0.259242761196474	0.999896172540474
ENSFCAG00000022680:ZNRF3	1	0	0	0	1	0	0	0	8.63173645982783	0.403571021766925	0.873737928897496	0.697790477942859	0.104052395708184	0.798151315183741	0.966916603700468	0.976975969205427	1	0.26303233834944	0.999896172540474
ENSFCAG00000009655:SETDB1	0	1	0	0	1	3.9197609880797	0	0	7.27446109085413	0.325174266392165	0.858648626143243	0.60260811940333	0.121162108619794	0.798151315183741	0.966916603700468	0.976975969205427	1	0.26409732756637	0.999896172540474
ENSFCAG00000028493:DIS3	0	0	0	0	1	0	0	0	9.79283552480989	0.549546025051005	0.864247101217298	0.825242834330361	0.0928371256684516	0.798151315183741	0.966916603700468	0.976975969205427	1	0.273431359954439	0.999896172540474
ENSFCAG00000012847:BRAF	0	2	0	0	0	13.0303598042985	0	0	0	0.0247028668175602	0.872201504608893	0.0781282333715565	1	0.764937048350656	0.966916603700468	0.976975969205427	1	0.277308647215152	0.999896172540474
ENSFCAG00000005686:MSH3	0	0	0	0	1	0	0	0	8.34043451891002	0.52072651604783	0.855349212320066	0.801906678160905	0.107304578208674	0.798151315183741	0.966916603700468	0.976975969205427	1	0.297111469203296	0.999896172540474
ENSFCAG00000006810:BCL6	0	2	0	0	0	12.2574160238827	0	0	0	0.0278002003237545	0.91526605809919	0.0878612960664009	1	0.798151315183741	0.966916603700468	0.976975969205427	1	0.301539606906294	0.999896172540474
ENSFCAG00000011321:INPP5D	0	0	0	0	1	0	0	0	7.94528702901242	0.505759834880408	0.855990226933667	0.790033826312982	0.112055394928551	0.798151315183741	0.966916603700468	0.976975969205427	1	0.303157419840223	0.999896172540474
ENSFCAG00000009543:TERT	0	0	0	0	1	0	0	0	7.20746682140651	0.450998506394636	0.88955157531334	0.74670318065845	0.122153529695325	0.798151315183741	0.966916603700468	0.976975969205427	1	0.309626438077951	0.999896172540474
ENSFCAG00000004091:TRIM24	0	0	0	0	1	0	0	0	7.40057467950566	0.491115151126525	0.866134598958564	0.779406181826146	0.119338803630591	0.798151315183741	0.966916603700468	0.976975969205427	1	0.313921317247672	0.999896172540474
ENSFCAG00000027902:ERBB4	1	1	0	0	1	2.40401786288441	0	0	7.17443030427248	0.489531587953967	0.80467664391636	0.759237177551097	0.122648420286325	0.798151315183741	0.966916603700468	0.976975969205427	1	0.314172626315381	0.999896172540474
ENSFCAG00000014806:ZMYM3	0	0	0	0	1	0	0	0	6.83502857954344	0.484464940789868	0.852927479775647	0.771774366874941	0.127974961162023	0.798151315183741	0.966916603700468	0.976975969205427	1	0.32741362854973	0.999896172540474
ENSFCAG00000005120:NUP214	0	0	0	0	1	0	0	0	6.17038716707798	0.446697114485575	0.859020132870464	0.738907314064452	0.139870207324729	0.798151315183741	0.966916603700468	0.976975969205427	1	0.337919213356933	0.999896172540474
ENSFCAG00000014965:NTRK3	0	2	0	0	0	10.8939224904822	0	0	0	0.0348348776654268	0.882888760903864	0.105509196601066	1	0.798151315183741	0.966916603700468	0.976975969205427	1	0.342794859562582	0.999896172540474
ENSFCAG00000026560:ARHGEF12	0	0	0	0	1	0	0	0	6.08246714267661	0.462274077693586	0.822102733640907	0.747205918398349	0.1416113708906	0.798151315183741	0.966916603700468	0.976975969205427	1	0.343477336489082	0.999896172540474
ENSFCAG00000001908:ASXL1	0	0	0	0	1	0	0	0	6.07459849178052	0.466095906530537	0.878864826024421	0.759282151144139	0.141769316670418	0.798151315183741	0.966916603700468	0.976975969205427	1	0.347572062368107	0.999896172540474
ENSFCAG00000010626:SMG1	1	0	0	0	1	0	0	0	2.56593695854991	0.180171757514116	0.701378343286923	0.38677691405843	0.281982311636343	0.798151315183741	0.966916603700468	0.976975969205427	1	0.350730787752585	0.999896172540474
ENSFCAG00000024008:EPHA3	0	2	0	0	0	10.4360733478655	0	0	0	0.0377873206689668	0.877111415840818	0.112840600626534	1	0.798151315183741	0.966916603700468	0.976975969205427	1	0.359033861325006	0.999896172540474
ENSFCAG00000003208:CHD2	0	0	0	0	1	0	0	0	5.42851402791485	0.445866314073175	0.821500410263915	0.732231212503069	0.156061067020365	0.798151315183741	0.966916603700468	0.976975969205427	1	0.362149519254266	0.999896172540474
ENSFCAG00000043897:RANBP2	1	0	0	0	1	0	0	0	3.08519358353899	0.226770629501467	0.760822977614408	0.465190840348392	0.245988481456082	0.798151315183741	0.966916603700468	0.976975969205427	1	0.362493881496658	0.999896172540474
ENSFCAG00000043012:ANKRD11	0	2	0	0	1	3.38100738076869	0	0	3.31147012281124	0.258026124877223	0.859862273268676	0.513961731879678	0.233024934179281	0.798151315183741	0.966916603700468	0.976975969205427	1	0.373935039486618	0.999896172540474
ENSFCAG00000043254:BTG2	0	1	0	0	0	27.7280221775328	0	0	0	0.0399749435771064	0.961189311570964	0.121070204943326	1	0.798151315183741	0.966916603700468	0.976975969205427	1	0.376695982741316	0.999896172540474
ENSFCAG00000043871:BTG1	0	1	0	0	0	27.0111535180789	0	0	0	0.0411543247941003	0.953725656946287	0.123991758565823	1	0.798151315183741	0.966916603700468	0.976975969205427	1	0.382829536407672	0.999896172540474
ENSFCAG00000022265:TP53BP1	0	0	0	0	1	0	0	0	4.74789143998619	0.428670429246049	0.839114946063243	0.718897925739625	0.17460282573673	0.798151315183741	0.966916603700468	0.976975969205427	1	0.386013761859607	0.999896172540474
ENSFCAG00000025470:KNL1	0	0	0	0	1	0	0	0	4.3000591887787	0.398640497982545	0.856676257508738	0.691317704230646	0.189408965533198	0.798151315183741	0.966916603700468	0.976975969205427	1	0.397146725880157	0.999896172540474
ENSFCAG00000037994:NRAS	0	1	0	0	0	25.2051063913256	0	0	0	0.0444392810434232	0.943077981045762	0.1321257677912	1	0.798151315183741	0.966916603700468	0.976975969205427	1	0.399548457059264	0.999896172540474
ENSFCAG00000024379:MGAM	0	1	0	1	0	2.0157032945855	24.7951602934151	24.7951602934151	0	0.597813709213572	0.0452550761473606	0.132376935369712	1	0.798151315183741	0.966916603700468	0.976975969205427	1	0.400056581914974	0.999896172540474
ENSFCAG00000001124:MYH9	0	1	0	0	1	2.37065365740275	0	0	4.73830941891659	0.520051847135443	0.803423312996834	0.781046470069626	0.174895356760815	0.798151315183741	0.966916603700468	0.976975969205427	1	0.408532181150196	0.999896172540474
ENSFCAG00000012184:NOD1	0	2	0	0	0	9.27885159050695	0	0	0	0.0471040368782673	0.893159442881318	0.136824135316037	1	0.798151315183741	0.966916603700468	0.976975969205427	1	0.408975394148037	0.999896172540474
ENSFCAG00000018078:ATR	0	0	0	0	1	0	0	0	3.55193996531493	0.363706446597638	0.792577975695244	0.644667860198893	0.220665682277013	0.798151315183741	0.966916603700468	0.976975969205427	1	0.419673413213083	0.999896172540474
ENSFCAG00000011214:UBR5	0	0	0	0	1	0	0	0	3.3552444688434	0.350666010427365	0.779174841033881	0.628002710897495	0.230673121230777	0.798151315183741	0.966916603700468	0.976975969205427	1	0.424734175534627	0.999896172540474
ENSFCAG00000007112:TSC1	0	2	0	0	0	8.77573957853634	0	0	0	0.0522287455822575	0.863017948560393	0.147476678182515	1	0.798151315183741	0.966916603700468	0.976975969205427	1	0.429759609619903	0.999896172540474
ENSFCAG00000005621:CACNA1D	0	1	0	0	1	2.27078887180786	0	0	4.23605289503504	0.539990895304069	0.800213318359888	0.795350580083036	0.191732666915535	0.798151315183741	0.966916603700468	0.976975969205427	1	0.43928008907924	0.999896172540474
ENSFCAG00000012665:MECOM	0	2	0	0	0	8.49301038977606	0	0	0	0.0554731929790999	0.875451255087491	0.155914533837351	1	0.798151315183741	0.966916603700468	0.976975969205427	1	0.445673475452919	0.999896172540474
ENSFCAG00000028989:CD70	0	1	0	0	0	21.0364355920501	0	0	0	0.0542995125649793	0.950953246262259	0.156489751141751	1	0.798151315183741	0.966916603700468	0.976975969205427	1	0.446741426713305	0.999896172540474
ENSFCAG00000009757:UPF1	0	2	0	0	0	8.37827452405991	0	0	0	0.0568742076841747	0.864537688783424	0.158474311755206	1	0.798151315183741	0.966916603700468	0.976975969205427	1	0.450409788831575	0.999896172540474
ENSFCAG00000015468:EGFR	0	2	0	0	0	8.12485380385143	0	0	0	0.0601575773576514	0.856267679099827	0.165446843312524	1	0.798151315183741	0.966916603700468	0.976975969205427	1	0.463103139988341	0.999896172540474
ENSFCAG00000012737:CIC	0	1	0	0	1	2.33024884113295	0	0	3.7898826748558	0.527954915390251	0.861998094262296	0.8035740092682	0.209661843732894	0.798151315183741	0.966916603700468	0.976975969205427	1	0.468530350847673	0.999896172540474
ENSFCAG00000006262:CREBBP	0	1	0	0	1	2.13858841739248	0	0	3.84103446555938	0.56862218702486	0.817360405760482	0.821745346139283	0.207438029372472	0.798151315183741	0.966916603700468	0.976975969205427	1	0.472049326949098	0.999896172540474
ENSFCAG00000000760:IRS4	0	2	0	0	0	7.65557170187981	0	0	0	0.0670127571716009	0.909920657006043	0.184526791363786	1	0.798151315183741	0.966916603700468	0.976975969205427	1	0.496369801254675	0.999896172540474
ENSFCAG00000030516:TPR	1	1	0	0	1	1.31879861924412	0	0	3.75803492128559	0.818524072909647	0.730458471353155	0.913751938024861	0.211070654340478	0.826810593332804	0.966916603700468	0.976975969205427	1	0.510277438318451	0.999896172540474
ENSFCAG00000014491:PRKD1	1	2	0	0	0	6.37303989221181	0	0	0	0.0740332191498482	0.838624939022649	0.196192911519147	1	0.798151315183741	0.966916603700468	0.976975969205427	1	0.515723843014216	0.999896172540474
ENSFCAG00000007347:MGA	0	1	0	0	1	1.88368371099945	0	0	3.01680991593083	0.632345863174136	0.824796351327273	0.865385889739167	0.250194707374793	0.798151315183741	0.966916603700468	0.976975969205427	1	0.547803569584595	0.999896172540474
ENSFCAG00000004268:DEK	0	1	0	0	0	14.2966234204117	0	0	0	0.0831459213538475	0.909351860374924	0.220601931077369	1	0.798151315183741	0.966916603700468	0.976975969205427	1	0.554018679009039	0.999896172540474
ENSFCAG00000033201:NEGR1	0	1	0	0	0	13.861009249932	0	0	0	0.0860178044019149	0.918199401099126	0.227182287201465	1	0.798151315183741	0.966916603700468	0.976975969205427	1	0.563867017610885	0.999896172540474
ENSFCAG00000023839:ZFHX3	1	4	0	0	0	3.79558961834117	0	0	0	0.0921190052248256	0.796741395503145	0.227866039991626	1	0.798151315183741	0.966916603700468	0.976975969205427	1	0.564879313075814	0.999896172540474
ENSFCAG00000008986:PREX2	0	2	0	0	0	6.42984764299042	0	0	0	0.0913635582396929	0.821936785751085	0.22908446436662	1	0.798151315183741	0.966916603700468	0.976975969205427	1	0.56667810778497	0.999896172540474
ENSFCAG00000004770:PTPRT	0	2	0	0	0	6.3740485177177	0	0	0	0.0927640275885814	0.839001125780068	0.234010538179853	1	0.798151315183741	0.966916603700468	0.976975969205427	1	0.573884900063269	0.999896172540474
ENSFCAG00000025587:BRCA2	0	1	0	0	1	1.72697502221683	0	0	2.78179184487343	0.678294452880428	0.818852657627861	0.889096857711661	0.265814740203973	0.798151315183741	0.966916603700468	0.976975969205427	1	0.577249489049238	0.999896172540474
ENSFCAG00000009646:SMARCE1	0	1	0	0	0	13.1590384044757	0	0	0	0.0910590822110001	0.914046815430399	0.237652947378431	1	0.798151315183741	0.966916603700468	0.976975969205427	1	0.579146894208548	0.999896172540474
ENSFCAG00000022238:PCBP1	0	1	0	0	0	13.2091272435061	0	0	0	0.0906810614362137	0.95492628415016	0.238440553529092	1	0.798151315183741	0.966916603700468	0.976975969205427	1	0.580277336377456	0.999896172540474
ENSFCAG00000031618:FANCL	0	1	0	0	0	12.3646354281326	0	0	0	0.0974761817664893	0.898927997379747	0.250114002089745	1	0.798151315183741	0.966916603700468	0.976975969205427	1	0.59673160474514	0.999896172540474
ENSFCAG00000024503:GNAQ	0	1	0	0	0	12.2600862904152	0	0	0	0.0983843847241264	0.92058934472212	0.253202797949476	1	0.798151315183741	0.966916603700468	0.976975969205427	1	0.600993182241547	0.999896172540474
ENSFCAG00000039437:WWTR1	0	1	0	0	0	11.8932953138492	0	0	0	0.101700230241487	0.922910913312506	0.260104749107943	1	0.798151315183741	0.966916603700468	0.976975969205427	1	0.610380232136387	0.999896172540474
ENSFCAG00000025616:FAT1	2	3	0	0	1	1.56324110272056	0	0	2.04737939138711	0.573178214973477	0.724836337527387	0.792028111797285	0.330223051927604	0.798151315183741	0.966916603700468	0.976975969205427	1	0.612317056957847	0.999896172540474
ENSFCAG00000010165:SPEN	0	1	0	0	1	1.51052922760261	0	0	2.55268531347994	0.752521388785216	0.838356989801007	0.92888482094942	0.283039118697173	0.798151315183741	0.966916603700468	0.976975969205427	1	0.614143898453287	0.999896172540474
ENSFCAG00000022941:IRF4	0	1	0	0	0	11.5691919712222	0	0	0	0.104809541395067	0.907808788950106	0.265568766156226	1	0.798151315183741	0.966916603700468	0.976975969205427	1	0.617681471044583	0.999896172540474
ENSFCAG00000010347:MAX	0	1	0	0	0	11.2961411671079	0	0	0	0.107570803425728	0.926079254044746	0.272123896252404	1	0.798151315183741	0.966916603700468	0.976975969205427	1	0.626292552761341	0.999896172540474
ENSFCAG00000010866:INHBA	0	1	0	0	0	10.8110488461673	0	0	0	0.112827881346618	0.941417429301035	0.283289471384965	1	0.798151315183741	0.966916603700468	0.976975969205427	1	0.640598526079383	0.999896172540474
ENSFCAG00000006788:ACTB	0	1	0	0	0	10.4831037084091	0	0	0	0.116662985006677	0.929658894564009	0.290300480054414	1	0.798151315183741	0.966916603700468	0.976975969205427	1	0.649355364178636	0.999896172540474
ENSFCAG00000027081:SMAD3	0	1	0	0	0	10.2821798080088	0	0	0	0.119135625539224	0.912353951293319	0.294129573988855	1	0.798151315183741	0.966916603700468	0.976975969205427	1	0.654066193178039	0.999896172540474
ENSFCAG00000028952:HOXA3	0	1	0	0	0	10.2746120211042	0	0	0	0.119230677610624	0.945408257005754	0.296016359634524	1	0.798151315183741	0.966916603700468	0.976975969205427	1	0.656369079797471	0.999896172540474
ENSFCAG00000033150:PTK6	0	1	0	0	0	10.2113983353111	0	0	0	0.120030235662203	0.920704941666554	0.296366852250903	1	0.798151315183741	0.966916603700468	0.976975969205427	1	0.656795541259113	0.999896172540474
ENSFCAG00000003665:EIF3E	0	1	0	0	0	10.0291232221768	0	0	0	0.122393024434851	0.890965425926646	0.298857041575661	1	0.798151315183741	0.966916603700468	0.976975969205427	1	0.659813570411507	0.999896172540474
ENSFCAG00000013396:SESN2	0	1	0	0	0	10.0442843426114	0	0	0	0.122193177529108	0.901618791782148	0.299289276093239	1	0.798151315183741	0.966916603700468	0.976975969205427	1	0.660335306496254	0.999896172540474
ENSFCAG00000013972:RASGEF1A	0	1	0	0	0	10.0094565677562	0	0	0	0.122653175774506	0.903378668438399	0.300296877992143	1	0.798151315183741	0.966916603700468	0.976975969205427	1	0.661549127480718	0.999896172540474
ENSFCAG00000006231:PPARG	0	1	0	0	0	10.0631213094729	0	0	0	0.121945727917005	0.926359559729788	0.300381360632255	1	0.798151315183741	0.966916603700468	0.976975969205427	1	0.661650746837082	0.999896172540474
ENSFCAG00000046322:IRF8	0	1	0	0	0	9.99952552181204	0	0	0	0.122784938278036	0.908654202742935	0.300915786232651	1	0.798151315183741	0.966916603700468	0.976975969205427	1	0.662293026662553	0.999896172540474
ENSFCAG00000003395:RPS6KB2	0	1	0	0	0	9.76831651821992	0	0	0	0.125929300227911	0.901211884432556	0.306381997064318	1	0.798151315183741	0.966916603700468	0.976975969205427	1	0.668808185367295	0.999896172540474
ENSFCAG00000023845:ACVR2A	0	1	0	0	0	9.65220486107891	0	0	0	0.12756591202234	0.893706106039532	0.308894854354883	1	0.798151315183741	0.966916603700468	0.976975969205427	1	0.671770424234833	0.999896172540474
ENSFCAG00000003535:DICER1	0	2	0	0	0	5.1649226134131	0	0	0	0.132763250837836	0.84092067972277	0.311284682349249	1	0.798151315183741	0.966916603700468	0.976975969205427	1	0.674568664089973	0.999896172540474
ENSFCAG00000022711:EPHA5	2	2	0	0	0	4.23933147353918	0	0	0	0.13794472930738	0.813329266626221	0.320170372229837	1	0.798151315183741	0.966916603700468	0.976975969205427	1	0.68481305323369	0.999896172540474
ENSFCAG00000000864:AFDN	0	2	0	0	0	4.99747746519492	0	0	0	0.140211576461121	0.826460754813415	0.32245225534552	1	0.798151315183741	0.966916603700468	0.976975969205427	1	0.687403782160775	0.999896172540474
ENSFCAG00000018200:PDS5B	1	2	0	0	0	4.39962319076973	0	0	0	0.142894648087379	0.784617660547601	0.323040517929303	1	0.798151315183741	0.966916603700468	0.976975969205427	1	0.68806904160075	0.999896172540474
ENSFCAG00000014365:CHEK2	0	1	0	0	0	9.05468497739842	0	0	0	0.136658772368228	0.891509359866046	0.325651284893416	1	0.798151315183741	0.966916603700468	0.976975969205427	1	0.69100862796838	0.999896172540474
ENSFCAG00000000308:WT1	0	1	0	0	0	9.06312371231038	0	0	0	0.136521938068942	0.901969814824239	0.326261225884447	1	0.798151315183741	0.966916603700468	0.976975969205427	1	0.691692367085232	0.999896172540474
ENSFCAG00000029939:SPRTN	0	1	0	0	0	8.88595856662646	0	0	0	0.139449560093559	0.920737730162872	0.332993971245739	1	0.798151315183741	0.966916603700468	0.976975969205427	1	0.699164429387704	0.999896172540474
ENSFCAG00000006381:KMT2B	0	2	0	0	0	4.84583436305465	0	0	0	0.147492313495211	0.828226368095245	0.335612134098249	1	0.798151315183741	0.966916603700468	0.976975969205427	1	0.702033176370472	0.999896172540474
ENSFCAG00000013874:SGK1	0	1	0	0	0	8.55142893019327	0	0	0	0.145309963241109	0.90087794398325	0.342216756106031	1	0.798151315183741	0.966916603700468	0.976975969205427	1	0.709179531942978	0.999896172540474
ENSFCAG00000011506:PAK3	0	1	0	0	0	8.48274861135383	0	0	0	0.146570485873734	0.891263163269309	0.343650749364905	1	0.798151315183741	0.966916603700468	0.976975969205427	1	0.710714218372605	0.999896172540474
ENSFCAG00000003512:DDX5	0	1	0	0	0	8.35556329063594	0	0	0	0.148959565563404	0.897047889584419	0.34844802659727	1	0.798151315183741	0.966916603700468	0.976975969205427	1	0.715805001574763	0.999896172540474
ENSFCAG00000023460:ELF4	0	1	0	0	0	8.36317103092566	0	0	0	0.1488146153915	0.918201205983387	0.349846008126216	1	0.798151315183741	0.966916603700468	0.976975969205427	1	0.717276045617052	0.999896172540474
ENSFCAG00000031193:NCOR2	2	0	0	0	0	0	0	0	0	0.158349602900041	0.720577937649162	0.352276646413886	1	0.798151315183741	0.966916603700468	0.976975969205427	1	0.719820428896517	0.999896172540474
ENSFCAG00000030040:ATRX	0	2	0	0	0	4.59012096339363	0	0	0	0.161071956551057	0.807334777575963	0.355038312818073	1	0.798151315183741	0.966916603700468	0.976975969205427	1	0.72269098489826	0.999896172540474
ENSFCAG00000009580:PAX8	0	1	0	0	0	8.0956781910866	0	0	0	0.154074646316949	0.904023061483574	0.358138519910731	1	0.798151315183741	0.966916603700468	0.976975969205427	1	0.725887844689324	0.999896172540474
ENSFCAG00000042921:IKZF1	0	1	0	0	0	8.0953453433594	0	0	0	0.154081407695068	0.918168019565654	0.35924311029217	1	0.798151315183741	0.966916603700468	0.976975969205427	1	0.727020375569568	0.999896172540474
ENSFCAG00000003030:INSR	1	2	0	0	0	4.0958272863933	0	0	0	0.161295462426033	0.818028066912435	0.360320835389306	1	0.798151315183741	0.966916603700468	0.976975969205427	1	0.728122088063942	0.999896172540474
ENSFCAG00000001108:SETD3	0	1	0	0	0	7.71899977736539	0	0	0	0.162097962409142	0.891030492087926	0.370993596743553	1	0.798151315183741	0.966916603700468	0.976975969205427	1	0.738859894050231	0.999896172540474
ENSFCAG00000031492:ESR1	0	1	0	0	0	7.76372089924238	0	0	0	0.161104875606058	0.917325107814633	0.371530762384821	1	0.798151315183741	0.966916603700468	0.976975969205427	1	0.739392142944403	0.999896172540474
ENSFCAG00000001628:PAX5	1	1	0	0	0	7.00405023342536	0	0	0	0.164827625685286	0.893347591557437	0.376608004403007	1	0.798151315183741	0.966916603700468	0.976975969205427	1	0.744384704983162	0.999896172540474
ENSFCAG00000026299:RAF1	0	1	0	0	0	7.54065104560645	0	0	0	0.166174711008621	0.88039049054124	0.376899335811487	1	0.798151315183741	0.966916603700468	0.976975969205427	1	0.744669092136057	0.999896172540474
ENSFCAG00000013314:TIPARP	0	1	0	0	0	7.60159959866736	0	0	0	0.164760183832161	0.914307256989799	0.377644612486196	1	0.798151315183741	0.966916603700468	0.976975969205427	1	0.7453955797131	0.999896172540474
ENSFCAG00000015395:BTK	0	1	0	0	0	7.46840012508699	0	0	0	0.167881188486309	0.875887009435037	0.379304008515069	1	0.798151315183741	0.966916603700468	0.976975969205427	1	0.747007861972851	0.999896172540474
ENSFCAG00000004384:TGFBR2	0	1	0	0	0	7.54656120826329	0	0	0	0.166036552932892	0.912997496361311	0.379742646227586	1	0.798151315183741	0.966916603700468	0.976975969205427	1	0.747432831414477	0.999896172540474
ENSFCAG00000014803:MED12	2	0	0	0	0	0	0	0	0	0.180702943843385	0.710423072296616	0.386924453425583	1	0.798151315183741	0.966916603700468	0.976975969205427	1	0.75431921071557	0.999896172540474
ENSFCAG00000043801:ZNF703	0	1	0	0	0	7.40659938408682	0	0	0	0.16936700600604	0.946103155124302	0.387616861467595	1	0.798151315183741	0.966916603700468	0.976975969205427	1	0.754976050857633	0.999896172540474
ENSFCAG00000010694:DUSP2	1	1	0	0	0	6.79125322733888	0	0	0	0.170395030940447	0.926929198264051	0.388572636261287	1	0.798151315183741	0.966916603700468	0.976975969205427	1	0.755880697457237	0.999896172540474
ENSFCAG00000005955:PAK5	0	1	0	0	0	7.21228335142898	0	0	0	0.174202789202723	0.907385905669216	0.393193637866896	1	0.798151315183741	0.966916603700468	0.976975969205427	1	0.760221446725614	0.999896172540474
ENSFCAG00000030253:PATZ1	0	1	0	0	0	7.12743101654883	0	0	0	0.176396092011437	0.922972647962202	0.398144756965386	1	0.798151315183741	0.966916603700468	0.976975969205427	1	0.764812041676128	0.999896172540474
ENSFCAG00000018634:STAT4	0	1	0	0	0	6.9809760854658	0	0	0	0.180305311114057	0.864133299464119	0.398646576701478	1	0.798151315183741	0.966916603700468	0.976975969205427	1	0.765273871244828	0.999896172540474
ENSFCAG00000014937:KEL	0	1	0	0	0	6.98319716459434	0	0	0	0.180244820057997	0.875563338697592	0.399983131833377	1	0.798151315183741	0.966916603700468	0.976975969205427	1	0.766500836249248	0.999896172540474
ENSFCAG00000000790:TP63	0	1	0	0	0	7.02120856269715	0	0	0	0.179215417427428	0.892147431565832	0.400133700324457	1	0.798151315183741	0.966916603700468	0.976975969205427	1	0.766638778775579	0.999896172540474
ENSFCAG00000003177:SH2B3	0	1	0	0	0	7.0307027229738	0	0	0	0.178960011985763	0.912478661597764	0.401618576705423	1	0.798151315183741	0.966916603700468	0.976975969205427	1	0.767996109253577	0.999896172540474
ENSFCAG00000030250:CMTR2	0	1	0	0	0	6.94006074496653	0	0	0	0.181426451679582	0.929617649914881	0.407041120775029	1	0.798151315183741	0.966916603700468	0.976975969205427	1	0.772906395188961	0.999896172540474
ENSFCAG00000011030:PIK3R1	0	1	0	0	0	6.78568316933468	0	0	0	0.185776215068471	0.868315688037343	0.408149341047778	1	0.798151315183741	0.966916603700468	0.976975969205427	1	0.773901001812207	0.999896172540474
ENSFCAG00000014214:SYK	0	1	0	0	0	6.79357861297995	0	0	0	0.185549043756952	0.899608862857404	0.411353914947812	1	0.798151315183741	0.966916603700468	0.976975969205427	1	0.776760143913767	0.999896172540474
ENSFCAG00000012784:STRN	0	1	0	0	0	6.66920358212356	0	0	0	0.189188874559765	0.875597033237609	0.414613652882388	1	0.798151315183741	0.966916603700468	0.976975969205427	1	0.779642891679005	0.999896172540474
ENSFCAG00000003694:TFRC	0	1	0	0	0	6.56210273140113	0	0	0	0.192431393700994	0.879050188179884	0.420271052133408	1	0.798151315183741	0.966916603700468	0.976975969205427	1	0.784585288870998	0.999896172540474
ENSFCAG00000036602:IKZF2	1	1	0	0	0	6.05886343490119	0	0	0	0.192549374825703	0.895709596941902	0.423055620320381	1	0.798151315183741	0.966916603700468	0.976975969205427	1	0.786989902399936	0.999896172540474
ENSFCAG00000003928:NCSTN	0	1	0	0	0	6.4456209472926	0	0	0	0.196077424950603	0.888989560844625	0.4272890220695	1	0.798151315183741	0.966916603700468	0.976975969205427	1	0.790610582160421	0.999896172540474
ENSFCAG00000045801:ZBTB7A	0	1	0	0	0	6.36217078419335	0	0	0	0.198769577172065	0.940493027805944	0.436105446139157	1	0.798151315183741	0.966916603700468	0.976975969205427	1	0.798016803000713	0.999896172540474
ENSFCAG00000028024:KDSR	0	1	0	0	0	6.22530800530103	0	0	0	0.203336919263064	0.895786109427988	0.439572503457124	1	0.798151315183741	0.966916603700468	0.976975969205427	1	0.800880268821459	0.999896172540474
ENSFCAG00000003470:CTNNB1	0	1	0	0	0	6.16512054351296	0	0	0	0.20540785456083	0.883095854143036	0.441354639110102	1	0.798151315183741	0.966916603700468	0.976975969205427	1	0.80234149213109	0.999896172540474
ENSFCAG00000000814:HSP90AA1	0	1	0	0	0	6.18642625820519	0	0	0	0.20467029206078	0.898705351561958	0.441986276105583	1	0.798151315183741	0.966916603700468	0.976975969205427	1	0.802857660408275	0.999896172540474
ENSFCAG00000005710:BRD3	0	1	0	0	0	6.04463169175517	0	0	0	0.209673800545959	0.897934573466	0.449729808467577	1	0.798151315183741	0.966916603700468	0.976975969205427	1	0.809112632148705	0.999896172540474
ENSFCAG00000026041:SMO	0	1	0	0	0	5.97110824374083	0	0	0	0.212358800255964	0.897419704420508	0.453837600478567	1	0.798151315183741	0.966916603700468	0.976975969205427	1	0.812376499603394	0.999896172540474
ENSFCAG00000029266:CSDE1	0	1	0	0	0	5.87660007151465	0	0	0	0.215905487939459	0.876888822375441	0.456786706713005	1	0.798151315183741	0.966916603700468	0.976975969205427	1	0.81469677909683	0.999896172540474
ENSFCAG00000011776:LMNA	0	1	0	0	0	5.7918455454248	0	0	0	0.219181088286776	0.901616337090287	0.464771167327049	1	0.798151315183741	0.966916603700468	0.976975969205427	1	0.820883533545841	0.999896172540474
ENSFCAG00000008675:NUP93	0	1	0	0	0	5.65088193659752	0	0	0	0.224838406842085	0.862548467422249	0.468219929537774	1	0.798151315183741	0.966916603700468	0.976975969205427	1	0.823513246041214	0.999896172540474
ENSFCAG00000010330:FUBP1	1	1	0	0	0	5.07645711265886	0	0	0	0.232199685350923	0.830909558797192	0.475599264106568	1	0.798151315183741	0.966916603700468	0.976975969205427	1	0.829054964196654	0.999896172540474
ENSFCAG00000002679:ERCC2	0	1	0	0	0	5.48790862868249	0	0	0	0.231726397949203	0.874409578623485	0.480192651435073	1	0.798151315183741	0.966916603700468	0.976975969205427	1	0.83244656559753	0.999896172540474
ENSFCAG00000028305:FOXA1	1	1	0	0	0	5.03823731328047	0	0	0	0.234048404883784	0.90562431003244	0.488149037121907	1	0.798151315183741	0.966916603700468	0.976975969205427	1	0.838217560504834	0.999896172540474
ENSFCAG00000045383:CDH1	0	1	0	0	0	5.37069522369196	0	0	0	0.236927398489617	0.877533038179025	0.488269084455062	1	0.798151315183741	0.966916603700468	0.976975969205427	1	0.838303635830949	0.999896172540474
ENSFCAG00000000914:NOTCH3	1	0	0	0	0	0	0	0	0	0.240964614916176	0.790717321670342	0.489504593774899	1	0.798151315183741	0.966916603700468	0.976975969205427	1	0.839187796564337	0.999896172540474
ENSFCAG00000007533:PPFIBP1	0	1	0	0	0	5.26120888908872	0	0	0	0.241984997278942	0.847502397499036	0.490813323841828	1	0.798151315183741	0.966916603700468	0.976975969205427	1	0.840120954908903	0.999896172540474
ENSFCAG00000002782:AGO2	0	1	0	0	0	5.14624649677583	0	0	0	0.247515585653545	0.873522832297895	0.502972006477492	1	0.798151315183741	0.966916603700468	0.976975969205427	1	0.848624812816926	0.999896172540474
ENSFCAG00000000639:RELN	0	2	0	0	0	3.27398293889789	0	0	0	0.27041113868624	0.766326359671127	0.50642223685119	1	0.798151315183741	0.966916603700468	0.976975969205427	1	0.850984075985295	0.999896172540474
ENSFCAG00000007234:PTPRS	1	0	0	0	0	0	0	0	0	0.254814522728711	0.779847138357419	0.507298663124809	1	0.798151315183741	0.966916603700468	0.976975969205427	1	0.85157962489017	0.999896172540474
ENSFCAG00000008459:PMS2	0	1	0	0	0	5.01440652234682	0	0	0	0.254153653089455	0.886273499501174	0.514212005869624	1	0.798151315183741	0.966916603700468	0.976975969205427	1	0.856224507929898	0.999896172540474
ENSFCAG00000004539:FLT3	0	1	0	0	0	4.91074323220742	0	0	0	0.259609234187835	0.866853383111611	0.518961275674394	1	0.798151315183741	0.966916603700468	0.976975969205427	1	0.859361475580921	0.999896172540474
ENSFCAG00000025193:USP8	0	1	0	0	0	4.83235479063612	0	0	0	0.263880890824502	0.86480622991064	0.52453184824576	1	0.798151315183741	0.966916603700468	0.976975969205427	1	0.862985567945783	0.999896172540474
ENSFCAG00000003098:PML	0	1	0	0	0	4.89063023319602	0	0	0	0.260692973063534	0.898129700817247	0.524932599171785	1	0.798151315183741	0.966916603700468	0.976975969205427	1	0.863243999081719	0.999896172540474
ENSFCAG00000015061:TRRAP	0	0	0	0	0	0	0	0	0	0.27253377315635	0.759548386904737	0.530588468127898	1	0.798151315183741	0.966916603700468	0.976975969205427	1	0.866858763447183	0.999896172540474
ENSFCAG00000018496:SMARCA1	0	1	0	0	0	4.6950578991336	0	0	0	0.271684848132142	0.84077306517572	0.530780810880774	1	0.798151315183741	0.966916603700468	0.976975969205427	1	0.866980629380131	0.999896172540474
ENSFCAG00000018749:MLLT10	0	1	0	0	0	4.6776340118934	0	0	0	0.272705875276916	0.85543356217496	0.53492935023341	1	0.798151315183741	0.966916603700468	0.976975969205427	1	0.869592169382228	0.999896172540474
ENSFCAG00000028588:JAK2	0	1	0	0	0	4.6718078623633	0	0	0	0.273048871525431	0.85368623977237	0.535074288942081	1	0.798151315183741	0.966916603700468	0.976975969205427	1	0.86968282638985	0.999896172540474
ENSFCAG00000029436:TET2	0	1	0	0	0	4.7346212468237	0	0	0	0.269392580208152	0.904172224698017	0.537705523479353	1	0.798151315183741	0.966916603700468	0.976975969205427	1	0.871321809090253	0.999896172540474
ENSFCAG00000005777:PARP1	0	1	0	0	0	4.64348600585487	0	0	0	0.274727684327032	0.864782947502395	0.539286479250174	1	0.798151315183741	0.966916603700468	0.976975969205427	1	0.872300382084993	0.999896172540474
ENSFCAG00000004047:HIP1	0	1	0	0	0	4.56170064822328	0	0	0	0.279684690652376	0.849456366804823	0.543151907634709	1	0.798151315183741	0.966916603700468	0.976975969205427	1	0.874673496299884	0.999896172540474
ENSFCAG00000008606:DOT1L	1	0	0	0	0	0	0	0	0	0.283038546472717	0.812281390288015	0.54951993307529	1	0.798151315183741	0.966916603700468	0.976975969205427	1	0.87852313907122	0.999896172540474
ENSFCAG00000019223:ARID4A	0	1	0	0	0	4.36006673214406	0	0	0	0.292642278635652	0.853411130385481	0.56087363602466	1	0.798151315183741	0.966916603700468	0.976975969205427	1	0.885204226556765	0.999896172540474
ENSFCAG00000029985:KAT6A	1	0	0	0	0	0	0	0	0	0.29560482363751	0.801061319203144	0.56407261564396	1	0.798151315183741	0.966916603700468	0.976975969205427	1	0.887044961880455	0.999896172540474
ENSFCAG00000029806:AFF1	0	1	0	0	0	4.35557217908197	0	0	0	0.292943759191441	0.871731729512291	0.564530951494243	1	0.798151315183741	0.966916603700468	0.976975969205427	1	0.887307206125945	0.999896172540474
ENSFCAG00000011374:PRKDC	0	2	0	0	0	2.87676407817064	0	0	0	0.324700235266219	0.744821850682551	0.565877693913194	1	0.798151315183741	0.966916603700468	0.976975969205427	1	0.888075614546238	0.999896172540474
ENSFCAG00000012246:DNMT1	1	0	0	0	0	0	0	0	0	0.30203637408175	0.767841858540765	0.566680173757861	1	0.798151315183741	0.966916603700468	0.976975969205427	1	0.888531959627915	0.999896172540474
ENSFCAG00000007834:KTN1	0	1	0	0	0	4.08144616152893	0	0	0	0.312482653624724	0.817032715869133	0.577963458684314	1	0.798151315183741	0.966916603700468	0.976975969205427	1	0.894828822733973	0.999896172540474
ENSFCAG00000011119:LATS2	0	1	0	0	0	4.20898236335357	0	0	0	0.303101433005296	0.895639776477158	0.581258807051449	1	0.798151315183741	0.966916603700468	0.976975969205427	1	0.89662610312258	0.999896172540474
ENSFCAG00000012999:RET	0	1	0	0	0	4.14958782181139	0	0	0	0.307404611666547	0.872300504168695	0.583127476619378	1	0.798151315183741	0.966916603700468	0.976975969205427	1	0.897636966384855	0.999896172540474
ENSFCAG00000003741:NUP98	1	0	0	0	0	0	0	0	0	0.321782317307266	0.788522247323192	0.594211400337647	1	0.798151315183741	0.966916603700468	0.976975969205427	1	0.903510395754244	0.999896172540474
ENSFCAG00000030096:ARID4B	0	1	0	0	0	3.98264435311759	0	0	0	0.320126796772174	0.856264496690307	0.595998095698046	1	0.798151315183741	0.966916603700468	0.976975969205427	1	0.904437723195276	0.999896172540474
ENSFCAG00000030995:AXL	1	1	0	0	0	3.69366933389567	0	0	0	0.322278728759136	0.843751071959214	0.597906299888007	1	0.798151315183741	0.966916603700468	0.976975969205427	1	0.905422201353983	0.999896172540474
ENSFCAG00000005115:ABL1	0	1	0	0	0	4.02069665238265	0	0	0	0.317142220173459	0.894256796588174	0.598751035990483	1	0.798151315183741	0.966916603700468	0.976975969205427	1	0.905856070611539	0.999896172540474
ENSFCAG00000024678:TET3	1	0	0	0	0	0	0	0	0	0.320687104831102	0.847409833775478	0.601504684688862	1	0.798151315183741	0.966916603700468	0.976975969205427	1	0.907262120599553	0.999896172540474
ENSFCAG00000000360:DROSHA	0	1	0	0	0	3.85985825045293	0	0	0	0.330120971687714	0.826623675157805	0.601607915143979	1	0.798151315183741	0.966916603700468	0.976975969205427	1	0.907314585945392	0.999896172540474
ENSFCAG00000012430:ATM	0	0	0	0	0	0	0	0	0	0.328964880924982	0.772103121814789	0.602095487011834	1	0.798151315183741	0.966916603700468	0.976975969205427	1	0.907562147750488	0.999896172540474
ENSFCAG00000003836:ASXL2	0	1	0	0	0	3.92791870696839	0	0	0	0.324511191497698	0.870033076820485	0.603919733619475	1	0.798151315183741	0.966916603700468	0.976975969205427	1	0.908484898828487	0.999896172540474
ENSFCAG00000030408:ZMYM2	0	1	0	0	0	3.81695194778691	0	0	0	0.333750323812044	0.838581898640205	0.608688639836049	1	0.798151315183741	0.966916603700468	0.976975969205427	1	0.910871145228367	0.999896172540474
ENSFCAG00000006065:NF1	0	0	0	0	0	0	0	0	0	0.338516545141941	0.780289243290514	0.614481021837558	1	0.798151315183741	0.966916603700468	0.976975969205427	1	0.913719290420288	0.999896172540474
ENSFCAG00000000916:BRD4	0	1	0	0	0	3.7853632372158	0	0	0	0.336469747066067	0.855733088043139	0.615557891005055	1	0.798151315183741	0.966916603700468	0.976975969205427	1	0.914242758141101	0.999896172540474
ENSFCAG00000012455:KDM2B	0	1	0	0	0	3.67957671972695	0	0	0	0.34588189414864	0.859755297111124	0.627397984012855	1	0.798151315183741	0.966916603700468	0.976975969205427	1	0.919874735077767	0.999896172540474
ENSFCAG00000032000:NCOA2	0	1	0	0	0	3.65787143100559	0	0	0	0.347873368534573	0.85060329336515	0.627827577104622	1	0.798151315183741	0.966916603700468	0.976975969205427	1	0.920074853249806	0.999896172540474
ENSFCAG00000008901:BACH2	1	1	0	0	0	3.4332121871455	0	0	0	0.346836427731268	0.896306041092077	0.635639287843258	1	0.798151315183741	0.966916603700468	0.976975969205427	1	0.923662726129732	0.999896172540474
ENSFCAG00000027460:CPS1	1	0	0	0	0	0	0	0	0	0.358216255667569	0.786738441613646	0.635663568032641	1	0.798151315183741	0.966916603700468	0.976975969205427	1	0.923673727603369	0.999896172540474
ENSFCAG00000015536:ADGRA2	1	0	0	0	0	0	0	0	0	0.351945371140033	0.840788065725247	0.63747978747302	1	0.798151315183741	0.966916603700468	0.976975969205427	1	0.924494038722512	0.999896172540474
ENSFCAG00000000787:APC	0	0	0	0	0	0	0	0	0	0.352559821166937	0.831545517769892	0.638130262237558	1	0.798151315183741	0.966916603700468	0.976975969205427	1	0.924786571982979	0.999896172540474
ENSFCAG00000002050:BCR	0	1	0	0	0	3.57137261982662	0	0	0	0.356024109261208	0.869517865766616	0.640955761263013	1	0.798151315183741	0.966916603700468	0.976975969205427	1	0.926049576306119	0.999896172540474
ENSFCAG00000009032:PLCG1	0	1	0	0	0	3.43196146916883	0	0	0	0.369926676487689	0.837219167900705	0.649673432060105	1	0.798151315183741	0.966916603700468	0.976975969205427	1	0.929868133521042	0.999896172540474
ENSFCAG00000009998:NCOR1	0	0	0	0	0	0	0	0	0	0.368474708160025	0.793081697789281	0.649923487959042	1	0.798151315183741	0.966916603700468	0.976975969205427	1	0.929975930876651	0.999896172540474
ENSFCAG00000011110:JARID2	1	0	0	0	0	0	0	0	0	0.364560697926614	0.832477183802124	0.6504474376805	1	0.798151315183741	0.966916603700468	0.976975969205427	1	0.930201490003827	0.999896172540474
ENSFCAG00000001819:LRRK2	0	0	0	0	0	0	0	0	0	0.37136489661619	0.787909595363916	0.652130062809518	1	0.798151315183741	0.966916603700468	0.976975969205427	1	0.93092300380591	0.999896172540474
ENSFCAG00000007346:SETBP1	0	1	0	0	0	3.50452320694895	0	0	0	0.362568187152756	0.904770399069933	0.654122737585	1	0.798151315183741	0.966916603700468	0.976975969205427	1	0.931771853345917	0.999896172540474
ENSFCAG00000001531:NSD1	0	0	0	0	0	0	0	0	0	0.368936839838013	0.833851823374297	0.656678935612995	1	0.798151315183741	0.966916603700468	0.976975969205427	1	0.932851869763073	0.999896172540474
ENSFCAG00000023397:POLQ	0	0	0	0	0	0	0	0	0	0.371427348824548	0.818372919658901	0.657175445988082	1	0.798151315183741	0.966916603700468	0.976975969205427	1	0.93306049454068	0.999896172540474
ENSFCAG00000008632:KMT2C	0	2	0	0	0	2.45392140170445	0	0	0	0.401451918297401	0.765501626181671	0.657545981760114	1	0.798151315183741	0.966916603700468	0.976975969205427	1	0.933215942594317	0.999896172540474
ENSFCAG00000004987:PLCG2	0	1	0	0	0	3.36182360686911	0	0	0	0.37730522002832	0.83827930363995	0.657980594782547	1	0.798151315183741	0.966916603700468	0.976975969205427	1	0.933398006411532	0.999896172540474
ENSFCAG00000009649:NOTCH2	0	0	0	0	0	0	0	0	0	0.373995286527617	0.828132835567771	0.661385070858464	1	0.798151315183741	0.966916603700468	0.976975969205427	1	0.934814259013513	0.999896172540474
ENSFCAG00000019287:SETD2	0	0	0	0	0	0	0	0	0	0.374758745221944	0.833295184733231	0.662937565631054	1	0.798151315183741	0.966916603700468	0.976975969205427	1	0.935454269237151	0.999896172540474
ENSFCAG00000013481:PRDM16	0	1	0	0	0	3.38963903132641	0	0	0	0.374346851859843	0.880255901762112	0.663436649099408	1	0.798151315183741	0.966916603700468	0.976975969205427	1	0.935659241888804	0.999896172540474
ENSFCAG00000018481:EPHA7	1	1	0	0	0	3.12641191817634	0	0	0	0.380550122062017	0.839060920508236	0.663642026381483	1	0.798151315183741	0.966916603700468	0.976975969205427	1	0.935743480901774	0.999896172540474
ENSFCAG00000014859:ERBB3	1	0	0	0	0	0	0	0	0	0.381647017549794	0.806601178137231	0.664658064504851	1	0.798151315183741	0.966916603700468	0.976975969205427	1	0.936159291740643	0.999896172540474
ENSFCAG00000053177:CNTRL	0	0	0	0	0	0	0	0	0	0.38494467868762	0.792801299901443	0.667332912817551	1	0.798151315183741	0.966916603700468	0.976975969205427	1	0.937246545504267	0.999896172540474
ENSFCAG00000018164:IGF1R	0	1	0	0	0	3.32054620927892	0	0	0	0.381775508688712	0.86300320396038	0.66827143341538	1	0.798151315183741	0.966916603700468	0.976975969205427	1	0.9376254857527	0.999896172540474
ENSFCAG00000000959:PASK	0	1	0	0	0	3.31266047762071	0	0	0	0.382640631302849	0.866056927296039	0.669818177608854	1	0.798151315183741	0.966916603700468	0.976975969205427	1	0.938247129157902	0.999896172540474
ENSFCAG00000006448:ROS1	0	0	0	0	0	0	0	0	0	0.388434240652359	0.800205125443061	0.672262937248193	1	0.798151315183741	0.966916603700468	0.976975969205427	1	0.939222407961838	0.999896172540474
ENSFCAG00000015145:CAD	0	0	0	0	0	0	0	0	0	0.386120388544286	0.821536693766252	0.673333618272305	1	0.798151315183741	0.966916603700468	0.976975969205427	1	0.939646729382545	0.999896172540474
ENSFCAG00000010557:SMC3	1	0	0	0	0	0	0	0	0	0.394868388459141	0.787594535721948	0.674728287233075	1	0.798151315183741	0.966916603700468	0.976975969205427	1	0.940196897590231	0.999896172540474
ENSFCAG00000004831:ARHGAP35	0	1	0	0	0	3.30585479778706	0	0	0	0.383390169989105	0.891608929129648	0.675218720321841	1	0.798151315183741	0.966916603700468	0.976975969205427	1	0.940389677943196	0.999896172540474
ENSFCAG00000015718:PBRM1	0	1	0	0	0	3.20954442375473	0	0	0	0.394294221696337	0.834834520165378	0.675224677465375	1	0.798151315183741	0.966916603700468	0.976975969205427	1	0.940392017398048	0.999896172540474
ENSFCAG00000010549:SNCAIP	1	1	0	0	0	3.05087257897614	0	0	0	0.389790935220474	0.853849526992495	0.676544665326951	1	0.798151315183741	0.966916603700468	0.976975969205427	1	0.940909100177761	0.999896172540474
ENSFCAG00000009906:PTPRB	0	0	0	0	0	0	0	0	0	0.392112948868539	0.823503951494708	0.679896259345334	1	0.798151315183741	0.966916603700468	0.976975969205427	1	0.942210470160182	0.999896172540474
ENSFCAG00000005317:NUMA1	0	0	0	0	0	0	0	0	0	0.395865340969006	0.824564487321724	0.683941305302511	1	0.798151315183741	0.966916603700468	0.976975969205427	1	0.943759100560329	0.999896172540474
ENSFCAG00000012141:STIL	1	0	0	0	0	0	0	0	0	0.395335309142808	0.836059824786318	0.683990388462992	1	0.798151315183741	0.966916603700468	0.976975969205427	1	0.943777744666032	0.999896172540474
ENSFCAG00000051264:WDR90	0	0	0	0	0	0	0	0	0	0.404232966841179	0.828757367480342	0.693139487082515	1	0.798151315183741	0.966916603700468	0.976975969205427	1	0.947191758298338	0.999896172540474
ENSFCAG00000000544:EPHB1	1	1	0	0	0	2.91615052797859	0	0	0	0.407334063953316	0.857433284058809	0.6955080789696	1	0.798151315183741	0.966916603700468	0.976975969205427	1	0.94805586175176	0.999896172540474
ENSFCAG00000035450:ARID5B	1	0	0	0	0	0	0	0	0	0.403664550731482	0.863667517729336	0.696600803683954	1	0.798151315183741	0.966916603700468	0.976975969205427	1	0.948451785970179	0.999896172540474
ENSFCAG00000004858:BCOR	0	0	0	0	0	0	0	0	0	0.407982369465436	0.860179594370675	0.701342032991749	1	0.798151315183741	0.966916603700468	0.976975969205427	1	0.950149844654447	0.999896172540474
ENSFCAG00000012577:MYO5A	0	0	0	0	0	0	0	0	0	0.419871202801758	0.811745220105992	0.705871696414721	1	0.798151315183741	0.966916603700468	0.976975969205427	1	0.951742190016446	0.999896172540474
ENSFCAG00000012280:SLX4	0	1	0	0	0	3.02061596366372	0	0	0	0.417424805614428	0.873396238286237	0.707485210141724	1	0.798151315183741	0.966916603700468	0.976975969205427	1	0.952302369289723	0.999896172540474
ENSFCAG00000022277:TRIP11	0	0	0	0	0	0	0	0	0	0.417781876543449	0.834403555222161	0.707554877521129	1	0.798151315183741	0.966916603700468	0.976975969205427	1	0.952326473458933	0.999896172540474
ENSFCAG00000018737:PIK3CA	1	0	0	0	0	0	0	0	0	0.422959114555557	0.821750950327968	0.709346387961534	1	0.798151315183741	0.966916603700468	0.976975969205427	1	0.952943962619669	0.999896172540474
ENSFCAG00000013913:INPP4A	1	0	0	0	0	0	0	0	0	0.423747879252235	0.818785484923869	0.709570757810154	1	0.798151315183741	0.966916603700468	0.976975969205427	1	0.953020978283125	0.999896172540474
ENSFCAG00000024012:GRM3	1	0	0	0	0	0	0	0	0	0.41529071217708	0.877859850368963	0.710231343876694	1	0.798151315183741	0.966916603700468	0.976975969205427	1	0.953247314701972	0.999896172540474
ENSFCAG00000008554:HGF	2	0	0	0	0	0	0	0	0	0.430306187719595	0.795012257971812	0.71040662193888	1	0.798151315183741	0.966916603700468	0.976975969205427	1	0.953307267010298	0.999896172540474
ENSFCAG00000005552:KAT6B	0	0	0	0	0	0	0	0	0	0.418451946041724	0.850877132432703	0.710617121260653	1	0.798151315183741	0.966916603700468	0.976975969205427	1	0.953379209284867	0.999896172540474
ENSFCAG00000025265:CAMTA1	0	1	0	0	0	2.92735875662141	0	0	0	0.429782503610894	0.847837218245117	0.714192222643403	1	0.798151315183741	0.966916603700468	0.976975969205427	1	0.954591562697267	0.999896172540474
ENSFCAG00000002384:PDCD11	0	0	0	0	0	0	0	0	0	0.43133602043398	0.825576828636989	0.719293686885528	1	0.798151315183741	0.966916603700468	0.976975969205427	1	0.956290554932659	0.999896172540474
ENSFCAG00000004050:ERCC4	1	0	0	0	0	0	0	0	0	0.428567933373132	0.860240175107517	0.72104580475712	1	0.798151315183741	0.966916603700468	0.976975969205427	1	0.956865720184147	0.999896172540474
ENSFCAG00000008083:RICTOR	0	0	0	0	0	0	0	0	0	0.442111027116645	0.809829752161869	0.726641903214528	1	0.798151315183741	0.966916603700468	0.976975969205427	1	0.958674278876275	0.999896172540474
ENSFCAG00000012831:ARID2	0	0	0	0	0	0	0	0	0	0.43654138600665	0.843580653977449	0.727109926242889	1	0.798151315183741	0.966916603700468	0.976975969205427	1	0.958823577995118	0.999896172540474
ENSFCAG00000007696:MDC1	0	0	0	0	0	0	0	0	0	0.432903560429167	0.877685481700382	0.728178336933787	1	0.798151315183741	0.966916603700468	0.976975969205427	1	0.959163271984279	0.999896172540474
ENSFCAG00000006877:CHD4	0	1	0	0	0	2.75985179932344	0	0	0	0.453745391660635	0.815494564241542	0.728272715894224	1	0.798151315183741	0.966916603700468	0.976975969205427	1	0.959193203751594	0.999896172540474
ENSFCAG00000027260:CLTC	0	0	0	0	0	0	0	0	0	0.440450815492532	0.830930619628779	0.728802468072613	1	0.798151315183741	0.966916603700468	0.976975969205427	1	0.959360984782155	0.999896172540474
ENSFCAG00000026305:PIK3CD	1	1	0	0	0	2.63125036637973	0	0	0	0.449626344330812	0.825900443128437	0.729676996821291	1	0.798151315183741	0.966916603700468	0.976975969205427	1	0.959637119691856	0.999896172540474
ENSFCAG00000002747:CLTCL1	0	0	0	0	0	0	0	0	0	0.441225655756186	0.832796500466631	0.729834290449299	1	0.798151315183741	0.966916603700468	0.976975969205427	1	0.959686674347447	0.999896172540474
ENSFCAG00000034298:CUX1	0	1	0	0	0	2.80133000923067	0	0	0	0.44758692951538	0.847836329825803	0.731195666207156	1	0.798151315183741	0.966916603700468	0.976975969205427	1	0.960114154079591	0.999896172540474
ENSFCAG00000002588:SETD1A	0	0	0	0	0	0	0	0	0	0.443222106377086	0.855936658050157	0.735222488352992	1	0.798151315183741	0.966916603700468	0.976975969205427	1	0.9613637802372	0.999896172540474
ENSFCAG00000001568:SMARCA2	0	0	0	0	0	0	0	0	0	0.448898708601391	0.823258096297555	0.735329974634174	1	0.798151315183741	0.966916603700468	0.976975969205427	1	0.961396833238846	0.999896172540474
ENSFCAG00000024457:PTPRD	0	1	0	0	0	2.72777494746491	0	0	0	0.458615388819874	0.825002590489553	0.735445794477905	1	0.798151315183741	0.966916603700468	0.976975969205427	1	0.961432431300088	0.999896172540474
ENSFCAG00000031869:BCORL1	0	0	0	0	0	0	0	0	0	0.442028033716771	0.874664025042135	0.736553002273222	1	0.798151315183741	0.966916603700468	0.976975969205427	1	0.961771819356445	0.999896172540474
ENSFCAG00000004031:ATP2B3	0	0	0	0	0	0	0	0	0	0.445390696203675	0.861233584545435	0.737989774910409	1	0.798151315183741	0.966916603700468	0.976975969205427	1	0.962209746763493	0.999896172540474
ENSFCAG00000046155:REST	1	0	0	0	0	0	0	0	0	0.442680222798862	0.892162002479235	0.7387136738315	1	0.798151315183741	0.966916603700468	0.976975969205427	1	0.962429330654796	0.999896172540474
ENSFCAG00000014340:KDM5A	0	0	0	0	0	0	0	0	0	0.450742556300931	0.838282177502728	0.739549355109041	1	0.798151315183741	0.966916603700468	0.976975969205427	1	0.962681939943766	0.999896172540474
ENSFCAG00000024512:ZNF521	0	0	0	0	0	0	0	0	0	0.447041140651154	0.883441977900737	0.742317686876093	1	0.798151315183741	0.966916603700468	0.976975969205427	1	0.963512010256851	0.999896172540474
ENSFCAG00000009679:KDR	0	0	0	0	0	0	0	0	0	0.455728857014352	0.842233892786726	0.744738143541234	1	0.798151315183741	0.966916603700468	0.976975969205427	1	0.964229311160703	0.999896172540474
ENSFCAG00000003795:FANCA	0	0	0	0	0	0	0	0	0	0.459076040014661	0.827937314227365	0.745385555932751	1	0.798151315183741	0.966916603700468	0.976975969205427	1	0.964419836907605	0.999896172540474
ENSFCAG00000011453:RPTOR	0	0	0	0	0	0	0	0	0	0.457325101429535	0.837536947936363	0.745429763777678	1	0.798151315183741	0.966916603700468	0.976975969205427	1	0.964432826234139	0.999896172540474
ENSFCAG00000027650:EPS15	1	0	0	0	0	0	0	0	0	0.460193814671101	0.831877620385459	0.746054967472141	1	0.798151315183741	0.966916603700468	0.976975969205427	1	0.964616245444341	0.999896172540474
ENSFCAG00000014232:HDAC4	1	1	0	0	0	2.50868590500773	0	0	0	0.470378804567026	0.820543337760513	0.747089648974395	1	0.798151315183741	0.966916603700468	0.976975969205427	1	0.964918644443935	0.999896172540474
ENSFCAG00000009081:NTRK2	1	0	0	0	0	0	0	0	0	0.4610712736761	0.83896381334394	0.74811088804391	1	0.798151315183741	0.966916603700468	0.976975969205427	1	0.965215709533482	0.999896172540474
ENSFCAG00000026102:AXIN2	1	0	0	0	0	0	0	0	0	0.456316118225814	0.868593831449608	0.74846722831001	1	0.798151315183741	0.966916603700468	0.976975969205427	1	0.965319036075017	0.999896172540474
ENSFCAG00000011205:PTCH1	0	0	0	0	0	0	0	0	0	0.457907723032751	0.858785933077769	0.749207637322705	1	0.798151315183741	0.966916603700468	0.976975969205427	1	0.965533187095145	0.999896172540474
ENSFCAG00000014501:ROBO1	0	0	0	0	0	0	0	0	0	0.463808274758535	0.832337741604406	0.750377020259344	1	0.798151315183741	0.966916603700468	0.976975969205427	1	0.965869921561424	0.999896172540474
ENSFCAG00000007256:KDM5C	0	0	0	0	0	0	0	0	0	0.4620798492305	0.853008709825027	0.75214253704172	1	0.798151315183741	0.966916603700468	0.976975969205427	1	0.966374866435309	0.999896172540474
ENSFCAG00000014104:MAP3K1	0	0	0	0	0	0	0	0	0	0.460899501794032	0.862928998067049	0.752504943713779	1	0.798151315183741	0.966916603700468	0.976975969205427	1	0.966478003225172	0.999896172540474
ENSFCAG00000011746:TSC2	0	1	0	0	0	2.61352702767878	0	0	0	0.476765163618943	0.828913681970932	0.752734520239515	1	0.798151315183741	0.966916603700468	0.976975969205427	1	0.96654324776875	0.999896172540474
ENSFCAG00000001882:FLT4	0	0	0	0	0	0	0	0	0	0.465190978078396	0.84806554404632	0.754177944923819	1	0.798151315183741	0.966916603700468	0.976975969205427	1	0.966951858925257	0.999896172540474
ENSFCAG00000037938:NSD2	0	0	0	0	0	0	0	0	0	0.463824473533421	0.856259572236407	0.754191023161496	1	0.798151315183741	0.966916603700468	0.976975969205427	1	0.966955548535007	0.999896172540474
ENSFCAG00000012673:TET1	0	1	0	0	0	2.65382426446964	0	0	0	0.470215487760802	0.860587634592267	0.754872197512391	1	0.798151315183741	0.966916603700468	0.976975969205427	1	0.967147406835607	0.999896172540474
ENSFCAG00000000496:PCM1	0	1	0	0	0	2.52617746563386	0	0	0	0.491550619491009	0.810392981361039	0.76000704091152	1	0.798151315183741	0.966916603700468	0.976975969205427	1	0.968573934986272	0.999896172540474
ENSFCAG00000022076:NIN	0	1	0	0	0	2.5296065364945	0	0	0	0.490954424326506	0.81689300347124	0.761483377976622	1	0.798151315183741	0.966916603700468	0.976975969205427	1	0.968977649608843	0.999896172540474
ENSFCAG00000013299:FLT1	0	0	0	0	0	0	0	0	0	0.474463110240955	0.843644176693857	0.761655476669533	1	0.798151315183741	0.966916603700468	0.976975969205427	1	0.969024524808096	0.999896172540474
ENSFCAG00000005610:SETD5	0	0	0	0	0	0	0	0	0	0.476699810375395	0.849064072604797	0.764472105676805	1	0.798151315183741	0.966916603700468	0.976975969205427	1	0.969786181324892	0.999896172540474
ENSFCAG00000025791:NCOA1	0	0	0	0	0	0	0	0	0	0.475964034573272	0.854274703840723	0.764637947397209	1	0.798151315183741	0.966916603700468	0.976975969205427	1	0.969830703405596	0.999896172540474
ENSFCAG00000003320:CDH11	1	0	0	0	0	0	0	0	0	0.475284452666426	0.864239484877922	0.764866346206841	1	0.798151315183741	0.966916603700468	0.976975969205427	1	0.969891960764017	0.999896172540474
ENSFCAG00000007864:MAP3K6	0	0	0	0	0	0	0	0	0	0.478202184778197	0.846338567536342	0.765341201093269	1	0.798151315183741	0.966916603700468	0.976975969205427	1	0.970019100224578	0.999896172540474
ENSFCAG00000006087:BLM	0	0	0	0	0	0	0	0	0	0.476847516406682	0.855459076590427	0.765587525870551	1	0.798151315183741	0.966916603700468	0.976975969205427	1	0.970084936093799	0.999896172540474
ENSFCAG00000004564:COL1A1	0	0	0	0	0	0	0	0	0	0.486274540765301	0.81185247181244	0.765977606776664	1	0.798151315183741	0.966916603700468	0.976975969205427	1	0.970189031920529	0.999896172540474
ENSFCAG00000011228:FANCD2	0	0	0	0	0	0	0	0	0	0.48512067396167	0.817175690445114	0.766062458144418	1	0.798151315183741	0.966916603700468	0.976975969205427	1	0.970211648794491	0.999896172540474
ENSFCAG00000010606:CLIP1	0	0	0	0	0	0	0	0	0	0.47831546018212	0.851928213139412	0.766323039119727	1	0.798151315183741	0.966916603700468	0.976975969205427	1	0.970281047114784	0.999896172540474
ENSFCAG00000015191:PER1	0	0	0	0	0	0	0	0	0	0.478712662020265	0.859727581892633	0.767845560509283	1	0.798151315183741	0.966916603700468	0.976975969205427	1	0.970684756967006	0.999896172540474
ENSFCAG00000013232:MYH11	0	1	0	0	0	2.47263974878057	0	0	0	0.501033436256797	0.81354590668486	0.768895107205315	1	0.798151315183741	0.966916603700468	0.976975969205427	1	0.970961295239843	0.999896172540474
ENSFCAG00000013609:NSD3	0	0	0	0	0	0	0	0	0	0.482811230288816	0.848066592344222	0.769589456508616	1	0.798151315183741	0.966916603700468	0.976975969205427	1	0.971143457315818	0.999896172540474
ENSFCAG00000024759:WRN	0	0	0	0	0	0	0	0	0	0.487112124929627	0.830650790752082	0.770273453765764	1	0.798151315183741	0.966916603700468	0.976975969205427	1	0.971322291011762	0.999896172540474
ENSFCAG00000015033:NCOA3	0	0	0	0	0	0	0	0	0	0.486216192993735	0.85376661439447	0.773399924076706	1	0.798151315183741	0.966916603700468	0.976975969205427	1	0.972131993603065	0.999896172540474
ENSFCAG00000027069:GATA6	1	0	0	0	0	0	0	0	0	0.481913341572668	0.901800891566545	0.775559470975509	1	0.798151315183741	0.966916603700468	0.976975969205427	1	0.972683896385939	0.999896172540474
ENSFCAG00000009534:MET	0	0	0	0	0	0	0	0	0	0.487512613221109	0.86156497804339	0.775684664328999	1	0.798151315183741	0.966916603700468	0.976975969205427	1	0.972715706753202	0.999896172540474
ENSFCAG00000012003:EMSY	0	0	0	0	0	0	0	0	0	0.489661008171412	0.858235393857302	0.777011366633988	1	0.798151315183741	0.966916603700468	0.976975969205427	1	0.973051567421762	0.999896172540474
ENSFCAG00000000325:POLD1	0	0	0	0	0	0	0	0	0	0.490278128322803	0.856053248887044	0.777199823918636	1	0.798151315183741	0.966916603700468	0.976975969205427	1	0.973099092398705	0.999896172540474
ENSFCAG00000025219:MRE11	1	0	0	0	0	0	0	0	0	0.496697809037392	0.831620000438981	0.777528020510231	1	0.798151315183741	0.966916603700468	0.976975969205427	1	0.97318174761981	0.999896172540474
ENSFCAG00000009897:CDK12	0	0	0	0	0	0	0	0	0	0.490552349605565	0.866731734741288	0.779015164221292	1	0.798151315183741	0.966916603700468	0.976975969205427	1	0.973554544622995	0.999896172540474
ENSFCAG00000027633:STAG2	0	0	0	0	0	0	0	0	0	0.500785313097976	0.823013604803201	0.780173617721116	1	0.798151315183741	0.966916603700468	0.976975969205427	1	0.973842978226741	0.999896172540474
ENSFCAG00000029975:AFF3	0	0	0	0	0	0	0	0	0	0.493181985925523	0.860608433160039	0.780338533302845	1	0.798151315183741	0.966916603700468	0.976975969205427	1	0.973883899243435	0.999896172540474
ENSFCAG00000004893:CARM1	1	0	0	0	0	0	0	0	0	0.493057246942342	0.865403250372421	0.780344015154122	1	0.798151315183741	0.966916603700468	0.976975969205427	1	0.973885258873699	0.999896172540474
ENSFCAG00000007401:PC	0	0	0	0	0	0	0	0	0	0.492123865413677	0.868007048359799	0.780525209375743	1	0.798151315183741	0.966916603700468	0.976975969205427	1	0.973930177704271	0.999896172540474
ENSFCAG00000024874:SOS1	0	0	0	0	0	0	0	0	0	0.496596510676709	0.844444929222296	0.780615097948735	1	0.798151315183741	0.966916603700468	0.976975969205427	1	0.973952445859843	0.999896172540474
ENSFCAG00000003009:IRS1	0	0	0	0	0	0	0	0	0	0.485894170077412	0.922627087031183	0.781273611386499	1	0.798151315183741	0.966916603700468	0.976975969205427	1	0.974115264235921	0.999896172540474
ENSFCAG00000007089:MSH6	0	0	0	0	0	0	0	0	0	0.492303960406738	0.872820727556191	0.781346051373899	1	0.798151315183741	0.966916603700468	0.976975969205427	1	0.974133141229338	0.999896172540474
ENSFCAG00000008747:PTPRO	0	0	0	0	0	0	0	0	0	0.497270876836104	0.852384618762356	0.782479222740742	1	0.798151315183741	0.966916603700468	0.976975969205427	1	0.974411915379689	0.999896172540474
ENSFCAG00000014002:COL2A1	0	0	0	0	0	0	0	0	0	0.505974452028627	0.813991529198801	0.782561829483906	1	0.798151315183741	0.966916603700468	0.976975969205427	1	0.974432173454751	0.999896172540474
ENSFCAG00000023047:STAG1	0	0	0	0	0	0	0	0	0	0.502886377212636	0.832157892895715	0.783612208633943	1	0.798151315183741	0.966916603700468	0.976975969205427	1	0.97468900326642	0.999896172540474
ENSFCAG00000009903:ERBB2	0	0	0	0	0	0	0	0	0	0.49903630858543	0.850375057263886	0.783616750167846	1	0.798151315183741	0.966916603700468	0.976975969205427	1	0.974690110665486	0.999896172540474
ENSFCAG00000013897:SMC1A	0	0	0	0	0	0	0	0	0	0.49937738025629	0.851618802163221	0.784100064772218	1	0.798151315183741	0.966916603700468	0.976975969205427	1	0.974807810769672	0.999896172540474
ENSFCAG00000005038:SF3B1	0	0	0	0	0	0	0	0	0	0.500113869369738	0.848960585497362	0.784273984754068	1	0.798151315183741	0.966916603700468	0.976975969205427	1	0.974850092062902	0.999896172540474
ENSFCAG00000005323:INPPL1	0	0	0	0	0	0	0	0	0	0.498770517994617	0.858108260893409	0.784622025951886	1	0.798151315183741	0.966916603700468	0.976975969205427	1	0.974934587762838	0.999896172540474
ENSFCAG00000007047:MYO18A	0	1	0	0	0	2.36939399228024	0	0	0	0.520294971602518	0.816533206264009	0.78538187335201	1	0.798151315183741	0.966916603700468	0.976975969205427	1	0.975118523351743	0.999896172540474
ENSFCAG00000001147:BCL9L	0	0	0	0	0	0	0	0	0	0.497422167577472	0.881447445551461	0.786791722432146	1	0.798151315183741	0.966916603700468	0.976975969205427	1	0.975457857384586	0.999896172540474
ENSFCAG00000009436:TYK2	0	0	0	0	0	0	0	0	0	0.500897339184429	0.87052567877498	0.788215498159226	1	0.798151315183741	0.966916603700468	0.976975969205427	1	0.975797979551619	0.999896172540474
ENSFCAG00000012034:SETDB2	1	0	0	0	0	0	0	0	0	0.506208701885944	0.851603825148301	0.788999433790619	1	0.798151315183741	0.966916603700468	0.976975969205427	1	0.975984153783937	0.999896172540474
ENSFCAG00000000765:FOXO1	1	0	0	0	0	0	0	0	0	0.495959487505138	0.923674475215187	0.789800892894371	1	0.798151315183741	0.966916603700468	0.976975969205427	1	0.976173684397067	0.999896172540474
ENSFCAG00000005002:EP300	0	1	0	0	0	2.33007918475817	0	0	0	0.527988560999856	0.814375597663865	0.790747855662027	1	0.798151315183741	0.966916603700468	0.976975969205427	1	0.976396575895276	0.999896172540474
ENSFCAG00000018332:PTPN13	0	1	0	0	0	2.2862687349144	0	0	0	0.536809613766978	0.796744093184678	0.791773970481847	1	0.798151315183741	0.966916603700468	0.976975969205427	1	0.976636817678433	0.999896172540474
ENSFCAG00000000349:BCL9	0	0	0	0	0	0	0	0	0	0.502051808702607	0.895968982473956	0.79240558047008	1	0.798151315183741	0.966916603700468	0.976975969205427	1	0.976784033692746	0.999896172540474
ENSFCAG00000009141:PDGFRA	0	0	0	0	0	0	0	0	0	0.508577787105682	0.861569569572466	0.793191932342267	1	0.798151315183741	0.966916603700468	0.976975969205427	1	0.976966613514286	0.999896172540474
ENSFCAG00000000407:CTR9	0	0	0	0	0	0	0	0	0	0.512814250189129	0.846146429696009	0.794100137822848	1	0.798151315183741	0.966916603700468	0.976975969205427	1	0.977176515940878	0.999896172540474
ENSFCAG00000001953:JAK1	0	0	0	0	0	0	0	0	0	0.511540347625832	0.854117756823648	0.794409101942308	1	0.798151315183741	0.966916603700468	0.976975969205427	1	0.97724768619516	0.999896172540474
ENSFCAG00000010710:ALPK1	0	0	0	0	0	0	0	0	0	0.507789311733352	0.877456593506244	0.79483589043984	1	0.798151315183741	0.966916603700468	0.976975969205427	1	0.977345799807615	0.999896172540474
ENSFCAG00000001563:SEC31A	0	0	0	0	0	0	0	0	0	0.51527245037758	0.841246457960035	0.795199776731751	1	0.798151315183741	0.966916603700468	0.976975969205427	1	0.977429271953801	0.999896172540474
ENSFCAG00000003634:PDGFRB	0	0	0	0	0	0	0	0	0	0.511552181987676	0.860068850401924	0.79536282073903	1	0.798151315183741	0.966916603700468	0.976975969205427	1	0.977466618715268	0.999896172540474
ENSFCAG00000003633:CSF1R	0	0	0	0	0	0	0	0	0	0.510914943536593	0.864875096530582	0.795582346847161	1	0.798151315183741	0.966916603700468	0.976975969205427	1	0.977516850437652	0.999896172540474
ENSFCAG00000011053:PLK2	1	0	0	0	0	0	0	0	0	0.51346619121499	0.859511436990683	0.796203675651887	1	0.798151315183741	0.966916603700468	0.976975969205427	1	0.977658693923231	0.999896172540474
ENSFCAG00000002822:SALL4	0	0	0	0	0	0	0	0	0	0.5043036799784	0.919915958540545	0.796677327188485	1	0.798151315183741	0.966916603700468	0.976975969205427	1	0.977766498371013	0.999896172540474
ENSFCAG00000004554:PIK3CG	0	0	0	0	0	0	0	0	0	0.509241209673926	0.891417859955644	0.797797512670198	1	0.798151315183741	0.966916603700468	0.976975969205427	1	0.978020335576679	0.999896172540474
ENSFCAG00000012781:SHQ1	1	0	0	0	0	0	0	0	0	0.514514731201471	0.865953648458882	0.798084060449325	1	0.798151315183741	0.966916603700468	0.976975969205427	1	0.978085015396974	0.999896172540474
ENSFCAG00000003659:DNMT3A	0	0	0	0	0	0	0	0	0	0.516433941285116	0.859432036851115	0.799167678105578	1	0.798151315183741	0.966916603700468	0.976975969205427	1	0.978328680662941	0.999896172540474
ENSFCAG00000002750:HIRA	0	0	0	0	0	0	0	0	0	0.518957281231824	0.855853946310175	0.800595345736298	1	0.798151315183741	0.966916603700468	0.976975969205427	1	0.978647467145315	0.999896172540474
ENSFCAG00000013378:ATP1A1	0	0	0	0	0	0	0	0	0	0.517956536496355	0.862459039003684	0.800848073903443	1	0.798151315183741	0.966916603700468	0.976975969205427	1	0.978703633914377	0.999896172540474
ENSFCAG00000003178:ATXN2	0	0	0	0	0	0	0	0	0	0.5190437249956	0.858485486656062	0.801086055611694	1	0.798151315183741	0.966916603700468	0.976975969205427	1	0.978756450492864	0.999896172540474
ENSFCAG00000018250:LIFR	0	0	0	0	0	0	0	0	0	0.518883892936156	0.862849134300335	0.801642738247043	1	0.798151315183741	0.966916603700468	0.976975969205427	1	0.978879722032863	0.999896172540474
ENSFCAG00000002830:TEK	0	0	0	0	0	0	0	0	0	0.519489876535073	0.863412732149073	0.802208579614724	1	0.798151315183741	0.966916603700468	0.976975969205427	1	0.97900462551163	0.999896172540474
ENSFCAG00000009739:ELL	1	0	0	0	0	0	0	0	0	0.520185595061097	0.865288338714407	0.80249629425183	1	0.798151315183741	0.966916603700468	0.976975969205427	1	0.979067982382361	0.999896172540474
ENSFCAG00000014494:MLLT6	0	0	0	0	0	0	0	0	0	0.520268556485481	0.867557497652057	0.803450657524373	1	0.798151315183741	0.966916603700468	0.976975969205427	1	0.979277401804133	0.999896172540474
ENSFCAG00000038306:TRIM33	0	0	0	0	0	0	0	0	0	0.521449297575446	0.866842735673698	0.804274863921828	1	0.798151315183741	0.966916603700468	0.976975969205427	1	0.979457348119587	0.999896172540474
ENSFCAG00000029845:ZNF217	0	0	0	0	0	0	0	0	0	0.514153166517065	0.916441181856962	0.804451307564355	1	0.798151315183741	0.966916603700468	0.976975969205427	1	0.979495760697132	0.999896172540474
ENSFCAG00000005305:ABL2	0	0	0	0	0	0	0	0	0	0.518769061227598	0.884075437609726	0.804564035194997	1	0.798151315183741	0.966916603700468	0.976975969205427	1	0.979520281749942	0.999896172540474
ENSFCAG00000006191:ERC1	0	0	0	0	0	0	0	0	0	0.524702308538147	0.854514501846482	0.804878544387975	1	0.798151315183741	0.966916603700468	0.976975969205427	1	0.979588611794454	0.999896172540474
ENSFCAG00000004555:CBLB	0	0	0	0	0	0	0	0	0	0.524682106405785	0.864612850407254	0.806471024930404	1	0.798151315183741	0.966916603700468	0.976975969205427	1	0.979932707463466	0.999896172540474
ENSFCAG00000007143:TLL2	0	0	0	0	0	0	0	0	0	0.525154786688528	0.866092208868553	0.807065720016609	1	0.798151315183741	0.966916603700468	0.976975969205427	1	0.980060399617791	0.999896172540474
ENSFCAG00000009719:PTK7	0	0	0	0	0	0	0	0	0	0.524935585856203	0.871237041977668	0.807660396960467	1	0.798151315183741	0.966916603700468	0.976975969205427	1	0.980187649689131	0.999896172540474
ENSFCAG00000002702:XPO1	0	0	0	0	0	0	0	0	0	0.529899024477916	0.852170635929904	0.808503152587568	1	0.798151315183741	0.966916603700468	0.976975969205427	1	0.980367234225577	0.999896172540474
ENSFCAG00000004825:RASA1	0	0	0	0	0	0	0	0	0	0.531457450863055	0.84771919440091	0.808930703134521	1	0.798151315183741	0.966916603700468	0.976975969205427	1	0.980458005916749	0.999896172540474
ENSFCAG00000006852:EPHB4	0	0	0	0	0	0	0	0	0	0.524361131520479	0.883693173484556	0.808937451629945	1	0.798151315183741	0.966916603700468	0.976975969205427	1	0.980459436853221	0.999896172540474
ENSFCAG00000001395:RBM10	0	0	0	0	0	0	0	0	0	0.530076869279792	0.856398237215744	0.80934465661844	1	0.798151315183741	0.966916603700468	0.976975969205427	1	0.980545675552932	0.999896172540474
ENSFCAG00000012942:PALB2	0	0	0	0	0	0	0	0	0	0.525361048925152	0.881142376262552	0.809382449224138	1	0.798151315183741	0.966916603700468	0.976975969205427	1	0.980553668956511	0.999896172540474
ENSFCAG00000002828:PIK3CB	0	0	0	0	0	0	0	0	0	0.531352672391046	0.850987282028912	0.809415606306207	1	0.798151315183741	0.966916603700468	0.976975969205427	1	0.980560680460772	0.999896172540474
ENSFCAG00000023857:LATS1	0	0	0	0	0	0	0	0	0	0.524482375381192	0.888099618776564	0.809601034984461	1	0.798151315183741	0.966916603700468	0.976975969205427	1	0.98059986677502	0.999896172540474
ENSFCAG00000013999:HDAC7	0	0	0	0	0	0	0	0	0	0.530217633240616	0.86952481259595	0.811509829960991	1	0.798151315183741	0.966916603700468	0.976975969205427	1	0.981000782013493	0.999896172540474
ENSFCAG00000003112:KIT	0	0	0	0	0	0	0	0	0	0.534286248420606	0.866718807206815	0.814207164907688	1	0.798151315183741	0.966916603700468	0.976975969205427	1	0.981559666289801	0.999896172540474
ENSFCAG00000013063:BUB1B	0	0	0	0	0	0	0	0	0	0.538822522041141	0.849420690537108	0.814802678185215	1	0.798151315183741	0.966916603700468	0.976975969205427	1	0.981681850625767	0.999896172540474
ENSFCAG00000013185:SETD1B	0	0	0	0	0	0	0	0	0	0.528729368594878	0.916281285717848	0.816056026199663	1	0.798151315183741	0.966916603700468	0.976975969205427	1	0.981937584494598	0.999896172540474
ENSFCAG00000013369:RABEP1	0	0	0	0	0	0	0	0	0	0.537585112802964	0.866433943396475	0.816670330267858	1	0.798151315183741	0.966916603700468	0.976975969205427	1	0.982062224317621	0.999896172540474
ENSFCAG00000008085:MERTK	0	0	0	0	0	0	0	0	0	0.53886640170726	0.862682656574147	0.817049814108922	1	0.798151315183741	0.966916603700468	0.976975969205427	1	0.982138989146793	0.999896172540474
ENSFCAG00000000947:NFATC2	0	0	0	0	0	0	0	0	0	0.533100055685377	0.894138207485651	0.817059851760337	1	0.798151315183741	0.966916603700468	0.976975969205427	1	0.98214101724494	0.999896172540474
ENSFCAG00000008249:KDM4C	0	0	0	0	0	0	0	0	0	0.538555319574873	0.864233705316658	0.817060614198293	1	0.798151315183741	0.966916603700468	0.976975969205427	1	0.982141171289782	0.999896172540474
ENSFCAG00000028208:RBM15	0	0	0	0	0	0	0	0	0	0.532914561968588	0.910077623034591	0.818701690430652	1	0.798151315183741	0.966916603700468	0.976975969205427	1	0.982471090648285	0.999896172540474
ENSFCAG00000002617:GTF2I	0	0	0	0	0	0	0	0	0	0.545368382169176	0.846686545072632	0.819186916170502	1	0.798151315183741	0.966916603700468	0.976975969205427	1	0.982568009258022	0.999896172540474
ENSFCAG00000024269:KIF5B	0	0	0	0	0	0	0	0	0	0.544627854605417	0.850133536473865	0.819252258182382	1	0.798151315183741	0.966916603700468	0.976975969205427	1	0.982581038658739	0.999896172540474
ENSFCAG00000010283:MIB1	0	0	0	0	0	0	0	0	0	0.543055410522682	0.858184040079596	0.81945760379809	1	0.798151315183741	0.966916603700468	0.976975969205427	1	0.982621951292187	0.999896172540474
ENSFCAG00000044523:SOX9	1	0	0	0	0	0	0	0	0	0.535858795195418	0.901113667556894	0.819719768921113	1	0.798151315183741	0.966916603700468	0.976975969205427	1	0.982674109743611	0.999896172540474
ENSFCAG00000012287:MAML2	0	0	0	0	0	0	0	0	0	0.536004370729339	0.900536625532117	0.820046906903728	1	0.798151315183741	0.966916603700468	0.976975969205427	1	0.98273907713103	0.999896172540474
ENSFCAG00000004802:MRTFA	0	0	0	0	0	0	0	0	0	0.538482597862877	0.885603851854679	0.820097763481873	1	0.798151315183741	0.966916603700468	0.976975969205427	1	0.982749165180665	0.999896172540474
ENSFCAG00000006761:RUNX1	1	0	0	0	0	0	0	0	0	0.53736772524646	0.897562192332673	0.82044458241247	1	0.798151315183741	0.966916603700468	0.976975969205427	1	0.982817877051977	0.999896172540474
ENSFCAG00000014215:ECT2L	0	0	0	0	0	0	0	0	0	0.545227017171017	0.855584500273459	0.820634689245586	1	0.798151315183741	0.966916603700468	0.976975969205427	1	0.982855478865164	0.999896172540474
ENSFCAG00000002498:POLE	0	1	0	0	0	2.11461613492857	0	0	0	0.574111259062813	0.803111933574055	0.820974898797842	1	0.798151315183741	0.966916603700468	0.976975969205427	1	0.982922660035606	0.999896172540474
ENSFCAG00000015377:EML4	0	0	0	0	0	0	0	0	0	0.546793113176978	0.852238278563392	0.821217358638795	1	0.798151315183741	0.966916603700468	0.976975969205427	1	0.982970452529623	0.999896172540474
ENSFCAG00000028243:MAP3K13	0	0	0	0	0	0	0	0	0	0.540690821160502	0.882106763211037	0.821299047059062	1	0.798151315183741	0.966916603700468	0.976975969205427	1	0.982986538427206	0.999896172540474
ENSFCAG00000008289:SND1	0	0	0	0	0	0	0	0	0	0.545712362547711	0.861928027928714	0.822043235085468	1	0.798151315183741	0.966916603700468	0.976975969205427	1	0.983132708170389	0.999896172540474
ENSFCAG00000001436:PRDM14	1	0	0	0	0	0	0	0	0	0.542231182377405	0.890966625113888	0.8232931793286	1	0.798151315183741	0.966916603700468	0.976975969205427	1	0.98337670029426	0.999896172540474
ENSFCAG00000011529:VAV2	0	0	0	0	0	0	0	0	0	0.548659737697447	0.857216757764439	0.823439748169253	1	0.798151315183741	0.966916603700468	0.976975969205427	1	0.983405186520175	0.999896172540474
ENSFCAG00000002273:KSR2	0	0	0	0	0	0	0	0	0	0.546018620640753	0.871068793617915	0.823698935772862	1	0.798151315183741	0.966916603700468	0.976975969205427	1	0.983455496786512	0.999896172540474
ENSFCAG00000002081:GLI1	0	0	0	0	0	0	0	0	0	0.542957316104624	0.893156210924489	0.824448489762423	1	0.798151315183741	0.966916603700468	0.976975969205427	1	0.983600531983302	0.999896172540474
ENSFCAG00000018385:FGFR3	0	0	0	0	0	0	0	0	0	0.545175015472338	0.880783346859337	0.824480396334331	1	0.798151315183741	0.966916603700468	0.976975969205427	1	0.983606690630124	0.999896172540474
ENSFCAG00000001740:NUTM1	0	0	0	0	0	0	0	0	0	0.542127399525949	0.903556362125747	0.825050241071346	1	0.798151315183741	0.966916603700468	0.976975969205427	1	0.983716474874369	0.999896172540474
ENSFCAG00000018470:BRIP1	0	0	0	0	0	0	0	0	0	0.550133284158611	0.865191512396738	0.825824160043896	1	0.798151315183741	0.966916603700468	0.976975969205427	1	0.983864945138181	0.999896172540474
ENSFCAG00000031292:ATXN7	0	0	0	0	0	0	0	0	0	0.54456266196045	0.895922024098125	0.825993887236956	1	0.798151315183741	0.966916603700468	0.976975969205427	1	0.983897408969425	0.999896172540474
ENSFCAG00000004892:DNM2	0	0	0	0	0	0	0	0	0	0.550068867548843	0.867611188312605	0.826157737213232	1	0.798151315183741	0.966916603700468	0.976975969205427	1	0.983928715576132	0.999896172540474
ENSFCAG00000005619:EXT2	0	0	0	0	0	0	0	0	0	0.548765127512889	0.881491747133113	0.827244968691348	1	0.798151315183741	0.966916603700468	0.976975969205427	1	0.984135628601654	0.999896172540474
ENSFCAG00000013582:PCSK7	0	0	0	0	0	0	0	0	0	0.550476380573979	0.878478145145041	0.82808171057657	1	0.798151315183741	0.966916603700468	0.976975969205427	1	0.984293897362396	0.999896172540474
ENSFCAG00000006348:TRAF7	0	0	0	0	0	0	0	0	0	0.551262171587918	0.876119366112848	0.828317955218065	1	0.798151315183741	0.966916603700468	0.976975969205427	1	0.984338429669392	0.999896172540474
ENSFCAG00000008506:CYLD	0	0	0	0	0	0	0	0	0	0.552661963540323	0.869357093844714	0.828326050500212	1	0.798151315183741	0.966916603700468	0.976975969205427	1	0.984339954442562	0.999896172540474
ENSFCAG00000001719:CTNNA1	0	0	0	0	0	0	0	0	0	0.5519548057365	0.874415872297192	0.828574846547814	1	0.798151315183741	0.966916603700468	0.976975969205427	1	0.984386777424901	0.999896172540474
ENSFCAG00000000512:RPS6KA4	0	0	0	0	0	0	0	0	0	0.550245935538206	0.884327224555301	0.828728286674297	1	0.798151315183741	0.966916603700468	0.976975969205427	1	0.984415617343553	0.999896172540474
ENSFCAG00000024529:RB1	0	0	0	0	0	0	0	0	0	0.558302166762579	0.848029758652866	0.828815336798145	1	0.798151315183741	0.966916603700468	0.976975969205427	1	0.984431966263826	0.999896172540474
ENSFCAG00000006093:FES	0	0	0	0	0	0	0	0	0	0.553191390322418	0.87223676079746	0.829152101829075	1	0.798151315183741	0.966916603700468	0.976975969205427	1	0.9844951281517	0.999896172540474
ENSFCAG00000007090:FBXO11	0	0	0	0	0	0	0	0	0	0.558720164719316	0.853326729193214	0.8300588148919	1	0.798151315183741	0.966916603700468	0.976975969205427	1	0.984664506769138	0.999896172540474
ENSFCAG00000015643:AXIN1	0	0	0	0	0	0	0	0	0	0.549155584529344	0.902806425635918	0.830231156265384	1	0.798151315183741	0.966916603700468	0.976975969205427	1	0.984696588962666	0.999896172540474
ENSFCAG00000013448:MSH2	0	0	0	0	0	0	0	0	0	0.554609391644265	0.874628171756748	0.830542862782069	1	0.798151315183741	0.966916603700468	0.976975969205427	1	0.98475452380071	0.999896172540474
ENSFCAG00000007779:DNMT3B	0	0	0	0	0	0	0	0	0	0.557798114722151	0.865904040448755	0.831504165601524	1	0.798151315183741	0.966916603700468	0.976975969205427	1	0.984932458303262	0.999896172540474
ENSFCAG00000005052:VAV1	0	0	0	0	0	0	0	0	0	0.560747274649557	0.857398501674985	0.832208999730554	1	0.798151315183741	0.966916603700468	0.976975969205427	1	0.985062214925175	0.999896172540474
ENSFCAG00000001865:XPC	0	0	0	0	0	0	0	0	0	0.556461291255267	0.877368348370278	0.832289766668523	1	0.798151315183741	0.966916603700468	0.976975969205427	1	0.98507704560426	0.999896172540474
ENSFCAG00000006007:LZTR1	0	0	0	0	0	0	0	0	0	0.559811651007265	0.86832341006465	0.833332797357994	1	0.798151315183741	0.966916603700468	0.976975969205427	1	0.985267866274932	0.999896172540474
ENSFCAG00000013850:MAP3K14	0	0	0	0	0	0	0	0	0	0.556876669352638	0.885223091725439	0.833698033987359	1	0.798151315183741	0.966916603700468	0.976975969205427	1	0.985334376993667	0.999896172540474
ENSFCAG00000010119:SNX29	0	0	0	0	0	0	0	0	0	0.559248814051353	0.879110665398799	0.834554387780353	1	0.798151315183741	0.966916603700468	0.976975969205427	1	0.98548969439491	0.999896172540474
ENSFCAG00000010859:IL6ST	0	0	0	0	0	0	0	0	0	0.561319031130094	0.871329299385894	0.834878490297056	1	0.798151315183741	0.966916603700468	0.976975969205427	1	0.985548247796612	0.999896172540474
ENSFCAG00000026462:VEGFA	1	0	0	0	0	0	0	0	0	0.559377832025468	0.88578526238229	0.835238584806498	1	0.798151315183741	0.966916603700468	0.976975969205427	1	0.985613156077681	0.999896172540474
ENSFCAG00000013987:MALT1	0	0	0	0	0	0	0	0	0	0.561582823304861	0.873019599685583	0.835325402768967	1	0.798151315183741	0.966916603700468	0.976975969205427	1	0.985628782086313	0.999896172540474
ENSFCAG00000014971:CBFA2T3	0	0	0	0	0	0	0	0	0	0.556511976883542	0.900774903653054	0.835407124421245	1	0.798151315183741	0.966916603700468	0.976975969205427	1	0.985643482586686	0.999896172540474
ENSFCAG00000013612:FGFR1	0	0	0	0	0	0	0	0	0	0.562634569765504	0.875033020683858	0.836379231704581	1	0.798151315183741	0.966916603700468	0.976975969205427	1	0.985817737199339	0.999896172540474
ENSFCAG00000003692:FGFR2	0	0	0	0	0	0	0	0	0	0.562240212101319	0.882028186755353	0.837115508037358	1	0.798151315183741	0.966916603700468	0.976975969205427	1	0.985948966023207	0.999896172540474
ENSFCAG00000008145:CUL3	0	0	0	0	0	0	0	0	0	0.563785457637121	0.87480862886879	0.837164235630654	1	0.798151315183741	0.966916603700468	0.976975969205427	1	0.985957628040544	0.999896172540474
ENSFCAG00000029544:FAT4	4	4	0	0	0	1.30549116168525	0	0	0	0.6871331091742	0.676960512564972	0.837274662691907	1	0.798151315183741	0.966916603700468	0.976975969205427	1	0.985977247512517	0.999896172540474
ENSFCAG00000004737:CBL	0	0	0	0	0	0	0	0	0	0.563362964589445	0.879112102279308	0.837499070814953	1	0.798151315183741	0.966916603700468	0.976975969205427	1	0.986017073022811	0.999896172540474
ENSFCAG00000006913:NTRK1	0	0	0	0	0	0	0	0	0	0.561427170722563	0.889236683836219	0.837519229511975	1	0.798151315183741	0.966916603700468	0.976975969205427	1	0.986020647625253	0.999896172540474
ENSFCAG00000022869:PIK3C3	0	0	0	0	0	0	0	0	0	0.569083275342556	0.854864964326887	0.837638286574244	1	0.798151315183741	0.966916603700468	0.976975969205427	1	0.986041749296719	0.999896172540474
ENSFCAG00000030101:ERF	1	0	0	0	0	0	0	0	0	0.558510125626454	0.916598615421844	0.83839113178763	1	0.798151315183741	0.966916603700468	0.976975969205427	1	0.98617479184653	0.999896172540474
ENSFCAG00000009163:DDR2	0	0	0	0	0	0	0	0	0	0.564237827027793	0.882476112321755	0.838602585456159	1	0.798151315183741	0.966916603700468	0.976975969205427	1	0.986212038235997	0.999896172540474
ENSFCAG00000013266:SMAD2	0	0	0	0	0	0	0	0	0	0.561137908920702	0.900216758738418	0.838691440746702	1	0.798151315183741	0.966916603700468	0.976975969205427	1	0.986227673691395	0.999896172540474
ENSFCAG00000014299:GRIN2A	1	1	0	0	0	1.99964697151763	0	0	0	0.578949358870227	0.848615038896269	0.839288225419224	1	0.798151315183741	0.966916603700468	0.976975969205427	1	0.986332443246018	0.999896172540474
ENSFCAG00000026219:ETAA1	0	0	0	0	0	0	0	0	0	0.561766330191788	0.902740969905269	0.839440462138521	1	0.798151315183741	0.966916603700468	0.976975969205427	1	0.986359101480135	0.999896172540474
ENSFCAG00000015491:PMS1	0	0	0	0	0	0	0	0	0	0.564512649277	0.888579108511127	0.839636512327817	1	0.798151315183741	0.966916603700468	0.976975969205427	1	0.986393391238622	0.999896172540474
ENSFCAG00000023859:CYP19A1	1	0	0	0	0	0	0	0	0	0.565352245161127	0.88929487656955	0.840012941500584	1	0.798151315183741	0.966916603700468	0.976975969205427	1	0.986459101496383	0.999896172540474
ENSFCAG00000010530:DDR1	0	0	0	0	0	0	0	0	0	0.565550109063964	0.889569236875212	0.840505835365047	1	0.798151315183741	0.966916603700468	0.976975969205427	1	0.986544887038185	0.999896172540474
ENSFCAG00000006989:ERCC3	0	0	0	0	0	0	0	0	0	0.568646834326703	0.87493864882651	0.8406151485235	1	0.798151315183741	0.966916603700468	0.976975969205427	1	0.986563873242564	0.999896172540474
ENSFCAG00000040223:TBX3	0	0	0	0	0	0	0	0	0	0.562139225309898	0.912370350009834	0.840771566714002	1	0.798151315183741	0.966916603700468	0.976975969205427	1	0.986591016225771	0.999896172540474
ENSFCAG00000012620:TYRO3	0	0	0	0	0	0	0	0	0	0.569053597679845	0.880362278058681	0.841702469109856	1	0.798151315183741	0.966916603700468	0.976975969205427	1	0.986751952383056	0.999896172540474
ENSFCAG00000008898:CD22	0	0	0	0	0	0	0	0	0	0.568331478660384	0.888719886726535	0.842359799797195	1	0.798151315183741	0.966916603700468	0.976975969205427	1	0.986864972713197	0.999896172540474
ENSFCAG00000002153:STAT5A	0	0	0	0	0	0	0	0	0	0.572045013431068	0.873360607863307	0.842747030121845	1	0.798151315183741	0.966916603700468	0.976975969205427	1	0.986931312325865	0.999896172540474
ENSFCAG00000007325:AR	0	0	0	0	0	0	0	0	0	0.567965372202238	0.895591213270389	0.84299494966644	1	0.798151315183741	0.966916603700468	0.976975969205427	1	0.98697369203326	0.999896172540474
ENSFCAG00000007246:DDX10	0	0	0	0	0	0	0	0	0	0.57219396575852	0.878632162464479	0.843644261366508	1	0.798151315183741	0.966916603700468	0.976975969205427	1	0.987084340778282	0.999896172540474
ENSFCAG00000013131:EZH1	0	0	0	0	0	0	0	0	0	0.574836825338541	0.867268566519122	0.84371670029979	1	0.798151315183741	0.966916603700468	0.976975969205427	1	0.987096654052009	0.999896172540474
ENSFCAG00000016224:FGFR4	0	0	0	0	0	0	0	0	0	0.572071168974166	0.882001053501057	0.844048115148275	1	0.798151315183741	0.966916603700468	0.976975969205427	1	0.987152909113595	0.999896172540474
ENSFCAG00000000053:MTOR	0	1	0	0	0	1.93314465916824	0	0	0	0.61899463043501	0.790262109497588	0.845809508774021	1	0.798151315183741	0.966916603700468	0.976975969205427	1	0.987449709368941	0.999896172540474
ENSFCAG00000014246:CUL4A	0	0	0	0	0	0	0	0	0	0.578804479043782	0.864880826543901	0.846042234464628	1	0.798151315183741	0.966916603700468	0.976975969205427	1	0.987488649857336	0.999896172540474
ENSFCAG00000013629:EPAS1	0	0	0	0	0	0	0	0	0	0.574542155274242	0.887910816330394	0.846591352937252	1	0.798151315183741	0.966916603700468	0.976975969205427	1	0.987580276614819	0.999896172540474
ENSFCAG00000012236:MEN1	0	0	0	0	0	0	0	0	0	0.572616461054922	0.899012243337114	0.84668771301259	1	0.798151315183741	0.966916603700468	0.976975969205427	1	0.987596318664864	0.999896172540474
ENSFCAG00000013487:GPHN	0	0	0	0	0	0	0	0	0	0.582887904825008	0.859876104842916	0.847957938855076	1	0.798151315183741	0.966916603700468	0.976975969205427	1	0.987806761565915	0.999896172540474
ENSFCAG00000028112:STAT5B	0	0	0	0	0	0	0	0	0	0.582758073567348	0.868223636512154	0.849269908994051	1	0.798151315183741	0.966916603700468	0.976975969205427	1	0.988022122825824	0.999896172540474
ENSFCAG00000003427:HIF1A	0	0	0	0	0	0	0	0	0	0.579961008810559	0.882526736939349	0.849563631339407	1	0.798151315183741	0.966916603700468	0.976975969205427	1	0.988070059875992	0.999896172540474
ENSFCAG00000045924:FBXO31	0	0	0	0	0	0	0	0	0	0.576630785083885	0.902930889752362	0.849950805399753	1	0.798151315183741	0.966916603700468	0.976975969205427	1	0.988133093595719	0.999896172540474
ENSFCAG00000002154:STAT3	0	0	0	0	0	0	0	0	0	0.585428812364901	0.86178275571785	0.84998910989146	1	0.798151315183741	0.966916603700468	0.976975969205427	1	0.988139320154565	0.999896172540474
ENSFCAG00000022073:DTX1	0	0	0	0	0	0	0	0	0	0.575000461174521	0.914355605338857	0.85008885916085	1	0.798151315183741	0.966916603700468	0.976975969205427	1	0.988155526724291	0.999896172540474
ENSFCAG00000025327:GMPS	0	0	0	0	0	0	0	0	0	0.579262896377592	0.889869277952675	0.850110146645672	1	0.798151315183741	0.966916603700468	0.976975969205427	1	0.988158983851722	0.999896172540474
ENSFCAG00000014440:COP1	0	0	0	0	0	0	0	0	0	0.587433010732805	0.864521006701187	0.851789787763318	1	0.798151315183741	0.966916603700468	0.976975969205427	1	0.988430081467814	0.999896172540474
ENSFCAG00000009125:ARHGAP26	0	0	0	0	0	0	0	0	0	0.585728095798735	0.87273236101978	0.851987560621801	1	0.798151315183741	0.966916603700468	0.976975969205427	1	0.988461784343711	0.999896172540474
ENSFCAG00000010312:BARD1	0	0	0	0	0	0	0	0	0	0.58329389572816	0.897438617738902	0.853847273351222	1	0.798151315183741	0.966916603700468	0.976975969205427	1	0.98875765115429	0.999896172540474
ENSFCAG00000014042:CNOT3	0	0	0	0	0	0	0	0	0	0.586076006936384	0.885010709497468	0.854059647289035	1	0.798151315183741	0.966916603700468	0.976975969205427	1	0.988791180451161	0.999896172540474
ENSFCAG00000015184:ALOX12B	0	0	0	0	0	0	0	0	0	0.586616575495611	0.889080305843474	0.854990951312471	1	0.798151315183741	0.966916603700468	0.976975969205427	1	0.988937590029538	0.999896172540474
ENSFCAG00000009029:TOP1	0	0	0	0	0	0	0	0	0	0.591847286345231	0.866245923905279	0.854998844020346	1	0.798151315183741	0.966916603700468	0.976975969205427	1	0.988938826499399	0.999896172540474
ENSFCAG00000003644:ARNT	0	0	0	0	0	0	0	0	0	0.591610326333741	0.869445380552339	0.855370055328862	1	0.798151315183741	0.966916603700468	0.976975969205427	1	0.988996898095117	0.999896172540474
ENSFCAG00000042984:EXT1	0	0	0	0	0	0	0	0	0	0.586578534223821	0.893767433846126	0.855594397478184	1	0.798151315183741	0.966916603700468	0.976975969205427	1	0.989031915653221	0.999896172540474
ENSFCAG00000030357:NBN	0	0	0	0	0	0	0	0	0	0.588954094975245	0.885842408803005	0.85610403228354	1	0.798151315183741	0.966916603700468	0.976975969205427	1	0.989111245959453	0.999896172540474
ENSFCAG00000025031:HOOK3	0	0	0	0	0	0	0	0	0	0.595329159094125	0.859504256208197	0.856119849610924	1	0.798151315183741	0.966916603700468	0.976975969205427	1	0.989113703246734	0.999896172540474
ENSFCAG00000007469:GOLGA5	0	0	0	0	0	0	0	0	0	0.590668491367877	0.880220396418063	0.856426941616159	1	0.798151315183741	0.966916603700468	0.976975969205427	1	0.98916135335332	0.999896172540474
ENSFCAG00000023466:POT1	0	0	0	0	0	0	0	0	0	0.592779050889283	0.871538827913358	0.856477301257544	1	0.798151315183741	0.966916603700468	0.976975969205427	1	0.989169156925379	0.999896172540474
ENSFCAG00000010809:GABRA6	1	0	0	0	0	0	0	0	0	0.588258758107878	0.894335276405765	0.856533579315245	1	0.798151315183741	0.966916603700468	0.976975969205427	1	0.989177874093159	0.999896172540474
ENSFCAG00000024456:MDM2	0	0	0	0	0	0	0	0	0	0.588343633130805	0.891924903961723	0.856534062932749	1	0.798151315183741	0.966916603700468	0.976975969205427	1	0.989177948986879	0.999896172540474
ENSFCAG00000006344:CD276	0	0	0	0	0	0	0	0	0	0.586553685297294	0.905015353518609	0.856975426783181	1	0.798151315183741	0.966916603700468	0.976975969205427	1	0.989246185423135	0.999896172540474
ENSFCAG00000013778:IKBKE	0	0	0	0	0	0	0	0	0	0.592425691129505	0.876332665437399	0.856998699175691	1	0.798151315183741	0.966916603700468	0.976975969205427	1	0.989249777108633	0.999896172540474
ENSFCAG00000025491:ELP2	0	0	0	0	0	0	0	0	0	0.593289443770534	0.872722270693623	0.857001491643405	1	0.798151315183741	0.966916603700468	0.976975969205427	1	0.989250208034569	0.999896172540474
ENSFCAG00000013269:CSF3R	0	0	0	0	0	0	0	0	0	0.588698845967815	0.896342293842361	0.857351049849863	1	0.798151315183741	0.966916603700468	0.976975969205427	1	0.989304079045755	0.999896172540474
ENSFCAG00000023059:FOXP1	0	0	0	0	0	0	0	0	0	0.594523573884602	0.872613743152701	0.857793124260403	1	0.798151315183741	0.966916603700468	0.976975969205427	1	0.989372003800159	0.999896172540474
ENSFCAG00000011083:TSHR	0	0	0	0	0	0	0	0	0	0.588996497380859	0.901803365644711	0.858233074691784	1	0.798151315183741	0.966916603700468	0.976975969205427	1	0.989439376015592	0.999896172540474
ENSFCAG00000011809:ACSL3	0	0	0	0	0	0	0	0	0	0.593114852242623	0.881525188375852	0.858236714677321	1	0.798151315183741	0.966916603700468	0.976975969205427	1	0.989439932487288	0.999896172540474
ENSFCAG00000013696:IKBKB	0	0	0	0	0	0	0	0	0	0.598243717336058	0.866114079891271	0.859147754562001	1	0.798151315183741	0.966916603700468	0.976975969205427	1	0.989578724632061	0.999896172540474
ENSFCAG00000014304:ASMTL	0	0	0	0	0	0	0	0	0	0.592139560792591	0.892575565236317	0.859147873294656	1	0.798151315183741	0.966916603700468	0.976975969205427	1	0.989578742657375	0.999896172540474
ENSFCAG00000006882:ZNF384	0	0	0	0	0	0	0	0	0	0.590990780037618	0.901171111020835	0.859487218358953	1	0.798151315183741	0.966916603700468	0.976975969205427	1	0.989630193057436	0.999896172540474
ENSFCAG00000002630:PPM1F	0	0	0	0	0	0	0	0	0	0.594623524216738	0.883472802363664	0.859514250158689	1	0.798151315183741	0.966916603700468	0.976975969205427	1	0.989634285769229	0.999896172540474
ENSFCAG00000003444:RAD54L	0	0	0	0	0	0	0	0	0	0.595059767931617	0.882373522157555	0.859639440455392	1	0.798151315183741	0.966916603700468	0.976975969205427	1	0.98965322894549	0.999896172540474
ENSFCAG00000044781:ELN	0	0	0	0	0	0	0	0	0	0.601117457671243	0.859335023855875	0.859823317795682	1	0.798151315183741	0.966916603700468	0.976975969205427	1	0.989681019300692	0.999896172540474
ENSFCAG00000023797:SUZ12	0	0	0	0	0	0	0	0	0	0.596243567311259	0.878490509944768	0.859832371508588	1	0.798151315183741	0.966916603700468	0.976975969205427	1	0.989682386620395	0.999896172540474
ENSFCAG00000015711:BAP1	0	0	0	0	0	0	0	0	0	0.594585913548891	0.886149703636737	0.859874819044091	1	0.798151315183741	0.966916603700468	0.976975969205427	1	0.989688795907167	0.999896172540474
ENSFCAG00000012518:KEAP1	0	0	0	0	0	0	0	0	0	0.590590494254453	0.910640604902808	0.860326331752357	1	0.798151315183741	0.966916603700468	0.976975969205427	1	0.989756841563281	0.999896172540474
ENSFCAG00000027102:GAB1	0	0	0	0	0	0	0	0	0	0.595235584495211	0.888795153427204	0.86067329127222	1	0.798151315183741	0.966916603700468	0.976975969205427	1	0.989808969417003	0.999896172540474
ENSFCAG00000024086:NRG1	0	0	0	0	0	0	0	0	0	0.594407731698619	0.893441827598126	0.860761160342643	1	0.798151315183741	0.966916603700468	0.976975969205427	1	0.989822148833347	0.999896172540474
ENSFCAG00000000620:FBXW7	0	0	0	0	0	0	0	0	0	0.598688320771029	0.882248506285525	0.861986866561987	1	0.798151315183741	0.966916603700468	0.976975969205427	1	0.990005056754793	0.999896172540474
ENSFCAG00000001812:MYB	0	0	0	0	0	0	0	0	0	0.599438363394928	0.879954434100604	0.862129994681831	1	0.798151315183741	0.966916603700468	0.976975969205427	1	0.990026301580342	0.999896172540474
ENSFCAG00000006532:GTSE1	0	0	0	0	0	0	0	0	0	0.594992844691897	0.906407618179746	0.862766105792124	1	0.798151315183741	0.966916603700468	0.976975969205427	1	0.990120433548089	0.999896172540474
ENSFCAG00000029965:SLC34A2	0	0	0	0	0	0	0	0	0	0.59570232082178	0.903907620377465	0.862937289628697	1	0.798151315183741	0.966916603700468	0.976975969205427	1	0.990145685295114	0.999896172540474
ENSFCAG00000023514:TCF3	0	0	0	0	0	0	0	0	0	0.599269594519834	0.88690593866566	0.863039287331899	1	0.798151315183741	0.966916603700468	0.976975969205427	1	0.990160715080918	0.999896172540474
ENSFCAG00000003492:CTCF	0	0	0	0	0	0	0	0	0	0.598191606549125	0.900646487924084	0.864169612309233	1	0.798151315183741	0.966916603700468	0.976975969205427	1	0.99032646649973	0.999896172540474
ENSFCAG00000030227:FOXO3	0	0	0	0	0	0	0	0	0	0.593809575734853	0.936934664010263	0.864961401006348	1	0.798151315183741	0.966916603700468	0.976975969205427	1	0.990441694113402	0.999896172540474
ENSFCAG00000023537:MLLT1	0	0	0	0	0	0	0	0	0	0.598753381109815	0.906075545014009	0.865194009827425	1	0.798151315183741	0.966916603700468	0.976975969205427	1	0.99047540749299	0.999896172540474
ENSFCAG00000042003:ASPSCR1	0	0	0	0	0	0	0	0	0	0.600918389372801	0.897372531425915	0.865527055712759	1	0.798151315183741	0.966916603700468	0.976975969205427	1	0.990523568946793	0.999896172540474
ENSFCAG00000026205:ZBTB16	0	0	0	0	0	0	0	0	0	0.598873197466496	0.914862620260395	0.866258455541404	1	0.798151315183741	0.966916603700468	0.976975969205427	1	0.990628886314071	0.999896172540474
ENSFCAG00000002431:RXRA	0	0	0	0	0	0	0	0	0	0.599675417322791	0.913023579635234	0.866583659012775	1	0.798151315183741	0.966916603700468	0.976975969205427	1	0.990675515381333	0.999896172540474
ENSFCAG00000025662:SH3GL1	1	0	0	0	0	0	0	0	0	0.607648234121899	0.877003181603189	0.866599806870614	1	0.798151315183741	0.966916603700468	0.976975969205427	1	0.99067782754965	0.999896172540474
ENSFCAG00000006633:CLP1	0	0	0	0	0	0	0	0	0	0.598846470171308	0.921918948653435	0.866962522358769	1	0.798151315183741	0.966916603700468	0.976975969205427	1	0.99072968452838	0.999896172540474
ENSFCAG00000004020:DAXX	0	0	0	0	0	0	0	0	0	0.600950113171631	0.910477131981277	0.8671307845179	1	0.798151315183741	0.966916603700468	0.976975969205427	1	0.99075368922782	0.999896172540474
ENSFCAG00000008744:SEPTIN6	0	0	0	0	0	0	0	0	0	0.602797991503269	0.902390899029149	0.867374163890297	1	0.798151315183741	0.966916603700468	0.976975969205427	1	0.990788352569856	0.999896172540474
ENSFCAG00000035160:FNBP1	0	0	0	0	0	0	0	0	0	0.60843722297655	0.881810607376911	0.86816162813867	1	0.798151315183741	0.966916603700468	0.976975969205427	1	0.990900039439461	0.999896172540474
ENSFCAG00000030694:HOXD13	1	0	0	0	0	0	0	0	0	0.599304153227408	0.937229931142462	0.868524065080878	1	0.798151315183741	0.966916603700468	0.976975969205427	1	0.990951204178737	0.999896172540474
ENSFCAG00000009399:SEPTIN9	0	0	0	0	0	0	0	0	0	0.604474479872023	0.903215547724814	0.86855393499287	1	0.798151315183741	0.966916603700468	0.976975969205427	1	0.990955414127449	0.999896172540474
ENSFCAG00000029123:PICALM	0	0	0	0	0	0	0	0	0	0.612557722446966	0.870186925696208	0.868906060149597	1	0.798151315183741	0.966916603700468	0.976975969205427	1	0.991004966205453	0.999896172540474
ENSFCAG00000007459:GAB2	0	0	0	0	0	0	0	0	0	0.606418200808998	0.896893502948569	0.868998270152585	1	0.798151315183741	0.966916603700468	0.976975969205427	1	0.991017918686529	0.999896172540474
ENSFCAG00000006991:SRC	0	0	0	0	0	0	0	0	0	0.607621850602841	0.893740524395443	0.869345649177377	1	0.798151315183741	0.966916603700468	0.976975969205427	1	0.991066626192529	0.999896172540474
ENSFCAG00000010997:PRKAR1A	0	0	0	0	0	0	0	0	0	0.610673997769561	0.890426755655706	0.870819763245587	1	0.798151315183741	0.966916603700468	0.976975969205427	1	0.991271774412037	0.999896172540474
ENSFCAG00000030862:NR4A3	0	0	0	0	0	0	0	0	0	0.606852070423732	0.913429218807491	0.871260845843446	1	0.798151315183741	0.966916603700468	0.976975969205427	1	0.991332673380724	0.999896172540474
ENSFCAG00000042862:SFPQ	0	0	0	0	0	0	0	0	0	0.609715722301458	0.899275703784275	0.871399610211653	1	0.798151315183741	0.966916603700468	0.976975969205427	1	0.991351785985294	0.999896172540474
ENSFCAG00000009752:CRTC1	0	0	0	0	0	0	0	0	0	0.611091974897572	0.892878328962627	0.871420954893367	1	0.798151315183741	0.966916603700468	0.976975969205427	1	0.991354723917772	0.999896172540474
ENSFCAG00000024132:TNFRSF11A	0	0	0	0	0	0	0	0	0	0.608537197543622	0.909578919007576	0.871903183737269	1	0.798151315183741	0.966916603700468	0.976975969205427	1	0.991420959726735	0.999896172540474
ENSFCAG00000007271:FLYWCH1	0	0	0	0	0	0	0	0	0	0.607361004023647	0.919778702728447	0.872256433760836	1	0.798151315183741	0.966916603700468	0.976975969205427	1	0.991469310591379	0.999896172540474
ENSFCAG00000031674:TCF12	0	0	0	0	0	0	0	0	0	0.615730413933268	0.882189676745809	0.872777052099448	1	0.798151315183741	0.966916603700468	0.976975969205427	1	0.991540309110515	0.999896172540474
ENSFCAG00000003915:PPP2R1A	0	0	0	0	0	0	0	0	0	0.61351582487031	0.894326956849238	0.873136361934281	1	0.798151315183741	0.966916603700468	0.976975969205427	1	0.991589128294333	0.999896172540474
ENSFCAG00000004287:PTPN6	0	0	0	0	0	0	0	0	0	0.614532421538692	0.890879401091902	0.873296704628839	1	0.798151315183741	0.966916603700468	0.976975969205427	1	0.991610866229507	0.999896172540474
ENSFCAG00000012963:SAMHD1	0	0	0	0	0	0	0	0	0	0.618067142440336	0.883028439470722	0.874344409891403	1	0.798151315183741	0.966916603700468	0.976975969205427	1	0.991752181025824	0.999896172540474
ENSFCAG00000041774:BIRC3	0	0	0	0	0	0	0	0	0	0.612139879682012	0.911994821274384	0.874456310666272	1	0.798151315183741	0.966916603700468	0.976975969205427	1	0.991767200004378	0.999896172540474
ENSFCAG00000012383:MPEG1	0	0	0	0	0	0	0	0	0	0.6089043495546	0.935508707112851	0.874683661242929	1	0.798151315183741	0.966916603700468	0.976975969205427	1	0.991797670201815	0.999896172540474
ENSFCAG00000009182:LCP1	0	0	0	0	0	0	0	0	0	0.617792029515839	0.890069458022758	0.875201589646936	1	0.798151315183741	0.966916603700468	0.976975969205427	1	0.9918668638726	0.999896172540474
ENSFCAG00000030412:RUNX1T1	0	0	0	0	0	0	0	0	0	0.617113043910621	0.893524041974317	0.875262380386585	1	0.798151315183741	0.966916603700468	0.976975969205427	1	0.991874965229683	0.999896172540474
ENSFCAG00000004303:WDCP	0	0	0	0	0	0	0	0	0	0.610823951471212	0.930956299723506	0.875519072078512	1	0.798151315183741	0.966916603700468	0.976975969205427	1	0.991909127031082	0.999896172540474
ENSFCAG00000011327:FAF1	0	0	0	0	0	0	0	0	0	0.620739642933089	0.881306202857776	0.875719128678336	1	0.798151315183741	0.966916603700468	0.976975969205427	1	0.991935699369243	0.999896172540474
ENSFCAG00000014348:TEC	0	0	0	0	0	0	0	0	0	0.621445595206509	0.880090214144887	0.875961828780325	1	0.798151315183741	0.966916603700468	0.976975969205427	1	0.991967874439637	0.999896172540474
ENSFCAG00000009952:ITK	0	0	0	0	0	0	0	0	0	0.623589284816792	0.879429131177218	0.877158807788652	1	0.798151315183741	0.966916603700468	0.976975969205427	1	0.992125576229444	0.999896172540474
ENSFCAG00000002807:SOX10	0	0	0	0	0	0	0	0	0	0.615242768482608	0.920562428370664	0.877318220967	1	0.798151315183741	0.966916603700468	0.976975969205427	1	0.992146455587079	0.999896172540474
ENSFCAG00000015112:MPL	0	0	0	0	0	0	0	0	0	0.620971641465373	0.893229718380345	0.877593843905092	1	0.798151315183741	0.966916603700468	0.976975969205427	1	0.992182487342287	0.999896172540474
ENSFCAG00000008222:RPN1	0	0	0	0	0	0	0	0	0	0.6182764985923	0.909427668034511	0.877992377115913	1	0.798151315183741	0.966916603700468	0.976975969205427	1	0.992234433898165	0.999896172540474
ENSFCAG00000023085:CRTC3	0	0	0	0	0	0	0	0	0	0.622036730787102	0.892827706598973	0.878188413536134	1	0.798151315183741	0.966916603700468	0.976975969205427	1	0.99225991975741	0.999896172540474
ENSFCAG00000030888:RECQL	0	0	0	0	0	0	0	0	0	0.623669434907071	0.887561875647568	0.878433213357437	1	0.798151315183741	0.966916603700468	0.976975969205427	1	0.992291683696921	0.999896172540474
ENSFCAG00000009978:WIF1	0	0	0	0	0	0	0	0	0	0.621388194338903	0.903771668980181	0.879227547432391	1	0.798151315183741	0.966916603700468	0.976975969205427	1	0.992394282588995	0.999896172540474
ENSFCAG00000009695:PTPN11	0	0	0	0	0	0	0	0	0	0.624520658994366	0.890178453240101	0.879324539963992	1	0.798151315183741	0.966916603700468	0.976975969205427	1	0.992406761297795	0.999896172540474
ENSFCAG00000028670:ETV5	0	0	0	0	0	0	0	0	0	0.623243681044294	0.89799559817523	0.879620924536911	1	0.798151315183741	0.966916603700468	0.976975969205427	1	0.992444826775761	0.999896172540474
ENSFCAG00000009638:HNF1A	0	0	0	0	0	0	0	0	0	0.623307031243598	0.901891782462309	0.880162987629835	1	0.798151315183741	0.966916603700468	0.976975969205427	1	0.992514187094135	0.999896172540474
ENSFCAG00000022148:FIP1L1	0	0	0	0	0	0	0	0	0	0.632106744085523	0.867436555993003	0.880258941165575	1	0.798151315183741	0.966916603700468	0.976975969205427	1	0.992526430157763	0.999896172540474
ENSFCAG00000029172:KMT5A	0	0	0	0	0	0	0	0	0	0.620665235868325	0.918343171800317	0.880452295189678	1	0.798151315183741	0.966916603700468	0.976975969205427	1	0.992551069134133	0.999896172540474
ENSFCAG00000030907:MAP3K7	0	0	0	0	0	0	0	0	0	0.629180321888007	0.881151787557138	0.880779189000552	1	0.798151315183741	0.966916603700468	0.976975969205427	1	0.992592628424101	0.999896172540474
ENSFCAG00000022796:PGBD5	0	0	0	0	0	0	0	0	0	0.622684890545352	0.918952379527285	0.881755331792767	1	0.798151315183741	0.966916603700468	0.976975969205427	1	0.992716007396781	0.999896172540474
ENSFCAG00000011854:ALB	0	0	0	0	0	0	0	0	0	0.630051260192016	0.88458419493395	0.881820657716379	1	0.798151315183741	0.966916603700468	0.976975969205427	1	0.992724225634507	0.999896172540474
ENSFCAG00000004249:NF2	0	0	0	0	0	0	0	0	0	0.629573447189167	0.886697546278834	0.88185137766212	1	0.798151315183741	0.966916603700468	0.976975969205427	1	0.99272808864192	0.999896172540474
ENSFCAG00000026908:PRKCI	0	0	0	0	0	0	0	0	0	0.631864317021091	0.879822382733042	0.88216219355302	1	0.798151315183741	0.966916603700468	0.976975969205427	1	0.992767113297309	0.999896172540474
ENSFCAG00000006864:GPC3	0	0	0	0	0	0	0	0	0	0.625019475169013	0.910174717373324	0.882209297509716	1	0.798151315183741	0.966916603700468	0.976975969205427	1	0.992773017903079	0.999896172540474
ENSFCAG00000023350:FYN	0	0	0	0	0	0	0	0	0	0.630796353581322	0.892032082814877	0.883347340369056	1	0.798151315183741	0.966916603700468	0.976975969205427	1	0.992914910490642	0.999896172540474
ENSFCAG00000000389:TRAF2	0	0	0	0	0	0	0	0	0	0.628731177949952	0.906012318139767	0.883951936092243	1	0.798151315183741	0.966916603700468	0.976975969205427	1	0.992989695747772	0.999896172540474
ENSFCAG00000013473:RAD21	0	0	0	0	0	0	0	0	0	0.633130265461384	0.891176720736799	0.884607561929235	1	0.798151315183741	0.966916603700468	0.976975969205427	1	0.993070325813757	0.999896172540474
ENSFCAG00000043374:MYCN	0	0	0	0	0	0	0	0	0	0.624174236668638	0.942646195752918	0.884780703379068	1	0.798151315183741	0.966916603700468	0.976975969205427	1	0.99309153794555	0.999896172540474
ENSFCAG00000001964:PDPK1	0	0	0	0	0	0	0	0	0	0.634408165900638	0.890038206764126	0.885196737155467	1	0.798151315183741	0.966916603700468	0.976975969205427	1	0.993142369114073	0.999896172540474
ENSFCAG00000028455:PRF1	0	0	0	0	0	0	0	0	0	0.625581687479634	0.942446370054287	0.885624962197506	1	0.798151315183741	0.966916603700468	0.976975969205427	1	0.993194485606696	0.999896172540474
ENSFCAG00000013821:MSN	0	0	0	0	0	0	0	0	0	0.634306143439868	0.894011496554792	0.885698159996097	1	0.798151315183741	0.966916603700468	0.976975969205427	1	0.993203373311718	0.999896172540474
ENSFCAG00000008018:REL	0	0	0	0	0	0	0	0	0	0.633223540581872	0.900006572200812	0.885867088449992	1	0.798151315183741	0.966916603700468	0.976975969205427	1	0.993223861580506	0.999896172540474
ENSFCAG00000005890:SLC1A2	0	0	0	0	0	0	0	0	0	0.630548263015345	0.914482308915053	0.886027808082243	1	0.798151315183741	0.966916603700468	0.976975969205427	1	0.993243324349473	0.999896172540474
ENSFCAG00000022556:HLF	0	0	0	0	0	0	0	0	0	0.630346644056421	0.925601187371259	0.887063339012826	1	0.798151315183741	0.966916603700468	0.976975969205427	1	0.993368025886971	0.999896172540474
ENSFCAG00000029098:RAP1GDS1	0	0	0	0	0	0	0	0	0	0.636660599206927	0.894544170723159	0.88715187301738	1	0.798151315183741	0.966916603700468	0.976975969205427	1	0.993378631285947	0.999896172540474
ENSFCAG00000004957:AKT1	0	0	0	0	0	0	0	0	0	0.636801790246363	0.897644030418859	0.88765679116859	1	0.798151315183741	0.966916603700468	0.976975969205427	1	0.993438946067472	0.999896172540474
ENSFCAG00000029143:MAPKAP1	0	0	0	0	0	0	0	0	0	0.637829261856317	0.894183349461787	0.887783241473085	1	0.798151315183741	0.966916603700468	0.976975969205427	1	0.993454006157554	0.999896172540474
ENSFCAG00000005490:FH	0	0	0	0	0	0	0	0	0	0.634872281128752	0.908538627807414	0.887907326447409	1	0.798151315183741	0.966916603700468	0.976975969205427	1	0.993468767030849	0.999896172540474
ENSFCAG00000013705:NT5C2	0	0	0	0	0	0	0	0	0	0.640931026024623	0.884638037964369	0.888188704972561	1	0.798151315183741	0.966916603700468	0.976975969205427	1	0.993502174953979	0.999896172540474
ENSFCAG00000008071:TMPRSS2	0	0	0	0	0	0	0	0	0	0.638682634557599	0.900867039463043	0.889179370180377	1	0.798151315183741	0.966916603700468	0.976975969205427	1	0.993619086893533	0.999896172540474
ENSFCAG00000014426:ESCO2	0	0	0	0	0	0	0	0	0	0.638160672351531	0.903989325207462	0.889275601512248	1	0.798151315183741	0.966916603700468	0.976975969205427	1	0.993630384662362	0.999896172540474
ENSFCAG00000039893:CHN1	0	0	0	0	0	0	0	0	0	0.64097098599736	0.892762360592397	0.889403729506507	1	0.798151315183741	0.966916603700468	0.976975969205427	1	0.993645411006317	0.999896172540474
ENSFCAG00000027549:NCOA4	0	0	0	0	0	0	0	0	0	0.638828960946541	0.90414628677924	0.889684503681039	1	0.798151315183741	0.966916603700468	0.976975969205427	1	0.993678274550941	0.999896172540474
ENSFCAG00000006724:SLC45A3	0	0	0	0	0	0	0	0	0	0.633959902793778	0.932931177431632	0.889893252793166	1	0.798151315183741	0.966916603700468	0.976975969205427	1	0.993702650406488	0.999896172540474
ENSFCAG00000038609:FCRL4	0	0	0	0	0	0	0	0	0	0.638321163152098	0.908848966446306	0.889966159898778	1	0.798151315183741	0.966916603700468	0.976975969205427	1	0.993711152308307	0.999896172540474
ENSFCAG00000002574:TFE3	0	0	0	0	0	0	0	0	0	0.639387245658807	0.905043951035653	0.890121566313719	1	0.798151315183741	0.966916603700468	0.976975969205427	1	0.993729254752186	0.999896172540474
ENSFCAG00000002126:TRAF5	0	0	0	0	0	0	0	0	0	0.640203487853474	0.903400270004166	0.890387978674906	1	0.798151315183741	0.966916603700468	0.976975969205427	1	0.993760224549711	0.999896172540474
ENSFCAG00000034591:FRS2	0	0	0	0	0	0	0	0	0	0.637686915501207	0.915819021289357	0.890397249821448	1	0.798151315183741	0.966916603700468	0.976975969205427	1	0.99376130086283	0.999896172540474
ENSFCAG00000011007:MSI1	0	0	0	0	0	0	0	0	0	0.640764404570491	0.904607838462361	0.890865209999769	1	0.798151315183741	0.966916603700468	0.976975969205427	1	0.993815502271898	0.999896172540474
ENSFCAG00000044486:MNX1	0	0	0	0	0	0	0	0	0	0.634776358962037	0.94173252805521	0.891097364175588	1	0.798151315183741	0.966916603700468	0.976975969205427	1	0.993842300259455	0.999896172540474
ENSFCAG00000004913:EPOR	0	0	0	0	0	0	0	0	0	0.63911627553733	0.916705405140581	0.891329376977575	1	0.798151315183741	0.966916603700468	0.976975969205427	1	0.993869021500964	0.999896172540474
ENSFCAG00000003706:FANCC	0	0	0	0	0	0	0	0	0	0.644839252372439	0.890745805439672	0.891331413500258	1	0.798151315183741	0.966916603700468	0.976975969205427	1	0.99386925578275	0.999896172540474
ENSFCAG00000008765:PAX7	0	0	0	0	0	0	0	0	0	0.639237002801918	0.918117611278374	0.891552889764102	1	0.798151315183741	0.966916603700468	0.976975969205427	1	0.993894706668953	0.999896172540474
ENSFCAG00000012483:HDAC1	0	0	0	0	0	0	0	0	0	0.644590155500844	0.893329234037063	0.89155854118664	1	0.798151315183741	0.966916603700468	0.976975969205427	1	0.993895355380755	0.999896172540474
ENSFCAG00000018167:TAF15	0	0	0	0	0	0	0	0	0	0.652542698471605	0.86817172842894	0.892032583500841	1	0.798151315183741	0.966916603700468	0.976975969205427	1	0.993949641936088	0.999896172540474
ENSFCAG00000012147:NFE2L2	0	0	0	0	0	0	0	0	0	0.640083769238178	0.919388191822684	0.892181403781029	1	0.798151315183741	0.966916603700468	0.976975969205427	1	0.993966632629422	0.999896172540474
ENSFCAG00000026263:ACVR1B	0	0	0	0	0	0	0	0	0	0.64175867707865	0.912101042709803	0.892344226545339	1	0.798151315183741	0.966916603700468	0.976975969205427	1	0.993985193538041	0.999896172540474
ENSFCAG00000002211:NTHL1	0	0	0	0	0	0	0	0	0	0.638081438552483	0.933312497703694	0.89235813075105	1	0.798151315183741	0.966916603700468	0.976975969205427	1	0.993986777164862	0.999896172540474
ENSFCAG00000044117:FANCG	0	0	0	0	0	0	0	0	0	0.647402023518062	0.888827193049714	0.892504266913236	1	0.798151315183741	0.966916603700468	0.976975969205427	1	0.99400340831612	0.999896172540474
ENSFCAG00000000348:CDC73	0	0	0	0	0	0	0	0	0	0.649517557716261	0.881171866522211	0.892523549034461	1	0.798151315183741	0.966916603700468	0.976975969205427	1	0.994005600947487	0.999896172540474
ENSFCAG00000022789:CCT6B	0	0	0	0	0	0	0	0	0	0.648647671318258	0.887553744780371	0.893017057297127	1	0.798151315183741	0.966916603700468	0.976975969205427	1	0.994061577597538	0.999896172540474
ENSFCAG00000027895:BMPR1A	0	0	0	0	0	0	0	0	0	0.644971969793102	0.904307397066484	0.893245592459266	1	0.798151315183741	0.966916603700468	0.976975969205427	1	0.994087407018946	0.999896172540474
ENSFCAG00000024950:ARID5A	0	0	0	0	0	0	0	0	0	0.639416324403943	0.935396489194382	0.893318849886252	1	0.798151315183741	0.966916603700468	0.976975969205427	1	0.994095674318195	0.999896172540474
ENSFCAG00000042273:MAF	0	0	0	0	0	0	0	0	0	0.639907934548971	0.933483741391572	0.893441203860774	1	0.798151315183741	0.966916603700468	0.976975969205427	1	0.994109468900168	0.999896172540474
ENSFCAG00000006925:PARP2	0	0	0	0	0	0	0	0	0	0.651417677869481	0.881466047228424	0.893630704120505	1	0.798151315183741	0.966916603700468	0.976975969205427	1	0.99413080069949	0.999896172540474
ENSFCAG00000012482:LCK	0	0	0	0	0	0	0	0	0	0.646486269288969	0.901498077176763	0.8937470623144	1	0.798151315183741	0.966916603700468	0.976975969205427	1	0.994143879077784	0.999896172540474
ENSFCAG00000030898:NADK	0	0	0	0	0	0	0	0	0	0.644815266817057	0.911528913677682	0.894035083139787	1	0.798151315183741	0.966916603700468	0.976975969205427	1	0.994176186764941	0.999896172540474
ENSFCAG00000005262:STK40	0	0	0	0	0	0	0	0	0	0.646071249021633	0.908849496329586	0.894434018267305	1	0.798151315183741	0.966916603700468	0.976975969205427	1	0.994220782600062	0.999896172540474
ENSFCAG00000027801:BCL3	0	0	0	0	0	0	0	0	0	0.644171665149648	0.918375088171345	0.894435205411028	1	0.798151315183741	0.966916603700468	0.976975969205427	1	0.994220915041946	0.999896172540474
ENSFCAG00000008473:NFIB	0	0	0	0	0	0	0	0	0	0.648499119776034	0.898524046450683	0.894492208656247	1	0.798151315183741	0.966916603700468	0.976975969205427	1	0.994227272668066	0.999896172540474
ENSFCAG00000013654:PHF1	0	0	0	0	0	0	0	0	0	0.648375208367374	0.899206153855154	0.894513871207777	1	0.798151315183741	0.966916603700468	0.976975969205427	1	0.994229687760463	0.999896172540474
ENSFCAG00000013380:ATP6V1B2	0	0	0	0	0	0	0	0	0	0.650208896112492	0.891847246992711	0.894523210968393	1	0.798151315183741	0.966916603700468	0.976975969205427	1	0.994230728860295	0.999896172540474
ENSFCAG00000041799:E2F3	0	0	0	0	0	0	0	0	0	0.644094164096754	0.920180247977766	0.894583035976409	1	0.798151315183741	0.966916603700468	0.976975969205427	1	0.994237395220103	0.999896172540474
ENSFCAG00000005081:SESN3	0	0	0	0	0	0	0	0	0	0.648998706374809	0.897682493561022	0.894659931323884	1	0.798151315183741	0.966916603700468	0.976975969205427	1	0.994245957868746	0.999896172540474
ENSFCAG00000005257:SMAD4	0	0	0	0	0	0	0	0	0	0.648419591777238	0.90029016311238	0.894683199551583	1	0.798151315183741	0.966916603700468	0.976975969205427	1	0.994248547589776	0.999896172540474
ENSFCAG00000012902:FANCE	0	0	0	0	0	0	0	0	0	0.645711619271013	0.917083741743712	0.895176918919195	1	0.798151315183741	0.966916603700468	0.976975969205427	1	0.994303355239791	0.999896172540474
ENSFCAG00000009235:YES1	0	0	0	0	0	0	0	0	0	0.652818025932515	0.888341399310823	0.895464978426245	1	0.798151315183741	0.966916603700468	0.976975969205427	1	0.994335206851566	0.999896172540474
ENSFCAG00000035050:YAP1	0	0	0	0	0	0	0	0	0	0.650415133766256	0.89913918214644	0.895652843878067	1	0.798151315183741	0.966916603700468	0.976975969205427	1	0.994355929777758	0.999896172540474
ENSFCAG00000001845:GAS7	0	0	0	0	0	0	0	0	0	0.650191891836028	0.900626673504594	0.895725640288407	1	0.798151315183741	0.966916603700468	0.976975969205427	1	0.99436394915804	0.999896172540474
ENSFCAG00000007485:ERG	0	0	0	0	0	0	0	0	0	0.648551732294867	0.908412569406735	0.895789019463686	1	0.798151315183741	0.966916603700468	0.976975969205427	1	0.994370926301457	0.999896172540474
ENSFCAG00000009146:PARP3	0	0	0	0	0	0	0	0	0	0.649630630204142	0.903701674664026	0.895810021786832	1	0.798151315183741	0.966916603700468	0.976975969205427	1	0.994373237368541	0.999896172540474
ENSFCAG00000018598:ETS1	0	0	0	0	0	0	0	0	0	0.647635165655615	0.913649774091808	0.89588767231026	1	0.798151315183741	0.966916603700468	0.976975969205427	1	0.994381777650944	0.999896172540474
ENSFCAG00000029740:SHOC2	0	0	0	0	0	0	0	0	0	0.647010033931023	0.92009902192516	0.896242374078042	1	0.798151315183741	0.966916603700468	0.976975969205427	1	0.9944207034404	0.999896172540474
ENSFCAG00000010770:CSF1	0	0	0	0	0	0	0	0	0	0.648230260508682	0.914363788101713	0.896306596902291	1	0.798151315183741	0.966916603700468	0.976975969205427	1	0.994427736389899	0.999896172540474
ENSFCAG00000031995:SESN1	0	0	0	0	0	0	0	0	0	0.650699913512172	0.904254310877332	0.896481584521192	1	0.798151315183741	0.966916603700468	0.976975969205427	1	0.994446875683624	0.999896172540474
ENSFCAG00000015036:GATA4	0	0	0	0	0	0	0	0	0	0.646899658272204	0.924901447825873	0.896672141437331	1	0.798151315183741	0.966916603700468	0.976975969205427	1	0.994467679021262	0.999896172540474
ENSFCAG00000009499:KBTBD4	0	0	0	0	0	0	0	0	0	0.645801251808685	0.931894534668894	0.896706591343113	1	0.798151315183741	0.966916603700468	0.976975969205427	1	0.994471435638101	0.999896172540474
ENSFCAG00000027261:TGFBR1	0	0	0	0	0	0	0	0	0	0.652933756915904	0.901691841219377	0.897399322323265	1	0.798151315183741	0.966916603700468	0.976975969205427	1	0.994546694212892	0.999896172540474
ENSFCAG00000024419:MITF	0	0	0	0	0	0	0	0	0	0.65467684565078	0.894957447950061	0.897452584772109	1	0.798151315183741	0.966916603700468	0.976975969205427	1	0.994552458523585	0.999896172540474
ENSFCAG00000004158:PAK1	0	0	0	0	0	0	0	0	0	0.654453920615987	0.896130969761766	0.897493053533556	1	0.798151315183741	0.966916603700468	0.976975969205427	1	0.994556836128425	0.999896172540474
ENSFCAG00000001249:SUFU	0	0	0	0	0	0	0	0	0	0.651553402689466	0.909093195750215	0.897561125661429	1	0.798151315183741	0.966916603700468	0.976975969205427	1	0.994564195540675	0.999896172540474
ENSFCAG00000041347:HOXA13	0	0	0	0	0	0	0	0	0	0.645492103211577	0.945446282071171	0.897627047525873	1	0.798151315183741	0.966916603700468	0.976975969205427	1	0.994571317563061	0.999896172540474
ENSFCAG00000032199:EGR1	0	0	0	0	0	0	0	0	0	0.645354801831301	0.94691884241651	0.897652764708381	1	0.798151315183741	0.966916603700468	0.976975969205427	1	0.994574094666101	0.999896172540474
ENSFCAG00000043468:KLF2	0	0	0	0	0	0	0	0	0	0.647260953998452	0.933257144322142	0.897662435770164	1	0.798151315183741	0.966916603700468	0.976975969205427	1	0.994575138817517	0.999896172540474
ENSFCAG00000000648:CREB3L2	0	0	0	0	0	0	0	0	0	0.652126470204624	0.908635332877474	0.897826371530086	1	0.798151315183741	0.966916603700468	0.976975969205427	1	0.994592822548437	0.999896172540474
ENSFCAG00000004785:CBLC	0	0	0	0	0	0	0	0	0	0.652015664126402	0.90979873955378	0.897905041432578	1	0.798151315183741	0.966916603700468	0.976975969205427	1	0.994601298032251	0.999896172540474
ENSFCAG00000002222:MUTYH	0	0	0	0	0	0	0	0	0	0.656830072764914	0.891269146261472	0.898111310755829	1	0.798151315183741	0.966916603700468	0.976975969205427	1	0.994623487683275	0.999896172540474
ENSFCAG00000011397:ATP6AP1	0	0	0	0	0	0	0	0	0	0.652510339953344	0.910204716693252	0.898230340015366	1	0.798151315183741	0.966916603700468	0.976975969205427	1	0.994636270830697	0.999896172540474
ENSFCAG00000026512:CRBN	0	0	0	0	0	0	0	0	0	0.655603523643055	0.898250105134991	0.898419792291086	1	0.798151315183741	0.966916603700468	0.976975969205427	1	0.994656584526808	0.999896172540474
ENSFCAG00000040498:YY1	0	0	0	0	0	0	0	0	0	0.649405226307062	0.928415870922526	0.898437333111182	1	0.798151315183741	0.966916603700468	0.976975969205427	1	0.994658463290427	0.999896172540474
ENSFCAG00000008618:EZH2	0	0	0	0	0	0	0	0	0	0.656177034165589	0.898497760488723	0.898769734994737	1	0.798151315183741	0.966916603700468	0.976975969205427	1	0.994694001491076	0.999896172540474
ENSFCAG00000042373:FLI1	0	0	0	0	0	0	0	0	0	0.653315516729656	0.914660102814012	0.899199884054675	1	0.798151315183741	0.966916603700468	0.976975969205427	1	0.99473980769939	0.999896172540474
ENSFCAG00000018967:PAX3	0	0	0	0	0	0	0	0	0	0.654980060802322	0.907344955247998	0.89925671945283	1	0.798151315183741	0.966916603700468	0.976975969205427	1	0.994745844660247	0.999896172540474
ENSFCAG00000028662:PSIP1	0	0	0	0	0	0	0	0	0	0.661588555194857	0.882940941446004	0.899437343823835	1	0.798151315183741	0.966916603700468	0.976975969205427	1	0.994765006431648	0.999896172540474
ENSFCAG00000007838:FSTL3	0	0	0	0	0	0	0	0	0	0.6488095063358	0.945298673327818	0.89951260519987	1	0.798151315183741	0.966916603700468	0.976975969205427	1	0.99477297992647	0.999896172540474
ENSFCAG00000006154:GATA2	0	0	0	0	0	0	0	0	0	0.650104447353652	0.93726351655597	0.899621550355358	1	0.798151315183741	0.966916603700468	0.976975969205427	1	0.994784510862215	0.999896172540474
ENSFCAG00000022519:NAB2	0	0	0	0	0	0	0	0	0	0.652927705831716	0.92252775647412	0.899836627564353	1	0.798151315183741	0.966916603700468	0.976975969205427	1	0.994807236258997	0.999896172540474
ENSFCAG00000008054:ACVR1	0	0	0	0	0	0	0	0	0	0.655079176479756	0.913773230544463	0.900079655758616	1	0.798151315183741	0.966916603700468	0.976975969205427	1	0.994832853138928	0.999896172540474
ENSFCAG00000031620:PDK1	0	0	0	0	0	0	0	0	0	0.658427262383344	0.899213285808758	0.900102312816546	1	0.798151315183741	0.966916603700468	0.976975969205427	1	0.994835238007867	0.999896172540474
ENSFCAG00000014980:PLAG1	0	0	0	0	0	0	0	0	0	0.650037626833529	0.944399828605617	0.900143977544682	1	0.798151315183741	0.966916603700468	0.976975969205427	1	0.994839622124601	0.999896172540474
ENSFCAG00000030557:FOXF1	0	0	0	0	0	0	0	0	0	0.650674053449852	0.940521206358647	0.900207881892458	1	0.798151315183741	0.966916603700468	0.976975969205427	1	0.99484634262901	0.999896172540474
ENSFCAG00000028016:KLF4	0	0	0	0	0	0	0	0	0	0.653269372300573	0.926066554286388	0.900384603679227	1	0.798151315183741	0.966916603700468	0.976975969205427	1	0.994864903967942	0.999896172540474
ENSFCAG00000043446:GNA12	0	0	0	0	0	0	0	0	0	0.652644330128696	0.935417886072598	0.900896714307048	1	0.798151315183741	0.966916603700468	0.976975969205427	1	0.994918495801817	0.999896172540474
ENSFCAG00000011521:TFEB	0	0	0	0	0	0	0	0	0	0.657636942334702	0.909173926459979	0.900947863523307	1	0.798151315183741	0.966916603700468	0.976975969205427	1	0.994923832520513	0.999896172540474
ENSFCAG00000045851:SOX17	0	0	0	0	0	0	0	0	0	0.651573686558857	0.943688921991848	0.900959265581107	1	0.798151315183741	0.966916603700468	0.976975969205427	1	0.994925021772933	0.999896172540474
ENSFCAG00000018794:CREB3L1	0	0	0	0	0	0	0	0	0	0.657894581131941	0.908950177384009	0.901062214241409	1	0.798151315183741	0.966916603700468	0.976975969205427	1	0.994935752945886	0.999896172540474
ENSFCAG00000013722:STK11	0	0	0	0	0	0	0	0	0	0.658486563127765	0.909837096969197	0.90149487035444	1	0.798151315183741	0.966916603700468	0.976975969205427	1	0.994980723624994	0.999896172540474
ENSFCAG00000011595:MEF2C	0	0	0	0	0	0	0	0	0	0.657763354992055	0.914207277203145	0.901612683166449	1	0.798151315183741	0.966916603700468	0.976975969205427	1	0.994992933224839	0.999896172540474
ENSFCAG00000009909:ETV4	0	0	0	0	0	0	0	0	0	0.661906898414206	0.900478376911217	0.902166627926707	1	0.798151315183741	0.966916603700468	0.976975969205427	1	0.995050135286443	0.999896172540474
ENSFCAG00000010727:PIGA	0	0	0	0	0	0	0	0	0	0.656617865922654	0.928849914373949	0.90251755609963	1	0.798151315183741	0.966916603700468	0.976975969205427	1	0.995086197219146	0.999896172540474
ENSFCAG00000027219:IDH2	0	0	0	0	0	0	0	0	0	0.660739297809541	0.908430666318423	0.902554418423515	1	0.798151315183741	0.966916603700468	0.976975969205427	1	0.995089977329351	0.999896172540474
ENSFCAG00000031608:KLF5	0	0	0	0	0	0	0	0	0	0.657274888195151	0.92857826418866	0.902855129339966	1	0.798151315183741	0.966916603700468	0.976975969205427	1	0.995120758015423	0.999896172540474
ENSFCAG00000028288:PRCC	0	0	0	0	0	0	0	0	0	0.658158061373336	0.928610579206156	0.903345603978542	1	0.798151315183741	0.966916603700468	0.976975969205427	1	0.995170747973391	0.999896172540474
ENSFCAG00000029721:PPP2R2A	0	0	0	0	0	0	0	0	0	0.663680364493002	0.9032104149692	0.90348567683347	1	0.798151315183741	0.966916603700468	0.976975969205427	1	0.995184975529624	0.999896172540474
ENSFCAG00000005528:NUF2	0	0	0	0	0	0	0	0	0	0.666621007614524	0.894171195094245	0.903824240429807	1	0.798151315183741	0.966916603700468	0.976975969205427	1	0.995219274622178	0.999896172540474
ENSFCAG00000031745:KLF6	1	0	0	0	0	0	0	0	0	0.659996450677357	0.925912034302244	0.904000276502026	1	0.798151315183741	0.966916603700468	0.976975969205427	1	0.995237058311503	0.999896172540474
ENSFCAG00000004375:ERRFI1	0	0	0	0	0	0	0	0	0	0.657801872170581	0.939740869681754	0.904129330168019	1	0.798151315183741	0.966916603700468	0.976975969205427	1	0.995250073920506	0.999896172540474
ENSFCAG00000027928:FUS	0	0	0	0	0	0	0	0	0	0.669870489424548	0.885291451744906	0.904216598771951	1	0.798151315183741	0.966916603700468	0.976975969205427	1	0.995258864888844	0.999896172540474
ENSFCAG00000029513:ABI1	0	0	0	0	0	0	0	0	0	0.665691467975686	0.90323492532123	0.904568936206159	1	0.798151315183741	0.966916603700468	0.976975969205427	1	0.995294271820898	0.999896172540474
ENSFCAG00000043511:NONO	0	0	0	0	0	0	0	0	0	0.667155466586739	0.897691061813067	0.904604320484521	1	0.798151315183741	0.966916603700468	0.976975969205427	1	0.995297820057396	0.999896172540474
ENSFCAG00000031493:FOXO4	0	0	0	0	0	0	0	0	0	0.65865493021286	0.941429839911123	0.904734514777839	1	0.798151315183741	0.966916603700468	0.976975969205427	1	0.99531086366215	0.999896172540474
ENSFCAG00000029360:DDX6	0	0	0	0	0	0	0	0	0	0.667583419881808	0.897152887086736	0.904757153285767	1	0.798151315183741	0.966916603700468	0.976975969205427	1	0.995313129804438	0.999896172540474
ENSFCAG00000030336:IFNGR1	0	0	0	0	0	0	0	0	0	0.661934678323328	0.923322579210018	0.904888510277946	1	0.798151315183741	0.966916603700468	0.976975969205427	1	0.995326267621303	0.999896172540474
ENSFCAG00000024268:CD36	0	0	0	0	0	0	0	0	0	0.667169419200156	0.900068770258156	0.90493704736783	1	0.798151315183741	0.966916603700468	0.976975969205427	1	0.995331117287979	0.999896172540474
ENSFCAG00000038081:PRKN	0	0	0	0	0	0	0	0	0	0.668428987062022	0.896084646040532	0.905056176337199	1	0.798151315183741	0.966916603700468	0.976975969205427	1	0.995343009227726	0.999896172540474
ENSFCAG00000006604:SETD6	0	0	0	0	0	0	0	0	0	0.664321162855608	0.91389002726891	0.905147454342409	1	0.798151315183741	0.966916603700468	0.976975969205427	1	0.995352110360364	0.999896172540474
ENSFCAG00000045414:TAL1	0	0	0	0	0	0	0	0	0	0.659807142236269	0.939576626171538	0.905220897869246	1	0.798151315183741	0.966916603700468	0.976975969205427	1	0.995359426572922	0.999896172540474
ENSFCAG00000045890:FOXL2	0	0	0	0	0	0	0	0	0	0.658300382355768	0.955252645556325	0.905494143822982	1	0.798151315183741	0.966916603700468	0.976975969205427	1	0.995386594151998	0.999896172540474
ENSFCAG00000041373:CEBPA	0	0	0	0	0	0	0	0	0	0.658217707729186	0.95647685317643	0.905520676545147	1	0.798151315183741	0.966916603700468	0.976975969205427	1	0.995389227785176	0.999896172540474
ENSFCAG00000003700:AKT3	0	0	0	0	0	0	0	0	0	0.668722501250681	0.898329508193942	0.905524298921297	1	0.798151315183741	0.966916603700468	0.976975969205427	1	0.995389587281259	0.999896172540474
ENSFCAG00000029278:ETV1	0	0	0	0	0	0	0	0	0	0.668301470117627	0.900826181886812	0.90564077900098	1	0.798151315183741	0.966916603700468	0.976975969205427	1	0.995401139409068	0.999896172540474
ENSFCAG00000009538:TRIP13	0	0	0	0	0	0	0	0	0	0.666887306490099	0.906794830628344	0.905665068470563	1	0.798151315183741	0.966916603700468	0.976975969205427	1	0.995403546474438	0.999896172540474
ENSFCAG00000001254:CYP17A1	0	0	0	0	0	0	0	0	0	0.663674634343962	0.923110206862101	0.905810627770785	1	0.798151315183741	0.966916603700468	0.976975969205427	1	0.99541795762634	0.999896172540474
ENSFCAG00000027073:CDK8	0	0	0	0	0	0	0	0	0	0.671751482794807	0.891782229098075	0.906186421447096	1	0.798151315183741	0.966916603700468	0.976975969205427	1	0.995455055079383	0.999896172540474
ENSFCAG00000031216:CA5B	0	0	0	0	0	0	0	0	0	0.670743896810825	0.895680400415602	0.906220724702338	1	0.798151315183741	0.966916603700468	0.976975969205427	1	0.99545843365172	0.999896172540474
ENSFCAG00000038120:SMYD3	0	0	0	0	0	0	0	0	0	0.669369484533175	0.901319646213758	0.906272643999796	1	0.798151315183741	0.966916603700468	0.976975969205427	1	0.995463544781104	0.999896172540474
ENSFCAG00000028649:DUSP4	0	0	0	0	0	0	0	0	0	0.6621083282744	0.938100387648988	0.906358932416936	1	0.798151315183741	0.966916603700468	0.976975969205427	1	0.995472032755419	0.999896172540474
ENSFCAG00000014851:MDM4	0	0	0	0	0	0	0	0	0	0.669464654289027	0.902632030530934	0.906497368685976	1	0.798151315183741	0.966916603700468	0.976975969205427	1	0.995485633220842	0.999896172540474
ENSFCAG00000025024:PRRX1	1	0	0	0	0	0	0	0	0	0.668340359673025	0.912726703071896	0.907041131433099	1	0.798151315183741	0.966916603700468	0.976975969205427	1	0.995538849805292	0.999896172540474
ENSFCAG00000040324:ZNF331	0	0	0	0	0	0	0	0	0	0.665869486545704	0.924154198744716	0.90710163624516	1	0.798151315183741	0.966916603700468	0.976975969205427	1	0.995544751089431	0.999896172540474
ENSFCAG00000001593:EED	0	0	0	0	0	0	0	0	0	0.671950000537548	0.898881678537069	0.907300581353017	1	0.798151315183741	0.966916603700468	0.976975969205427	1	0.995564126577456	0.999896172540474
ENSFCAG00000012557:ACKR3	0	0	0	0	0	0	0	0	0	0.66374314941261	0.944463627050504	0.907750519355296	1	0.798151315183741	0.966916603700468	0.976975969205427	1	0.995607785667565	0.999896172540474
ENSFCAG00000009522:TNFRSF14	0	0	0	0	0	0	0	0	0	0.667119696115502	0.92516460108362	0.907875004934608	1	0.798151315183741	0.966916603700468	0.976975969205427	1	0.995619825555712	0.999896172540474
ENSFCAG00000028515:RARA	0	0	0	0	0	0	0	0	0	0.667291137334449	0.924833174725321	0.907933181294474	1	0.798151315183741	0.966916603700468	0.976975969205427	1	0.995625446353756	0.999896172540474
ENSFCAG00000004973:MYOD1	0	0	0	0	0	0	0	0	0	0.663856886920916	0.946858398829028	0.907987307031669	1	0.798151315183741	0.966916603700468	0.976975969205427	1	0.995630672447286	0.999896172540474
ENSFCAG00000044642:GNA11	0	0	0	0	0	0	0	0	0	0.667200346785439	0.928317362286689	0.908230167020222	1	0.798151315183741	0.966916603700468	0.976975969205427	1	0.995654082002352	0.999896172540474
ENSFCAG00000003212:NDRG1	0	0	0	0	0	0	0	0	0	0.675621302771998	0.89533232730659	0.908715118123656	1	0.798151315183741	0.966916603700468	0.976975969205427	1	0.99570063270911	0.999896172540474
ENSFCAG00000005533:PBX1	0	0	0	0	0	0	0	0	0	0.671819533788947	0.912168950727382	0.908937499323638	1	0.798151315183741	0.966916603700468	0.976975969205427	1	0.995721892637604	0.999896172540474
ENSFCAG00000028312:AURKB	0	0	0	0	0	0	0	0	0	0.674969626952433	0.902205790811608	0.909326056698521	1	0.798151315183741	0.966916603700468	0.976975969205427	1	0.995758908646306	0.999896172540474
ENSFCAG00000012037:XIAP	0	0	0	0	0	0	0	0	0	0.672830280779241	0.912503115123734	0.909508058114754	1	0.798151315183741	0.966916603700468	0.976975969205427	1	0.995776189950625	0.999896172540474
ENSFCAG00000036087:LMO2	0	0	0	0	0	0	0	0	0	0.671320914436299	0.925204143719531	0.910113121850015	1	0.798151315183741	0.966916603700468	0.976975969205427	1	0.995833379886586	0.999896172540474
ENSFCAG00000009292:SETD4	0	0	0	0	0	0	0	0	0	0.676762715607565	0.903221755109247	0.910389596677208	1	0.798151315183741	0.966916603700468	0.976975969205427	1	0.995859378059411	0.999896172540474
ENSFCAG00000027765:HNRNPA2B1	0	0	0	0	0	0	0	0	0	0.677914808283591	0.901391148924644	0.91073912149021	1	0.798151315183741	0.966916603700468	0.976975969205427	1	0.995892125284865	0.999896172540474
ENSFCAG00000038251:MAP2K4	0	0	0	0	0	0	0	0	0	0.677726041793337	0.904222904551413	0.911018047891821	1	0.798151315183741	0.966916603700468	0.976975969205427	1	0.995918161857114	0.999896172540474
ENSFCAG00000040420:GSK3B	0	0	0	0	0	0	0	0	0	0.681504914325791	0.896404516697581	0.91188321579749	1	0.798151315183741	0.966916603700468	0.976975969205427	1	0.99599837839577	0.999896172540474
ENSFCAG00000012379:SPRED1	0	0	0	0	0	0	0	0	0	0.678430110890271	0.908924112082428	0.911980562344872	1	0.798151315183741	0.966916603700468	0.976975969205427	1	0.99600735277156	0.999896172540474
ENSFCAG00000004033:CCNQ	0	0	0	0	0	0	0	0	0	0.674603302309603	0.929191708482898	0.912232568876741	1	0.798151315183741	0.966916603700468	0.976975969205427	1	0.996030536982047	0.999896172540474
ENSFCAG00000004034:DUSP9	0	0	0	0	0	0	0	0	0	0.673516566211035	0.935583289813773	0.912250391140216	1	0.798151315183741	0.966916603700468	0.976975969205427	1	0.99603217396663	0.999896172540474
ENSFCAG00000030594:HOXD11	0	0	0	0	0	0	0	0	0	0.671435817048088	0.950553333655138	0.912308674118656	1	0.798151315183741	0.966916603700468	0.976975969205427	1	0.996037524858746	0.999896172540474
ENSFCAG00000046742:TLX1	0	0	0	0	0	0	0	0	0	0.675131563400454	0.936385888542293	0.913166540609044	1	0.798151315183741	0.966916603700468	0.976975969205427	1	0.996115853965089	0.999896172540474
ENSFCAG00000007999:MKNK1	0	0	0	0	0	0	0	0	0	0.682919632466794	0.90052277700653	0.913173872466141	1	0.798151315183741	0.966916603700468	0.976975969205427	1	0.996116519939593	0.999896172540474
ENSFCAG00000015151:PAG1	0	0	0	0	0	0	0	0	0	0.676597594268636	0.933096079471146	0.913638460067107	1	0.798151315183741	0.966916603700468	0.976975969205427	1	0.996158599793434	0.999896172540474
ENSFCAG00000033222:TUSC3	0	0	0	0	0	0	0	0	0	0.681908919330605	0.908402492415352	0.913694299965688	1	0.798151315183741	0.966916603700468	0.976975969205427	1	0.996163641565885	0.999896172540474
ENSFCAG00000030830:PTPN2	0	0	0	0	0	0	0	0	0	0.683043690611246	0.905056165608411	0.913841685076363	1	0.798151315183741	0.966916603700468	0.976975969205427	1	0.996176932545634	0.999896172540474
ENSFCAG00000018839:SS18L1	0	0	0	0	0	0	0	0	0	0.685628821007563	0.89675631439138	0.914012253138381	1	0.798151315183741	0.966916603700468	0.976975969205427	1	0.996192284458333	0.999896172540474
ENSFCAG00000035960:TLX3	0	0	0	0	0	0	0	0	0	0.675823436444465	0.944810124219829	0.91420890991897	1	0.798151315183741	0.966916603700468	0.976975969205427	1	0.996209944970842	0.999896172540474
ENSFCAG00000025247:SFRP4	0	0	0	0	0	0	0	0	0	0.678667548533375	0.929707648124333	0.914393626028435	1	0.798151315183741	0.966916603700468	0.976975969205427	1	0.996226494638135	0.999896172540474
ENSFCAG00000003976:IDH1	0	0	0	0	0	0	0	0	0	0.682349848070348	0.916399297193627	0.914878949893878	1	0.798151315183741	0.966916603700468	0.976975969205427	1	0.99626979950618	0.999896172540474
ENSFCAG00000003944:PTPN1	0	0	0	0	0	0	0	0	0	0.683592540716581	0.911302449956514	0.914906807256164	1	0.798151315183741	0.966916603700468	0.976975969205427	1	0.996272277371009	0.999896172540474
ENSFCAG00000018126:WAS	0	0	0	0	0	0	0	0	0	0.684329023975033	0.90830857253507	0.914907881072207	1	0.798151315183741	0.966916603700468	0.976975969205427	1	0.996272372868135	0.999896172540474
ENSFCAG00000022640:MYCL	0	0	0	0	0	0	0	0	0	0.679622514030332	0.938969239001766	0.915716621770716	1	0.798151315183741	0.966916603700468	0.976975969205427	1	0.996343938369802	0.999896172540474
ENSFCAG00000035352:KCNJ5	0	0	0	0	0	0	0	0	0	0.678289349423393	0.947950888795335	0.915720981631613	1	0.798151315183741	0.966916603700468	0.976975969205427	1	0.996344322237881	0.999896172540474
ENSFCAG00000037388:RAD52	0	0	0	0	0	0	0	0	0	0.690282033373861	0.892686196189378	0.915731327715931	1	0.798151315183741	0.966916603700468	0.976975969205427	1	0.996345233085591	0.999896172540474
ENSFCAG00000048115:FANCF	0	0	0	0	0	0	0	0	0	0.678235128499455	0.951288343991953	0.915922196209147	1	0.798151315183741	0.966916603700468	0.976975969205427	1	0.996362015781628	0.999896172540474
ENSFCAG00000013883:EIF4A2	0	0	0	0	0	0	0	0	0	0.686570051861698	0.911158484562828	0.916387956097316	1	0.798151315183741	0.966916603700468	0.976975969205427	1	0.996402802208431	0.999896172540474
ENSFCAG00000029868:SOCS2	0	0	0	0	0	0	0	0	0	0.682816766320244	0.933316295897764	0.916859046207266	1	0.798151315183741	0.966916603700468	0.976975969205427	1	0.99644381459676	0.999896172540474
ENSFCAG00000009200:IL7R	0	0	0	0	0	0	0	0	0	0.685982377220495	0.919840382868641	0.917102561157526	1	0.798151315183741	0.966916603700468	0.976975969205427	1	0.996464919731573	0.999896172540474
ENSFCAG00000004068:SMARCB1	0	0	0	0	0	0	0	0	0	0.687588597410658	0.914160051240348	0.91725841045888	1	0.798151315183741	0.966916603700468	0.976975969205427	1	0.996478393060344	0.999896172540474
ENSFCAG00000018503:ABRAXAS1	0	0	0	0	0	0	0	0	0	0.689080492480148	0.908951586548768	0.917366006053159	1	0.798151315183741	0.966916603700468	0.976975969205427	1	0.996487679356147	0.999896172540474
ENSFCAG00000013003:S1PR2	0	0	0	0	0	0	0	0	0	0.680883178392672	0.956748194853627	0.917632282750605	1	0.798151315183741	0.966916603700468	0.976975969205427	1	0.996510606747738	0.999896172540474
ENSFCAG00000045474:CRLF2	0	0	0	0	0	0	0	0	0	0.687225543865127	0.919380637176843	0.917675340887662	1	0.798151315183741	0.966916603700468	0.976975969205427	1	0.996514306951799	0.999896172540474
ENSFCAG00000010841:MAFB	0	0	0	0	0	0	0	0	0	0.682043027797357	0.954098981005299	0.91806599614087	1	0.798151315183741	0.966916603700468	0.976975969205427	1	0.99654778563423	0.999896172540474
ENSFCAG00000009681:RRAGC	0	0	0	0	0	0	0	0	0	0.688126744692005	0.922713129663322	0.918488316693244	1	0.798151315183741	0.966916603700468	0.976975969205427	1	0.996583791007673	0.999896172540474
ENSFCAG00000007945:HOXA11	0	0	0	0	0	0	0	0	0	0.684802046225057	0.940660836222509	0.918502162747149	1	0.798151315183741	0.966916603700468	0.976975969205427	1	0.996584968179196	0.999896172540474
ENSFCAG00000022444:TENT5C	0	0	0	0	0	0	0	0	0	0.68460280516529	0.94250022040738	0.918548659512968	1	0.798151315183741	0.966916603700468	0.976975969205427	1	0.996588919739802	0.999896172540474
ENSFCAG00000027039:LEF1	0	0	0	0	0	0	0	0	0	0.691346981108922	0.909977197585264	0.918615019599632	1	0.798151315183741	0.966916603700468	0.976975969205427	1	0.996594555322197	0.999896172540474
ENSFCAG00000025016:DDB2	0	0	0	0	0	0	0	0	0	0.691681124077063	0.910387009110945	0.918830445664256	1	0.798151315183741	0.966916603700468	0.976975969205427	1	0.996612817185723	0.999896172540474
ENSFCAG00000046021:EXOSC6	0	0	0	0	0	0	0	0	0	0.683827611376727	0.952398466722499	0.91886824053081	1	0.798151315183741	0.966916603700468	0.976975969205427	1	0.996616015882664	0.999896172540474
ENSFCAG00000023667:HERPUD1	0	0	0	0	0	0	0	0	0	0.690765162322976	0.914611020330271	0.918889699075873	1	0.798151315183741	0.966916603700468	0.976975969205427	1	0.996617831294095	0.999896172540474
ENSFCAG00000001624:CCNE1	0	0	0	0	0	0	0	0	0	0.696281455946208	0.897153306904896	0.919307351188483	1	0.798151315183741	0.966916603700468	0.976975969205427	1	0.996653065245711	0.999896172540474
ENSFCAG00000003156:ARID3C	0	0	0	0	0	0	0	0	0	0.688462694049778	0.930468348734595	0.919440454268278	1	0.798151315183741	0.966916603700468	0.976975969205427	1	0.99666425420765	0.999896172540474
ENSFCAG00000029481:PPP4R2	0	0	0	0	0	0	0	0	0	0.692129893417322	0.915636493517149	0.919682856971082	1	0.798151315183741	0.966916603700468	0.976975969205427	1	0.996684581658749	0.999896172540474
ENSFCAG00000030278:MCL1	0	0	0	0	0	0	0	0	0	0.688015202841306	0.937335263507445	0.919841726146101	1	0.798151315183741	0.966916603700468	0.976975969205427	1	0.996697869480092	0.999896172540474
ENSFCAG00000014173:MAPK3	0	0	0	0	0	0	0	0	0	0.690784118507693	0.92408390491691	0.919954400221754	1	0.798151315183741	0.966916603700468	0.976975969205427	1	0.996707276910955	0.999896172540474
ENSFCAG00000024493:AURKA	0	0	0	0	0	0	0	0	0	0.693816750583149	0.912002569550976	0.920076379255266	1	0.798151315183741	0.966916603700468	0.976975969205427	1	0.99671744567867	0.999896172540474
ENSFCAG00000012114:OMD	0	0	0	0	0	0	0	0	0	0.688310469618205	0.939008375341533	0.920131980303915	1	0.798151315183741	0.966916603700468	0.976975969205427	1	0.996722075487729	0.999896172540474
ENSFCAG00000030098:SS18	0	0	0	0	0	0	0	0	0	0.700195730232399	0.89324928274049	0.920613875624484	1	0.798151315183741	0.966916603700468	0.976975969205427	1	0.996762061400591	0.999896172540474
ENSFCAG00000025137:PRKACA	0	0	0	0	0	0	0	0	0	0.693993423111225	0.918998319159111	0.920981719035525	1	0.798151315183741	0.966916603700468	0.976975969205427	1	0.996792413933571	0.999896172540474
ENSFCAG00000033551:DNAJB1	0	0	0	0	0	0	0	0	0	0.690628451509556	0.942237917279845	0.921552075653804	1	0.798151315183741	0.966916603700468	0.976975969205427	1	0.996839186318854	0.999896172540474
ENSFCAG00000026744:GNB1	0	0	0	0	0	0	0	0	0	0.695974744498824	0.918688927041333	0.921912668234544	1	0.798151315183741	0.966916603700468	0.976975969205427	1	0.996868574748678	0.999896172540474
ENSFCAG00000030144:IRF2	0	0	0	0	0	0	0	0	0	0.698116228570038	0.911831752280419	0.922141049601444	1	0.798151315183741	0.966916603700468	0.976975969205427	1	0.996887114959812	0.999896172540474
ENSFCAG00000008090:TTL	0	0	0	0	0	0	0	0	0	0.696917950390362	0.922362340759632	0.922775493493832	1	0.798151315183741	0.966916603700468	0.976975969205427	1	0.996938322929874	0.999896172540474
ENSFCAG00000002637:SPOP	0	0	0	0	0	0	0	0	0	0.697457518978636	0.921535386327839	0.92294701086872	1	0.798151315183741	0.966916603700468	0.976975969205427	1	0.996952091723817	0.999896172540474
ENSFCAG00000026699:CDX2	0	0	0	0	0	0	0	0	0	0.694277637143765	0.938094991271313	0.923010483657748	1	0.798151315183741	0.966916603700468	0.976975969205427	1	0.996957179008869	0.999896172540474
ENSFCAG00000024972:JUN	0	0	0	0	0	0	0	0	0	0.692173818486105	0.952123998996973	0.923039040664177	1	0.798151315183741	0.966916603700468	0.976975969205427	1	0.996959466402723	0.999896172540474
ENSFCAG00000025659:TFG	0	0	0	0	0	0	0	0	0	0.700868043267766	0.911607426322438	0.923431953147246	1	0.798151315183741	0.966916603700468	0.976975969205427	1	0.996990848692736	0.999896172540474
ENSFCAG00000022485:TMEM30A	0	0	0	0	0	0	0	0	0	0.700568162579869	0.918049288540495	0.924053436879846	1	0.798151315183741	0.966916603700468	0.976975969205427	1	0.997040145859797	0.999896172540474
ENSFCAG00000045230:PHOX2B	0	0	0	0	0	0	0	0	0	0.697445778680533	0.946938335957351	0.925260891151569	1	0.798151315183741	0.966916603700468	0.976975969205427	1	0.997134728547818	0.999896172540474
ENSFCAG00000045118:CDK6	0	0	0	0	0	0	0	0	0	0.703045962514801	0.91848115092951	0.925281873798735	1	0.798151315183741	0.966916603700468	0.976975969205427	1	0.997136358232214	0.999896172540474
ENSFCAG00000034951:MYD88	0	0	0	0	0	0	0	0	0	0.70267986855954	0.921205903783903	0.92541309407986	1	0.798151315183741	0.966916603700468	0.976975969205427	1	0.99714653908298	0.999896172540474
ENSFCAG00000009769:NFKBIE	0	0	0	0	0	0	0	0	0	0.702177196931236	0.925691627959884	0.925653190343033	1	0.798151315183741	0.966916603700468	0.976975969205427	1	0.997165119014023	0.999896172540474
ENSFCAG00000000449:ELF3	0	0	0	0	0	0	0	0	0	0.704521151759282	0.91771365873554	0.925891200354996	1	0.798151315183741	0.966916603700468	0.976975969205427	1	0.997183476032851	0.999896172540474
ENSFCAG00000019399:QKI	0	0	0	0	0	0	0	0	0	0.705459308159525	0.91552890851803	0.926077758722764	1	0.798151315183741	0.966916603700468	0.976975969205427	1	0.997197821962195	0.999896172540474
ENSFCAG00000015575:CXCR4	0	0	0	0	0	0	0	0	0	0.700104683279893	0.942463799261503	0.926201786841579	1	0.798151315183741	0.966916603700468	0.976975969205427	1	0.997207338653884	0.999896172540474
ENSFCAG00000045245:PHF6	0	0	0	0	0	0	0	0	0	0.708688267733184	0.906384662394396	0.926442476580575	1	0.798151315183741	0.966916603700468	0.976975969205427	1	0.997225759417814	0.999896172540474
ENSFCAG00000015075:SETD7	0	0	0	0	0	0	0	0	0	0.705313266496007	0.919695761029701	0.926489395978737	1	0.798151315183741	0.966916603700468	0.976975969205427	1	0.99722934302761	0.999896172540474
ENSFCAG00000025666:NFE2	0	0	0	0	0	0	0	0	0	0.701330959747402	0.942639997003576	0.926804179661886	1	0.798151315183741	0.966916603700468	0.976975969205427	1	0.997253324135651	0.999896172540474
ENSFCAG00000041686:MSI2	0	0	0	0	0	0	0	0	0	0.707041884280097	0.916353969035365	0.926915880897628	1	0.798151315183741	0.966916603700468	0.976975969205427	1	0.997261808148062	0.999896172540474
ENSFCAG00000022622:ETNK1	0	0	0	0	0	0	0	0	0	0.708562320015588	0.913417390586814	0.927273286406055	1	0.798151315183741	0.966916603700468	0.976975969205427	1	0.997288863635264	0.999896172540474
ENSFCAG00000010904:GATA1	0	0	0	0	0	0	0	0	0	0.70526588928396	0.928219546698603	0.927373490144406	1	0.798151315183741	0.966916603700468	0.976975969205427	1	0.997296424299925	0.999896172540474
ENSFCAG00000008358:CCND1	0	0	0	0	0	0	0	0	0	0.702805005616715	0.944632886407687	0.927664621501535	1	0.798151315183741	0.966916603700468	0.976975969205427	1	0.997318329589036	0.999896172540474
ENSFCAG00000042983:CRKL	0	0	0	0	0	0	0	0	0	0.703866528643688	0.941517212457874	0.927921837201569	1	0.798151315183741	0.966916603700468	0.976975969205427	1	0.997337606976542	0.999896172540474
ENSFCAG00000040513:TPM3	0	0	0	0	0	0	0	0	0	0.712980095457602	0.906034540259712	0.928368750201009	1	0.798151315183741	0.966916603700468	0.976975969205427	1	0.997370931938897	0.999896172540474
ENSFCAG00000038352:HOXC11	0	0	0	0	0	0	0	0	0	0.70584899831152	0.938927134668306	0.928642512816137	1	0.798151315183741	0.966916603700468	0.976975969205427	1	0.997391239331209	0.999896172540474
ENSFCAG00000024636:RAD51C	0	0	0	0	0	0	0	0	0	0.712081161399475	0.914076536217395	0.928976118668124	1	0.798151315183741	0.966916603700468	0.976975969205427	1	0.997415876731927	0.999896172540474
ENSFCAG00000025160:HSD3B2	0	0	0	0	0	0	0	0	0	0.707164689270659	0.938898159492294	0.929258091298684	1	0.798151315183741	0.966916603700468	0.976975969205427	1	0.997436607499886	0.999896172540474
ENSFCAG00000023702:PIM1	0	0	0	0	0	0	0	0	0	0.70951014473427	0.930567644575226	0.929590062208931	1	0.798151315183741	0.966916603700468	0.976975969205427	1	0.997460904504681	0.999896172540474
ENSFCAG00000023627:GID4	0	0	0	0	0	0	0	0	0	0.711419167049116	0.924577916716949	0.929863337635527	1	0.798151315183741	0.966916603700468	0.976975969205427	1	0.997480816612247	0.999896172540474
ENSFCAG00000006305:CCN6	0	0	0	0	0	0	0	0	0	0.710711269350907	0.930577032998476	0.930147196635315	1	0.798151315183741	0.966916603700468	0.976975969205427	1	0.997501414849975	0.999896172540474
ENSFCAG00000013445:EPCAM	0	0	0	0	0	0	0	0	0	0.715188017311867	0.913753416543756	0.93035276159501	1	0.798151315183741	0.966916603700468	0.976975969205427	1	0.997516277594585	0.999896172540474
ENSFCAG00000014712:RAD51	0	0	0	0	0	0	0	0	0	0.715769559856156	0.913683093220651	0.930607418910412	1	0.798151315183741	0.966916603700468	0.976975969205427	1	0.997534626826367	0.999896172540474
ENSFCAG00000033716:FGF14	0	0	0	0	0	0	0	0	0	0.712915730676515	0.926953395304263	0.930798603718659	1	0.798151315183741	0.966916603700468	0.976975969205427	1	0.997548356773698	0.999896172540474
ENSFCAG00000008220:CREB1	0	0	0	0	0	0	0	0	0	0.717963798186729	0.915843780851097	0.931855843539649	1	0.798151315183741	0.966916603700468	0.976975969205427	1	0.997623573721973	0.999896172540474
ENSFCAG00000022323:PPP1CB	0	0	0	0	0	0	0	0	0	0.720035591474807	0.908790619684939	0.931906084123159	1	0.798151315183741	0.966916603700468	0.976975969205427	1	0.997627118204875	0.999896172540474
ENSFCAG00000027426:RAD51D	0	0	0	0	0	0	0	0	0	0.718313987540613	0.915249315425193	0.931941882007006	1	0.798151315183741	0.966916603700468	0.976975969205427	1	0.997629642099985	0.999896172540474
ENSFCAG00000003608:TFPT	0	0	0	0	0	0	0	0	0	0.716078422458915	0.926432220323654	0.932185172043071	1	0.798151315183741	0.966916603700468	0.976975969205427	1	0.997646758601973	0.999896172540474
ENSFCAG00000006667:INHA	0	0	0	0	0	0	0	0	0	0.711014418889179	0.954438203573029	0.93221322785115	1	0.798151315183741	0.966916603700468	0.976975969205427	1	0.997648728365282	0.999896172540474
ENSFCAG00000007657:RAD51B	0	0	0	0	0	0	0	0	0	0.719200502543484	0.914637240024579	0.932264767899331	1	0.798151315183741	0.966916603700468	0.976975969205427	1	0.997652344727488	0.999896172540474
ENSFCAG00000045613:FEV	0	0	0	0	0	0	0	0	0	0.712149748225255	0.951191610414164	0.932522780807095	1	0.798151315183741	0.966916603700468	0.976975969205427	1	0.99767040564446	0.999896172540474
ENSFCAG00000014436:TCEA1	0	0	0	0	0	0	0	0	0	0.721834423986702	0.909240181660972	0.93276109834117	1	0.798151315183741	0.966916603700468	0.976975969205427	1	0.997687024462163	0.999896172540474
ENSFCAG00000039431:PNRC1	0	0	0	0	0	0	0	0	0	0.713557081163635	0.946199334218691	0.932809747945129	1	0.798151315183741	0.966916603700468	0.976975969205427	1	0.997690409506014	0.999896172540474
ENSFCAG00000001078:POU5F1	0	0	0	0	0	0	0	0	0	0.71907979768075	0.922213126859951	0.933085074438913	1	0.798151315183741	0.966916603700468	0.976975969205427	1	0.997709518940163	0.999896172540474
ENSFCAG00000038036:ZNF24	0	0	0	0	0	0	0	0	0	0.716725749000023	0.936532634242813	0.933454449001491	1	0.798151315183741	0.966916603700468	0.976975969205427	1	0.997735028314161	0.999896172540474
ENSFCAG00000032546:IGF2	0	0	0	0	0	0	0	0	0	0.713848354256429	0.957277732670767	0.933695329176713	1	0.798151315183741	0.966916603700468	0.976975969205427	1	0.997751584995733	0.999896172540474
ENSFCAG00000037922:PPP6C	0	0	0	0	0	0	0	0	0	0.721161479073581	0.920136745715025	0.933780966259354	1	0.798151315183741	0.966916603700468	0.976975969205427	1	0.997757456208706	0.999896172540474
ENSFCAG00000030589:APH1A	0	0	0	0	0	0	0	0	0	0.720474525158218	0.92465355296265	0.93397202079611	1	0.798151315183741	0.966916603700468	0.976975969205427	1	0.997770526456889	0.999896172540474
ENSFCAG00000025542:HEY1	0	0	0	0	0	0	0	0	0	0.718835793254558	0.932186143246514	0.934002262608593	1	0.798151315183741	0.966916603700468	0.976975969205427	1	0.997772591749128	0.999896172540474
ENSFCAG00000040666:CYSLTR2	0	0	0	0	0	0	0	0	0	0.716891256031317	0.959336944776289	0.935203909092144	1	0.798151315183741	0.966916603700468	0.976975969205427	1	0.997853863205411	0.999896172540474
ENSFCAG00000002120:HOXB13	0	0	0	0	0	0	0	0	0	0.719021714301485	0.945218099902578	0.935214580552736	1	0.798151315183741	0.966916603700468	0.976975969205427	1	0.997854578033022	0.999896172540474
ENSFCAG00000012089:MOB3B	0	0	0	0	0	0	0	0	0	0.720461482542141	0.939750888037993	0.935414790419571	1	0.798151315183741	0.966916603700468	0.976975969205427	1	0.997867966516531	0.999896172540474
ENSFCAG00000008999:TPM4	0	0	0	0	0	0	0	0	0	0.726397417054022	0.917532605351748	0.935781045976961	1	0.798151315183741	0.966916603700468	0.976975969205427	1	0.99789234795698	0.999896172540474
ENSFCAG00000028964:SIX1	0	0	0	0	0	0	0	0	0	0.721443326718298	0.941724478725659	0.936017936761904	1	0.798151315183741	0.966916603700468	0.976975969205427	1	0.997908041306282	0.999896172540474
ENSFCAG00000013318:IRF1	0	0	0	0	0	0	0	0	0	0.727063786092892	0.919007722525169	0.936242054044152	1	0.798151315183741	0.966916603700468	0.976975969205427	1	0.997922833255465	0.999896172540474
ENSFCAG00000040786:LASP1	0	0	0	0	0	0	0	0	0	0.725849040037148	0.925222949695238	0.9364020442925	1	0.798151315183741	0.966916603700468	0.976975969205427	1	0.997933359940771	0.999896172540474
ENSFCAG00000036921:SDHB	0	0	0	0	0	0	0	0	0	0.724399261535885	0.931645776737983	0.936420209835171	1	0.798151315183741	0.966916603700468	0.976975969205427	1	0.997934553428926	0.999896172540474
ENSFCAG00000002606:PRSS8	0	0	0	0	0	0	0	0	0	0.724225823499514	0.933401294757856	0.93651211955691	1	0.798151315183741	0.966916603700468	0.976975969205427	1	0.997940586556557	0.999896172540474
ENSFCAG00000006857:XRCC2	0	0	0	0	0	0	0	0	0	0.72302669606399	0.944517712116736	0.936945575215444	1	0.798151315183741	0.966916603700468	0.976975969205427	1	0.99796891783882	0.999896172540474
ENSFCAG00000015580:PDGFB	0	0	0	0	0	0	0	0	0	0.729249747108675	0.921117903645126	0.937427009320772	1	0.798151315183741	0.966916603700468	0.976975969205427	1	0.998000150014497	0.999896172540474
ENSFCAG00000014287:PDCD1	0	0	0	0	0	0	0	0	0	0.726634637914497	0.935865014294579	0.937795552892472	1	0.798151315183741	0.966916603700468	0.976975969205427	1	0.998023891530493	0.999896172540474
ENSFCAG00000043034:FGF3	0	0	0	0	0	0	0	0	0	0.72415644236887	0.951428677009905	0.937954430977695	1	0.798151315183741	0.966916603700468	0.976975969205427	1	0.998034081750183	0.999896172540474
ENSFCAG00000009047:CD274	0	0	0	0	0	0	0	0	0	0.728650317885982	0.938115559998499	0.938872774074041	1	0.798151315183741	0.966916603700468	0.976975969205427	1	0.998092455793997	0.999896172540474
ENSFCAG00000009419:SCG5	0	0	0	0	0	0	0	0	0	0.732708459116335	0.928728850807153	0.93972242437645	1	0.798151315183741	0.966916603700468	0.976975969205427	1	0.998145663404099	0.999896172540474
ENSFCAG00000045844:XPA	0	0	0	0	0	0	0	0	0	0.733538475774301	0.926161523097527	0.939808556603386	1	0.798151315183741	0.966916603700468	0.976975969205427	1	0.998151014361238	0.999896172540474
ENSFCAG00000038221:MTAP	0	0	0	0	0	0	0	0	0	0.735577029065767	0.919902064407731	0.939978949230251	1	0.798151315183741	0.966916603700468	0.976975969205427	1	0.998161576734414	0.999896172540474
ENSFCAG00000009048:PDCD1LG2	0	0	0	0	0	0	0	0	0	0.732820649743458	0.932861992448289	0.940178808491423	1	0.798151315183741	0.966916603700468	0.976975969205427	1	0.998173926337039	0.999896172540474
ENSFCAG00000009373:BTLA	0	0	0	0	0	0	0	0	0	0.733096092905392	0.931820186790957	0.940195206149542	1	0.798151315183741	0.966916603700468	0.976975969205427	1	0.998174937686865	0.999896172540474
ENSFCAG00000029552:BCL2	0	0	0	0	0	0	0	0	0	0.728217213738774	0.958833891874093	0.940204194508691	1	0.798151315183741	0.966916603700468	0.976975969205427	1	0.998175491935867	0.999896172540474
ENSFCAG00000011605:EGFL7	0	0	0	0	0	0	0	0	0	0.736113561553096	0.924693143493245	0.940737398534401	1	0.798151315183741	0.966916603700468	0.976975969205427	1	0.998208217170387	0.999896172540474
ENSFCAG00000045399:FGF23	0	0	0	0	0	0	0	0	0	0.731954277334613	0.953449377708746	0.941479818712897	1	0.798151315183741	0.966916603700468	0.976975969205427	1	0.998253279665091	0.999896172540474
ENSFCAG00000030268:NPM1	0	0	0	0	0	0	0	0	0	0.740956474993014	0.913935568582941	0.94150080390279	1	0.798151315183741	0.966916603700468	0.976975969205427	1	0.998254544887827	0.999896172540474
ENSFCAG00000041934:SOCS1	0	0	0	0	0	0	0	0	0	0.732064872743601	0.961532880962714	0.942017385105679	1	0.798151315183741	0.966916603700468	0.976975969205427	1	0.998285542749955	0.999896172540474
ENSFCAG00000023035:JAZF1	0	0	0	0	0	0	0	0	0	0.739675021962359	0.928620690837771	0.942634261866331	1	0.798151315183741	0.966916603700468	0.976975969205427	1	0.998322187818731	0.999896172540474
ENSFCAG00000009689:VTCN1	0	0	0	0	0	0	0	0	0	0.7388836309956	0.937593920921973	0.943167646187851	1	0.798151315183741	0.966916603700468	0.976975969205427	1	0.998353547642156	0.999896172540474
ENSFCAG00000022176:MLF1	0	0	0	0	0	0	0	0	0	0.746854862348442	0.909300244292094	0.943301570774071	1	0.798151315183741	0.966916603700468	0.976975969205427	1	0.998361374226936	0.999896172540474
ENSFCAG00000013892:ATF1	0	0	0	0	0	0	0	0	0	0.742351710483238	0.92984877845888	0.943861018074827	1	0.798151315183741	0.966916603700468	0.976975969205427	1	0.998393862881315	0.999896172540474
ENSFCAG00000025748:BCL2L1	0	0	0	0	0	0	0	0	0	0.738135052990865	0.953783517454791	0.944116516210868	1	0.798151315183741	0.966916603700468	0.976975969205427	1	0.998408590053251	0.999896172540474
ENSFCAG00000009155:RSPO3	0	0	0	0	0	0	0	0	0	0.746628640209344	0.920317640339955	0.944566513165918	1	0.798151315183741	0.966916603700468	0.976975969205427	1	0.998434360215035	0.999896172540474
ENSFCAG00000022826:CDKN2A	0	0	0	0	0	0	0	0	0	0.741212608792345	0.942739968845555	0.944573881286549	1	0.798151315183741	0.966916603700468	0.976975969205427	1	0.998434780384123	0.999896172540474
ENSFCAG00000036639:FGF4	0	0	0	0	0	0	0	0	0	0.739171072080627	0.956060814301455	0.944695807854022	1	0.798151315183741	0.966916603700468	0.976975969205427	1	0.998441724935474	0.999896172540474
ENSFCAG00000006923:CCNB1IP1	0	0	0	0	0	0	0	0	0	0.742864925832427	0.938512324374042	0.944891577384333	1	0.798151315183741	0.966916603700468	0.976975969205427	1	0.998452842430995	0.999896172540474
ENSFCAG00000032259:DCUN1D1	0	0	0	0	0	0	0	0	0	0.747452078637944	0.921556885226803	0.945038281391013	1	0.798151315183741	0.966916603700468	0.976975969205427	1	0.99846114697291	0.999896172540474
ENSFCAG00000031909:ATG5	0	0	0	0	0	0	0	0	0	0.747436711214117	0.921918826623127	0.945073046424441	1	0.798151315183741	0.966916603700468	0.976975969205427	1	0.998463111595347	0.999896172540474
ENSFCAG00000036433:POU2AF1	0	0	0	0	0	0	0	0	0	0.745794689292295	0.929938607604507	0.945270156234986	1	0.798151315183741	0.966916603700468	0.976975969205427	1	0.998474226377302	0.999896172540474
ENSFCAG00000022142:SBDS	0	0	0	0	0	0	0	0	0	0.743755552029753	0.942623314319605	0.945607130744947	1	0.798151315183741	0.966916603700468	0.976975969205427	1	0.998493132767376	0.999896172540474
ENSFCAG00000027677:SOCS3	0	0	0	0	0	0	0	0	0	0.74144442129094	0.964673315123162	0.946128197245325	1	0.798151315183741	0.967906856961564	0.976975969205427	1	0.998522131484582	0.999896172540474
ENSFCAG00000024840:RRAS	0	0	0	0	0	0	0	0	0	0.748085084953325	0.932785576410159	0.946473017527604	1	0.798151315183741	0.966916603700468	0.976975969205427	1	0.998541163839768	0.999896172540474
ENSFCAG00000025224:FGF12	0	0	0	0	0	0	0	0	0	0.747776188327587	0.934747250987108	0.946536941289196	1	0.798151315183741	0.966916603700468	0.976975969205427	1	0.998544678307304	0.999896172540474
ENSFCAG00000039688:NKX3-1	0	0	0	0	0	0	0	0	0	0.74712201265243	0.946566739731916	0.947286546825872	1	0.798151315183741	0.966916603700468	0.976975969205427	1	0.99858556884822	0.999896172540474
ENSFCAG00000040177:CD79B	0	0	0	0	0	0	0	0	0	0.751761301724726	0.931465969251113	0.947803564007385	1	0.798151315183741	0.966916603700468	0.976975969205427	1	0.998613426149471	0.999896172540474
ENSFCAG00000030239:TMEM127	0	0	0	0	0	0	0	0	0	0.748623903615488	0.946915317818661	0.947916263707145	1	0.798151315183741	0.966916603700468	0.976975969205427	1	0.998619461055928	0.999896172540474
ENSFCAG00000025776:RAC2	0	0	0	0	0	0	0	0	0	0.752822008864843	0.935533417478263	0.948612664358423	1	0.798151315183741	0.966916603700468	0.976975969205427	1	0.998656455159126	0.999896172540474
ENSFCAG00000014272:CTLA4	0	0	0	0	0	0	0	0	0	0.752026943614316	0.939236733759554	0.948635786481364	1	0.798151315183741	0.966916603700468	0.976975969205427	1	0.998657674678339	0.999896172540474
ENSFCAG00000014271:CD28	0	0	0	0	0	0	0	0	0	0.751933161696083	0.943525475903126	0.948962814252256	1	0.798151315183741	0.966916603700468	0.976975969205427	1	0.998674862601657	0.999896172540474
ENSFCAG00000033312:FHIT	1	0	0	0	0	0	0	0	0	0.756862378012431	0.924434435128967	0.949004996874122	1	0.798740508324073	0.966916603700468	0.976975969205427	1	0.998677071428844	0.999896172540474
ENSFCAG00000044777:ARFRP1	0	0	0	0	0	0	0	0	0	0.754428030906823	0.933615470150204	0.949059085207036	1	0.798698480294697	0.966916603700468	0.976975969205427	1	0.998679900936558	0.999896172540474
ENSFCAG00000040792:BBC3	0	0	0	0	0	0	0	0	0	0.752757904983998	0.948590306348063	0.949683413226082	1	0.798151315183741	0.966916603700468	0.976975969205427	1	0.998712338132568	0.999896172540474
ENSFCAG00000008129:CD79A	0	0	0	0	0	0	0	0	0	0.755116937383294	0.939802917994781	0.949895619254124	1	0.798698480294697	0.966916603700468	0.976975969205427	1	0.998723269901247	0.999896172540474
ENSFCAG00000040323:BCL7A	0	0	0	0	0	0	0	0	0	0.757825070258474	0.931055557819294	0.950122152483253	1	0.798740508324073	0.966916603700468	0.976975969205427	1	0.998734887418515	0.999896172540474
ENSFCAG00000000062:MAD2L2	0	0	0	0	0	0	0	0	0	0.761377739431021	0.922945850068949	0.950613418862147	1	0.80051632760532	0.966916603700468	0.976975969205427	1	0.998759895941537	0.999896172540474
ENSFCAG00000043691:RYBP	0	0	0	0	0	0	0	0	0	0.756992331615699	0.943158261682956	0.950907774945527	1	0.798740508324073	0.966916603700468	0.976975969205427	1	0.998774758860428	0.999896172540474
ENSFCAG00000011361:RAC1	0	0	0	0	0	0	0	0	0	0.763418094270834	0.919917473342647	0.95103332605427	1	0.80051632760532	0.966916603700468	0.976975969205427	1	0.998781070588933	0.999896172540474
ENSFCAG00000002990:HRAS	0	0	0	0	0	0	0	0	0	0.760776491399324	0.938851166658227	0.951987519597565	1	0.80051632760532	0.966916603700468	0.976975969205427	1	0.998828498473764	0.999896172540474
ENSFCAG00000005782:RSPO2	0	0	0	0	0	0	0	0	0	0.763444649730901	0.93092174635567	0.952241506821259	1	0.80051632760532	0.966916603700468	0.976975969205427	1	0.998840961618552	0.999896172540474
ENSFCAG00000008354:SH2D1A	1	0	0	0	0	0	0	0	0	0.766777156993326	0.928183172122122	0.95315695075775	1	0.80051632760532	0.966916603700468	0.976975969205427	1	0.99888532043241	0.999896172540474
ENSFCAG00000036364:BCL10	0	0	0	0	0	0	0	0	0	0.765060481255115	0.934827888408017	0.95322829522586	1	0.80051632760532	0.966916603700468	0.976975969205427	1	0.998888740563015	0.999896172540474
ENSFCAG00000029945:PAFAH1B2	0	0	0	0	0	0	0	0	0	0.76706618326277	0.934777080988548	0.953967365980439	1	0.80051632760532	0.966916603700468	0.976975969205427	1	0.99892385624068	0.999896172540474
ENSFCAG00000022046:SDC4	0	0	0	0	0	0	0	0	0	0.767466418970989	0.942803826681408	0.954833820770049	1	0.80051632760532	0.966916603700468	0.976975969205427	1	0.998964295263365	0.999896172540474
ENSFCAG00000045823:CBFB	0	0	0	0	0	0	0	0	0	0.771087771008424	0.929591079471895	0.954923338253521	1	0.801431502737922	0.966916603700468	0.976975969205427	1	0.998968428383045	0.999896172540474
ENSFCAG00000036606:FGF10	0	0	0	0	0	0	0	0	0	0.767532915443408	0.949415741448196	0.955379543434848	1	0.80051632760532	0.966916603700468	0.976975969205427	1	0.998989361532872	0.999896172540474
ENSFCAG00000000945:RNF213	0	1	0	0	0	1.03904355108337	0	0	0	0.976258979736827	0.766634440430098	0.95562311587249	1	0.976258979736827	0.966916603700468	0.976975969205427	1	0.999000448737456	0.999896172540474
ENSFCAG00000043547:CDKN1B	0	0	0	0	0	0	0	0	0	0.768694469232955	0.948013591186884	0.955702137919423	1	0.800797718528067	0.966916603700468	0.976975969205427	1	0.999004032413302	0.999896172540474
ENSFCAG00000012862:RHEB	0	0	0	0	0	0	0	0	0	0.776905893166859	0.920131275935597	0.955957489279587	1	0.803632561363503	0.966916603700468	0.976975969205427	1	0.999015568014159	0.999896172540474
ENSFCAG00000043152:RMI2	0	0	0	0	0	0	0	0	0	0.770746501108645	0.965996698401718	0.957585355828134	1	0.801431502737922	0.968152941032079	0.976975969205427	1	0.99908750487692	0.999896172540474
ENSFCAG00000000258:BAX	0	0	0	0	0	0	0	0	0	0.779039826047234	0.932325355335296	0.958031764068578	1	0.803632561363503	0.966916603700468	0.976975969205427	1	0.999106748359018	0.999896172540474
ENSFCAG00000000499:SDHC	0	0	0	0	0	0	0	0	0	0.779974585857552	0.93334216887781	0.958458569273963	1	0.803632561363503	0.966916603700468	0.976975969205427	1	0.999124952295403	0.999896172540474
ENSFCAG00000023517:NOTCH1	1	1	0	0	0	1.08523648133215	0	0	0	0.945109072919348	0.779989734398396	0.958532410706025	1	0.946162706222491	0.966916603700468	0.976975969205427	1	0.999128082464871	0.999896172540474
ENSFCAG00000037118:DUSP22	0	0	0	0	0	0	0	0	0	0.777325248336819	0.946363685447367	0.958683363475217	1	0.803632561363503	0.966916603700468	0.976975969205427	1	0.999134463716282	0.999896172540474
ENSFCAG00000036350:BCL2L11	0	0	0	0	0	0	0	0	0	0.781505561095509	0.942281658105523	0.959810107076044	1	0.803632561363503	0.966916603700468	0.976975969205427	1	0.999181344149408	0.999896172540474
ENSFCAG00000046660:TNFRSF17	0	0	0	0	0	0	0	0	0	0.780473717199055	0.95143901822111	0.960169549700498	1	0.803632561363503	0.966916603700468	0.976975969205427	1	0.999196021124823	0.999896172540474
ENSFCAG00000040747:BCL2L2	0	0	0	0	0	0	0	0	0	0.778664271364906	0.962671769741182	0.9602469914124	1	0.803632561363503	0.966979025981635	0.976975969205427	1	0.999199165650942	0.999896172540474
ENSFCAG00000001199:PTP4A1	0	0	0	0	0	0	0	0	0	0.784605809398882	0.941079755841582	0.960771833183732	1	0.805229733531653	0.966916603700468	0.976975969205427	1	0.999220312318361	0.999896172540474
ENSFCAG00000027456:RHOA	0	0	0	0	0	0	0	0	0	0.781832513636516	0.953377523958525	0.960777372825063	1	0.803632561363503	0.966916603700468	0.976975969205427	1	0.999220533989556	0.999896172540474
ENSFCAG00000012394:RHOH	0	0	0	0	0	0	0	0	0	0.782154630992986	0.960413895002512	0.961336291829837	1	0.803632561363503	0.966916603700468	0.976975969205427	1	0.999242735228922	0.999896172540474
ENSFCAG00000024009:IGF1	0	0	0	0	0	0	0	0	0	0.787739855123746	0.943145410030547	0.962009823233015	1	0.806235435554902	0.966916603700468	0.976975969205427	1	0.999269057350436	0.999896172540474
ENSFCAG00000027886:CDKN1A	0	0	0	0	0	0	0	0	0	0.785831068069151	0.955467151729611	0.962289215159906	1	0.80556655151381	0.966916603700468	0.976975969205427	1	0.999279837804874	0.999896172540474
ENSFCAG00000013515:IL10	0	0	0	0	0	0	0	0	0	0.789758721531806	0.938992884025883	0.962322154844002	1	0.806235435554902	0.966916603700468	0.976975969205427	1	0.999281103450275	0.999896172540474
ENSFCAG00000045270:CHIC2	0	0	0	0	0	0	0	0	0	0.791596296738358	0.934513041341124	0.962509959234156	1	0.806871140148747	0.966916603700468	0.976975969205427	1	0.999288297941923	0.999896172540474
ENSFCAG00000024623:LMO1	0	0	0	0	0	0	0	0	0	0.790074814352243	0.950204610867391	0.963348254727085	1	0.806235435554902	0.966916603700468	0.976975969205427	1	0.99931996498867	0.999896172540474
ENSFCAG00000033306:CDKN2C	0	0	0	0	0	0	0	0	0	0.7894459719795	0.956054442294379	0.963545097836282	1	0.806235435554902	0.966916603700468	0.976975969205427	1	0.999327295059567	0.999896172540474
ENSFCAG00000042197:CNBP	0	0	0	0	0	0	0	0	0	0.794392952665174	0.939820538684078	0.963920611042325	1	0.808803709176107	0.966916603700468	0.976975969205427	1	0.999341166949634	0.999896172540474
ENSFCAG00000019293:CENPA	0	0	0	0	0	0	0	0	0	0.799367134166156	0.948074701890415	0.966207466698292	1	0.812670121751039	0.966916603700468	0.977204133857293	1	0.999422489943191	0.999896172540474
ENSFCAG00000002084:DDIT3	0	0	0	0	0	0	0	0	0	0.800000431656925	0.958404490668993	0.967128208716285	1	0.812670121751039	0.966916603700468	0.977204133857293	1	0.999453703445694	0.999896172540474
ENSFCAG00000013688:IL2	0	0	0	0	0	0	0	0	0	0.80555023606983	0.953628154795365	0.968547554265343	1	0.81738317739063	0.966916603700468	0.977204133857293	1	0.999500102949047	0.999896172540474
ENSFCAG00000022679:YPEL5	0	0	0	0	0	0	0	0	0	0.807120474457853	0.957537752375029	0.969288520103583	1	0.818052128739449	0.966916603700468	0.977204133857293	1	0.999523499152849	0.999896172540474
ENSFCAG00000023293:MLLT3	0	0	0	0	0	0	0	0	0	0.810297406744947	0.94814959936687	0.969586729695822	1	0.820346190819574	0.966916603700468	0.977204133857293	1	0.999532755324429	0.999896172540474
ENSFCAG00000029629:MTCP1	0	0	0	0	0	0	0	0	0	0.820291145877213	0.955279829869491	0.9730212367826	1	0.82766454943566	0.966916603700468	0.979296119961049	1	0.999632755527036	0.999896172540474
ENSFCAG00000018336:TCL1B	0	0	0	0	0	0	0	0	0	0.821988109830047	0.96069031879024	0.973843468959039	1	0.828445928874727	0.966916603700468	0.979296119961049	1	0.999654895752204	0.999896172540474
ENSFCAG00000032943:CHCHD7	0	0	0	0	0	0	0	0	0	0.832493295957739	0.941463835209386	0.975286340518991	1	0.838093026648038	0.966916603700468	0.979650037792007	1	0.999692070256464	0.999896172540474
ENSFCAG00000044104:HMGA1	0	0	0	0	0	0	0	0	0	0.83977163719072	0.951033961356962	0.977946745699328	1	0.844473606043972	0.966916603700468	0.981224779483795	1	0.999755019426197	0.999896172540474
ENSFCAG00000032392:CKS1B	0	0	0	0	0	0	0	0	0	0.845741925114707	0.949894377868092	0.979340512080978	1	0.849526005316563	0.966916603700468	0.98152654000973	1	0.999785107779808	0.999896172540474
ENSFCAG00000027874:MLLT11	0	0	0	0	0	0	0	0	0	0.851213406219724	0.97823937632353	0.982201212935353	1	0.854066635514315	0.97823937632353	0.983296197565159	1	0.999840653369247	0.999896172540474
ENSFCAG00000042068:PMAIP1	0	0	0	0	0	0	0	0	0	0.868299946459506	0.96934032775389	0.985624414267806	1	0.870238115982853	0.970420974719056	0.985624414267806	1	0.999896172540474	0.999896172540474
