gene_name	n_syn	n_mis	n_non	n_spl	n_ind	wmis_cv	wnon_cv	wspl_cv	wind_cv	pmis_cv	ptrunc_cv	pallsubs_cv	pind_cv	qmis_cv	qtrunc_cv	qallsubs_cv	qind_cv	pglobal_cv	qglobal_cv
ENSFCAG00000000620:FBXW7	0	18	7	0	9	39.9539682551399	131.70903943204	131.70903943204	50.2786885245902	5.07093256274516e-11	1.3056455916427e-10	2.39808173319034e-14	4.25867193993193e-07	3.84376688256083e-08	9.89679358465168e-08	1.81774595375828e-11	0.00032280733304684	0	0
ENSFCAG00000018737:PIK3CA	0	15	0	0	0	24.5512315630001	0	0	0	4.96413690154185e-08	0.699766179284716	1.89269548145354e-07	1	1.88140788568436e-05	0.907538256581933	7.17331587470893e-05	1	3.11917987994015e-06	0.00118216917449732
ENSFCAG00000006820:TRMT5	0	0	0	3	0	0	118.514285053608	118.514285053608	0	0.446372937093856	5.89366837766558e-06	1.74315782925927e-05	1	0.676976246753088	0.00223370031513526	0.00440437878192842	1	0.000208433341265635	0.0526641575597837
ENSFCAG00000009623:TP53	0	0	1	0	3	0	28.2786305952781	28.2786305952781	24.2190214472978	0.371138681935492	0.0292143518016353	0.0622004504638853	0.00209863168019452	0.670860023978978	0.907538256581933	0.952962659573852	0.744834680013068	0.00129803043770771	0.245976767945611
ENSFCAG00000018328:ADGRG2	0	0	2	0	1	0	32.1617640929928	32.1617640929928	4.09969736828035	0.25760248403798	0.00182513384507954	0.00353734396983929	0.186295003159626	0.670860023978978	0.461150484856764	0.670326682284546	1	0.00548595778234029	0.745665293425456
ENSFCAG00000036037:EHF	0	2	1	0	1	8.79393924847303	36.7608613455935	36.7608613455935	13.0526190354595	0.0278285000072621	0.0217800205400831	0.0117502544681962	0.0697462828667166	0.670860023978978	0.907538256581933	0.952962659573852	1	0.00664379575185636	0.745665293425456
ENSFCAG00000045341:EVA1A	0	0	0	1	1	0	88.4244412022831	88.4244412022831	29.7155369530675	0.598976982823687	0.00821077534992531	0.0264703958389728	0.032252224949059	0.749670858398714	0.907538256581933	0.952962659573852	1	0.00688609110023508	0.745665293425456
ENSFCAG00000023993:GAL	0	1	0	0	2	3.53592402033614	0	0	33.5191256830601	0.296123094319248	0.851447047718792	0.569314858880526	0.0039305260159001	0.670860023978978	0.907538256581933	0.952962659573852	0.744834680013068	0.0158928736481602	0.999585556693042
ENSFCAG00000042915:MREG	0	0	0	0	2	0	0	0	38.975727538442	0.584438372599483	0.861929849993609	0.848164422749594	0.00296999658667034	0.73957309921604	0.907538256581933	0.952962659573852	0.744834680013068	0.0175926990870816	0.999585556693042
ENSFCAG00000000093:KMT2D	0	0	0	0	2	0	0	0	1.58288277687288	0.00667089986440939	0.49736878904176	0.0200399454142037	0.289871883748477	0.670860023978978	0.907538256581933	0.952962659573852	1	0.0357158329119929	0.999585556693042
ENSFCAG00000002212:PKD1	0	0	0	0	1	0	0	0	0.97439318846105	0.00393221004237099	0.554626361741487	0.0131415599505945	0.455998080576551	0.670860023978978	0.907538256581933	0.952962659573852	1	0.0366577338283939	0.999585556693042
ENSFCAG00000045633:MACF1	0	0	1	0	0	0	2.32985979784032	2.32985979784032	0	0.00247876693506799	0.458302601495028	0.00780400073176524	1	0.626301778927178	0.907538256581933	0.952962659573852	1	0.0456777431052945	0.999585556693042
ENSFCAG00000013509:FAM83F	0	0	0	0	2	0	0	0	16.2714202344952	0.327729796887958	0.829949821613946	0.605327316952191	0.014290937918485	0.670860023978978	0.907538256581933	0.952962659573852	1	0.0497424969032179	0.999585556693042
ENSFCAG00000022796:PGBD5	0	0	0	0	2	0	0	0	15.5181137421575	0.313564242567012	0.819024250669268	0.58626914572968	0.0154948073767274	0.670860023978978	0.907538256581933	0.952962659573852	1	0.0517906694397162	0.999585556693042
ENSFCAG00000007866:WASF2	0	0	0	0	2	0	0	0	16.7931491398097	0.405664060494641	0.822587620795781	0.69013158008554	0.0135376182118712	0.670860023978978	0.907538256581933	0.952962659573852	1	0.0530028086976438	0.999585556693042
ENSFCAG00000007130:GJC2	0	0	0	0	2	0	0	0	12.8524254919709	0.236375203953536	0.833061640247467	0.485170635395531	0.02124976800611	0.670860023978978	0.907538256581933	0.952962659573852	1	0.0574734663591508	0.999585556693042
ENSFCAG00000029117:EHD2	0	0	0	0	2	0	0	0	12.75461403465	0.272847261219957	0.816709741507594	0.533631981573241	0.0215191662350506	0.670860023978978	0.907538256581933	0.952962659573852	1	0.0627776787838313	0.999585556693042
ENSFCAG00000003365:TTLL10	0	0	0	0	2	0	0	0	10.1083008694391	0.226600686754887	0.769107382025797	0.461109474213409	0.0313155178919106	0.670860023978978	0.907538256581933	0.952962659573852	1	0.0756326553229457	0.999585556693042
ENSFCAG00000011030:PIK3R1	0	0	0	0	2	0	0	0	11.5423986511915	0.332702676404552	0.731031572599522	0.589631202860749	0.0253322067380519	0.670860023978978	0.907538256581933	0.952962659573852	1	0.077729430952543	0.999585556693042
ENSFCAG00000011505:GIT2	0	0	0	0	2	0	0	0	10.6477527582783	0.283195553238039	0.745736705079564	0.533434261341598	0.0288375268175348	0.670860023978978	0.907538256581933	0.952962659573852	1	0.079598900820864	0.999585556693042
ENSFCAG00000009543:TERT	0	0	0	0	2	0	0	0	6.43114460534538	0.105888128229129	0.741937910327207	0.256279642944313	0.0616498178327387	0.670860023978978	0.907538256581933	0.952962659573852	1	0.0813326894694182	0.999585556693042
ENSFCAG00000000185:LRP1	1	0	0	0	0	0	0	0	0	0.00584066799497573	0.429499529792372	0.0163832527960434	1	0.670860023978978	0.907538256581933	0.952962659573852	1	0.0837429251848	0.999585556693042
ENSFCAG00000001949:TNRC18	2	0	0	0	1	0	0	0	1.40836662533866	0.0146869430537421	0.602278353142245	0.0444848866178457	0.378350899634471	0.670860023978978	0.907538256581933	0.952962659573852	1	0.0855773512497574	0.999585556693042
ENSFCAG00000006262:CREBBP	0	0	0	0	2	0	0	0	3.42731346452557	0.0479779016630053	0.624078184849086	0.125497620069506	0.137908368267778	0.670860023978978	0.907538256581933	0.952962659573852	1	0.0875160395391781	0.999585556693042
ENSFCAG00000001662:PFAS	0	0	0	0	2	0	0	0	5.67735868615517	0.10732317607457	0.680385825560953	0.251214811008861	0.0732937542628784	0.670860023978978	0.907538256581933	0.952962659573852	1	0.0919652898414642	0.999585556693042
ENSFCAG00000029191:RPS2	0	3	0	0	0	11.3108061569853	0	0	0	0.00571091578308158	0.862465665667465	0.0212282163856805	1	0.670860023978978	0.907538256581933	0.952962659573852	1	0.103008307105638	0.999585556693042
ENSFCAG00000042038:PARD6B	0	0	1	0	0	0	87.3991527864023	87.3991527864023	0	0.460610355943989	0.00831726537205835	0.0234207501367825	1	0.683253717819068	0.907538256581933	0.952962659573852	1	0.111345358570612	0.999585556693042
ENSFCAG00000025878:HMCN1	1	0	0	0	0	0	0	0	0	0.00889423587189531	0.437954680398104	0.0241664794751704	1	0.670860023978978	0.907538256581933	0.952962659573852	1	0.114133177432911	0.999585556693042
ENSFCAG00000045801:ZBTB7A	0	0	1	0	0	0	51.7812146094281	51.7812146094281	0	0.24442999969044	0.0148626309542579	0.0261535522767469	1	0.670860023978978	0.907538256581933	0.952962659573852	1	0.121451088135124	0.999585556693042
ENSFCAG00000005749:MYO15B	0	0	0	0	1	0	0	0	1.4716862347673	0.0271832264348534	0.559567698048287	0.0735496554040299	0.369256752935007	0.670860023978978	0.907538256581933	0.952962659573852	1	0.125094568116334	0.999585556693042
ENSFCAG00000011685:FASN	0	0	1	0	0	0	8.19816222869288	8.19816222869288	0	0.0295221717623783	0.117391894559768	0.0274788120505871	1	0.670860023978978	0.907538256581933	0.952962659573852	1	0.126247006515072	0.999585556693042
ENSFCAG00000042654:MSRB3	0	0	1	0	0	0	69.2313558399493	69.2313558399493	0	0.429302416406496	0.0107644405039103	0.0283181266806665	1	0.670950993064174	0.907538256581933	0.952962659573852	1	0.129251099205241	0.999585556693042
ENSFCAG00000001331:SLC5A1	2	2	0	0	2	2.04314530073476	0	0	8.38816959035538	0.479955711892808	0.690380859498765	0.699905460999077	0.0417823390125228	0.691893260035906	0.907538256581933	0.952962659573852	1	0.132535067844102	0.999585556693042
ENSFCAG00000004607:HTT	0	0	0	0	1	0	0	0	1.33393527869548	0.0286090871741544	0.534719931041231	0.0751552950572164	0.389653538394777	0.670860023978978	0.907538256581933	0.952962659573852	1	0.132679287840345	0.999585556693042
ENSFCAG00000027926:ZBTB9	0	0	1	0	0	0	62.3070212394648	62.3070212394648	0	0.401911299683063	0.0120993844175925	0.0302147859049882	1	0.670860023978978	0.907538256581933	0.952962659573852	1	0.135949129076292	0.999585556693042
ENSFCAG00000018843:CACNA1H	0	0	0	0	1	0	0	0	1.86965225809126	0.0342507780491417	0.642446047734874	0.0954789531235606	0.321009355222785	0.670860023978978	0.907538256581933	0.952962659573852	1	0.137467743722852	0.999585556693042
ENSFCAG00000031051:RAI1	0	0	1	0	0	0	15.3308963349898	15.3308963349898	0	0.0684909395471103	0.0581213934193227	0.0316028394079729	1	0.670860023978978	0.907538256581933	0.952962659573852	1	0.140775110691092	0.999585556693042
ENSFCAG00000002901:PCLO	1	0	0	0	0	0	0	0	0	0.0121132467837067	0.529762837212717	0.0352767184257694	1	0.670860023978978	0.907538256581933	0.952962659573852	1	0.153260834430302	0.999585556693042
ENSFCAG00000005275:MLN	0	0	0	1	0	0	69.3192190837171	69.3192190837171	0	0.67561553299537	0.0107493161729298	0.035412163914831	1	0.800182146891391	0.907538256581933	0.952962659573852	1	0.153713576521499	0.999585556693042
ENSFCAG00000032495:BLOC1S2	0	0	0	0	1	0	0	0	22.2866527148006	0.593829969719429	0.864900872414866	0.854981917423721	0.042417116322716	0.748956933523007	0.907538256581933	0.952962659573852	1	0.156555335146843	0.999585556693042
ENSFCAG00000000049:SYNE1	0	1	0	0	0	0.182854448255117	0	0	0	0.0185915585835621	0.297251510182181	0.0364065023397616	1	0.670860023978978	0.907538256581933	0.952962659573852	1	0.15702153164156	0.999585556693042
ENSFCAG00000008756:ALMS1	0	0	0	0	1	0	0	0	0.997118208087224	0.031737381484845	0.551872442191454	0.0834673169837226	0.451104083296673	0.670860023978978	0.907538256581933	0.952962659573852	1	0.161128276876114	0.999585556693042
ENSFCAG00000045703:UCMA	0	0	0	0	1	0	0	0	21.1610641938511	0.595430832357907	0.886519682951496	0.859715075347714	0.0445443864912265	0.749280934633176	0.907538256581933	0.952962659573852	1	0.163231552194349	0.999585556693042
ENSFCAG00000045564:RAC3	1	0	0	0	1	0	0	0	20.339275293119	0.55881250973219	0.877854145609956	0.833024236517949	0.0462374208307519	0.724068175003418	0.907538256581933	0.952962659573852	1	0.163953251735048	0.999585556693042
ENSFCAG00000029684:VKORC1	0	0	0	0	1	0	0	0	20.2410179245532	0.551841728150525	0.890359699072191	0.829845919188428	0.0464485044752237	0.721200051617411	0.907538256581933	0.952962659573852	1	0.164045110779507	0.999585556693042
ENSFCAG00000001343:PMVK	0	0	0	0	1	0	0	0	19.7636354263326	0.541571879856967	0.887577837244514	0.821757600213779	0.0475021117052851	0.721200051617411	0.907538256581933	0.952962659573852	1	0.165637800563812	0.999585556693042
ENSFCAG00000015118:PTPRF	0	0	0	0	1	0	0	0	1.95060088937733	0.0484426838880587	0.632280425016065	0.127228416938343	0.312732405146621	0.670860023978978	0.907538256581933	0.952962659573852	1	0.168073515642186	0.999585556693042
ENSFCAG00000023492:REEP6	0	0	0	0	1	0	0	0	18.1380550233009	0.506792945562274	0.85319200458003	0.788626246409595	0.0514785025198934	0.704517639601136	0.907538256581933	0.952962659573852	1	0.170673224241666	0.999585556693042
ENSFCAG00000022048:SPATA4	0	0	1	0	0	0	53.1482608716821	53.1482608716821	0	0.524339939326604	0.01443785098581	0.0409839439183878	1	0.716794488998891	0.907538256581933	0.952962659573852	1	0.171910222492765	0.999585556693042
ENSFCAG00000009725:CRIP3	0	2	0	0	0	13.7277743149068	0	0	0	0.0119284902885752	0.863557318570354	0.0413660876788544	1	0.670860023978978	0.907538256581933	0.952962659573852	1	0.173129233271743	0.999585556693042
ENSFCAG00000018732:SUPT4H1	0	0	0	0	1	0	0	0	17.1716832392726	0.499736561980039	0.869925927826459	0.785719542254196	0.0541745512168353	0.700185423254842	0.907538256581933	0.952962659573852	1	0.176934080801903	0.999585556693042
ENSFCAG00000028936:CCDC120	0	0	1	0	0	0	34.4672160050675	34.4672160050675	0	0.278430959687531	0.0234070146908145	0.0425792616195789	1	0.670860023978978	0.907538256581933	0.952962659573852	1	0.176975930370356	0.999585556693042
ENSFCAG00000040829:KCNK3	2	0	0	0	1	0	0	0	10.4226137074192	0.255953151070842	0.833051470909455	0.516157111495066	0.0854297766450566	0.670860023978978	0.907538256581933	0.952962659573852	1	0.181734107554912	0.999585556693042
ENSFCAG00000031387:BSN	1	0	0	0	0	0	0	0	0	0.0147631946728853	0.599324671303953	0.0445892343962314	1	0.670860023978978	0.907538256581933	0.952962659573852	1	0.183273472772312	0.999585556693042
ENSFCAG00000003849:CHD7	0	0	1	0	0	0	5.57930194535835	5.57930194535835	0	0.0359696415015278	0.180124673737007	0.0451588401666875	1	0.670860023978978	0.907538256581933	0.952962659573852	1	0.185041473603804	0.999585556693042
ENSFCAG00000001757:NDUFV1	0	0	0	1	0	0	38.6358090516883	38.6358090516883	0	0.361487723424774	0.0206023024090034	0.045210706917452	1	0.670860023978978	0.907538256581933	0.952962659573852	1	0.185202104680527	0.999585556693042
ENSFCAG00000002685:ADGRG5	0	0	1	0	0	0	39.2919536180922	39.2919536180922	0	0.388556038554488	0.0202183721417666	0.0465048688896994	1	0.670860023978978	0.907538256581933	0.952962659573852	1	0.189191026910893	0.999585556693042
ENSFCAG00000043727:HAND2	0	0	0	0	1	0	0	0	15.1807634434149	0.478972142322234	0.867372497915511	0.767554854556667	0.0607273318900844	0.691893260035906	0.907538256581933	0.952962659573852	1	0.18951824918273	0.999585556693042
ENSFCAG00000041279:FBXO2	0	0	0	0	1	0	0	0	14.0600359408809	0.449099450018203	0.83906480961736	0.735588373762362	0.0651647424797134	0.679475814598399	0.907538256581933	0.952962659573852	1	0.193555443924247	0.999585556693042
ENSFCAG00000002443:ABHD17A	0	0	0	0	1	0	0	0	13.4723173967283	0.427775713495673	0.864765551419756	0.719693183843017	0.0677614646237353	0.670860023978978	0.907538256581933	0.952962659573852	1	0.196078948621128	0.999585556693042
ENSFCAG00000044734:EN2	0	0	0	0	1	0	0	0	12.3961263620784	0.382969356677103	0.882540149894623	0.676049323499036	0.0730955062140465	0.670860023978978	0.907538256581933	0.952962659573852	1	0.198034185946868	0.999585556693042
ENSFCAG00000009177:NR1H2	0	0	0	1	0	0	34.0035892222577	34.0035892222577	0	0.368774247165347	0.0237643450525081	0.0518308327867325	1	0.670860023978978	0.907538256581933	0.952962659573852	1	0.205238180851578	0.999585556693042
ENSFCAG00000019404:SEMA6B	0	0	0	0	1	0	0	0	3.23044773352545	0.0938282837219762	0.744426694701805	0.232967916711855	0.222576153091607	0.670860023978978	0.907538256581933	0.952962659573852	1	0.20530408987757	0.999585556693042
ENSFCAG00000000845:CTSZ	0	0	0	0	1	0	0	0	11.5423986511915	0.385839911576124	0.844264674868511	0.673477491691256	0.0779645877096774	0.670860023978978	0.907538256581933	0.952962659573852	1	0.207236252774681	0.999585556693042
ENSFCAG00000005435:CCDC97	0	0	0	0	1	0	0	0	12.2154248116108	0.423915275536154	0.841566024258823	0.711986791645027	0.0740746447078887	0.670860023978978	0.907538256581933	0.952962659573852	1	0.207921675278552	0.999585556693042
ENSFCAG00000002387:CALHM1	0	0	0	0	1	0	0	0	12.1095107236489	0.417607620409909	0.885720001262436	0.71259149117987	0.0746608440988026	0.670860023978978	0.907538256581933	0.952962659573852	1	0.209280542935731	0.999585556693042
ENSFCAG00000042789:NKX2-3	0	0	0	0	1	0	0	0	11.3547173723103	0.382957616393957	0.864537889909333	0.673582176168306	0.0791233430672637	0.670860023978978	0.907538256581933	0.952962659573852	1	0.209554438306016	0.999585556693042
ENSFCAG00000036087:LMO2	0	1	0	0	1	2.5524237442271	0	0	11.8693787829533	0.41738877570848	0.83776463025788	0.704836165105063	0.0760249150023572	0.670860023978978	0.907538256581933	0.952962659573852	1	0.210401078287365	0.999585556693042
ENSFCAG00000034643:TRIB3	0	0	0	0	1	0	0	0	11.703605336264	0.411508352080953	0.836064947064963	0.698633331749926	0.0769960702395738	0.670860023978978	0.907538256581933	0.952962659573852	1	0.211006202644475	0.999585556693042
ENSFCAG00000010410:ZAP70	0	0	1	0	0	0	28.0511271832309	28.0511271832309	0	0.293507377132851	0.0294801045121394	0.0538577212199316	1	0.670860023978978	0.907538256581933	0.952962659573852	1	0.211198179737969	0.999585556693042
ENSFCAG00000005163:KRTCAP3	0	0	0	0	1	0	0	0	12.5822543855331	0.453844320819802	0.887221660574552	0.747834888685371	0.0721136830788065	0.682496748051248	0.907538256581933	0.952962659573852	1	0.211406741328813	0.999585556693042
ENSFCAG00000046488:POU4F1	0	0	0	0	1	0	0	0	9.92865097247041	0.320906965808709	0.886556414920018	0.604835005320184	0.0891978349323287	0.670860023978978	0.907538256581933	0.952962659573852	1	0.211467605902081	0.999585556693042
ENSFCAG00000013350:KIF7	0	0	0	0	1	0	0	0	2.92385953271634	0.0947413282276498	0.688586146974911	0.228489645928585	0.239030108747118	0.670860023978978	0.907538256581933	0.952962659573852	1	0.213407832976365	0.999585556693042
ENSFCAG00000000059:DISP3	0	0	1	0	0	0	14.874222104573	14.874222104573	0	0.13361491809713	0.0601327265348961	0.0554730991506235	1	0.670860023978978	0.907538256581933	0.952962659573852	1	0.215893373441667	0.999585556693042
ENSFCAG00000044981:CXXC4	0	0	0	0	1	0	0	0	11.2029163379212	0.405465795358865	0.877757339064207	0.699172770307633	0.0800860979791604	0.670860023978978	0.907538256581933	0.952962659573852	1	0.217397360929719	0.999585556693042
ENSFCAG00000038026:NKX2-1	0	0	0	0	1	0	0	0	10.4747267759563	0.371118819306452	0.868324831445832	0.661199246507144	0.0850507484259813	0.670860023978978	0.907538256581933	0.952962659573852	1	0.218092885944769	0.999585556693042
ENSFCAG00000003366:TNFRSF4	0	0	0	0	1	0	0	0	11.9370105708904	0.459699577609284	0.878631653112087	0.752035094737632	0.0756357117339587	0.683253717819068	0.907538256581933	0.952962659573852	1	0.219946272147499	0.999585556693042
ENSFCAG00000029003:GRM7	0	0	1	0	0	0	23.5948306638598	23.5948306638598	0	0.250815511775089	0.0357955177028341	0.0571093407037009	1	0.670860023978978	0.907538256581933	0.952962659573852	1	0.220601252583041	0.999585556693042
ENSFCAG00000043212:B3GNT3	0	0	0	0	1	0	0	0	11.1137684625531	0.414465466426334	0.878787277300871	0.708499008814653	0.080662501683103	0.670860023978978	0.907538256581933	0.952962659573852	1	0.220715640713587	0.999585556693042
ENSFCAG00000023662:HCN2	0	0	0	0	1	0	0	0	4.67621731069477	0.14814540812939	0.802041671014196	0.340599288988284	0.168148291446374	0.670860023978978	0.907538256581933	0.952962659573852	1	0.221064359356105	0.999585556693042
ENSFCAG00000006459:DMRT1	0	0	0	0	1	0	0	0	11.0551206078694	0.417138086808951	0.852211073264348	0.707133713927007	0.0810462518137202	0.670860023978978	0.907538256581933	0.952962659573852	1	0.221176880979788	0.999585556693042
ENSFCAG00000010132:PCDH8	0	0	0	0	1	0	0	0	3.94157169368063	0.126347438420549	0.777501082453797	0.298694581631662	0.191982009510774	0.670860023978978	0.907538256581933	0.952962659573852	1	0.221272510873708	0.999585556693042
ENSFCAG00000028599:LRPAP1	0	0	0	0	1	0	0	0	10.023661986561	0.374102020013304	0.82002895427733	0.65647100493227	0.0884474391470683	0.670860023978978	0.907538256581933	0.952962659573852	1	0.223323968254959	0.999585556693042
ENSFCAG00000027746:SLC16A8	0	0	0	0	1	0	0	0	8.36305531014474	0.289426472996224	0.851440185676218	0.560637491328427	0.103697808078831	0.670860023978978	0.907538256581933	0.952962659573852	1	0.223533687372327	0.999585556693042
ENSFCAG00000033020:AMH	0	0	0	0	1	0	0	0	5.23082485690701	0.17380465477137	0.784523613562179	0.382016963902651	0.153753782951499	0.670860023978978	0.907538256581933	0.952962659573852	1	0.225236651818798	0.999585556693042
ENSFCAG00000007939:HOXA2	0	0	0	0	1	0	0	0	11.1137684625531	0.45338027109123	0.856835403635203	0.742771756729458	0.080662501683103	0.682496748051248	0.907538256581933	0.952962659573852	1	0.228562144085291	0.999585556693042
ENSFCAG00000031690:TIAL1	0	0	1	0	0	0	34.4886697234994	34.4886697234994	0	0.493245838990757	0.0233907273128817	0.0605464236894995	1	0.696239005502782	0.907538256581933	0.952962659573852	1	0.23033947663152	0.999585556693042
ENSFCAG00000026946:MPG	0	0	0	0	1	0	0	0	8.55079736812758	0.327648299187592	0.80890115398269	0.601499618438873	0.101714629862598	0.670860023978978	0.907538256581933	0.952962659573852	1	0.232116602625023	0.999585556693042
ENSFCAG00000031057:FBXO42	0	0	1	0	0	0	26.825732402906	26.825732402906	0	0.333784244152358	0.0309942976769799	0.0611931943017906	1	0.670860023978978	0.907538256581933	0.952962659573852	1	0.232149802243191	0.999585556693042
ENSFCAG00000045638:PTGDR2	1	0	0	0	1	0	0	0	7.48194769711163	0.268302235804175	0.893100583292041	0.537013266955461	0.114144657067907	0.670860023978978	0.907538256581933	0.952962659573852	1	0.232440263225531	0.999585556693042
ENSFCAG00000026011:FBXL14	0	0	0	0	1	0	0	0	9.76664501254665	0.387434550724124	0.870082737533692	0.679183391738678	0.0905071883319612	0.670860023978978	0.907538256581933	0.952962659573852	1	0.232925225582843	0.999585556693042
ENSFCAG00000038521:DLK1	0	0	0	0	1	0	0	0	9.60984107885898	0.387919990933664	0.836067225070438	0.674262829467331	0.0918116805369138	0.670860023978978	0.907538256581933	0.952962659573852	1	0.234134829779354	0.999585556693042
ENSFCAG00000007648:SLC51A	0	0	0	0	1	0	0	0	11.479152631185	0.511882226840188	0.847885002304818	0.791753017039418	0.0783512587106508	0.708027110663742	0.907538256581933	0.952962659573852	1	0.234495377684204	0.999585556693042
ENSFCAG00000011632:LRRC47	0	0	0	0	1	0	0	0	7.13780359520019	0.266320392015323	0.81899525727824	0.525195785629216	0.118821309154929	0.670860023978978	0.907538256581933	0.952962659573852	1	0.235521803462037	0.999585556693042
ENSFCAG00000040498:YY1	0	0	0	0	1	0	0	0	8.69271931614629	0.347750590551642	0.819696262695232	0.62700451562548	0.100265165168895	0.670860023978978	0.907538256581933	0.952962659573852	1	0.236802461092826	0.999585556693042
ENSFCAG00000029656:BTBD6	0	0	0	0	1	0	0	0	8.55079736812758	0.338712907087478	0.845565057210329	0.620879614503747	0.101714629862598	0.670860023978978	0.907538256581933	0.952962659573852	1	0.237592626003915	0.999585556693042
ENSFCAG00000011140:ADCY1	0	0	0	0	1	0	0	0	3.64655414306572	0.135713788014544	0.737670201255027	0.31066468377141	0.203583738725382	0.670860023978978	0.907538256581933	0.952962659573852	1	0.237851478769162	0.999585556693042
ENSFCAG00000018089:WSCD1	0	0	0	0	1	0	0	0	5.31712019084075	0.198095623984876	0.766592492390568	0.418016207860378	0.151733519773045	0.670860023978978	0.907538256581933	0.952962659573852	1	0.238350338533957	0.999585556693042
ENSFCAG00000013890:TRPS1	0	0	1	0	0	0	18.1771113887695	18.1771113887695	0	0.205341008448799	0.0479894633144198	0.0634715056482912	1	0.670860023978978	0.907538256581933	0.952962659573852	1	0.238472868979309	0.999585556693042
ENSFCAG00000014104:MAP3K1	0	0	0	1	0	0	14.360380461362	14.360380461362	0	0.154654706228264	0.0625586633234034	0.0641216300507494	1	0.670860023978978	0.907538256581933	0.952962659573852	1	0.240262050480539	0.999585556693042
ENSFCAG00000043567:ZFP36L2	1	0	0	0	1	0	0	0	5.93468939147665	0.223547245178654	0.804454804006251	0.462376330732748	0.138696284402998	0.670860023978978	0.907538256581933	0.952962659573852	1	0.240284709783431	0.999585556693042
ENSFCAG00000005082:P2RX3	0	0	0	0	1	0	0	0	8.80229140836662	0.366554630633136	0.828622432269478	0.649803703083591	0.0991740857211862	0.670860023978978	0.907538256581933	0.952962659573852	1	0.241145928122638	0.999585556693042
ENSFCAG00000037370:NTN1	1	0	0	0	1	0	0	0	5.851802668132	0.220764999915701	0.811891149287608	0.459316984999279	0.140313970796038	0.670860023978978	0.907538256581933	0.952962659573852	1	0.241159368678629	0.999585556693042
ENSFCAG00000029202:NKD2	0	0	0	0	1	0	0	0	8.56828366131393	0.352236673901261	0.842895639576662	0.636143365228174	0.101533777310627	0.670860023978978	0.907538256581933	0.952962659573852	1	0.241547050155402	0.999585556693042
ENSFCAG00000005923:CTU2	0	0	0	0	1	0	0	0	6.39677971050765	0.251579089306936	0.76613724422154	0.495846225838155	0.130321812609575	0.670860023978978	0.907538256581933	0.952962659573852	1	0.241627974388868	0.999585556693042
ENSFCAG00000006179:TPH2	0	0	0	1	0	0	29.8197849320019	29.8197849320019	0	0.432053285958121	0.0275275709167768	0.0647413171012313	1	0.671502939365271	0.907538256581933	0.952962659573852	1	0.241961329601479	0.999585556693042
ENSFCAG00000040404:ADGRA1	0	0	0	0	1	0	0	0	6.04601834110031	0.231227594384587	0.810225502715357	0.474506729043223	0.136581467759277	0.670860023978978	0.907538256581933	0.952962659573852	1	0.242146088955409	0.999585556693042
ENSFCAG00000029830:FCRLB	0	0	0	0	1	0	0	0	6.29112719276654	0.242419418150392	0.819101686759081	0.49194583408776	0.132145880344561	0.670860023978978	0.907538256581933	0.952962659573852	1	0.242692468879906	0.999585556693042
ENSFCAG00000001701:PHAX	0	0	0	0	1	0	0	0	10.023661986561	0.455149468562593	0.811199601376825	0.735334535535613	0.0884474391470683	0.682496748051248	0.907538256581933	0.952962659573852	1	0.242774025214519	0.999585556693042
ENSFCAG00000029571:LCLAT1	0	0	0	0	1	0	0	0	10.3967511423884	0.472890289016482	0.855308951597255	0.76015515708437	0.085619138398199	0.689313099195929	0.907538256581933	0.952962659573852	1	0.242898003699697	0.999585556693042
ENSFCAG00000024020:MEF2D	0	0	0	0	1	0	0	0	8.05748213535099	0.332542728528194	0.814911883301359	0.608422756364825	0.107096756176628	0.670860023978978	0.907538256581933	0.952962659573852	1	0.243106345607165	0.999585556693042
ENSFCAG00000014304:ASMTL	0	0	0	0	1	0	0	0	6.85743160455403	0.276514120457923	0.772291586569869	0.530496641936194	0.1229250855363	0.670860023978978	0.907538256581933	0.952962659573852	1	0.243246261270993	0.999585556693042
ENSFCAG00000013129:CNTNAP1	0	0	0	0	1	0	0	0	3.03175883529849	0.126533802846363	0.652649524391619	0.281239358106847	0.232966240604842	0.670860023978978	0.907538256581933	0.952962659573852	1	0.244086224199975	0.999585556693042
ENSFCAG00000000692:PLAAT1	0	2	0	0	0	10.5112937288715	0	0	0	0.0199792189458872	0.881528783741642	0.0655771389193289	1	0.670860023978978	0.907538256581933	0.952962659573852	1	0.24424389897378	0.999585556693042
ENSFCAG00000007233:KDM4B	0	0	0	0	1	0	0	0	3.72434729811779	0.151291809051122	0.682968420763259	0.32857488202947	0.200389541832165	0.670860023978978	0.907538256581933	0.952962659573852	1	0.244967625340689	0.999585556693042
ENSFCAG00000004565:ANKS3	0	0	1	0	0	0	23.006760950313	23.006760950313	0	0.302855617286388	0.0368245604379305	0.066533980591017	1	0.670860023978978	0.907538256581933	0.952962659573852	1	0.246843894056653	0.999585556693042
ENSFCAG00000025180:SRF	0	0	0	0	1	0	0	0	8.16742828534603	0.346664709961834	0.855231604732593	0.631626044207125	0.105848398492623	0.670860023978978	0.907538256581933	0.952962659573852	1	0.247717439574419	0.999585556693042
ENSFCAG00000022981:CSRNP1	0	0	0	0	1	0	0	0	7.28676645283915	0.303669869874484	0.833241294313516	0.5762757137971	0.116750704545891	0.670860023978978	0.907538256581933	0.952962659573852	1	0.248863078929539	0.999585556693042
ENSFCAG00000031468:ZCCHC14	0	0	0	0	1	0	0	0	3.73098015172085	0.148431156370588	0.765804095879818	0.336716946923415	0.200121860033584	0.670860023978978	0.907538256581933	0.952962659573852	1	0.24914321346489	0.999585556693042
ENSFCAG00000008726:WHAMM	0	0	0	0	1	0	0	0	5.61647548308648	0.23217351190533	0.759458984829935	0.467374409644426	0.145120226717327	0.670860023978978	0.907538256581933	0.952962659573852	1	0.2503314586891	0.999585556693042
ENSFCAG00000008529:CFAP45	0	0	0	0	1	0	0	0	6.69311615077079	0.283988264300119	0.783721060814662	0.542471385556574	0.12546494811924	0.670860023978978	0.907538256581933	0.952962659573852	1	0.25096517840555	0.999585556693042
ENSFCAG00000015664:TINAGL1	0	0	0	0	1	0	0	0	5.54218347934195	0.235059381263035	0.744938547456824	0.468645949299309	0.146706912593024	0.670860023978978	0.907538256581933	0.952962659573852	1	0.252822538760136	0.999585556693042
ENSFCAG00000040621:TRIM26	0	0	0	0	1	0	0	0	7.75905687107873	0.34895219291496	0.802470030274093	0.625052364350623	0.110638777712603	0.670860023978978	0.907538256581933	0.952962659573852	1	0.25389608609717	0.999585556693042
ENSFCAG00000013910:IQSEC1	0	0	0	0	1	0	0	0	3.96019915915171	0.165790326707994	0.735897534690937	0.361611971506701	0.191293979437377	0.670860023978978	0.907538256581933	0.952962659573852	1	0.253947276751459	0.999585556693042
ENSFCAG00000002239:TNFAIP2	0	0	0	0	1	0	0	0	5.21779665053862	0.219959376238379	0.774253219761503	0.452281807121772	0.154063488318973	0.670860023978978	0.907538256581933	0.952962659573852	1	0.255296807597803	0.999585556693042
ENSFCAG00000001332:COL9A3	0	0	0	0	1	0	0	0	6.14353476595676	0.278096276280437	0.707713129091993	0.517642286856955	0.134781473645008	0.670860023978978	0.907538256581933	0.952962659573852	1	0.255532440942223	0.999585556693042
ENSFCAG00000005552:KAT6B	0	0	0	1	0	0	9.64628728107377	9.64628728107377	0	0.108951500662619	0.097835383764696	0.0703043134647439	1	0.670860023978978	0.907538256581933	0.952962659573852	1	0.256956790700943	0.999585556693042
ENSFCAG00000038995:KAZN	0	0	0	0	1	0	0	0	4.84380428945955	0.211187858803116	0.739591878488293	0.433061668434209	0.163521105306719	0.670860023978978	0.907538256581933	0.952962659573852	1	0.258310039123376	0.999585556693042
ENSFCAG00000003983:ACOT11	0	0	0	0	1	0	0	0	6.99480919930303	0.319483569314027	0.785410190772196	0.587078517045768	0.120879395594303	0.670860023978978	0.907538256581933	0.952962659573852	1	0.258709609394703	0.999585556693042
ENSFCAG00000006843:PCOLCE	0	0	0	0	1	0	0	0	7.48194769711163	0.344206313410309	0.815354849641064	0.622122923959595	0.114144657067907	0.670860023978978	0.907538256581933	0.952962659573852	1	0.258832114083862	0.999585556693042
ENSFCAG00000021978:GPAA1	0	0	0	0	1	0	0	0	5.52756030393471	0.239432027409414	0.790534341191123	0.483239161092461	0.147023335824362	0.670860023978978	0.907538256581933	0.952962659573852	1	0.25892580278764	0.999585556693042
ENSFCAG00000004332:MTM1	0	0	1	0	0	0	24.7117300474279	24.7117300474279	0	0.374916669152506	0.0339843869262171	0.0712616828849377	1	0.670860023978978	0.907538256581933	0.952962659573852	1	0.259492042852266	0.999585556693042
ENSFCAG00000009523:MMEL1	1	0	0	0	1	0	0	0	5.11586167323872	0.237531009863221	0.683329546035446	0.458041865883895	0.15653061286245	0.670860023978978	0.907538256581933	0.952962659573852	1	0.260642073663332	0.999585556693042
ENSFCAG00000027703:RPAP2	0	0	0	1	0	0	25.907548756707	25.907548756707	0	0.409637889993694	0.0322291477993683	0.0718583193549565	1	0.670860023978978	0.907538256581933	0.952962659573852	1	0.261065505618034	0.999585556693042
ENSFCAG00000007932:ATP2A3	0	0	1	0	0	0	16.1081341240362	16.1081341240362	0	0.208875676761318	0.0549761366497913	0.0720060018156232	1	0.670860023978978	0.907538256581933	0.952962659573852	1	0.26145421057944	0.999585556693042
ENSFCAG00000000657:PLEKHG5	0	0	0	0	1	0	0	0	3.69805005329436	0.166524593983977	0.709103552352111	0.358235570533965	0.201457954721257	0.670860023978978	0.907538256581933	0.952962659573852	1	0.26188394095604	0.999585556693042
ENSFCAG00000004079:JAKMIP1	0	0	0	0	1	0	0	0	5.33744039539174	0.248849037603235	0.708473046101076	0.479610813083118	0.151265530087452	0.670860023978978	0.907538256581933	0.952962659573852	1	0.262879708005742	0.999585556693042
ENSFCAG00000002995:TCIRG1	0	0	0	0	1	0	0	0	4.38732011558378	0.197877642048736	0.732397428406239	0.411705981346111	0.176774659413916	0.670860023978978	0.907538256581933	0.952962659573852	1	0.263484322710067	0.999585556693042
ENSFCAG00000002019:KRT10	0	0	0	0	1	0	0	0	7.65976363872489	0.37180815412168	0.809724031139785	0.651945539429516	0.111869916103041	0.670860023978978	0.907538256581933	0.952962659573852	1	0.263887449554246	0.999585556693042
ENSFCAG00000000304:TNS2	0	0	0	0	1	0	0	0	2.97155369530675	0.138939754062835	0.691830926403345	0.309317667185149	0.236310837534968	0.670860023978978	0.907538256581933	0.952962659573852	1	0.264311483541396	0.999585556693042
ENSFCAG00000044594:JMJD1C	0	0	0	0	1	0	0	0	1.66795012355992	0.091955689461369	0.61913755608912	0.213644784602232	0.343728364989707	0.670860023978978	0.907538256581933	0.952962659573852	1	0.265201843623531	0.999585556693042
ENSFCAG00000028489:ESRRG	0	0	0	0	1	0	0	0	8.26408424138563	0.415006543124694	0.835258781271924	0.701994149316607	0.104774774899571	0.670860023978978	0.907538256581933	0.952962659573852	1	0.265503379984835	0.999585556693042
ENSFCAG00000025380:MCRS1	0	0	0	0	1	0	0	0	7.73042566491239	0.380531910555784	0.817151952664046	0.662840856451245	0.110990982182344	0.670860023978978	0.907538256581933	0.952962659573852	1	0.265550559089235	0.999585556693042
ENSFCAG00000011235:VASN	0	0	0	0	1	0	0	0	6.04601834110031	0.273660950162605	0.849351263303317	0.53945726770865	0.136581467759277	0.670860023978978	0.907538256581933	0.952962659573852	1	0.265838849001091	0.999585556693042
ENSFCAG00000010653:IFT140	0	0	1	0	0	0	9.60851784841596	9.60851784841596	0	0.115166682757255	0.098266887374067	0.0737075863381698	1	0.670860023978978	0.907538256581933	0.952962659573852	1	0.265911140662027	0.999585556693042
ENSFCAG00000005173:SCNN1B	0	0	0	0	1	0	0	0	5.48415014447973	0.257612600396996	0.765980786078977	0.504057732907427	0.14797078611109	0.670860023978978	0.907538256581933	0.952962659573852	1	0.26819605217085	0.999585556693042
ENSFCAG00000025355:KCNN2	0	0	0	0	1	0	0	0	4.90619521122074	0.224765670105071	0.794754505749846	0.462699348523227	0.161863124077044	0.670860023978978	0.907538256581933	0.952962659573852	1	0.268995295819504	0.999585556693042
ENSFCAG00000003602:EOMES	0	0	0	0	1	0	0	0	5.86819427224442	0.277961139892242	0.786257518499218	0.535109788272753	0.139991062781901	0.670860023978978	0.907538256581933	0.952962659573852	1	0.269038383032821	0.999585556693042
ENSFCAG00000026653:MATK	0	0	0	0	1	0	0	0	4.99391026267284	0.234003681515094	0.760942164407204	0.470263797652034	0.159588474683728	0.670860023978978	0.907538256581933	0.952962659573852	1	0.269396121428986	0.999585556693042
ENSFCAG00000028208:RBM15	0	0	0	0	1	0	0	0	4.31502647825182	0.202348007130554	0.753286020176786	0.422287848935782	0.17907433786474	0.670860023978978	0.907538256581933	0.952962659573852	1	0.270875814972974	0.999585556693042
ENSFCAG00000011410:CYP2W1	0	0	0	0	1	0	0	0	4.43374678347356	0.203281881636839	0.802119518380535	0.431399737814433	0.175328867072869	0.670860023978978	0.907538256581933	0.952962659573852	1	0.270916894178826	0.999585556693042
ENSFCAG00000013786:EIF2D	0	0	0	0	1	0	0	0	7.48194769711163	0.384747180196805	0.798337020740834	0.66339849094946	0.114144657067907	0.670860023978978	0.907538256581933	0.952962659573852	1	0.271140341699059	0.999585556693042
ENSFCAG00000000545:CRB1	0	0	1	0	0	0	14.7947643726263	14.7947643726263	0	0.200839528981673	0.0604961675851565	0.0757744349833561	1	0.670860023978978	0.907538256581933	0.952962659573852	1	0.271272046278679	0.999585556693042
ENSFCAG00000008340:CAND2	0	0	0	0	1	0	0	0	3.38713881195029	0.161091052761081	0.738837851662618	0.354320834640496	0.215019072239319	0.670860023978978	0.907538256581933	0.952962659573852	1	0.272332089246367	0.999585556693042
ENSFCAG00000002416:RASEF	0	0	0	0	1	0	0	0	5.67735868615517	0.284055834983566	0.747575032315597	0.534950447874674	0.14384536588875	0.670860023978978	0.907538256581933	0.952962659573852	1	0.27429629176753	0.999585556693042
ENSFCAG00000003901:DAB1	0	0	0	0	1	0	0	0	7.11356657110783	0.370618441031084	0.787886789119775	0.645977604064554	0.1191651895726	0.670860023978978	0.907538256581933	0.952962659573852	1	0.274367840882637	0.999585556693042
ENSFCAG00000014241:ATP11A	0	0	0	0	1	0	0	0	3.52981525727255	0.176777063964829	0.688353527544457	0.370577347603497	0.208574310677704	0.670860023978978	0.907538256581933	0.952962659573852	1	0.275174601501426	0.999585556693042
ENSFCAG00000001908:ASXL1	0	0	0	0	1	0	0	0	2.71014923051909	0.135896548292327	0.710557447487645	0.307042277576069	0.252034844230182	0.670860023978978	0.907538256581933	0.952962659573852	1	0.275411201085831	0.999585556693042
ENSFCAG00000009039:VIPR2	0	0	0	0	1	0	0	0	6.22569199165307	0.314844293809536	0.789971137714981	0.5824028685734	0.133301506285413	0.670860023978978	0.907538256581933	0.952962659573852	1	0.276050095109236	0.999585556693042
ENSFCAG00000002759:ANKRD13B	0	0	0	0	1	0	0	0	6.30058753440979	0.319020352012984	0.793816651514184	0.588232378637265	0.131980465160451	0.670860023978978	0.907538256581933	0.952962659573852	1	0.276050103566687	0.999585556693042
ENSFCAG00000015645:PGAP6	0	0	0	0	1	0	0	0	4.89473213829733	0.23667130073319	0.789351569254554	0.479102170828881	0.162165207848833	0.670860023978978	0.907538256581933	0.952962659573852	1	0.276199643507839	0.999585556693042
ENSFCAG00000005190:ULK2	0	0	0	1	0	0	16.0337588336099	16.0337588336099	0	0.231915868775818	0.0552630987266761	0.0779567512549542	1	0.670860023978978	0.907538256581933	0.952962659573852	1	0.276871281728897	0.999585556693042
ENSFCAG00000012241:PPP2R5B	0	0	0	0	1	0	0	0	6.90262061018536	0.367286245745733	0.794467483894877	0.643813365189049	0.122244558834164	0.670860023978978	0.907538256581933	0.952962659573852	1	0.278771038970244	0.999585556693042
ENSFCAG00000046674:SPTA1	0	0	1	0	0	0	5.49110925130488	5.49110925130488	0	0.0687965781717246	0.183321980948404	0.0787880503896746	1	0.670860023978978	0.907538256581933	0.952962659573852	1	0.278988008849659	0.999585556693042
ENSFCAG00000001461:APPL2	0	0	0	0	1	0	0	0	6.31959383164783	0.336744976959586	0.754195026546951	0.600248275269533	0.131649389820521	0.670860023978978	0.907538256581933	0.952962659573852	1	0.279582936482655	0.999585556693042
ENSFCAG00000003079:IL9R	0	0	0	0	1	0	0	0	6.98315118397086	0.375366684073664	0.797678635868781	0.6532672690226	0.121050341567069	0.670860023978978	0.907538256581933	0.952962659573852	1	0.279724809740714	0.999585556693042
ENSFCAG00000004408:POU6F1	0	0	0	0	1	0	0	0	6.01995791721625	0.3059095006049	0.825960662934551	0.577930402869991	0.137070694994357	0.670860023978978	0.907538256581933	0.952962659573852	1	0.280077618046855	0.999585556693042
ENSFCAG00000006149:KPTN	0	1	0	0	1	2.18528241130936	0	0	8.2478163590207	0.489010094260416	0.773404497728261	0.755177770136379	0.104953943880816	0.695440246621754	0.907538256581933	0.952962659573852	1	0.280182993467143	0.999585556693042
ENSFCAG00000004474:GFPT2	0	0	0	1	0	0	19.6437686451348	19.6437686451348	0	0.317238568330175	0.0439798872032359	0.0797534263299393	1	0.670860023978978	0.907538256581933	0.952962659573852	1	0.281435132981162	0.999585556693042
ENSFCAG00000011210:TRERF1	0	0	0	0	1	0	0	0	3.52684403230851	0.180183322848536	0.722818303113766	0.382525538706702	0.208704549983365	0.670860023978978	0.907538256581933	0.952962659573852	1	0.281640922085798	0.999585556693042
ENSFCAG00000012756:TMEM8B	0	0	0	0	1	0	0	0	4.07180827053694	0.206314990678351	0.764517853241192	0.43023875718482	0.187273287776988	0.670860023978978	0.907538256581933	0.952962659573852	1	0.283501538968377	0.999585556693042
ENSFCAG00000022760:HCN1	0	0	0	0	1	0	0	0	4.74506309216593	0.24758841725084	0.770173153623038	0.491100982120005	0.166215942370703	0.670860023978978	0.907538256581933	0.952962659573852	1	0.286155760001255	0.999585556693042
ENSFCAG00000032015:CALD1	0	0	0	0	1	0	0	0	5.03592633459437	0.270465493496038	0.753970910971065	0.518764884196378	0.158521490578413	0.670860023978978	0.907538256581933	0.952962659573852	1	0.287673317708505	0.999585556693042
ENSFCAG00000040385:SLITRK4	0	0	0	0	1	0	0	0	5.1472858849908	0.279552833389247	0.777264589669229	0.535452363960954	0.155761638531835	0.670860023978978	0.907538256581933	0.952962659573852	1	0.290581818443287	0.999585556693042
ENSFCAG00000004458:KAT2B	0	0	0	0	1	0	0	0	5.01783318608684	0.280139584413373	0.744648052568014	0.529274563891888	0.158979198623724	0.670860023978978	0.907538256581933	0.952962659573852	1	0.292418511932222	0.999585556693042
ENSFCAG00000003298:HMGXB4	0	1	0	0	1	2.54058446922697	0	0	6.95995134615035	0.41939541265938	0.809822822673484	0.701200301436875	0.121391975534557	0.670860023978978	0.907538256581933	0.952962659573852	1	0.294829791058847	0.999585556693042
ENSFCAG00000005966:WNK3	0	0	1	0	0	0	10.6814882937007	10.6814882937007	0	0.158643744290792	0.0872569964091149	0.0858043680884116	1	0.670860023978978	0.907538256581933	0.952962659573852	1	0.296512898941455	0.999585556693042
ENSFCAG00000000943:SLC26A11	0	0	0	0	1	0	0	0	3.3200401825535	0.179314229757045	0.803732628747052	0.393556676691308	0.218190878224182	0.670860023978978	0.907538256581933	0.952962659573852	1	0.296675215966775	0.999585556693042
ENSFCAG00000044315:ADGRF2	0	0	0	0	1	0	0	0	6.26291586006355	0.367825481155622	0.815400912138869	0.648721633203099	0.132641636732786	0.670860023978978	0.907538256581933	0.952962659573852	1	0.297109608345735	0.999585556693042
ENSFCAG00000009274:PLEKHG4	0	0	0	0	1	0	0	0	3.48866836834514	0.199930685243168	0.710596660319631	0.410540292713344	0.210392627646285	0.670860023978978	0.907538256581933	0.952962659573852	1	0.297911443234863	0.999585556693042
ENSFCAG00000003462:FBXO34	0	0	0	0	1	0	0	0	5.47698132076146	0.318032452257749	0.806342380984042	0.589453749025303	0.148128429777206	0.670860023978978	0.907538256581933	0.952962659573852	1	0.30020896966005	0.999585556693042
ENSFCAG00000004356:ZNF638	0	0	0	0	1	0	0	0	2.12253835379053	0.135509128297162	0.654117699858002	0.296861870512381	0.296520233767429	0.670860023978978	0.907538256581933	0.952962659573852	1	0.301938921375078	0.999585556693042
ENSFCAG00000002761:SSH2	0	0	0	1	0	0	11.7971332465569	11.7971332465569	0	0.186677227848775	0.0780404489368893	0.0885270559797287	1	0.670860023978978	0.907538256581933	0.952962659573852	1	0.303156216261999	0.999585556693042
ENSFCAG00000010165:SPEN	0	1	0	0	2	0.370321153119877	0	0	2.2777334658236	0.234402049609369	0.570159395388053	0.419713848983293	0.211324839794791	0.670860023978978	0.907538256581933	0.952962659573852	1	0.303565558683305	0.999585556693042
ENSFCAG00000001645:G2E3	0	0	1	0	0	0	19.6024575415504	19.6024575415504	0	0.381782886978462	0.0440840961925806	0.0898920731107601	1	0.670860023978978	0.907538256581933	0.952962659573852	1	0.306455157961488	0.999585556693042
ENSFCAG00000026890:ASPM	1	0	0	0	0	0	0	0	0	0.0354007790327747	0.532150638260996	0.0899941084588962	1	0.670860023978978	0.907538256581933	0.952962659573852	1	0.306700918075301	0.999585556693042
ENSFCAG00000024008:EPHA3	1	0	0	0	1	0	0	0	4.2536961526726	0.266530277547443	0.714553221110028	0.504521649075215	0.181072969425723	0.670860023978978	0.907538256581933	0.952962659573852	1	0.309968279645726	0.999585556693042
ENSFCAG00000027958:LRRC4C	0	1	0	0	1	2.50883745393339	0	0	6.53649096783543	0.424864331997099	0.847861901433529	0.714042252400392	0.127985859589093	0.670860023978978	0.907538256581933	0.952962659573852	1	0.310045037422008	0.999585556693042
ENSFCAG00000004867:SPICE1	0	0	0	0	1	0	0	0	4.8550297918685	0.30491227250666	0.765968562974707	0.565191079036908	0.16322028570422	0.670860023978978	0.907538256581933	0.952962659573852	1	0.312106636563832	0.999585556693042
ENSFCAG00000010408:ADAMTS18	0	0	1	0	0	0	10.724938290549	10.724938290549	0	0.176564264961547	0.0868600411769509	0.0926462988691519	1	0.670860023978978	0.907538256581933	0.952962659573852	1	0.313048719335596	0.999585556693042
ENSFCAG00000008709:SLC15A2	0	0	0	0	1	0	0	0	5.65437342831648	0.375372941816854	0.753595817819694	0.64264203553214	0.144324015113464	0.670860023978978	0.907538256581933	0.952962659573852	1	0.313292221306767	0.999585556693042
ENSFCAG00000031602:CSMD3	1	0	0	0	0	0	0	0	0	0.0380144994417048	0.506958404804509	0.0932606856318756	1	0.670860023978978	0.907538256581933	0.952962659573852	1	0.314508292049609	0.999585556693042
ENSFCAG00000022259:FXR1	0	0	0	1	0	0	18.525767136817	18.525767136817	0	0.372174355551776	0.0469750226117803	0.0933557930407172	1	0.670860023978978	0.907538256581933	0.952962659573852	1	0.314733872263214	0.999585556693042
ENSFCAG00000018946:NEMF	0	0	0	0	1	0	0	0	3.88672607642163	0.266356779473824	0.68640141527869	0.49697715433229	0.194037042265509	0.670860023978978	0.907538256581933	0.952962659573852	1	0.321978408157091	0.999585556693042
ENSFCAG00000009901:PNMT	0	2	0	0	0	8.16333305361658	0	0	0	0.0317762718231355	0.860655149075391	0.0974820547596331	1	0.670860023978978	0.907538256581933	0.952962659573852	1	0.324428756416733	0.999585556693042
ENSFCAG00000028925:MBD5	0	0	0	0	1	0	0	0	2.41631528857123	0.163531970961668	0.738013349912589	0.358233815256146	0.272448716349721	0.670860023978978	0.907538256581933	0.952962659573852	1	0.324704070267729	0.999585556693042
ENSFCAG00000011846:GRIK2	0	3	0	0	0	5.30832682007468	0	0	0	0.035516045917207	0.756257221702275	0.101126923753972	1	0.670860023978978	0.907538256581933	0.952962659573852	1	0.332847021069422	0.999585556693042
ENSFCAG00000000828:RYR1	0	1	0	0	0	0.227016961502349	0	0	0	0.0499107898376545	0.415230973009691	0.104966574461405	1	0.670860023978978	0.907538256581933	0.952962659573852	1	0.341573127896325	0.999585556693042
ENSFCAG00000019374:PARP8	0	0	0	1	0	0	13.5261321259227	13.5261321259227	0	0.289665952152805	0.0669154456056893	0.106549976311227	1	0.670860023978978	0.907538256581933	0.952962659573852	1	0.345130412030113	0.999585556693042
ENSFCAG00000024893:CFAP77	0	2	0	0	0	7.673003050124	0	0	0	0.0357129133370695	0.85340140522295	0.107492789794089	1	0.670860023978978	0.907538256581933	0.952962659573852	1	0.347237345469458	0.999585556693042
ENSFCAG00000015588:DIDO1	2	0	0	0	0	0	0	0	0	0.0406356903536623	0.646521856023737	0.110722497833531	1	0.670860023978978	0.907538256581933	0.952962659573852	1	0.354392624230062	0.999585556693042
ENSFCAG00000011613:ARHGAP15	0	2	0	0	0	6.89703276633921	0	0	0	0.0438525156201857	0.793624630658302	0.12492186375154	1	0.670860023978978	0.907538256581933	0.952962659573852	1	0.384767688522838	0.999585556693042
ENSFCAG00000004747:SDK2	1	0	0	0	0	0	0	0	0	0.0486511832313526	0.610332000600149	0.125742390374823	1	0.670860023978978	0.907538256581933	0.952962659573852	1	0.386471749873153	0.999585556693042
ENSFCAG00000023517:NOTCH1	0	5	0	0	1	1.91301777730228	0	0	1.64696961886105	0.190449091710851	0.590288255493781	0.367133932926087	0.346282715890348	0.670860023978978	0.907538256581933	0.952962659573852	1	0.389345762121257	0.999585556693042
ENSFCAG00000046336:SLC25A46	0	2	0	0	0	6.75874955367934	0	0	0	0.0450250221867878	0.823664914592515	0.129539261788747	1	0.670860023978978	0.907538256581933	0.952962659573852	1	0.39428788258671	0.999585556693042
ENSFCAG00000014156:FSD1	0	1	0	0	1	1.51458504290821	0	0	5.56426389161024	0.697794218345597	0.797089901788422	0.897230534546515	0.146231707564769	0.816246940595622	0.907538256581933	0.952962659573852	1	0.397678667710865	0.999585556693042
ENSFCAG00000006215:PIEZO2	2	0	0	0	0	0	0	0	0	0.0553928391170688	0.528975917186799	0.133825772422178	1	0.670860023978978	0.907538256581933	0.952962659573852	1	0.40297837816967	0.999585556693042
ENSFCAG00000037597:CACNA1B	2	0	0	0	0	0	0	0	0	0.0530029144855073	0.579413470417709	0.134098516002265	1	0.670860023978978	0.907538256581933	0.952962659573852	1	0.403526646822751	0.999585556693042
ENSFCAG00000028210:DMXL2	2	0	0	0	0	0	0	0	0	0.0593495246023726	0.528294591787641	0.143641771009655	1	0.670860023978978	0.907538256581933	0.952962659573852	1	0.422368972082534	0.999585556693042
ENSFCAG00000001631:VIPAS39	0	2	0	0	0	5.82049563716938	0	0	0	0.0596337152231783	0.753825852608826	0.158744804265835	1	0.670860023978978	0.907538256581933	0.952962659573852	1	0.450907849349769	0.999585556693042
ENSFCAG00000006891:ATP12A	0	1	0	0	1	1.56450122475016	0	0	4.02874106767549	0.677022582561528	0.733690929502873	0.865348290065017	0.188804458744033	0.800597687334849	0.907538256581933	0.952962659573852	1	0.459374633882521	0.999585556693042
ENSFCAG00000014803:MED12	1	0	0	0	0	0	0	0	0	0.0682084958426075	0.604790090008293	0.165841405069938	1	0.670860023978978	0.907538256581933	0.952962659573852	1	0.463812528040032	0.999585556693042
ENSFCAG00000031300:TMEM108	0	2	0	0	0	5.66158601329601	0	0	0	0.0619913315619044	0.853446337323234	0.171281479344081	1	0.670860023978978	0.907538256581933	0.952962659573852	1	0.473498571342148	0.999585556693042
ENSFCAG00000005317:NUMA1	1	0	0	0	0	0	0	0	0	0.0773784541142168	0.616888711156991	0.185501277912534	1	0.670860023978978	0.907538256581933	0.952962659573852	1	0.498014076526728	0.999585556693042
ENSFCAG00000013232:MYH11	1	0	0	0	0	0	0	0	0	0.0805208937722437	0.587058591766603	0.187372093520418	1	0.670860023978978	0.907538256581933	0.952962659573852	1	0.501156425225396	0.999585556693042
ENSFCAG00000029250:KCNJ3	0	2	0	0	0	5.27892285695874	0	0	0	0.0700284323318058	0.830535468622627	0.188082861599545	1	0.670860023978978	0.907538256581933	0.952962659573852	1	0.502345372873254	0.999585556693042
ENSFCAG00000003036:TMEM39B	0	2	0	0	0	5.08298275068509	0	0	0	0.0751490861144821	0.799134556114952	0.196918253174262	1	0.670860023978978	0.907538256581933	0.952962659573852	1	0.5169038365025	0.999585556693042
ENSFCAG00000015532:ZEB2	0	1	0	0	1	1.18371659457404	0	0	3.439975952695	0.86969297607897	0.723767396628018	0.926898026825279	0.212586108947357	0.924560250844255	0.907538256581933	0.952962659573852	1	0.517110802625965	0.999585556693042
ENSFCAG00000015690:PTPRC	0	1	1	0	0	1.30025330408125	12.04565060182	12.04565060182	0	0.801384890950807	0.0762327569933954	0.201219047709879	1	0.880483342590613	0.907538256581933	0.952962659573852	1	0.523845856420278	0.999585556693042
ENSFCAG00000009649:NOTCH2	0	3	0	0	1	1.7635835984125	0	0	1.67998825596733	0.369231003005606	0.626269034626677	0.593509184928311	0.342280145552793	0.670860023978978	0.907538256581933	0.952962659573852	1	0.52692691339126	0.999585556693042
ENSFCAG00000007228:FMR1	0	2	0	0	0	4.88152534255516	0	0	0	0.0814799031950669	0.757958265520264	0.206308743697221	1	0.670860023978978	0.907538256581933	0.952962659573852	1	0.531942643167105	0.999585556693042
ENSFCAG00000004785:CBLC	0	2	0	0	0	4.88493094388651	0	0	0	0.0799963933638197	0.81816269442288	0.208981158618009	1	0.670860023978978	0.907538256581933	0.952962659573852	1	0.536143499101773	0.999585556693042
ENSFCAG00000040596:ZBTB4	3	0	0	0	0	0	0	0	0	0.0832074016630986	0.696706724243876	0.21293518634503	1	0.670860023978978	0.907538256581933	0.952962659573852	1	0.542296401338384	0.999585556693042
ENSFCAG00000000734:ENOX2	0	2	0	0	0	4.79267512523225	0	0	0	0.0845737734745765	0.774885970334545	0.214386117036027	1	0.670860023978978	0.907538256581933	0.952962659573852	1	0.544535721603787	0.999585556693042
ENSFCAG00000009520:PLCH2	1	0	0	0	0	0	0	0	0	0.0870900490721187	0.702376420667429	0.215093291224772	1	0.670860023978978	0.907538256581933	0.952962659573852	1	0.545623588247467	0.999585556693042
ENSFCAG00000011484:ASTN2	0	1	0	0	1	0.898565116488811	0	0	2.99064290534084	0.913284042182284	0.689635267001249	0.917897506248364	0.235239909901827	0.948314115033112	0.907538256581933	0.952962659573852	1	0.546901782395156	0.999585556693042
ENSFCAG00000002272:MYBBP1A	0	1	0	0	1	0.790998918272904	0	0	2.85220606561097	0.807238586238419	0.684045611355238	0.893535506886957	0.243236465794007	0.882136825309592	0.907538256581933	0.952962659573852	1	0.549065014439696	0.999585556693042
ENSFCAG00000013313:DCHS2	0	1	0	0	1	0.425740248255805	0	0	1.24736252169768	0.31977944070401	0.627758810894548	0.542004864591467	0.403717434994997	0.670860023978978	0.907538256581933	0.952962659573852	1	0.551313418592279	0.999585556693042
ENSFCAG00000029807:APOB	0	1	0	1	0	0.408036725994219	6.01272069945205	6.01272069945205	0	0.292359624139777	0.165814466190322	0.219906439776217	1	0.670860023978978	0.907538256581933	0.952962659573852	1	0.552966419151876	0.999585556693042
ENSFCAG00000009561:CEACAM20	0	2	0	0	0	4.62170224076358	0	0	0	0.0883214480794985	0.795193342161665	0.224565167479457	1	0.670860023978978	0.907538256581933	0.952962659573852	1	0.55997330677793	0.999585556693042
ENSFCAG00000004234:ST6GALNAC1	0	2	0	0	0	4.62293955181465	0	0	0	0.0879007451959939	0.817277371026153	0.225677727745825	1	0.670860023978978	0.907538256581933	0.952962659573852	1	0.561632263495685	0.999585556693042
ENSFCAG00000006164:TIAM2	1	0	0	0	0	0	0	0	0	0.0956153980809599	0.660749782558418	0.226523778376815	1	0.670860023978978	0.907538256581933	0.952962659573852	1	0.562890150551568	0.999585556693042
ENSFCAG00000006550:CLIP2	1	0	0	0	0	0	0	0	0	0.0933263700257214	0.697997661585382	0.226887306960997	1	0.670860023978978	0.907538256581933	0.952962659573852	1	0.563429664551914	0.999585556693042
ENSFCAG00000013236:PNPT1	0	2	0	0	0	4.48249537333075	0	0	0	0.0944590989416552	0.726133197121461	0.229011458741372	1	0.670860023978978	0.907538256581933	0.952962659573852	1	0.566570510352383	0.999585556693042
ENSFCAG00000006851:ZAN	0	3	0	0	1	1.62262075496037	0	0	1.56983541040933	0.437824602103143	0.596699568923055	0.643399210986573	0.356019332670749	0.675474272575897	0.907538256581933	0.952962659573852	1	0.566645823714052	0.999585556693042
ENSFCAG00000014818:MCM3AP	2	0	0	0	0	0	0	0	0	0.0982390445191573	0.623938458158283	0.232634209216581	1	0.670860023978978	0.907538256581933	0.952962659573852	1	0.571881879452185	0.999585556693042
ENSFCAG00000042400:PHLPP1	0	2	0	0	1	1.25401192121697	0	0	2.47775914274543	0.757724238870929	0.685145440559578	0.878295089566385	0.267907210167306	0.853424922829368	0.907538256581933	0.952962659573852	1	0.575756450689974	0.999585556693042
ENSFCAG00000028934:RP1	2	0	0	0	0	0	0	0	0	0.098970439612892	0.667559182715842	0.23968435386399	1	0.670860023978978	0.907538256581933	0.952962659573852	1	0.58205725393161	0.999585556693042
ENSFCAG00000004957:AKT1	0	2	0	0	0	4.35750883800764	0	0	0	0.0976804279497779	0.78099511823717	0.242350606993159	1	0.670860023978978	0.907538256581933	0.952962659573852	1	0.585851041284543	0.999585556693042
ENSFCAG00000007022:SIPA1L1	1	0	0	0	0	0	0	0	0	0.104395425760889	0.675718787349835	0.24511413048219	1	0.670860023978978	0.907538256581933	0.952962659573852	1	0.589752279376714	0.999585556693042
ENSFCAG00000010375:HECW1	1	0	0	0	0	0	0	0	0	0.106319848741863	0.655133111231958	0.245664362197793	1	0.670860023978978	0.907538256581933	0.952962659573852	1	0.590525305294187	0.999585556693042
ENSFCAG00000007771:SCN2A	0	1	1	0	0	0.801465815989986	9.62096673766572	9.62096673766572	0	0.818257757738716	0.0981242683623873	0.248010224863984	1	0.889869986177828	0.907538256581933	0.952962659573852	1	0.593807236727023	0.999585556693042
ENSFCAG00000010245:OCSTAMP	0	2	0	0	0	4.32516697188263	0	0	0	0.0988493661560915	0.833279610340658	0.249507165908838	1	0.670860023978978	0.907538256581933	0.952962659573852	1	0.595889891068024	0.999585556693042
ENSFCAG00000011062:DNAH10	0	1	0	0	0	0.303357572198583	0	0	0	0.137368362912738	0.457368413865005	0.251638850698437	1	0.670860023978978	0.907538256581933	0.952962659573852	1	0.598840159798192	0.999585556693042
ENSFCAG00000037598:ZNF45	0	2	0	0	0	4.25055068233779	0	0	0	0.103153138914286	0.792443778503656	0.254153865057617	1	0.670860023978978	0.907538256581933	0.952962659573852	1	0.602297750352867	0.999585556693042
ENSFCAG00000025339:DDX3X	0	2	0	0	0	4.22081575443057	0	0	0	0.1057837005952	0.753064195253238	0.254376306624696	1	0.670860023978978	0.907538256581933	0.952962659573852	1	0.602602356928438	0.999585556693042
ENSFCAG00000003820:PLP2	0	1	0	0	0	9.51025320306938	0	0	0	0.0994064573120557	0.888295146472106	0.254772336984938	1	0.670860023978978	0.907538256581933	0.952962659573852	1	0.603144190838279	0.999585556693042
ENSFCAG00000025976:RAP1B	0	1	0	0	0	9.07744264526293	0	0	0	0.104735560793032	0.872791055491645	0.264801713932382	1	0.670860023978978	0.907538256581933	0.952962659573852	1	0.61666334189693	0.999585556693042
ENSFCAG00000004031:ATP2B3	1	0	0	0	0	0	0	0	0	0.115273610848619	0.707747824692174	0.269694933038003	1	0.670860023978978	0.907538256581933	0.952962659573852	1	0.623120389648332	0.999585556693042
ENSFCAG00000012762:GLIPR2	0	1	0	0	0	8.85995475650308	0	0	0	0.107620615514815	0.885189279779583	0.271217586266661	1	0.670860023978978	0.907538256581933	0.952962659573852	1	0.62511148138151	0.999585556693042
ENSFCAG00000033534:MAP1A	0	1	0	0	1	0.558198089577464	0	0	1.40036454224014	0.518500650704283	0.641338108430153	0.728377706366801	0.379533323922652	0.711999081945374	0.907538256581933	0.952962659573852	1	0.631880547570992	0.999585556693042
ENSFCAG00000008780:ITCH	0	2	0	0	0	3.92840241488052	0	0	0	0.119405708166338	0.727874453746187	0.276846468073896	1	0.670860023978978	0.907538256581933	0.952962659573852	1	0.632398225774595	0.999585556693042
ENSFCAG00000005326:NALCN	1	0	0	0	0	0	0	0	0	0.126785130257771	0.628102933162801	0.277194054286857	1	0.670860023978978	0.907538256581933	0.952962659573852	1	0.632844409924993	0.999585556693042
ENSFCAG00000007561:DUOX2	1	0	0	0	0	0	0	0	0	0.122643731537047	0.670989640527699	0.277526638875676	1	0.670860023978978	0.907538256581933	0.952962659573852	1	0.633270928969383	0.999585556693042
ENSFCAG00000000236:SCN11A	1	0	0	0	0	0	0	0	0	0.128434426110061	0.664973852417252	0.28666757706411	1	0.670860023978978	0.907538256581933	0.952962659573852	1	0.644839221956585	0.999585556693042
ENSFCAG00000010885:MRGPRF	0	2	0	0	0	3.83730015879639	0	0	0	0.121560665067429	0.836835486609896	0.294597313322904	1	0.670860023978978	0.907538256581933	0.952962659573852	1	0.654638210402201	0.999585556693042
ENSFCAG00000000783:LPCAT1	0	2	0	0	0	3.76548306583131	0	0	0	0.125843642169672	0.798470528173107	0.298932479338715	1	0.670860023978978	0.907538256581933	0.952962659573852	1	0.659904673862719	0.999585556693042
ENSFCAG00000015341:DNAH5	1	1	0	0	0	0.328540884933059	0	0	0	0.172470866609916	0.46875763027385	0.303273950707651	1	0.670860023978978	0.907538256581933	0.952962659573852	1	0.665115788957896	0.999585556693042
ENSFCAG00000013189:GRIN2B	1	0	0	0	0	0	0	0	0	0.13339004544687	0.738761950580727	0.306692611681351	1	0.670860023978978	0.907538256581933	0.952962659573852	1	0.66917546101774	0.999585556693042
ENSFCAG00000006537:TBC1D22A	0	2	0	0	0	3.68564464862622	0	0	0	0.131129802173554	0.797344614335384	0.308487639707019	1	0.670860023978978	0.907538256581933	0.952962659573852	1	0.671291778528485	0.999585556693042
ENSFCAG00000007517:JAK3	2	0	0	0	0	0	0	0	0	0.137478823201933	0.659921776105408	0.309653761832374	1	0.670860023978978	0.907538256581933	0.952962659573852	1	0.672661022588177	0.999585556693042
ENSFCAG00000038086:ATP6V0C	0	1	0	0	0	7.63529083956328	0	0	0	0.12710557054065	0.915144560817835	0.310544380928217	1	0.670860023978978	0.917565578174496	0.952962659573852	1	0.673703816239211	0.999585556693042
ENSFCAG00000037840:RBAK	0	2	0	0	0	3.65854713197127	0	0	0	0.133609917886506	0.782830279284501	0.311061637174679	1	0.670860023978978	0.907538256581933	0.952962659573852	1	0.674308279868583	0.999585556693042
ENSFCAG00000025759:ADGRL2	2	0	0	0	0	0	0	0	0	0.141793468824043	0.629669702893881	0.313668095343467	1	0.670860023978978	0.907538256581933	0.952962659573852	1	0.677341118709208	0.999585556693042
ENSFCAG00000014329:NDUFA13	0	1	0	0	0	7.42017831832613	0	0	0	0.131225943603105	0.885642863673059	0.316854440235908	1	0.670860023978978	0.907538256581933	0.952962659573852	1	0.681019300848945	0.999585556693042
ENSFCAG00000006116:LRP2	1	1	0	0	0	0.340653970460958	0	0	0	0.190043008663277	0.45066493894194	0.31881905685981	1	0.670860023978978	0.907538256581933	0.952962659573852	1	0.683271181730049	0.999585556693042
ENSFCAG00000004387:CDH13	0	2	0	0	0	3.58959775961126	0	0	0	0.137296036793719	0.788941577514358	0.318819195015419	1	0.670860023978978	0.907538256581933	0.952962659573852	1	0.683271339660055	0.999585556693042
ENSFCAG00000003615:HS6ST2	0	2	0	0	0	3.59306954623425	0	0	0	0.137345365516725	0.806603460203575	0.320848232927666	1	0.670860023978978	0.907538256581933	0.952962659573852	1	0.685584353072863	0.999585556693042
ENSFCAG00000001576:SIN3B	1	0	0	0	0	0	0	0	0	0.147725827205095	0.693067429367271	0.324431320040139	1	0.670860023978978	0.907538256581933	0.952962659573852	1	0.689637627065646	0.999585556693042
ENSFCAG00000011343:IGSF3	1	0	0	0	0	0	0	0	0	0.14394177357111	0.73888524168498	0.325235018325921	1	0.670860023978978	0.907538256581933	0.952962659573852	1	0.690541340627483	0.999585556693042
ENSFCAG00000042158:FAM229A	0	1	0	0	0	7.08786188052611	0	0	0	0.138105677777278	0.91639478831545	0.331217511082392	1	0.670860023978978	0.917605349462498	0.952962659573852	1	0.69720623192169	0.999585556693042
ENSFCAG00000014913:TDRD12	2	0	0	0	0	0	0	0	0	0.15537603293833	0.615639873924223	0.333848175161531	1	0.670860023978978	0.907538256581933	0.952962659573852	1	0.700102643726593	0.999585556693042
ENSFCAG00000009757:UPF1	2	0	0	0	0	0	0	0	0	0.152228582351566	0.680063541303962	0.338074368430523	1	0.670860023978978	0.907538256581933	0.952962659573852	1	0.704712431576272	0.999585556693042
ENSFCAG00000028573:DYNC2H1	0	1	0	0	0	0.35487619108807	0	0	0	0.211110318545616	0.446166446838056	0.342294437110438	1	0.670860023978978	0.907538256581933	0.952962659573852	1	0.709262821318958	0.999585556693042
ENSFCAG00000022278:ANP32E	0	1	0	0	0	6.67165500865352	0	0	0	0.147732252405875	0.830564101627673	0.342785934095347	1	0.670860023978978	0.907538256581933	0.952962659573852	1	0.709789394666289	0.999585556693042
ENSFCAG00000046102:DEPP1	0	1	0	0	0	6.78387695336813	0	0	0	0.14501551618196	0.909401455805377	0.343546920942665	1	0.670860023978978	0.915439978088281	0.952962659573852	1	0.710603300495565	0.999585556693042
ENSFCAG00000003007:MYOZ2	0	1	0	0	0	6.64749636630422	0	0	0	0.148329581483838	0.865178621557336	0.346772450527605	1	0.670860023978978	0.907538256581933	0.952962659573852	1	0.714034463238137	0.999585556693042
ENSFCAG00000004014:SUPT6H	0	3	0	0	0	2.48494534773867	0	0	0	0.177889097663858	0.60578544091373	0.347189479847016	1	0.670860023978978	0.907538256581933	0.952962659573852	1	0.714475882690818	0.999585556693042
ENSFCAG00000014761:OR4Q2	0	1	0	0	0	6.3593666316429	0	0	0	0.155817546124263	0.902997623623657	0.362545981068597	1	0.670860023978978	0.912629598275642	0.952962659573852	1	0.730386572189828	0.999585556693042
ENSFCAG00000010565:HIPK2	1	0	0	0	0	0	0	0	0	0.164832358452291	0.760122568019636	0.363755845476046	1	0.670860023978978	0.907538256581933	0.952962659573852	1	0.731612088921082	0.999585556693042
ENSFCAG00000009395:PCDH1	1	0	0	0	0	0	0	0	0	0.164485244814114	0.774604002154606	0.365221892556828	1	0.670860023978978	0.907538256581933	0.952962659573852	1	0.733091711509524	0.999585556693042
ENSFCAG00000013619:MYOZ1	0	1	0	0	0	6.23166656164709	0	0	0	0.159366280029092	0.863288852366972	0.366066940063351	1	0.670860023978978	0.907538256581933	0.952962659573852	1	0.733941908888102	0.999585556693042
ENSFCAG00000007356:SUSD4	3	0	0	0	0	0	0	0	0	0.166319873981732	0.732520287781178	0.36772950884074	1	0.670860023978978	0.907538256581933	0.952962659573852	1	0.735608919454946	0.999585556693042
ENSFCAG00000006958:CHCHD3	0	1	0	0	0	6.09732916300895	0	0	0	0.163265825817878	0.829289856071908	0.36968594504346	1	0.670860023978978	0.907538256581933	0.952962659573852	1	0.737560957960528	0.999585556693042
ENSFCAG00000027460:CPS1	1	0	0	0	0	0	0	0	0	0.177392983853661	0.680846523691036	0.369999911761237	1	0.670860023978978	0.907538256581933	0.952962659573852	1	0.737873253405629	0.999585556693042
ENSFCAG00000007415:ELAPOR2	0	2	0	0	0	3.16283254856032	0	0	0	0.172569583396138	0.730391237096653	0.370445363494929	1	0.670860023978978	0.907538256581933	0.952962659573852	1	0.738315876873302	0.999585556693042
ENSFCAG00000005764:FBF1	1	0	0	0	0	0	0	0	0	0.17800378650317	0.686631133988907	0.372140312759017	1	0.670860023978978	0.907538256581933	0.952962659573852	1	0.739995173407935	0.999585556693042
ENSFCAG00000009908:DHX8	1	0	0	0	0	0	0	0	0	0.178182673560792	0.69104129366118	0.373312807726123	1	0.670860023978978	0.907538256581933	0.952962659573852	1	0.741152321146327	0.999585556693042
ENSFCAG00000008041:MINK1	0	3	0	0	0	2.38436917171924	0	0	0	0.190282453049464	0.645898236438848	0.379499796988576	1	0.670860023978978	0.907538256581933	0.952962659573852	1	0.747197612176618	0.999585556693042
ENSFCAG00000009068:PCNA	0	1	0	0	0	5.920429460275	0	0	0	0.168680479106574	0.861551495942484	0.381927968879948	1	0.670860023978978	0.907538256581933	0.952962659573852	1	0.749542519247659	0.999585556693042
ENSFCAG00000001748:BRPF3	1	0	0	0	0	0	0	0	0	0.180971284910284	0.722817673271634	0.383767134874896	1	0.670860023978978	0.907538256581933	0.952962659573852	1	0.751308338139419	0.999585556693042
ENSFCAG00000044841:OR8K5	0	1	0	0	0	5.89226559433056	0	0	0	0.169573562951514	0.914318818841525	0.387072729797956	1	0.670860023978978	0.917565578174496	0.952962659573852	1	0.75445997455156	0.999585556693042
ENSFCAG00000006974:FRMPD2	1	0	0	0	0	0	0	0	0	0.188945111483552	0.696580432766067	0.391042598799011	1	0.670860023978978	0.907538256581933	0.952962659573852	1	0.758207658112331	0.999585556693042
ENSFCAG00000015014:LIN7A	0	1	0	0	0	5.76187625173803	0	0	0	0.173825796708139	0.869294927463022	0.391270254176132	1	0.670860023978978	0.907538256581933	0.952962659573852	1	0.758421346318788	0.999585556693042
ENSFCAG00000008375:PAXIP1	1	0	0	0	0	0	0	0	0	0.191711148681551	0.681457882606736	0.392015495719513	1	0.670860023978978	0.907538256581933	0.952962659573852	1	0.759119939496528	0.999585556693042
ENSFCAG00000014410:DNAH11	0	1	0	0	0	0.377487040510543	0	0	0	0.245320594215528	0.474497988159364	0.394309339184214	1	0.670860023978978	0.907538256581933	0.952962659573852	1	0.761261320120298	0.999585556693042
ENSFCAG00000032433:LRRC69	0	1	0	0	0	5.66597234703953	0	0	0	0.177082352161191	0.849053727134037	0.394915794177564	1	0.670860023978978	0.907538256581933	0.952962659573852	1	0.761825232864526	0.999585556693042
ENSFCAG00000043889:CCDC198	0	1	0	0	0	5.62856637493254	0	0	0	0.178383545577986	0.846956871315454	0.396870630064691	1	0.670860023978978	0.907538256581933	0.952962659573852	1	0.763636606837941	0.999585556693042
ENSFCAG00000003730:PRXL2C	0	1	0	0	0	5.6681642355209	0	0	0	0.177006654600082	0.881169979312318	0.39753896429947	1	0.670860023978978	0.907538256581933	0.952962659573852	1	0.764253682100794	0.999585556693042
ENSFCAG00000009444:OR6F1	0	1	0	0	0	5.66981973880708	0	0	0	0.176949521254797	0.914804613821052	0.399615610769867	1	0.670860023978978	0.917565578174496	0.952962659573852	1	0.766163895707619	0.999585556693042
ENSFCAG00000036214:IBSP	0	1	0	0	0	5.54419726494265	0	0	0	0.181384805484716	0.827014863864809	0.399716930175475	1	0.670860023978978	0.907538256581933	0.952962659573852	1	0.766256818308684	0.999585556693042
ENSFCAG00000024797:DPPA4	0	1	0	0	0	5.58705493593237	0	0	0	0.179848566917672	0.86403242909068	0.400877406328961	1	0.670860023978978	0.907538256581933	0.952962659573852	1	0.767319290437482	0.999585556693042
ENSFCAG00000037409:PID1	0	1	0	0	0	5.57858037955704	0	0	0	0.180150411014489	0.868205140086187	0.401736353169185	1	0.670860023978978	0.907538256581933	0.952962659573852	1	0.768103533854225	0.999585556693042
ENSFCAG00000002686:ARVCF	1	0	0	0	0	0	0	0	0	0.19039857799158	0.751286558794492	0.403535042727037	1	0.670860023978978	0.907538256581933	0.952962659573852	1	0.769739844792521	0.999585556693042
ENSFCAG00000002632:FBXW8	0	2	0	0	0	3.00299640407915	0	0	0	0.188418868628896	0.789014873740451	0.406153192167352	1	0.670860023978978	0.907538256581933	0.952962659573852	1	0.772107319315121	0.999585556693042
ENSFCAG00000004480:NRCAM	1	0	0	0	0	0	0	0	0	0.200489827247897	0.688468239278399	0.406660893750719	1	0.670860023978978	0.907538256581933	0.952962659573852	1	0.772564453880581	0.999585556693042
ENSFCAG00000028705:NAA10	0	1	0	0	0	5.36057387788847	0	0	0	0.188253067883685	0.825150103470303	0.410646569947025	1	0.670860023978978	0.907538256581933	0.952962659573852	1	0.776131199902527	0.999585556693042
ENSFCAG00000052526:ADGRD2	1	0	0	0	0	0	0	0	0	0.195038024062853	0.764015251235291	0.412864226453311	1	0.670860023978978	0.907538256581933	0.952962659573852	1	0.778098986415631	0.999585556693042
ENSFCAG00000022721:LAPTM5	0	1	0	0	0	5.39128658983647	0	0	0	0.187070790110685	0.867761773924338	0.413073380754926	1	0.670860023978978	0.907538256581933	0.952962659573852	1	0.778283958973639	0.999585556693042
ENSFCAG00000006848:GIGYF1	1	0	0	0	0	0	0	0	0	0.202596375196572	0.70506229290207	0.413371492756479	1	0.670860023978978	0.907538256581933	0.952962659573852	1	0.778547421198112	0.999585556693042
ENSFCAG00000005557:SEMA6C	1	0	0	0	0	0	0	0	0	0.196118408745753	0.765801371794818	0.414829798262636	1	0.670860023978978	0.907538256581933	0.952962659573852	1	0.779833131502799	0.999585556693042
ENSFCAG00000041528:HMX3	3	0	0	0	0	0	0	0	0	0.19150241132718	0.799284719445148	0.415885529372154	1	0.670860023978978	0.907538256581933	0.952962659573852	1	0.780760713281302	0.999585556693042
ENSFCAG00000004129:TAS2R10	0	1	0	0	0	5.39070446842012	0	0	0	0.18709307006516	0.905068482069505	0.415907584904723	1	0.670860023978978	0.913504539825146	0.952962659573852	1	0.780780063012695	0.999585556693042
ENSFCAG00000010015:THSD1	0	2	0	0	0	2.95018358911367	0	0	0	0.194484226405189	0.797673098072786	0.417062634590831	1	0.670860023978978	0.907538256581933	0.952962659573852	1	0.781791776680248	0.999585556693042
ENSFCAG00000002015:KRT24	3	0	0	0	0	0	0	0	0	0.198890708882582	0.721168297254163	0.417404928223306	1	0.670860023978978	0.907538256581933	0.952962659573852	1	0.782090978493406	0.999585556693042
ENSFCAG00000042201:HYLS1	0	1	0	0	0	5.25941287080422	0	0	0	0.192247521762361	0.838797705404286	0.418596890250394	1	0.670860023978978	0.907538256581933	0.952962659573852	1	0.783130693606695	0.999585556693042
ENSFCAG00000012839:DENND2A	1	0	0	0	0	0	0	0	0	0.206432342614416	0.717635998350519	0.421674978410596	1	0.670860023978978	0.907538256581933	0.952962659573852	1	0.785799947645522	0.999585556693042
ENSFCAG00000039511:HEBP2	0	1	0	0	0	5.17195186564846	0	0	0	0.195830266816001	0.865143585062325	0.426978369970004	1	0.670860023978978	0.907538256581933	0.952962659573852	1	0.790346323394893	0.999585556693042
ENSFCAG00000015116:SZT2	0	1	0	0	0	0.388898105541187	0	0	0	0.262816623006572	0.507208112705073	0.428767271175421	1	0.670860023978978	0.907538256581933	0.952962659573852	1	0.791864975302524	0.999585556693042
ENSFCAG00000029362:BICRAL	0	2	0	0	0	2.86866381170126	0	0	0	0.204525147393284	0.776844089763871	0.429536375500544	1	0.670860023978978	0.907538256581933	0.952962659573852	1	0.792515594996216	0.999585556693042
ENSFCAG00000009941:RTBDN	0	1	0	0	0	5.10352695207307	0	0	0	0.198720972412444	0.88160307486988	0.433022343301432	1	0.670860023978978	0.907538256581933	0.952962659573852	1	0.795447300733173	0.999585556693042
ENSFCAG00000030671:C1QA	0	1	0	0	0	5.109714605213	0	0	0	0.198456305974511	0.892215045590775	0.433428001030916	1	0.670860023978978	0.907538256581933	0.952962659573852	1	0.795786632488675	0.999585556693042
ENSFCAG00000014796:DPPA2	0	1	0	0	0	5.0246149123276	0	0	0	0.202154811201714	0.852788636974119	0.435794018790904	1	0.670860023978978	0.907538256581933	0.952962659573852	1	0.797758247185343	0.999585556693042
ENSFCAG00000014208:PRRT3	1	0	0	0	0	0	0	0	0	0.206165091587799	0.802137171250373	0.435843331737801	1	0.670860023978978	0.907538256581933	0.952962659573852	1	0.797799203018067	0.999585556693042
ENSFCAG00000026690:OR51I1	0	1	0	0	0	5.096841764297	0	0	0	0.199007659308446	0.920213869360625	0.436120166504348	1	0.670860023978978	0.920213869360625	0.952962659573852	1	0.798029018759639	0.999585556693042
ENSFCAG00000004201:CDH15	1	0	0	0	0	0	0	0	0	0.212724098659492	0.766249894545262	0.440174698055318	1	0.670860023978978	0.907538256581933	0.952962659573852	1	0.801374831940066	0.999585556693042
ENSFCAG00000012585:SEMA6A	1	0	0	0	0	0	0	0	0	0.215284826246129	0.750027987908032	0.44108517416516	1	0.670860023978978	0.907538256581933	0.952962659573852	1	0.802121012709508	0.999585556693042
ENSFCAG00000045410:LMTK3	0	3	0	0	0	2.21405215555221	0	0	0	0.223945202156884	0.694548256562647	0.441950396218635	1	0.670860023978978	0.907538256581933	0.952962659573852	1	0.802828363869283	0.999585556693042
ENSFCAG00000018847:DCST1	1	0	0	0	0	0	0	0	0	0.217704988422621	0.745154595988527	0.443728914345091	1	0.670860023978978	0.907538256581933	0.952962659573852	1	0.804277052605159	0.999585556693042
ENSFCAG00000002464:WDR26	2	0	0	0	0	0	0	0	0	0.215412741664344	0.718613605494417	0.44410039444101	1	0.670860023978978	0.907538256581933	0.952962659573852	1	0.804578740129169	0.999585556693042
ENSFCAG00000000506:EGF	1	0	0	0	0	0	0	0	0	0.22505991068403	0.697267302240985	0.444159524013156	1	0.670860023978978	0.907538256581933	0.952962659573852	1	0.804626731940344	0.999585556693042
ENSFCAG00000030058:NRIP2	0	1	0	0	0	4.89461050133123	0	0	0	0.208058865352064	0.860728589483732	0.445823637741372	1	0.670860023978978	0.907538256581933	0.952962659573852	1	0.805974165656608	0.999585556693042
ENSFCAG00000042938:RAB43	0	1	0	0	0	4.90794709340948	0	0	0	0.207438488750532	0.874112936871585	0.446124164314512	1	0.670860023978978	0.907538256581933	0.952962659573852	1	0.806216839321355	0.999585556693042
ENSFCAG00000033941:CLASRP	0	2	0	0	0	2.71684903548106	0	0	0	0.225411883519342	0.721880219417907	0.450029751088004	1	0.670860023978978	0.907538256581933	0.952962659573852	1	0.809352218787286	0.999585556693042
ENSFCAG00000022035:INO80D	0	2	0	0	0	2.72858623986867	0	0	0	0.22360326457301	0.743221481820969	0.451940278799328	1	0.670860023978978	0.907538256581933	0.952962659573852	1	0.810873613871303	0.999585556693042
ENSFCAG00000012183:PRICKLE2	1	0	0	0	0	0	0	0	0	0.223124192086335	0.752073899348473	0.452946989121993	1	0.670860023978978	0.907538256581933	0.952962659573852	1	0.81167202807223	0.999585556693042
ENSFCAG00000009009:ADGRF3	1	0	0	0	0	0	0	0	0	0.222720958848737	0.768952446117289	0.455427105599997	1	0.670860023978978	0.907538256581933	0.952962659573852	1	0.813629453578013	0.999585556693042
ENSFCAG00000008538:TBC1D25	2	0	0	0	0	0	0	0	0	0.224737912062942	0.737869448548982	0.460352008660452	1	0.670860023978978	0.907538256581933	0.952962659573852	1	0.817476453377986	0.999585556693042
ENSFCAG00000005980:HK2	1	0	0	0	0	0	0	0	0	0.229828162197598	0.758005237820142	0.463742665851994	1	0.670860023978978	0.907538256581933	0.952962659573852	1	0.820094346483596	0.999585556693042
ENSFCAG00000029255:CDKL1	0	1	0	0	0	4.60239453712047	0	0	0	0.222572131502605	0.829549056102025	0.464391352950679	1	0.670860023978978	0.907538256581933	0.952962659573852	1	0.820592360695753	0.999585556693042
ENSFCAG00000024484:KCNQ5	1	0	0	0	0	0	0	0	0	0.234509531835239	0.743613285464734	0.46760210507886	1	0.670860023978978	0.907538256581933	0.952962659573852	1	0.823044022446283	0.999585556693042
ENSFCAG00000004281:MICALL1	1	0	0	0	0	0	0	0	0	0.233024274373638	0.758481622683301	0.468404349203822	1	0.670860023978978	0.907538256581933	0.952962659573852	1	0.823653150533893	0.999585556693042
ENSFCAG00000013046:GADD45B	0	1	0	0	0	4.57542937153946	0	0	0	0.224006454725049	0.862289565957403	0.470338081256933	1	0.670860023978978	0.907538256581933	0.952962659573852	1	0.825115752029512	0.999585556693042
ENSFCAG00000033705:CALY	0	1	0	0	0	4.59813107915316	0	0	0	0.222797775199038	0.892046861255795	0.471263058038885	1	0.670860023978978	0.907538256581933	0.952962659573852	1	0.82581255632926	0.999585556693042
ENSFCAG00000018564:BOLL	0	1	0	0	0	4.5030932410752	0	0	0	0.227940262577347	0.82933170729684	0.472334947351343	1	0.670860023978978	0.907538256581933	0.952962659573852	1	0.826617762197162	0.999585556693042
ENSFCAG00000011612:FAM171A1	0	2	0	0	0	2.65197435427687	0	0	0	0.235134793680455	0.779371985520276	0.475208116892533	1	0.670860023978978	0.907538256581933	0.952962659573852	1	0.828764110652786	0.999585556693042
ENSFCAG00000008782:MAP4	1	0	0	0	0	0	0	0	0	0.239042043042765	0.765712619303125	0.478300765039466	1	0.670860023978978	0.907538256581933	0.952962659573852	1	0.83105500669302	0.999585556693042
ENSFCAG00000003297:FUT9	0	1	0	0	0	4.46189361721489	0	0	0	0.230238613437137	0.859987274035598	0.479385537995383	1	0.670860023978978	0.907538256581933	0.952962659573852	1	0.831853814404549	0.999585556693042
ENSFCAG00000003879:THBS4	1	0	0	0	0	0	0	0	0	0.243544474648375	0.741719017705268	0.479845750299389	1	0.670860023978978	0.907538256581933	0.952962659573852	1	0.832191964725983	0.999585556693042
ENSFCAG00000028060:CPT1A	1	0	0	0	0	0	0	0	0	0.246764010704545	0.729298834611462	0.481598687614488	1	0.670860023978978	0.907538256581933	0.952962659573852	1	0.833475932125036	0.999585556693042
ENSFCAG00000003720:PODNL1	2	0	0	0	0	0	0	0	0	0.2357531489074	0.804351196240508	0.484564822469823	1	0.670860023978978	0.907538256581933	0.952962659573852	1	0.835634005665887	0.999585556693042
ENSFCAG00000011684:ZC3H7A	1	0	0	0	0	0	0	0	0	0.255508689796952	0.712001239474467	0.489383846646871	1	0.670860023978978	0.907538256581933	0.952962659573852	1	0.839101524579298	0.999585556693042
ENSFCAG00000025501:NEK9	1	0	0	0	0	0	0	0	0	0.256499059225569	0.709601623277428	0.490115111528188	1	0.670860023978978	0.907538256581933	0.952962659573852	1	0.839623546335657	0.999585556693042
ENSFCAG00000012171:ECI2	0	1	0	0	0	4.29378560327142	0	0	0	0.240079519272607	0.836681384584233	0.491000376504343	1	0.670860023978978	0.907538256581933	0.952962659573852	1	0.840254043044713	0.999585556693042
ENSFCAG00000009008:C2CD6	0	1	0	0	0	4.24534904003921	0	0	0	0.243061128183978	0.818824680088158	0.492820894719001	1	0.670860023978978	0.907538256581933	0.952962659573852	1	0.841545625684666	0.999585556693042
ENSFCAG00000026853:CXHXorf38	0	1	0	0	0	4.25063867243641	0	0	0	0.242732179249675	0.830830444872594	0.494035297060463	1	0.670860023978978	0.907538256581933	0.952962659573852	1	0.842403453249929	0.999585556693042
ENSFCAG00000002369:SPATA6L	0	1	0	0	0	4.15412478228249	0	0	0	0.248867009472758	0.811112727213111	0.499881276554167	1	0.670860023978978	0.907538256581933	0.952962659573852	1	0.846491283361855	0.999585556693042
ENSFCAG00000041187:SHH	1	0	0	0	0	0	0	0	0	0.246390512597694	0.840261820584806	0.500503746809757	1	0.670860023978978	0.907538256581933	0.952962659573852	1	0.846922507285201	0.999585556693042
ENSFCAG00000014880:BCL2L14	0	1	0	0	0	4.21836504272112	0	0	0	0.244752142960281	0.859923625238367	0.5005351934527	1	0.670860023978978	0.907538256581933	0.952962659573852	1	0.846944271782877	0.999585556693042
ENSFCAG00000022242:DMD	0	1	0	0	0	0.450502972851317	0	0	0	0.358055691254848	0.464724497343558	0.501778499664648	1	0.670860023978978	0.907538256581933	0.952962659573852	1	0.847803192990773	0.999585556693042
ENSFCAG00000041558:RIMS4	0	1	0	0	0	4.19963082170743	0	0	0	0.245939051294286	0.860038490783445	0.502249599533438	1	0.670860023978978	0.907538256581933	0.952962659573852	1	0.848127840728572	0.999585556693042
ENSFCAG00000007853:ADAM17	1	0	0	0	0	0	0	0	0	0.262213970042361	0.732319016653646	0.503077210772454	1	0.670860023978978	0.907538256581933	0.952962659573852	1	0.848697100391061	0.999585556693042
ENSFCAG00000009956:ADAM19	1	0	0	0	0	0	0	0	0	0.262758670152586	0.731729408315874	0.503663548670087	1	0.670860023978978	0.907538256581933	0.952962659573852	1	0.849099579783491	0.999585556693042
ENSFCAG00000004830:KLHL1	2	0	0	0	0	0	0	0	0	0.258943507754045	0.724597873849373	0.505380142101878	1	0.670860023978978	0.907538256581933	0.952962659573852	1	0.850273977947008	0.999585556693042
ENSFCAG00000046521:BEST3	2	0	0	0	0	0	0	0	0	0.255918763674948	0.750478172843661	0.505587103982126	1	0.670860023978978	0.907538256581933	0.952962659573852	1	0.850415175546836	0.999585556693042
ENSFCAG00000004008:RSKR	0	1	0	0	0	4.07833265898784	0	0	0	0.253889623949126	0.80625102372295	0.506128840231014	1	0.670860023978978	0.907538256581933	0.952962659573852	1	0.850784368466971	0.999585556693042
ENSFCAG00000023765:OR6Y1	0	1	0	0	0	4.15758646733578	0	0	0	0.248642008851074	0.886778404886759	0.508853468053611	1	0.670860023978978	0.907538256581933	0.952962659573852	1	0.852632421396136	0.999585556693042
ENSFCAG00000013916:TMPRSS11D	0	1	0	0	0	4.0728051833922	0	0	0	0.254263273945048	0.830840520801984	0.510338751612711	1	0.670860023978978	0.907538256581933	0.952962659573852	1	0.853633706240146	0.999585556693042
ENSFCAG00000024933:CACNG5	0	1	0	0	0	4.13976667157428	0	0	0	0.249804293275548	0.89517214620907	0.511258670060111	1	0.670860023978978	0.90800809429992	0.952962659573852	1	0.854251688883435	0.999585556693042
ENSFCAG00000022767:ZBTB20	1	0	0	0	0	0	0	0	0	0.257332595492888	0.811605667794742	0.511743432120148	1	0.670860023978978	0.907538256581933	0.952962659573852	1	0.854576676120041	0.999585556693042
ENSFCAG00000001693:SLC15A4	1	0	0	0	0	0	0	0	0	0.259567606787863	0.801092014683535	0.513109388583787	1	0.670860023978978	0.907538256581933	0.952962659573852	1	0.855489952513398	0.999585556693042
ENSFCAG00000011021:INPP5B	1	0	0	0	0	0	0	0	0	0.272511728605118	0.721024484538958	0.513869162804868	1	0.670860023978978	0.907538256581933	0.952962659573852	1	0.855996361957417	0.999585556693042
ENSFCAG00000010847:IRAK1	1	0	0	0	0	0	0	0	0	0.260540274971513	0.801718033393256	0.514544280348484	1	0.670860023978978	0.907538256581933	0.952962659573852	1	0.856445402878502	0.999585556693042
ENSFCAG00000007647:ZDHHC19	0	1	0	0	0	4.02302356679999	0	0	0	0.25767491548096	0.828839724643512	0.514802446968805	1	0.670860023978978	0.907538256581933	0.952962659573852	1	0.856616883043043	0.999585556693042
ENSFCAG00000007340:SULT4A1	0	1	0	0	0	4.00897479631306	0	0	0	0.258653096929796	0.837160498268141	0.51731850659429	1	0.670860023978978	0.907538256581933	0.952962659573852	1	0.858281337773521	0.999585556693042
ENSFCAG00000029509:WDR6	0	2	0	0	0	2.45129862380144	0	0	0	0.269702423795583	0.757144457737788	0.518434081759382	1	0.670860023978978	0.907538256581933	0.952962659573852	1	0.859015407509427	0.999585556693042
ENSFCAG00000007788:DVL3	1	0	0	0	0	0	0	0	0	0.269562534279172	0.762448472434033	0.519354499624677	1	0.670860023978978	0.907538256581933	0.952962659573852	1	0.859619252460501	0.999585556693042
ENSFCAG00000005997:NFIA	2	0	0	0	0	0	0	0	0	0.270736006126322	0.72073250576677	0.520060772411782	1	0.670860023978978	0.907538256581933	0.952962659573852	1	0.86008150018892	0.999585556693042
ENSFCAG00000022360:MED26	1	0	0	0	0	0	0	0	0	0.262996764775506	0.837856611627389	0.523407679005807	1	0.670860023978978	0.907538256581933	0.952962659573852	1	0.862258993206338	0.999585556693042
ENSFCAG00000014079:TDG	0	1	0	0	0	3.89090334039098	0	0	0	0.267153949331438	0.808072620497082	0.524581490696968	1	0.670860023978978	0.907538256581933	0.952962659573852	1	0.863017597345285	0.999585556693042
ENSFCAG00000003159:EXOG	0	1	0	0	0	3.93760428783849	0	0	0	0.263730552328534	0.840452157367024	0.524768580860862	1	0.670860023978978	0.907538256581933	0.952962659573852	1	0.863138266046904	0.999585556693042
ENSFCAG00000008114:TMPRSS11F	0	1	0	0	0	3.81221257585362	0	0	0	0.273112075027082	0.788346987928073	0.529109756059959	1	0.670860023978978	0.907538256581933	0.952962659573852	1	0.865919539763546	0.999585556693042
ENSFCAG00000036451:FIZ1	1	0	0	0	0	0	0	0	0	0.267801228928792	0.832874455456637	0.529272727253485	1	0.670860023978978	0.907538256581933	0.952962659573852	1	0.866023255511311	0.999585556693042
ENSFCAG00000025832:RNASEH1	0	1	0	0	0	3.88395603903554	0	0	0	0.267670257483943	0.852398103239454	0.531722924574448	1	0.670860023978978	0.907538256581933	0.952962659573852	1	0.867576534355528	0.999585556693042
ENSFCAG00000004798:ADSL	2	0	0	0	0	0	0	0	0	0.279823179034696	0.724045108772614	0.532257220081815	1	0.670860023978978	0.907538256581933	0.952962659573852	1	0.867913744542436	0.999585556693042
ENSFCAG00000027761:FHL1	0	1	0	0	0	3.81880815597716	0	0	0	0.272603268495277	0.817643016147344	0.533453602442621	1	0.670860023978978	0.907538256581933	0.952962659573852	1	0.868666873669227	0.999585556693042
ENSFCAG00000030212:MAP4K3	1	0	0	0	0	0	0	0	0	0.294070650032742	0.697471890510289	0.534724773212061	1	0.670860023978978	0.907538256581933	0.952962659573852	1	0.869464142660167	0.999585556693042
ENSFCAG00000007004:CAPRIN2	1	0	0	0	0	0	0	0	0	0.284256405521734	0.747034520706414	0.535083066257269	1	0.670860023978978	0.907538256581933	0.952962659573852	1	0.869688315209137	0.999585556693042
ENSFCAG00000003104:SH2B1	1	0	0	0	0	0	0	0	0	0.277555983704262	0.792410721568011	0.535721263148466	1	0.670860023978978	0.907538256581933	0.952962659573852	1	0.870087020524989	0.999585556693042
ENSFCAG00000035584:C10orf120	0	1	0	0	0	3.84171996059181	0	0	0	0.270849325445904	0.849990213027235	0.535740433754004	1	0.670860023978978	0.907538256581933	0.952962659573852	1	0.870098985348354	0.999585556693042
ENSFCAG00000029138:SGK3	0	1	0	0	0	3.76423000311982	0	0	0	0.276867169782799	0.798679308122999	0.535942250019509	1	0.670860023978978	0.907538256581933	0.952962659573852	1	0.870224901981907	0.999585556693042
ENSFCAG00000022723:CDX1	0	1	0	0	0	3.8846402308213	0	0	0	0.267619327864391	0.892099891069472	0.535982051936604	1	0.670860023978978	0.907538256581933	0.952962659573852	1	0.870249726108615	0.999585556693042
ENSFCAG00000018526:ACO2	1	0	0	0	0	0	0	0	0	0.280433514624136	0.779766247155632	0.537090543087988	1	0.670860023978978	0.907538256581933	0.952962659573852	1	0.870939896244843	0.999585556693042
ENSFCAG00000012991:SLC18A2	2	0	0	0	0	0	0	0	0	0.280622148865699	0.752631498540328	0.538363165756174	1	0.670860023978978	0.907538256581933	0.952962659573852	1	0.8717294374398	0.999585556693042
ENSFCAG00000002136:PCYT1B	0	1	0	0	0	3.7197048876378	0	0	0	0.280438067065972	0.799794703469859	0.540834158816559	1	0.670860023978978	0.907538256581933	0.952962659573852	1	0.873253868442554	0.999585556693042
ENSFCAG00000026004:BTBD1	2	0	0	0	0	0	0	0	0	0.282965327044524	0.757139281999594	0.542107460678171	1	0.670860023978978	0.907538256581933	0.952962659573852	1	0.874034996288921	0.999585556693042
ENSFCAG00000014571:STAT6	1	0	0	0	0	0	0	0	0	0.291073365409071	0.741677413332353	0.542452956394198	1	0.670860023978978	0.907538256581933	0.952962659573852	1	0.874246430144622	0.999585556693042
ENSFCAG00000004404:SAMD7	0	1	0	0	0	3.76409763384819	0	0	0	0.276877660995699	0.840420321584348	0.542564571036625	1	0.670860023978978	0.907538256581933	0.952962659573852	1	0.874314688195406	0.999585556693042
ENSFCAG00000006882:ZNF384	1	0	0	0	0	0	0	0	0	0.283170839946635	0.804506425385321	0.545235622600473	1	0.670860023978978	0.907538256581933	0.952962659573852	1	0.875941333755484	0.999585556693042
ENSFCAG00000030855:EFCAB3	0	1	0	0	0	3.64699782274123	0	0	0	0.286455682069374	0.792306056389972	0.547293290863256	1	0.670860023978978	0.907538256581933	0.952962659573852	1	0.877185508341317	0.999585556693042
ENSFCAG00000014946:TIMM44	2	0	0	0	0	0	0	0	0	0.294656111868976	0.711663535521457	0.548175990256383	1	0.670860023978978	0.907538256581933	0.952962659573852	1	0.877716861996086	0.999585556693042
ENSFCAG00000036369:PSD2	1	0	0	0	0	0	0	0	0	0.290963830490851	0.771242771208487	0.5488962567781	1	0.670860023978978	0.907538256581933	0.952962659573852	1	0.878149383637435	0.999585556693042
ENSFCAG00000012694:RIPK4	0	2	0	0	0	2.36907078325223	0	0	0	0.285987089658752	0.806004102463928	0.54916064637221	1	0.670860023978978	0.907538256581933	0.952962659573852	1	0.878307912966387	0.999585556693042
ENSFCAG00000011418:DLGAP1	0	2	0	0	0	2.31243089311536	0	0	0	0.298032166919577	0.74331220461727	0.551503154170165	1	0.670860023978978	0.907538256581933	0.952962659573852	1	0.87970693939919	0.999585556693042
ENSFCAG00000023364:SMPD3	1	0	0	0	0	0	0	0	0	0.290508877900442	0.810544674749257	0.555790177063548	1	0.670860023978978	0.907538256581933	0.952962659573852	1	0.882241560581543	0.999585556693042
ENSFCAG00000012523:ABCC9	0	2	0	0	0	2.21183782541633	0	0	0	0.321275747177283	0.662521278383574	0.555931255516148	1	0.670860023978978	0.907538256581933	0.952962659573852	1	0.882324407143452	0.999585556693042
ENSFCAG00000005846:SPTAN1	0	1	0	0	0	0.458329344882238	0	0	0	0.370096691247283	0.542826819847025	0.556085772939647	1	0.670860023978978	0.907538256581933	0.952962659573852	1	0.882415104494295	0.999585556693042
ENSFCAG00000044735:TBRG1	0	1	0	0	0	3.62122339522506	0	0	0	0.288646562231708	0.835586864562834	0.557385342521876	1	0.670860023978978	0.907538256581933	0.952962659573852	1	0.883176217096297	0.999585556693042
ENSFCAG00000026204:MGLL	0	1	0	0	0	3.6414894399417	0	0	0	0.286921318279477	0.852713431614967	0.557529407626201	1	0.670860023978978	0.907538256581933	0.952962659573852	1	0.883260404311623	0.999585556693042
ENSFCAG00000012088:ASH1L	0	1	0	0	0	0.455969818849485	0	0	0	0.366470386138811	0.554870954247572	0.558706800456325	1	0.670860023978978	0.907538256581933	0.952962659573852	1	0.883947041994359	0.999585556693042
ENSFCAG00000024086:NRG1	1	0	0	0	0	0	0	0	0	0.303148959294314	0.761864421521239	0.56210881956712	1	0.670860023978978	0.907538256581933	0.952962659573852	1	0.885917124261772	0.999585556693042
ENSFCAG00000014763:PRICKLE1	1	0	0	0	0	0	0	0	0	0.30464659913056	0.768265156717041	0.565367487697195	1	0.670860023978978	0.907538256581933	0.952962659573852	1	0.887784884627062	0.999585556693042
ENSFCAG00000028389:MAP2K1	0	1	0	0	0	3.54311903598484	0	0	0	0.29547867284102	0.833746202941654	0.565936442386845	1	0.670860023978978	0.907538256581933	0.952962659573852	1	0.888109061544808	0.999585556693042
ENSFCAG00000004015:B3GALT4	0	1	0	0	0	3.54525785060727	0	0	0	0.295287609299421	0.849204012162447	0.567932150136313	1	0.670860023978978	0.907538256581933	0.952962659573852	1	0.889241650395295	0.999585556693042
ENSFCAG00000008712:SH3RF2	1	0	0	0	0	0	0	0	0	0.305087371440028	0.781460019533127	0.568705771834253	1	0.670860023978978	0.907538256581933	0.952962659573852	1	0.889678802776281	0.999585556693042
ENSFCAG00000001150:CENATAC	2	0	0	0	0	0	0	0	0	0.302855488578196	0.776831836305058	0.570281162215028	1	0.670860023978978	0.907538256581933	0.952962659573852	1	0.890565760615027	0.999585556693042
ENSFCAG00000003711:NEK5	1	0	0	0	0	0	0	0	0	0.322251515664266	0.718170147842212	0.574060995201921	1	0.670860023978978	0.907538256581933	0.952962659573852	1	0.892676113422956	0.999585556693042
ENSFCAG00000014953:TNKS2	0	2	0	0	0	2.19349722643932	0	0	0	0.325789840568674	0.706735341594246	0.574899415172744	1	0.670860023978978	0.907538256581933	0.952962659573852	1	0.893140840999492	0.999585556693042
ENSFCAG00000025525:LRRC49	1	0	0	0	0	0	0	0	0	0.316472787611366	0.766237905751357	0.579304219050328	1	0.670860023978978	0.907538256581933	0.952962659573852	1	0.895562333460566	0.999585556693042
ENSFCAG00000001129:JHY	1	0	0	0	0	0	0	0	0	0.313635294586756	0.790082626779131	0.580953503338297	1	0.670860023978978	0.907538256581933	0.952962659573852	1	0.89646037759951	0.999585556693042
ENSFCAG00000022941:IRF4	0	1	0	0	0	3.36324829247222	0	0	0	0.312405718537742	0.798093534759673	0.58102611736408	1	0.670860023978978	0.907538256581933	0.952962659573852	1	0.896499808617452	0.999585556693042
ENSFCAG00000004529:AGER	0	1	0	0	0	3.33117496297148	0	0	0	0.31561326737727	0.786011272368526	0.582530401948344	1	0.670860023978978	0.907538256581933	0.952962659573852	1	0.8973146287012	0.999585556693042
ENSFCAG00000008002:KCTD16	0	1	0	0	0	3.40542942029205	0	0	0	0.308277862161982	0.847490785768084	0.584199088829616	1	0.670860023978978	0.907538256581933	0.952962659573852	1	0.898213955804822	0.999585556693042
ENSFCAG00000022461:OR10Q1	0	1	0	0	0	3.45558886267295	0	0	0	0.303498554845357	0.899948104047116	0.584333857320501	1	0.670860023978978	0.910761899689872	0.952962659573852	1	0.898286380137507	0.999585556693042
ENSFCAG00000013683:MYRF	0	2	0	0	0	2.16192166499076	0	0	0	0.33377503224507	0.708255617324283	0.584434454379482	1	0.670860023978978	0.907538256581933	0.952962659573852	1	0.898340420546881	0.999585556693042
ENSFCAG00000024059:STAM	0	1	0	0	0	3.3348582247905	0	0	0	0.31524183304331	0.802461628500666	0.585327566424977	1	0.670860023978978	0.907538256581933	0.952962659573852	1	0.898819438469041	0.999585556693042
ENSFCAG00000007877:KCND2	1	0	0	0	0	0	0	0	0	0.31550637979132	0.807899253563392	0.5866659251626	1	0.670860023978978	0.907538256581933	0.952962659573852	1	0.899534712599129	0.999585556693042
ENSFCAG00000030009:SYVN1	1	0	0	0	0	0	0	0	0	0.31787167455867	0.794023925126324	0.586885532041771	1	0.670860023978978	0.907538256581933	0.952962659573852	1	0.899651787793836	0.999585556693042
ENSFCAG00000030165:KBTBD13	1	0	0	0	0	0	0	0	0	0.308941212522522	0.861494536424065	0.586948248483646	1	0.670860023978978	0.907538256581933	0.952962659573852	1	0.899685207633008	0.999585556693042
ENSFCAG00000015654:DNAJB6	0	1	0	0	0	3.34642819254215	0	0	0	0.314080301416916	0.821133899444602	0.587266085769124	1	0.670860023978978	0.907538256581933	0.952962659573852	1	0.899854471218454	0.999585556693042
ENSFCAG00000013659:ITPR3	0	1	0	0	0	0.471994713803874	0	0	0	0.391022300788559	0.569334993801251	0.588735340389706	1	0.670860023978978	0.907538256581933	0.952962659573852	1	0.900634685647994	0.999585556693042
ENSFCAG00000011304:COLQ	0	1	0	0	0	3.30130879473655	0	0	0	0.318655157118784	0.80627369362608	0.590196638079771	1	0.670860023978978	0.907538256581933	0.952962659573852	1	0.901407037753217	0.999585556693042
ENSFCAG00000006461:DMRT2	1	0	0	0	0	0	0	0	0	0.315438641803775	0.829226365905928	0.590287893718316	1	0.670860023978978	0.907538256581933	0.952962659573852	1	0.901455149752389	0.999585556693042
ENSFCAG00000007324:RIOX2	0	1	0	0	0	3.24304258708633	0	0	0	0.324747839658209	0.804773820784075	0.597254605385313	1	0.670860023978978	0.907538256581933	0.952962659573852	1	0.905086665748202	0.999585556693042
ENSFCAG00000022846:POLB	0	1	0	0	0	3.24864121578554	0	0	0	0.324153107988673	0.813562737993693	0.598178375971002	1	0.670860023978978	0.907538256581933	0.952962659573852	1	0.905562073964224	0.999585556693042
ENSFCAG00000010046:FCRL3	1	0	0	0	0	0	0	0	0	0.329140161511076	0.784497146500775	0.598379561720279	1	0.670860023978978	0.907538256581933	0.952962659573852	1	0.905665422708504	0.999585556693042
ENSFCAG00000010407:SPAM1	0	1	0	0	0	3.2875369755243	0	0	0	0.320076107320126	0.851411039182269	0.599378607544756	1	0.670860023978978	0.907538256581933	0.952962659573852	1	0.906177629186082	0.999585556693042
ENSFCAG00000001913:ACKR2	0	1	0	0	0	3.30170056872365	0	0	0	0.318614904838656	0.879582954904945	0.601224004930483	1	0.670860023978978	0.907538256581933	0.952962659573852	1	0.907119379699755	0.999585556693042
ENSFCAG00000034111:CDSN	0	1	0	0	0	3.26973786971597	0	0	0	0.321929982268601	0.870168371890898	0.604168705858164	1	0.670860023978978	0.907538256581933	0.952962659573852	1	0.908610407695742	0.999585556693042
ENSFCAG00000007298:F9	0	1	0	0	0	3.18084752867536	0	0	0	0.331492487356438	0.802237575517439	0.604778815803487	1	0.670860023978978	0.907538256581933	0.952962659573852	1	0.908917535247712	0.999585556693042
ENSFCAG00000043054:VNN1	0	1	0	0	0	3.20054320739521	0	0	0	0.329328879193115	0.825647423738954	0.606512007599921	1	0.670860023978978	0.907538256581933	0.952962659573852	1	0.909786663225795	0.999585556693042
ENSFCAG00000008133:GABRA1	2	0	0	0	0	0	0	0	0	0.335609844444551	0.770899840574511	0.60821676006832	1	0.670860023978978	0.907538256581933	0.952962659573852	1	0.910636698312232	0.999585556693042
ENSFCAG00000006023:ITPRIP	1	0	0	0	0	0	0	0	0	0.334306767618263	0.826482247751445	0.612565721206936	1	0.670860023978978	0.907538256581933	0.952962659573852	1	0.912783594571266	0.999585556693042
ENSFCAG00000030728:HSF5	1	0	0	0	0	0	0	0	0	0.336401215483184	0.822625197572131	0.614359422578821	1	0.670860023978978	0.907538256581933	0.952962659573852	1	0.913660062317174	0.999585556693042
ENSFCAG00000031564:TMEM161B	0	1	0	0	0	3.09496661793054	0	0	0	0.34124065426285	0.796047444185954	0.614906739489941	1	0.670860023978978	0.907538256581933	0.952962659573852	1	0.913926457788913	0.999585556693042
ENSFCAG00000002577:WDR45	2	0	0	0	0	0	0	0	0	0.343107577319333	0.766660120710431	0.615945186141601	1	0.670860023978978	0.907538256581933	0.952962659573852	1	0.914430562107314	0.999585556693042
ENSFCAG00000025365:ANGPT4	1	0	0	0	0	0	0	0	0	0.33963679128651	0.814430903404323	0.616654615828384	1	0.670860023978978	0.907538256581933	0.952962659573852	1	0.914773941425566	0.999585556693042
ENSFCAG00000013952:CFAP161	2	0	0	0	0	0	0	0	0	0.339479979956105	0.794528260782762	0.616801876724242	1	0.670860023978978	0.907538256581933	0.952962659573852	1	0.914845116562848	0.999585556693042
ENSFCAG00000011315:DRD5	1	0	0	0	0	0	0	0	0	0.335093005431238	0.858527349735182	0.618508802242418	1	0.670860023978978	0.907538256581933	0.952962659573852	1	0.915667555947944	0.999585556693042
ENSFCAG00000030557:FOXF1	1	0	0	0	0	0	0	0	0	0.337387076558565	0.86127635967602	0.621613895801959	1	0.670860023978978	0.907538256581933	0.952962659573852	1	0.917151597845238	0.999585556693042
ENSFCAG00000010065:PPP2R2B	1	0	0	0	0	0	0	0	0	0.353083976167629	0.773948424142771	0.623493318609252	1	0.670860023978978	0.907538256581933	0.952962659573852	1	0.918042305024676	0.999585556693042
ENSFCAG00000009431:ICAM1	1	0	0	0	0	0	0	0	0	0.344776696626793	0.820382406264661	0.623709208395963	1	0.670860023978978	0.907538256581933	0.952962659573852	1	0.918144257707159	0.999585556693042
ENSFCAG00000006666:OBSL1	0	1	0	0	0	0.478115749698306	0	0	0	0.400347393836006	0.631999148945448	0.626052486727919	1	0.670860023978978	0.907538256581933	0.952962659573852	1	0.919246055174809	0.999585556693042
ENSFCAG00000041431:CXCR5	0	1	0	0	0	3.11016630349099	0	0	0	0.339477151424117	0.878613019652855	0.626337893159159	1	0.670860023978978	0.907538256581933	0.952962659573852	1	0.919379651973126	0.999585556693042
ENSFCAG00000025189:MAK	1	0	0	0	0	0	0	0	0	0.358213346753179	0.773586394255738	0.629106007385287	1	0.670860023978978	0.907538256581933	0.952962659573852	1	0.920668648653165	0.999585556693042
ENSFCAG00000031496:TRDN	1	0	0	0	0	0	0	0	0	0.378218473552394	0.701582730727081	0.630238133582858	1	0.670860023978978	0.907538256581933	0.952962659573852	1	0.921192320704868	0.999585556693042
ENSFCAG00000032878:NIT1	2	0	0	0	0	0	0	0	0	0.355172548975529	0.775880137560341	0.631158393499965	1	0.670860023978978	0.907538256581933	0.952962659573852	1	0.92161649409056	0.999585556693042
ENSFCAG00000000348:CDC73	0	1	0	0	0	2.90026654333619	0	0	0	0.365415025514742	0.752329105096953	0.631668421704755	1	0.670860023978978	0.907538256581933	0.952962659573852	1	0.921851002251697	0.999585556693042
ENSFCAG00000006861:VWF	0	1	0	0	0	0.506529779332623	0	0	0	0.443158324729184	0.565454775956377	0.631776886012514	1	0.676976246753088	0.907538256581933	0.952962659573852	1	0.921900820431181	0.999585556693042
ENSFCAG00000006254:TM7SF2	0	1	0	0	0	2.99748760106595	0	0	0	0.352963461642681	0.824829961851745	0.633888472474042	1	0.670860023978978	0.907538256581933	0.952962659573852	1	0.922866976152503	0.999585556693042
ENSFCAG00000024481:XIRP2	1	1	0	0	0	0.494022898592758	0	0	0	0.424418340958049	0.60308487904772	0.63495041714353	1	0.670860023978978	0.907538256581933	0.952962659573852	1	0.923350208844456	0.999585556693042
ENSFCAG00000013123:C9	0	1	0	0	0	2.96264287410497	0	0	0	0.357335325958742	0.804931509786817	0.635009534285578	1	0.670860023978978	0.907538256581933	0.952962659573852	1	0.923377057593001	0.999585556693042
ENSFCAG00000013086:MAOB	0	1	0	0	0	2.9363628821478	0	0	0	0.360698987948795	0.787746160832854	0.635099406612096	1	0.670860023978978	0.907538256581933	0.952962659573852	1	0.923417863628952	0.999585556693042
ENSFCAG00000029941:NR2F2	1	0	0	0	0	0	0	0	0	0.355462480696036	0.817899059022708	0.63544014731026	1	0.670860023978978	0.907538256581933	0.952962659573852	1	0.923572459570284	0.999585556693042
ENSFCAG00000041142:ZNHIT2	1	0	0	0	0	0	0	0	0	0.351089131306885	0.857114316357238	0.637011774303035	1	0.670860023978978	0.907538256581933	0.952962659573852	1	0.92428315204473	0.999585556693042
ENSFCAG00000043768:USP51	1	0	0	0	0	0	0	0	0	0.356059942974727	0.822801842578059	0.637025060383103	1	0.670860023978978	0.907538256581933	0.952962659573852	1	0.924289143491703	0.999585556693042
ENSFCAG00000028490:ADCK2	1	0	0	0	0	0	0	0	0	0.356167037370751	0.822149052021983	0.637025927806381	1	0.670860023978978	0.907538256581933	0.952962659573852	1	0.924289534652415	0.999585556693042
ENSFCAG00000006841:AGFG2	0	1	0	0	0	2.96490323973361	0	0	0	0.357048707841963	0.836390588818295	0.6405377362941	1	0.670860023978978	0.907538256581933	0.952962659573852	1	0.925863504611602	0.999585556693042
ENSFCAG00000007186:ACTA2	0	1	0	0	0	2.95349101212468	0	0	0	0.35850013442673	0.834647584537552	0.641877757062601	1	0.670860023978978	0.907538256581933	0.952962659573852	1	0.926459012465908	0.999585556693042
ENSFCAG00000001711:CDC23	0	1	0	0	0	2.87720620728463	0	0	0	0.368487623668251	0.791363634042356	0.644442347734155	1	0.670860023978978	0.907538256581933	0.952962659573852	1	0.927590926188249	0.999585556693042
ENSFCAG00000015792:MMP3	0	1	0	0	0	2.90045602975486	0	0	0	0.365389973139994	0.818411756526938	0.646619844816175	1	0.670860023978978	0.907538256581933	0.952962659573852	1	0.92854397827182	0.999585556693042
ENSFCAG00000003652:BTBD16	1	0	0	0	0	0	0	0	0	0.372513731461137	0.784801332993355	0.647320371663393	1	0.670860023978978	0.907538256581933	0.952962659573852	1	0.928849026354668	0.999585556693042
ENSFCAG00000008501:NUDCD1	0	1	0	0	0	2.84072180770182	0	0	0	0.373446952036676	0.782805999788423	0.647862524954982	1	0.670860023978978	0.907538256581933	0.952962659573852	1	0.92908458940723	0.999585556693042
ENSFCAG00000006118:IL22RA1	1	0	0	0	0	0	0	0	0	0.365763854857514	0.824734907209752	0.648220079781126	1	0.670860023978978	0.907538256581933	0.952962659573852	1	0.929239696997994	0.999585556693042
ENSFCAG00000008697:ANGPTL2	1	0	0	0	0	0	0	0	0	0.366855593106789	0.825989824127253	0.649657235538931	1	0.670860023978978	0.907538256581933	0.952962659573852	1	0.929861147995152	0.999585556693042
ENSFCAG00000026284:MAGED2	0	1	0	0	0	2.83049421403435	0	0	0	0.374859251110968	0.787077277101097	0.650362323329736	1	0.670860023978978	0.907538256581933	0.952962659573852	1	0.930164877196178	0.999585556693042
ENSFCAG00000012809:ZNF683	1	0	0	0	0	0	0	0	0	0.369094505678864	0.823397451404419	0.651642322225911	1	0.670860023978978	0.907538256581933	0.952962659573852	1	0.930714306776572	0.999585556693042
ENSFCAG00000025798:TOX2	1	0	0	0	0	0	0	0	0	0.368427585136892	0.835948519178567	0.653167742422983	1	0.670860023978978	0.907538256581933	0.952962659573852	1	0.931365798370316	0.999585556693042
ENSFCAG00000001633:ISM2	1	0	0	0	0	0	0	0	0	0.375182203292846	0.807541275401588	0.655154222494116	1	0.670860023978978	0.907538256581933	0.952962659573852	1	0.932208864865864	0.999585556693042
ENSFCAG00000031352:ETNK2	0	1	0	0	0	2.84705421945314	0	0	0	0.37257741715778	0.827145756684722	0.656149618030507	1	0.670860023978978	0.907538256581933	0.952962659573852	1	0.932629046541368	0.999585556693042
ENSFCAG00000042373:FLI1	0	1	0	0	0	2.82163664211052	0	0	0	0.376090315770411	0.816292812554863	0.657897178202155	1	0.670860023978978	0.907538256581933	0.952962659573852	1	0.933363084624855	0.999585556693042
ENSFCAG00000003124:FOXN4	1	0	0	0	0	0	0	0	0	0.373775752505993	0.830172984706083	0.658008473548728	1	0.670860023978978	0.907538256581933	0.952962659573852	1	0.933409675310394	0.999585556693042
ENSFCAG00000023280:HNRNPLL	0	1	0	0	0	2.77390235375367	0	0	0	0.382854462003525	0.787311105177543	0.658918677066042	1	0.670860023978978	0.907538256581933	0.952962659573852	1	0.933790000349086	0.999585556693042
ENSFCAG00000010837:TMEM232	0	1	0	0	0	2.7389182118813	0	0	0	0.387955202556697	0.765658314012942	0.658961481966674	1	0.670860023978978	0.907538256581933	0.952962659573852	1	0.933807855243748	0.999585556693042
ENSFCAG00000005921:CASP4	0	1	0	0	0	2.78854797503209	0	0	0	0.380755505304355	0.806345983711203	0.660883268452214	1	0.670860023978978	0.907538256581933	0.952962659573852	1	0.934606613928543	0.999585556693042
ENSFCAG00000032503:FOXL1	1	0	0	0	0	0	0	0	0	0.370809414734204	0.89097044487041	0.66373647466312	1	0.670860023978978	0.907538256581933	0.952962659573852	1	0.935782199147095	0.999585556693042
ENSFCAG00000027834:FBXW11	0	1	0	0	0	2.70532270975465	0	0	0	0.392972098167917	0.779017850925037	0.667490031739151	1	0.670860023978978	0.907538256581933	0.952962659573852	1	0.937310076308562	0.999585556693042
ENSFCAG00000043156:ATOH1	0	1	0	0	0	2.82568206396431	0	0	0	0.375527145326887	0.885031671985122	0.66824507129112	1	0.670860023978978	0.907538256581933	0.952962659573852	1	0.937614859692498	0.999585556693042
ENSFCAG00000049201:PRRC2B	0	1	0	0	0	0.522541951814618	0	0	0	0.466882839574127	0.603139615723307	0.670443924337215	1	0.687179014363472	0.907538256581933	0.952962659573852	1	0.938497604324584	0.999585556693042
ENSFCAG00000008651:CD1E	0	1	0	0	0	2.75076717202347	0	0	0	0.38621370654708	0.829416498555451	0.671242946497608	1	0.670860023978978	0.907538256581933	0.952962659573852	1	0.938816589598747	0.999585556693042
ENSFCAG00000034327:ARSJ	0	1	0	0	0	2.73950637588551	0	0	0	0.387868417696917	0.82874905313026	0.672871295642384	1	0.670860023978978	0.907538256581933	0.952962659573852	1	0.939463715390458	0.999585556693042
ENSFCAG00000003233:RBM39	1	0	0	0	0	0	0	0	0	0.403180444960579	0.760283643849104	0.673036582569857	1	0.670860023978978	0.907538256581933	0.952962659573852	1	0.939529181971462	0.999585556693042
ENSFCAG00000010347:MAX	0	1	0	0	0	2.73924731194187	0	0	0	0.38790663874753	0.838068213173752	0.674603943413676	1	0.670860023978978	0.907538256581933	0.952962659573852	1	0.940147963652327	0.999585556693042
ENSFCAG00000013677:CPSF7	1	0	0	0	0	0	0	0	0	0.394878555148963	0.804848350841258	0.675395487897041	1	0.670860023978978	0.907538256581933	0.952962659573852	1	0.940459074723464	0.999585556693042
ENSFCAG00000005620:ALX4	1	0	0	0	0	0	0	0	0	0.389827869052817	0.833379978061163	0.67579404997124	1	0.670860023978978	0.907538256581933	0.952962659573852	1	0.94061537556439	0.999585556693042
ENSFCAG00000027500:ODC1	1	0	0	0	0	0	0	0	0	0.3946148563582	0.824295402229131	0.67910160739958	1	0.670860023978978	0.907538256581933	0.952962659573852	1	0.941903416908907	0.999585556693042
ENSFCAG00000040781:FAM155A	0	1	0	0	0	2.68996610363198	0	0	0	0.395305144693426	0.827431491530032	0.680422178298742	1	0.670860023978978	0.907538256581933	0.952962659573852	1	0.94241317425451	0.999585556693042
ENSFCAG00000012199:RASGRF1	0	2	0	0	0	1.85868665326007	0	0	0	0.426791815923486	0.709755516736828	0.680430554514992	1	0.670860023978978	0.907538256581933	0.952962659573852	1	0.942416399396528	0.999585556693042
ENSFCAG00000003572:CHD6	0	1	0	0	0	0.544180994966406	0	0	0	0.498419056830122	0.577153769318	0.680736595954082	1	0.699632676068949	0.907538256581933	0.952962659573852	1	0.942534165567955	0.999585556693042
ENSFCAG00000001125:FAM214B	0	1	0	0	0	2.67323689311648	0	0	0	0.397875786144365	0.837952426542284	0.685037821531909	1	0.670860023978978	0.907538256581933	0.952962659573852	1	0.944174770112786	0.999585556693042
ENSFCAG00000011288:IVNS1ABP	0	1	0	0	0	2.58865203867388	0	0	0	0.411356254666357	0.77518648569194	0.685078623251946	1	0.670860023978978	0.907538256581933	0.952962659573852	1	0.944190203422483	0.999585556693042
ENSFCAG00000013869:DCTN4	0	1	0	0	0	2.5758010420012	0	0	0	0.413477758100202	0.768995547662334	0.685562279093937	1	0.670860023978978	0.907538256581933	0.952962659573852	1	0.944372961855246	0.999585556693042
ENSFCAG00000031700:IFNAR2	1	0	0	0	0	0	0	0	0	0.400917192926164	0.826581375810416	0.686062452252318	1	0.670860023978978	0.907538256581933	0.952962659573852	1	0.944561602777272	0.999585556693042
ENSFCAG00000044800:KRT28	1	0	0	0	0	0	0	0	0	0.405830327746129	0.805689361206025	0.68677600597631	1	0.670860023978978	0.907538256581933	0.952962659573852	1	0.944830089326356	0.999585556693042
ENSFCAG00000006221:BCO2	1	0	0	0	0	0	0	0	0	0.411617230479497	0.793328095761519	0.689780329843952	1	0.670860023978978	0.907538256581933	0.952962659573852	1	0.945952393571793	0.999585556693042
ENSFCAG00000010551:GLUL	0	1	0	0	0	2.5680844987121	0	0	0	0.414761291976937	0.784904364952102	0.690871169326909	1	0.670860023978978	0.907538256581933	0.952962659573852	1	0.946356649734916	0.999585556693042
ENSFCAG00000010142:PLIN3	0	1	0	0	0	2.61688268703126	0	0	0	0.406765131484319	0.820921630776825	0.690915864855172	1	0.670860023978978	0.907538256581933	0.952962659573852	1	0.946373176781048	0.999585556693042
ENSFCAG00000031260:PAQR8	1	0	0	0	0	0	0	0	0	0.402281462848052	0.84983368601953	0.691652885727168	1	0.670860023978978	0.907538256581933	0.952962659573852	1	0.946645287868659	0.999585556693042
ENSFCAG00000001350:SLC5A7	1	0	0	0	0	0	0	0	0	0.40882795354621	0.817891205182587	0.692385321031014	1	0.670860023978978	0.907538256581933	0.952962659573852	1	0.946914927893713	0.999585556693042
ENSFCAG00000009040:VIPR1	1	0	0	0	0	0	0	0	0	0.409500019818648	0.819371639884802	0.693365142692389	1	0.670860023978978	0.907538256581933	0.952962659573852	1	0.947274429771836	0.999585556693042
ENSFCAG00000007510:GRID2IP	0	2	0	0	0	1.8249418799482	0	0	0	0.439325615276935	0.723250163521427	0.6964763038873	1	0.675474272575897	0.907538256581933	0.952962659573852	1	0.948406762842905	0.999585556693042
ENSFCAG00000002270:UBE2G1	1	0	0	0	0	0	0	0	0	0.403667920688511	0.872048336970688	0.696521891055608	1	0.670860023978978	0.907538256581933	0.952962659573852	1	0.948423251210274	0.999585556693042
ENSFCAG00000022928:PDZD2	0	1	0	0	0	0.534266054831776	0	0	0	0.484047509756292	0.630731234405126	0.697396948720568	1	0.692835056356098	0.907538256581933	0.952962659573852	1	0.948739171666066	0.999585556693042
ENSFCAG00000036474:NLRP10	0	1	0	0	0	2.58411780873526	0	0	0	0.412102506764758	0.833652645322916	0.69878128610848	1	0.670860023978978	0.907538256581933	0.952962659573852	1	0.949236714529421	0.999585556693042
ENSFCAG00000008754:SLC26A7	0	1	0	0	0	2.50590077504275	0	0	0	0.425376815892459	0.782161265782647	0.700519209637667	1	0.670860023978978	0.907538256581933	0.952962659573852	1	0.949857457316933	0.999585556693042
ENSFCAG00000028288:PRCC	0	1	0	0	0	2.5556053418964	0	0	0	0.416852520394118	0.830311258321033	0.702894407716617	1	0.670860023978978	0.907538256581933	0.952962659573852	1	0.950698847700679	0.999585556693042
ENSFCAG00000023373:ADAM2	0	1	0	0	0	2.46677998317239	0	0	0	0.432313238008249	0.766263127732734	0.702939753680027	1	0.671502939365271	0.907538256581933	0.952962659573852	1	0.950714832893958	0.999585556693042
ENSFCAG00000011988:HMGCS1	1	0	0	0	0	0	0	0	0	0.419048735224174	0.824369967512621	0.703901569328693	1	0.670860023978978	0.907538256581933	0.952962659573852	1	0.951053199892609	0.999585556693042
ENSFCAG00000007711:SLC19A2	0	1	0	0	0	2.53553630900691	0	0	0	0.420256402130625	0.820514985107777	0.704309825772042	1	0.670860023978978	0.907538256581933	0.952962659573852	1	0.951196427198102	0.999585556693042
ENSFCAG00000030722:POU4F3	1	0	0	0	0	0	0	0	0	0.416040180557808	0.848807784656581	0.705457617877445	1	0.670860023978978	0.907538256581933	0.952962659573852	1	0.951597835961518	0.999585556693042
ENSFCAG00000001104:SMG9	0	1	0	0	0	2.47442904070144	0	0	0	0.430940794155078	0.789681298733536	0.707714660316434	1	0.671502939365271	0.907538256581933	0.952962659573852	1	0.952381730693025	0.999585556693042
ENSFCAG00000031296:ZBTB12	0	1	0	0	0	2.57606413573152	0	0	0	0.413434124532094	0.883028940340601	0.708025262531653	1	0.670860023978978	0.907538256581933	0.952962659573852	1	0.95248904216825	0.999585556693042
ENSFCAG00000028342:SPRY3	2	0	0	0	0	0	0	0	0	0.417676552088159	0.842041425843848	0.708029585802775	1	0.670860023978978	0.907538256581933	0.952962659573852	1	0.952490534874668	0.999585556693042
ENSFCAG00000009961:PLXDC1	0	1	0	0	0	2.48893860225833	0	0	0	0.428359170983938	0.802343356508936	0.708246576567418	1	0.670860023978978	0.907538256581933	0.952962659573852	1	0.952565421898087	0.999585556693042
ENSFCAG00000040191:HMOX1	0	1	0	0	0	2.52478379782838	0	0	0	0.422101120587382	0.832036376614409	0.708418571758779	1	0.670860023978978	0.907538256581933	0.952962659573852	1	0.952624732988278	0.999585556693042
ENSFCAG00000011474:PHGDH	0	1	0	0	0	2.45209095470992	0	0	0	0.434971363899956	0.810953901680004	0.716509625351844	1	0.673004108424223	0.907538256581933	0.952962659573852	1	0.955367852029591	0.999585556693042
ENSFCAG00000039437:WWTR1	1	0	0	0	0	0	0	0	0	0.427785673743981	0.861410810625633	0.719173496426875	1	0.670860023978978	0.907538256581933	0.952962659573852	1	0.956250943872442	0.999585556693042
ENSFCAG00000006828:CCR1	1	0	0	0	0	0	0	0	0	0.427741994038576	0.874253307715057	0.721086551324272	1	0.670860023978978	0.907538256581933	0.952962659573852	1	0.956879045304175	0.999585556693042
ENSFCAG00000009460:ASIC1	0	1	0	0	0	2.43205249920681	0	0	0	0.438646036777678	0.818214382611712	0.721570922899885	1	0.675474272575897	0.907538256581933	0.952962659573852	1	0.957037270277256	0.999585556693042
ENSFCAG00000009639:SVIL	0	1	0	0	0	0.581670881186201	0	0	0	0.551481651846967	0.588623934566983	0.723551207393507	1	0.721200051617411	0.907538256581933	0.952962659573852	1	0.957680770963968	0.999585556693042
ENSFCAG00000006081:PRMT1	1	0	0	0	0	0	0	0	0	0.4412551446356	0.820427357950202	0.724501436131971	1	0.676643100383541	0.907538256581933	0.952962659573852	1	0.957987626052782	0.999585556693042
ENSFCAG00000001873:SNX31	1	0	0	0	0	0	0	0	0	0.446554252475652	0.805107072587576	0.726052763766311	1	0.676976246753088	0.907538256581933	0.952962659573852	1	0.95848591509664	0.999585556693042
ENSFCAG00000042508:CCDC8	0	1	0	0	0	2.4147165973062	0	0	0	0.441871153944397	0.830904422762275	0.727232355827496	1	0.676643100383541	0.907538256581933	0.952962659573852	1	0.95886258325557	0.999585556693042
ENSFCAG00000027814:NMBR	1	0	0	0	0	0	0	0	0	0.435055426290065	0.872918464818458	0.72801240583581	1	0.673004108424223	0.907538256581933	0.952962659573852	1	0.95911061819117	0.999585556693042
ENSFCAG00000022518:SLC9B2	1	0	0	0	0	0	0	0	0	0.444558057262292	0.824062093041973	0.728361010117996	1	0.676976246753088	0.907538256581933	0.952962659573852	1	0.959221194704716	0.999585556693042
ENSFCAG00000004479:LAMB4	0	2	0	0	0	1.6148851882526	0	0	0	0.530198169184638	0.627275350467581	0.729867162293124	1	0.720233355272321	0.907538256581933	0.952962659573852	1	0.959697026192371	0.999585556693042
ENSFCAG00000000531:BIN1	0	1	0	0	0	2.28162715942264	0	0	0	0.468147514993175	0.748226316535692	0.730017836114944	1	0.68770507047447	0.907538256581933	0.952962659573852	1	0.959744456732107	0.999585556693042
ENSFCAG00000013490:TECTA	2	1	0	0	0	0.516718645695514	0	0	0	0.532928888791685	0.612754959058003	0.731411163704821	1	0.720272665974414	0.907538256581933	0.952962659573852	1	0.960181589030699	0.999585556693042
ENSFCAG00000027861:ADGRG4	0	1	0	0	0	0.550478353944183	0	0	0	0.507475766783932	0.668632410406442	0.732540087885169	1	0.704517639601136	0.907538256581933	0.952962659573852	1	0.960533822590129	0.999585556693042
ENSFCAG00000022128:KIF26B	0	1	0	0	0	0.547400396714263	0	0	0	0.503056138041615	0.681894272530105	0.734737310554712	1	0.702026219749091	0.907538256581933	0.952962659573852	1	0.961214388100149	0.999585556693042
ENSFCAG00000028162:SAXO2	1	0	0	0	0	0	0	0	0	0.445149896446179	0.857384848722715	0.735185381040923	1	0.676976246753088	0.907538256581933	0.952962659573852	1	0.961352365755039	0.999585556693042
ENSFCAG00000043897:RANBP2	0	1	0	0	0	0.600755677785755	0	0	0	0.577676198086307	0.585245294765637	0.737920762273038	1	0.736899049648085	0.907538256581933	0.952962659573852	1	0.96218877575064	0.999585556693042
ENSFCAG00000007063:CYP27A1	0	1	0	0	0	2.30984615859652	0	0	0	0.462341408660235	0.798899631972825	0.738920875257835	1	0.684482007352457	0.907538256581933	0.952962659573852	1	0.962492051490513	0.999585556693042
ENSFCAG00000026569:ABCD2	0	1	0	0	0	2.30175977796146	0	0	0	0.463991722491853	0.795332100943316	0.739510725340582	1	0.685239582900551	0.907538256581933	0.952962659573852	1	0.962670283782929	0.999585556693042
ENSFCAG00000004324:ITPR2	0	1	0	0	0	0.616864741262631	0	0	0	0.599341082044354	0.567392119586895	0.739686963580725	1	0.749670858398714	0.907538256581933	0.952962659573852	1	0.962723445580018	0.999585556693042
ENSFCAG00000007923:CTNS	1	0	0	0	0	0	0	0	0	0.454152520531874	0.838274795889674	0.740105708201548	1	0.682496748051248	0.907538256581933	0.952962659573852	1	0.962849590388145	0.999585556693042
ENSFCAG00000019280:BAG1	1	0	0	0	0	0	0	0	0	0.455598093026295	0.832136291388161	0.740220126384724	1	0.682496748051248	0.907538256581933	0.952962659573852	1	0.962884017098557	0.999585556693042
ENSFCAG00000006229:SYN2	0	1	0	0	0	2.32084918945849	0	0	0	0.460112970977553	0.825696991070838	0.743000068467763	1	0.683253717819068	0.907538256581933	0.952962659573852	1	0.963715031397411	0.999585556693042
ENSFCAG00000005426:WDR75	0	1	0	0	0	2.19957729688305	0	0	0	0.485808620342172	0.742116496176501	0.743017581724551	1	0.693489518303891	0.907538256581933	0.952962659573852	1	0.963720233664047	0.999585556693042
ENSFCAG00000015539:CSMD1	1	2	0	0	0	0.768502968304555	0	0	0	0.696933912390722	0.50679183554056	0.743651118220187	1	0.816246940595622	0.907538256581933	0.952962659573852	1	0.963908146522221	0.999585556693042
ENSFCAG00000024019:STS	0	1	0	0	0	2.29849461836315	0	0	0	0.464661141966864	0.811931503512807	0.744063948980715	1	0.685239582900551	0.907538256581933	0.952962659573852	1	0.964030305523163	0.999585556693042
ENSFCAG00000007745:RAB2B	2	0	0	0	0	0	0	0	0	0.457371344717174	0.832569580845516	0.744067094927944	1	0.683253717819068	0.907538256581933	0.952962659573852	1	0.964031235547528	0.999585556693042
ENSFCAG00000007814:PRKG2	0	1	0	0	0	2.21702664266289	0	0	0	0.481952033375935	0.759146424344124	0.745109661997867	1	0.691893260035906	0.907538256581933	0.952962659573852	1	0.964338713396961	0.999585556693042
ENSFCAG00000023346:CADM1	0	1	0	0	0	2.25481227642818	0	0	0	0.473789082692716	0.788453380462888	0.746350235145528	1	0.689313099195929	0.907538256581933	0.952962659573852	1	0.964702687458805	0.999585556693042
ENSFCAG00000012260:GRB10	0	1	0	0	0	2.22203195792695	0	0	0	0.480856048150158	0.768167099271454	0.746838555466656	1	0.691893260035906	0.907538256581933	0.952962659573852	1	0.964845390887093	0.999585556693042
ENSFCAG00000006764:THAP12	0	1	0	0	0	2.25545711058565	0	0	0	0.47365196416342	0.796058360849311	0.74817348644742	1	0.689313099195929	0.907538256581933	0.952962659573852	1	0.965233873225805	0.999585556693042
ENSFCAG00000028605:PHTF1	0	1	0	0	0	2.16157045478437	0	0	0	0.494406033549535	0.73856080960887	0.748892798901896	1	0.696579504517746	0.907538256581933	0.952962659573852	1	0.965442214767001	0.999585556693042
ENSFCAG00000009181:CPB2	1	0	0	0	0	0	0	0	0	0.473502790983997	0.812443882453665	0.751980737580542	1	0.689313099195929	0.907538256581933	0.952962659573852	1	0.966328763782918	0.999585556693042
ENSFCAG00000005332:PXDNL	0	2	0	0	0	1.61544914485973	0	0	0	0.529920673304054	0.677474276752454	0.752944845985209	1	0.720233355272321	0.907538256581933	0.952962659573852	1	0.966602959875004	0.999585556693042
ENSFCAG00000001734:HECTD1	0	1	0	0	0	0.632130048801766	0	0	0	0.619489554457972	0.571806837964274	0.753423981574313	1	0.761592042697065	0.907538256581933	0.952962659573852	1	0.966738768554344	0.999585556693042
ENSFCAG00000008250:ASCL1	1	0	0	0	0	0	0	0	0	0.459978694016381	0.893170896319422	0.754280805656522	1	0.683253717819068	0.907538256581933	0.952962659573852	1	0.966980871694613	0.999585556693042
ENSFCAG00000000095:PLXND1	0	1	0	0	0	0.579559971039296	0	0	0	0.54854973234133	0.652849012768408	0.754934427771394	1	0.721200051617411	0.907538256581933	0.952962659573852	1	0.967164903843776	0.999585556693042
ENSFCAG00000003897:C8A	0	1	0	0	0	2.20575826511315	0	0	0	0.484436121198854	0.786932684016095	0.755058473462864	1	0.692835056356098	0.907538256581933	0.952962659573852	1	0.967199765921782	0.999585556693042
ENSFCAG00000007763:CEP78	0	1	0	0	0	2.17232291714257	0	0	0	0.491945829722533	0.768979787582175	0.756338344709083	1	0.696239005502782	0.907538256581933	0.952962659573852	1	0.967558274536736	0.999585556693042
ENSFCAG00000030040:ATRX	0	2	0	0	0	1.47944139965477	0	0	0	0.603075965875477	0.594931449980717	0.75839949158957	1	0.75125994899245	0.907538256581933	0.952962659573852	1	0.96813107778835	0.999585556693042
ENSFCAG00000012505:ACSBG2	0	1	0	0	0	2.16863729219596	0	0	0	0.492786602174372	0.776212497818991	0.759101768416402	1	0.696239005502782	0.907538256581933	0.952962659573852	1	0.968324963878969	0.999585556693042
ENSFCAG00000010958:FUT11	0	1	0	0	0	2.24400419863588	0	0	0	0.47609813827481	0.836240048539126	0.759376667992169	1	0.69002368797764	0.907538256581933	0.952962659573852	1	0.968400681773113	0.999585556693042
ENSFCAG00000001973:LRRK1	2	1	0	0	0	0.523183862270248	0	0	0	0.569073711567961	0.612124202074286	0.760163800396693	1	0.729877958322359	0.907538256581933	0.952962659573852	1	0.968616937947108	0.999585556693042
ENSFCAG00000038736:UBIAD1	1	0	0	0	0	0	0	0	0	0.471674354977343	0.874020233899522	0.762162815348683	1	0.689313099195929	0.907538256581933	0.952962659573852	1	0.96916248439021	0.999585556693042
ENSFCAG00000011660:NOTUM	0	1	0	0	0	2.15716486055874	0	0	0	0.495420521517715	0.786693808620153	0.764158443395081	1	0.696713831744765	0.907538256581933	0.952962659573852	1	0.969701876770544	0.999585556693042
ENSFCAG00000002919:CCR4	1	0	0	0	0	0	0	0	0	0.474915917185934	0.89602909569438	0.768130127995799	1	0.689628860588004	0.90800809429992	0.952962659573852	1	0.97075987748465	0.999585556693042
ENSFCAG00000005621:CACNA1D	0	1	0	0	0	0.63805573942466	0	0	0	0.627210084327585	0.590281089191889	0.768830834742849	1	0.766814909548886	0.907538256581933	0.952962659573852	1	0.970944401704045	0.999585556693042
ENSFCAG00000025647:CLN6	1	0	0	0	0	0	0	0	0	0.481673563886037	0.862126259967284	0.769036978694712	1	0.691893260035906	0.907538256581933	0.952962659573852	1	0.970998566081657	0.999585556693042
ENSFCAG00000019200:PTEN	1	0	0	0	0	0	0	0	0	0.492337729427618	0.822892644397336	0.770469141707882	1	0.696239005502782	0.907538256581933	0.952962659573852	1	0.971373342606193	0.999585556693042
ENSFCAG00000041932:RUNX2	1	1	0	0	0	2.29316942186274	0	0	0	0.502428245574909	0.814342726577745	0.772098190930736	1	0.702026219749091	0.907538256581933	0.952962659573852	1	0.971796405449603	0.999585556693042
ENSFCAG00000006472:PAPPA2	0	2	0	0	0	1.58145014584728	0	0	0	0.547014358403569	0.700750547813212	0.774767210207047	1	0.721200051617411	0.907538256581933	0.952962659573852	1	0.972482122182803	0.999585556693042
ENSFCAG00000043756:DHH	0	1	0	0	0	2.18807732587498	0	0	0	0.488381132430549	0.862659208048047	0.774910103285641	1	0.695440246621754	0.907538256581933	0.952962659573852	1	0.972518574272535	0.999585556693042
ENSFCAG00000010380:CSRNP3	0	1	0	0	0	2.12127162624285	0	0	0	0.503828843724941	0.805651518373881	0.775925443753485	1	0.702026219749091	0.907538256581933	0.952962659573852	1	0.97277682957645	0.999585556693042
ENSFCAG00000035810:SELE	0	1	0	0	0	2.07096996586714	0	0	0	0.516057550315583	0.774414563877134	0.777280569001491	1	0.709930350524886	0.907538256581933	0.952962659573852	1	0.973119440631433	0.999585556693042
ENSFCAG00000006001:PI4KA	0	1	0	0	0	0.650370293007208	0	0	0	0.643073924424973	0.592340091301565	0.778236746767391	1	0.782925487181885	0.907538256581933	0.952962659573852	1	0.973359765465961	0.999585556693042
ENSFCAG00000027828:PGAP1	0	1	0	0	0	2.00445352062141	0	0	0	0.533077791044388	0.738083447065599	0.778668624606049	1	0.720272665974414	0.907538256581933	0.952962659573852	1	0.973467928008979	0.999585556693042
ENSFCAG00000001588:CCDC88C	0	1	0	0	0	0.624571808448899	0	0	0	0.609560172089568	0.626147399873819	0.779526418497318	1	0.757277543309691	0.907538256581933	0.952962659573852	1	0.973682049750958	0.999585556693042
ENSFCAG00000006612:MFAP1	0	1	0	0	0	2.03710364774641	0	0	0	0.524598098441848	0.761859606086139	0.780095767852355	1	0.716794488998891	0.907538256581933	0.952962659573852	1	0.973823648984689	0.999585556693042
ENSFCAG00000011194:PTGS1	0	1	0	0	0	2.08456673460846	0	0	0	0.512699308090764	0.794190813320045	0.780122545420355	1	0.708027110663742	0.907538256581933	0.952962659573852	1	0.973830298428525	0.999585556693042
ENSFCAG00000012847:BRAF	0	1	0	0	0	1.9566238629751	0	0	0	0.545957146576304	0.730525119480096	0.785354623740554	1	0.721200051617411	0.907538256581933	0.952962659573852	1	0.975111939775725	0.999585556693042
ENSFCAG00000001652:DPYSL5	0	1	0	0	0	2.01685110731248	0	0	0	0.52982889218064	0.766862653825093	0.785597740861927	1	0.720233355272321	0.907538256581933	0.952962659573852	1	0.975170644087283	0.999585556693042
ENSFCAG00000004293:PAX1	0	1	0	0	0	2.08209350347229	0	0	0	0.513307211312568	0.832775170131196	0.789819745604958	1	0.708027110663742	0.907538256581933	0.952962659573852	1	0.976178132929121	0.999585556693042
ENSFCAG00000010868:CCDC33	0	1	0	0	0	1.96459371326999	0	0	0	0.543772140157987	0.748872211064806	0.790146314529311	1	0.721200051617411	0.907538256581933	0.952962659573852	1	0.976255119535429	0.999585556693042
ENSFCAG00000025608:LRRC71	0	1	0	0	0	1.98570485617223	0	0	0	0.538060148407468	0.765290597000626	0.791253644322151	1	0.721200051617411	0.907538256581933	0.952962659573852	1	0.976515161273622	0.999585556693042
ENSFCAG00000007884:PLXNA2	0	1	0	0	0	0.632862935007922	0	0	0	0.6204474832978	0.63762854728599	0.791719509735204	1	0.761592042697065	0.907538256581933	0.952962659573852	1	0.976624100347375	0.999585556693042
ENSFCAG00000029402:CDH9	0	1	0	0	0	2.00554536574142	0	0	0	0.532790214771837	0.780421025602439	0.791844702881353	1	0.720272665974414	0.907538256581933	0.952962659573852	1	0.976653329071567	0.999585556693042
ENSFCAG00000040425:CCER2	1	0	0	0	0	0	0	0	0	0.513739987948625	0.844673095384384	0.79261850906654	1	0.708027110663742	0.907538256581933	0.952962659573852	1	0.976833549722121	0.999585556693042
ENSFCAG00000018813:SESTD1	0	1	0	0	0	1.93927073462184	0	0	0	0.550770026502894	0.741499995187421	0.79264797430535	1	0.721200051617411	0.907538256581933	0.952962659573852	1	0.976840397286249	0.999585556693042
ENSFCAG00000004193:PCNX1	0	1	0	0	0	0.651514214046823	0	0	0	0.644535152312649	0.618219190829808	0.79404187248516	1	0.782925487181885	0.907538256581933	0.952962659573852	1	0.977163080979779	0.999585556693042
ENSFCAG00000013487:GPHN	0	1	0	0	0	1.90257152018128	0	0	0	0.561205281014502	0.726615714250004	0.79458786509562	1	0.724690976165234	0.907538256581933	0.952962659573852	1	0.97728880962244	0.999585556693042
ENSFCAG00000001819:LRRK2	0	1	0	0	0	0.685391461434256	0	0	0	0.686855889549321	0.585637085026856	0.79464494569223	1	0.807188781826954	0.907538256581933	0.952962659573852	1	0.977301932211287	0.999585556693042
ENSFCAG00000015505:F13A1	0	1	0	0	0	1.95193030201071	0	0	0	0.547251376030442	0.760361815499004	0.796405824919167	1	0.721200051617411	0.907538256581933	0.952962659573852	1	0.977704738132363	0.999585556693042
ENSFCAG00000011478:TGS1	0	1	0	0	0	1.9494299328168	0	0	0	0.547943110778893	0.764738483513746	0.798287087108096	1	0.721200051617411	0.907538256581933	0.952962659573852	1	0.97813078048126	0.999585556693042
ENSFCAG00000002154:STAT3	0	1	0	0	0	1.88614699425804	0	0	0	0.565991979247051	0.733935041929645	0.800529375661853	1	0.728271846173752	0.907538256581933	0.952962659573852	1	0.978632792706034	0.999585556693042
ENSFCAG00000015508:CDH17	0	1	0	0	0	1.94659304774071	0	0	0	0.548729861568575	0.771297829337596	0.800878915769955	1	0.721200051617411	0.907538256581933	0.952962659573852	1	0.978710482806214	0.999585556693042
ENSFCAG00000002716:PLEKHM3	0	1	0	0	0	1.93612679312112	0	0	0	0.551650216096115	0.779461152824194	0.805420686422058	1	0.721200051617411	0.907538256581933	0.952962659573852	1	0.979706108708703	0.999585556693042
ENSFCAG00000008209:DSCAM	0	1	0	0	0	0.660979871335499	0	0	0	0.656545608671679	0.628265181635734	0.805667777618968	1	0.788508409295894	0.907538256581933	0.952962659573852	1	0.979759539009679	0.999585556693042
ENSFCAG00000042507:SYPL2	1	0	0	0	0	0	0	0	0	0.524829737987315	0.879427122810403	0.807589221269776	1	0.716794488998891	0.907538256581933	0.952962659573852	1	0.980172442456629	0.999585556693042
ENSFCAG00000004104:MON1B	0	1	0	0	0	1.98177150716353	0	0	0	0.539116130664303	0.837813969054694	0.810957785283256	1	0.721200051617411	0.907538256581933	0.952962659573852	1	0.980885294824341	0.999585556693042
ENSFCAG00000042285:GGA1	0	1	0	0	0	1.90655157582892	0	0	0	0.560056344547524	0.78017652198046	0.81159918644542	1	0.724441483220177	0.907538256581933	0.952962659573852	1	0.981019439980304	0.999585556693042
ENSFCAG00000003984:FAM151A	0	1	0	0	0	1.92267130999782	0	0	0	0.555446173571094	0.803541466113958	0.814836667649824	1	0.723416150458573	0.907538256581933	0.952962659573852	1	0.981688811275558	0.999585556693042
ENSFCAG00000029020:SLC39A10	0	1	0	0	0	1.91174261999367	0	0	0	0.558564201168346	0.799893670066411	0.816094265374981	1	0.724068175003418	0.907538256581933	0.952962659573852	1	0.981945356562545	0.999585556693042
ENSFCAG00000005030:CTHRC1	1	0	0	0	0	0	0	0	0	0.540023193266838	0.862048224434923	0.816403996677739	1	0.721200051617411	0.907538256581933	0.952962659573852	1	0.982008243064806	0.999585556693042
ENSFCAG00000018329:ASIC2	0	1	0	0	0	1.91097599626508	0	0	0	0.558784111464209	0.800633234080481	0.816448024183655	1	0.724068175003418	0.907538256581933	0.952962659573852	1	0.982017172679033	0.999585556693042
ENSFCAG00000008541:CACNA1C	0	2	0	0	0	1.32446784786954	0	0	0	0.704215254663928	0.610368376795791	0.817191868753217	1	0.818704237784138	0.907538256581933	0.952962659573852	1	0.982167679680045	0.999585556693042
ENSFCAG00000026742:ST6GAL2	0	1	0	0	0	1.93960469625302	0	0	0	0.550676678594866	0.831390041658165	0.818141121086054	1	0.721200051617411	0.907538256581933	0.952962659573852	1	0.982358764924169	0.999585556693042
ENSFCAG00000028876:GLYATL2	1	0	0	0	0	0	0	0	0	0.544148125320464	0.858025633120854	0.818769028513657	1	0.721200051617411	0.907538256581933	0.952962659573852	1	0.982484557886044	0.999585556693042
ENSFCAG00000030877:GPR33	1	0	0	0	0	0	0	0	0	0.537498651962051	0.890510164595603	0.819080684112763	1	0.721200051617411	0.907538256581933	0.952962659573852	1	0.982546815129746	0.999585556693042
ENSFCAG00000003470:CTNNB1	0	1	0	0	0	1.83933905614057	0	0	0	0.580046361828459	0.764805607456532	0.820506824487105	1	0.737709970244919	0.907538256581933	0.952962659573852	1	0.982830192952346	0.999585556693042
ENSFCAG00000002523:LRP4	0	1	0	0	0	0.674004591953818	0	0	0	0.67283644701539	0.643538827208962	0.821829022391538	1	0.799453614278136	0.907538256581933	0.952962659573852	1	0.983090702647989	0.999585556693042
ENSFCAG00000027287:CDH10	0	1	0	0	0	1.83470717387893	0	0	0	0.581471367217751	0.769406067895425	0.822916940153402	1	0.738283578477479	0.907538256581933	0.952962659573852	1	0.983303457272032	0.999585556693042
ENSFCAG00000000015:CEP192	0	1	0	0	0	0.714137877874065	0	0	0	0.721330793782262	0.608918783127723	0.823257054601361	1	0.82832154128465	0.907538256581933	0.952962659573852	1	0.983369675304642	0.999585556693042
ENSFCAG00000036242:CTNNA3	0	1	0	0	0	1.82628013544439	0	0	0	0.584080206789396	0.766495634985687	0.823711050471361	1	0.73957309921604	0.907538256581933	0.952962659573852	1	0.983457846345439	0.999585556693042
ENSFCAG00000005284:DMAP1	0	1	0	0	0	1.84459625845155	0	0	0	0.578436589103708	0.77880842317154	0.823798701530925	1	0.736899049648085	0.907538256581933	0.952962659573852	1	0.983474840332219	0.999585556693042
ENSFCAG00000040814:C1QC	1	0	0	0	0	0	0	0	0	0.541500325571689	0.906967252107892	0.824307401917675	1	0.721200051617411	0.914203692949178	0.952962659573852	1	0.983573284226334	0.999585556693042
ENSFCAG00000003275:FGA	0	1	0	0	0	1.85258635124558	0	0	0	0.576005372863321	0.792151263933697	0.826058657942707	1	0.736352580479543	0.907538256581933	0.952962659573852	1	0.983909788510163	0.999585556693042
ENSFCAG00000003874:DNAJC13	0	1	0	0	0	0.769812630623493	0	0	0	0.784446013161274	0.581233408500224	0.827346476846548	1	0.877006014714227	0.907538256581933	0.952962659573852	1	0.984154873843772	0.999585556693042
ENSFCAG00000029172:KMT5A	0	1	0	0	0	1.88951361239561	0	0	0	0.565004828941987	0.828199764236322	0.827701195736667	1	0.728271846173752	0.907538256581933	0.952962659573852	1	0.984222028292776	0.999585556693042
ENSFCAG00000018903:RFX6	0	1	0	0	0	1.71729865116762	0	0	0	0.619817038711173	0.716518880258567	0.82779585972327	1	0.761592042697065	0.907538256581933	0.952962659573852	1	0.984239924129593	0.999585556693042
ENSFCAG00000024946:ELMO2	1	1	0	0	0	1.81452554822918	0	0	0	0.61140581558669	0.745906887254412	0.828293181025652	1	0.757277543309691	0.907538256581933	0.952962659573852	1	0.984333762876751	0.999585556693042
ENSFCAG00000014132:NRG3	0	1	0	0	0	1.81672180419304	0	0	0	0.587064914630423	0.775586105684656	0.828523753354893	1	0.741658675483101	0.907538256581933	0.952962659573852	1	0.984377167871388	0.999585556693042
ENSFCAG00000013025:ISX	1	0	0	0	0	0	0	0	0	0.555187892801327	0.872420813484685	0.829488455981271	1	0.723416150458573	0.907538256581933	0.952962659573852	1	0.984558076448391	0.999585556693042
ENSFCAG00000006448:ROS1	0	1	0	0	0	0.739192975882746	0	0	0	0.750321727404138	0.604359880152593	0.831216069512053	1	0.850140312963134	0.907538256581933	0.952962659573852	1	0.984879249194463	0.999585556693042
ENSFCAG00000034298:CUX1	0	2	0	0	0	1.3654774725598	0	0	0	0.675361030587843	0.661278125136988	0.832198059321874	1	0.800182146891391	0.907538256581933	0.952962659573852	1	0.98506020541015	0.999585556693042
ENSFCAG00000000219:LRCH4	0	1	0	0	0	1.78617822921496	0	0	0	0.596789301126781	0.767425424392006	0.832214435202247	1	0.749280934633176	0.907538256581933	0.952962659573852	1	0.985063213249578	0.999585556693042
ENSFCAG00000012267:RNF43	0	1	0	0	0	1.78536445010064	0	0	0	0.597052354245961	0.767819290598668	0.832508166444406	1	0.749280934633176	0.907538256581933	0.952962659573852	1	0.985117109608009	0.999585556693042
ENSFCAG00000046348:SH3TC1	1	2	0	0	0	1.44963744593839	0	0	0	0.620928604731908	0.727264777179263	0.832683845241575	1	0.761592042697065	0.907538256581933	0.952962659573852	1	0.985149295148305	0.999585556693042
ENSFCAG00000030043:LRRC8C	0	1	0	0	0	1.85239048731041	0	0	0	0.576064749636371	0.81925958151324	0.833246743930541	1	0.736352580479543	0.907538256581933	0.952962659573852	1	0.985252172381453	0.999585556693042
ENSFCAG00000038577:TMEM192	1	0	0	0	0	0	0	0	0	0.566860671823896	0.849531407624152	0.833619731319866	1	0.728271846173752	0.907538256581933	0.952962659573852	1	0.985320131313082	0.999585556693042
ENSFCAG00000013120:PLXNA4	0	1	0	0	0	0.690824956271589	0	0	0	0.693472590379222	0.65164460643022	0.835610757996621	1	0.813703132364474	0.907538256581933	0.952962659573852	1	0.985680078438264	0.999585556693042
ENSFCAG00000031570:DDX17	0	1	0	0	0	1.74188489684858	0	0	0	0.611416697236848	0.752869855251634	0.836418520821268	1	0.757277543309691	0.907538256581933	0.952962659573852	1	0.985824756186483	0.999585556693042
ENSFCAG00000004415:SCN8A	0	1	0	0	0	0.699055876447374	0	0	0	0.703406441947542	0.645289981576631	0.836589927378567	1	0.818704237784138	0.907538256581933	0.952962659573852	1	0.985855356321111	0.999585556693042
ENSFCAG00000022245:FAT3	0	3	0	0	0	0.945730520109485	0	0	0	0.922288458173656	0.558211418883852	0.838480965374222	1	0.951149185436234	0.907538256581933	0.952962659573852	1	0.986190622048958	0.999585556693042
ENSFCAG00000008327:PXDN	0	1	0	0	0	0.679510312663313	0	0	0	0.679640956565511	0.670414385319065	0.838765562450603	1	0.802442126287628	0.907538256581933	0.952962659573852	1	0.986240709343733	0.999585556693042
ENSFCAG00000005094:CRYBG1	0	2	0	0	0	1.30678813308627	0	0	0	0.717160923370272	0.639128246701217	0.838989857960195	1	0.827212565560588	0.907538256581933	0.952962659573852	1	0.986280115898685	0.999585556693042
ENSFCAG00000025436:CARD6	0	1	0	0	0	1.72480859413321	0	0	0	0.617229238256802	0.777972226990144	0.84819730381982	1	0.761592042697065	0.907538256581933	0.952962659573852	1	0.987846204870691	0.999585556693042
ENSFCAG00000008558:LFNG	0	1	0	0	0	1.77410621508975	0	0	0	0.60071309263609	0.824694037730006	0.850871144359136	1	0.750149133802563	0.907538256581933	0.952962659573852	1	0.98828222126687	0.999585556693042
ENSFCAG00000004347:FAM214A	0	1	0	0	0	1.61413427231398	0	0	0	0.65743709060027	0.725591650157801	0.852207821017523	1	0.788508409295894	0.907538256581933	0.952962659573852	1	0.988497037923317	0.999585556693042
ENSFCAG00000046703:COL19A1	0	1	0	0	0	1.45893903713015	0	0	0	0.722322610539781	0.660091220063695	0.852275466907979	1	0.82832154128465	0.907538256581933	0.952962659573852	1	0.988507853498212	0.999585556693042
ENSFCAG00000028800:PHF20	0	1	0	0	0	1.63465144528466	0	0	0	0.649634201464341	0.736597798437127	0.852356381044837	1	0.786617771102189	0.907538256581933	0.952962659573852	1	0.988520783416948	0.999585556693042
ENSFCAG00000025282:MAN1A1	0	1	0	0	0	1.70562977489921	0	0	0	0.623876792691314	0.78173585879904	0.853330303509781	1	0.76397190445883	0.907538256581933	0.952962659573852	1	0.988675811866763	0.999585556693042
ENSFCAG00000001719:CTNNA1	0	1	0	0	0	1.62894752693676	0	0	0	0.6517867758838	0.737079107954802	0.853693805905617	1	0.786699100854713	0.907538256581933	0.952962659573852	1	0.988733389054324	0.999585556693042
ENSFCAG00000012992:ACSS3	0	1	0	0	0	1.64556187961265	0	0	0	0.64555201779509	0.754032179608058	0.856531667033258	1	0.782925487181885	0.907538256581933	0.952962659573852	1	0.989177577951676	0.999585556693042
ENSFCAG00000012238:CDC42BPG	0	1	0	0	0	0.716469659779935	0	0	0	0.724070098021169	0.668152671834661	0.857101922824116	1	0.828627481557661	0.907538256581933	0.952962659573852	1	0.989265700249985	0.999585556693042
ENSFCAG00000023057:CASD1	0	1	0	0	0	1.62623492570341	0	0	0	0.652814953083924	0.747532868292782	0.858135971721075	1	0.786699100854713	0.907538256581933	0.952962659573852	1	0.989424525461959	0.999585556693042
ENSFCAG00000027520:PUM2	0	1	0	0	0	1.57475655680548	0	0	0	0.672891036819856	0.72421002986547	0.859532412302415	1	0.799453614278136	0.907538256581933	0.952962659573852	1	0.989637035105679	0.999585556693042
ENSFCAG00000022205:ANKIB1	0	1	0	0	0	1.54691517454234	0	0	0	0.684213620697194	0.711219820457439	0.859640155727024	1	0.806584641506179	0.907538256581933	0.952962659573852	1	0.989653337124472	0.999585556693042
ENSFCAG00000004915:RGL3	0	1	0	0	0	1.62811517015385	0	0	0	0.652101962013731	0.757494044481667	0.86131014790895	1	0.786699100854713	0.907538256581933	0.952962659573852	1	0.989904288013862	0.999585556693042
ENSFCAG00000022741:FREM3	0	1	0	0	0	0.71138143811587	0	0	0	0.718081620235972	0.683118188189527	0.862010743830848	1	0.827212565560588	0.907538256581933	0.952962659573852	1	0.990008602562515	0.999585556693042
ENSFCAG00000009383:COL5A3	0	1	0	0	0	0.796469022760205	0	0	0	0.81301700753448	0.624423566699477	0.862582838379045	1	0.886714952102354	0.907538256581933	0.952962659573852	1	0.990093361676933	0.999585556693042
ENSFCAG00000000150:TEAD4	0	1	0	0	0	1.68078785169164	0	0	0	0.632680394198712	0.796820424201771	0.862978378924328	1	0.772257228345609	0.907538256581933	0.952962659573852	1	0.990151741423743	0.999585556693042
ENSFCAG00000043931:HTR5A	0	1	0	0	0	1.72311692190742	0	0	0	0.617810465267251	0.830692352087948	0.863003414099245	1	0.761592042697065	0.907538256581933	0.952962659573852	1	0.990155430385223	0.999585556693042
ENSFCAG00000038657:MANF	1	0	0	0	0	0	0	0	0	0.603584840285491	0.883282806816733	0.864513903831787	1	0.75125994899245	0.907538256581933	0.952962659573852	1	0.990376659742278	0.999585556693042
ENSFCAG00000032381:RIMS1	1	1	0	0	0	0.813940183191599	0	0	0	0.831185635640385	0.621434090077164	0.865323667732767	1	0.896995312121137	0.907538256581933	0.952962659573852	1	0.99049417243848	0.999585556693042
ENSFCAG00000028358:TNRC6C	0	1	0	0	0	0.706219804211962	0	0	0	0.711965187679388	0.699214165626845	0.866921962414815	1	0.822667091861244	0.907538256581933	0.952962659573852	1	0.990723893261055	0.999585556693042
ENSFCAG00000006896:ECPAS	0	1	0	0	0	0.900598388842235	0	0	0	0.915141973927292	0.602036415660023	0.86792957324631	1	0.94842093806617	0.907538256581933	0.952962659573852	1	0.990867201111857	0.999585556693042
ENSFCAG00000005798:PLOD3	0	1	0	0	0	1.57580539461844	0	0	0	0.672471028220232	0.747223610613216	0.868227023702437	1	0.799453614278136	0.907538256581933	0.952962659573852	1	0.990909282429599	0.999585556693042
ENSFCAG00000031349:IL17RA	0	1	0	0	0	1.59583077166445	0	0	0	0.664540679146163	0.760244052558084	0.868846568332277	1	0.794513935004403	0.907538256581933	0.952962659573852	1	0.990996604363103	0.999585556693042
ENSFCAG00000040667:ZNF853	0	1	0	0	0	1.60431154323514	0	0	0	0.66123232812184	0.774337755441033	0.87186987036264	1	0.791807432411303	0.907538256581933	0.952962659573852	1	0.991416392596556	0.999585556693042
ENSFCAG00000027251:NFASC	0	1	0	0	0	0.818611549160472	0	0	0	0.835970215802735	0.632620989236614	0.873107466222151	1	0.897543092887356	0.907538256581933	0.952962659573852	1	0.991585207721703	0.999585556693042
ENSFCAG00000010356:MSLNL	1	1	0	0	0	1.63462406480675	0	0	0	0.654717975273954	0.795936102648683	0.873635588697336	1	0.787740040091519	0.907538256581933	0.952962659573852	1	0.99165671246991	0.999585556693042
ENSFCAG00000003997:PPP4R1	0	1	0	0	0	1.54314929977455	0	0	0	0.685771221414251	0.744430080733588	0.87372788296281	1	0.807165505950314	0.907538256581933	0.952962659573852	1	0.991669175806002	0.999585556693042
ENSFCAG00000009451:PRPF40B	0	1	0	0	0	1.4889968686537	0	0	0	0.708886723703967	0.721003112040921	0.875060249057646	1	0.821534354179531	0.907538256581933	0.952962659573852	1	0.99184801161282	0.999585556693042
ENSFCAG00000015646:DAAM1	0	1	0	0	0	1.46320691368752	0	0	0	0.72038745794458	0.713435846803155	0.876783185315471	1	0.82832154128465	0.907538256581933	0.952962659573852	1	0.992076263998062	0.999585556693042
ENSFCAG00000007320:SBNO2	0	1	0	0	0	0.751256301905037	0	0	0	0.763935144374624	0.679382268004879	0.877651001700671	1	0.859143678688375	0.907538256581933	0.952962659573852	1	0.992189948653497	0.999585556693042
ENSFCAG00000006147:ANO4	0	1	0	0	0	1.35003274818768	0	0	0	0.775002359298994	0.672190991152663	0.877764814013548	1	0.869011521225795	0.907538256581933	0.952962659573852	1	0.992204794493245	0.999585556693042
ENSFCAG00000012993:PPFIA2	0	1	0	0	0	1.31893956620724	0	0	0	0.791299198827331	0.663429155980937	0.878354247653604	1	0.879774596543249	0.907538256581933	0.952962659573852	1	0.99228144497644	0.999585556693042
ENSFCAG00000010900:SMG7	0	1	0	0	0	1.49633294191462	0	0	0	0.705674655890168	0.732899358920577	0.878489853889193	1	0.819144546959797	0.907538256581933	0.952962659573852	1	0.992299023355948	0.999585556693042
ENSFCAG00000000976:PLXNA1	0	2	0	0	0	1.00558774766829	0	0	0	0.993718350954936	0.61130438308814	0.878823741821143	1	0.993718350954936	0.907538256581933	0.952962659573852	1	0.992342215402557	0.999585556693042
ENSFCAG00000044475:WFIKKN1	0	1	0	0	0	1.64801388187303	0	0	0	0.644640904827959	0.831238533761698	0.878911986788925	1	0.782925487181885	0.907538256581933	0.952962659573852	1	0.992353609656161	0.999585556693042
ENSFCAG00000004659:EML1	0	1	0	0	0	1.48669246852951	0	0	0	0.709901058031125	0.7330671148697	0.880429943869858	1	0.821534354179531	0.907538256581933	0.952962659573852	1	0.992548223090851	0.999585556693042
ENSFCAG00000010627:CC2D2A	0	1	0	0	0	0.910787954127375	0	0	0	0.924375626555024	0.62206585147152	0.881621396382891	1	0.952006419740093	0.907538256581933	0.952962659573852	1	0.992699142703331	0.999585556693042
ENSFCAG00000004443:TTC6	0	1	0	0	0	0.835458422956626	0	0	0	0.852972938395797	0.644728114977284	0.883840414682117	1	0.910638714512696	0.907538256581933	0.952962659573852	1	0.992975932257936	0.999585556693042
ENSFCAG00000013463:THADA	0	1	0	0	0	0.865058373230956	0	0	0	0.881911323099127	0.639329299360228	0.886172840445561	1	0.92716890833445	0.907538256581933	0.952962659573852	1	0.99326086240296	0.999585556693042
ENSFCAG00000012377:ATP11C	0	1	0	0	0	1.36593529360263	0	0	0	0.766893683405527	0.695861485668191	0.88661449369576	1	0.861193202994651	0.907538256581933	0.952962659573852	1	0.993314123187089	0.999585556693042
ENSFCAG00000004101:MORC2	0	1	0	0	0	1.34207149498085	0	0	0	0.779118611415544	0.687617765015413	0.886770295863288	1	0.872336643209723	0.907538256581933	0.952962659573852	1	0.993332859511862	0.999585556693042
ENSFCAG00000029344:SAMD9L	2	1	0	0	0	0.72825648349729	0	0	0	0.792725658890553	0.662886444776574	0.8870802387473	1	0.879774596543249	0.907538256581933	0.952962659573852	1	0.99337005097143	0.999585556693042
ENSFCAG00000021985:SI	0	1	0	0	0	0.975292143030226	0	0	0	0.97995687538797	0.626141972657653	0.887825502784141	1	0.98515558560223	0.907538256581933	0.952962659573852	1	0.993459035416783	0.999585556693042
ENSFCAG00000002868:ARHGEF17	0	2	0	0	0	1.17892741425365	0	0	0	0.820756713230344	0.665799379466783	0.887856682707233	1	0.891308866230088	0.907538256581933	0.952962659573852	1	0.993462744658436	0.999585556693042
ENSFCAG00000009737:XPO5	0	1	0	0	0	1.3099730252831	0	0	0	0.796110869881429	0.684689731456647	0.890628167108115	1	0.880483342590613	0.907538256581933	0.952962659573852	1	0.993788077548313	0.999585556693042
ENSFCAG00000006394:LRRC53	0	1	0	0	0	1.50867261538856	0	0	0	0.700329745390746	0.777468246200611	0.892256594424241	1	0.817883174025736	0.907538256581933	0.952962659573852	1	0.993975207645733	0.999585556693042
ENSFCAG00000012149:MAP4K4	0	1	0	0	0	1.20082745128436	0	0	0	0.859041138974859	0.657805776316656	0.892374001448499	1	0.914540987841212	0.907538256581933	0.952962659573852	1	0.993988584501519	0.999585556693042
ENSFCAG00000006408:HOXB3	2	1	0	0	0	1.71401105292029	0	0	0	0.67098927487077	0.841726627530858	0.892779950010724	1	0.799453614278136	0.907538256581933	0.952962659573852	1	0.994034717523322	0.999585556693042
ENSFCAG00000011627:TP73	0	1	0	0	0	1.45256548987105	0	0	0	0.725229726451316	0.75057308611438	0.893781922684937	1	0.828627481557661	0.907538256581933	0.952962659573852	1	0.994147794349526	0.999585556693042
ENSFCAG00000026524:AOX1	0	1	0	0	0	1.2613293923901	0	0	0	0.823130960783371	0.676414027960322	0.893976441765319	1	0.891947696658011	0.907538256581933	0.952962659573852	1	0.994169616406002	0.999585556693042
ENSFCAG00000010985:SEMA6D	0	1	0	0	0	1.43088571883789	0	0	0	0.735275208665426	0.751519755583562	0.898264534910013	1	0.836844757009599	0.907538256581933	0.952962659573852	1	0.994639940274783	0.999585556693042
ENSFCAG00000008617:HECW2	0	1	0	0	0	0.902247272752517	0	0	0	0.916644885041964	0.65187553110915	0.898302134295284	1	0.94842093806617	0.907538256581933	0.952962659573852	1	0.994643973551184	0.999585556693042
ENSFCAG00000005918:ACSBG1	0	1	0	0	0	1.44878890814305	0	0	0	0.726962104532776	0.762880366737334	0.899000890320412	1	0.828627481557661	0.907538256581933	0.952962659573852	1	0.994718642608926	0.999585556693042
ENSFCAG00000000069:SEC24B	0	1	0	0	0	1.3276196873761	0	0	0	0.786689578196942	0.709914242863282	0.899607520478511	1	0.878024364321517	0.907538256581933	0.952962659573852	1	0.994783026656957	0.999585556693042
ENSFCAG00000004770:PTPRT	0	1	0	0	0	0.859577531120552	0	0	0	0.876641210570532	0.665009322310088	0.899608433144781	1	0.925479161020144	0.907538256581933	0.952962659573852	1	0.994783123213573	0.999585556693042
ENSFCAG00000009513:KCNB1	0	1	0	0	0	1.50630194045391	0	0	0	0.701351006750301	0.803361987695861	0.900743059250522	1	0.817883174025736	0.907538256581933	0.952962659573852	1	0.994902446539421	0.999585556693042
ENSFCAG00000002493:WDR17	0	1	0	0	0	1.23081350425371	0	0	0	0.840910310100078	0.683342370704667	0.901820357950022	1	0.901570035439687	0.907538256581933	0.952962659573852	1	0.995014418238116	0.999585556693042
ENSFCAG00000002654:ADGRB3	0	1	0	0	0	1.12441230074016	0	0	0	0.908434877893241	0.66446250735312	0.904215114030255	1	0.944572890868418	0.907538256581933	0.952962659573852	1	0.995258715394407	0.999585556693042
ENSFCAG00000009340:MAGI1	0	1	0	0	0	0.862215830187351	0	0	0	0.879183013128104	0.678657665950433	0.907217404811194	1	0.92687166057177	0.907538256581933	0.952962659573852	1	0.995556031227484	0.999585556693042
ENSFCAG00000006258:DHX57	0	1	0	0	0	1.13562450344463	0	0	0	0.900885352711394	0.67350418738242	0.907991101817823	1	0.942487362274459	0.907538256581933	0.952962659573852	1	0.995631038730632	0.999585556693042
ENSFCAG00000015679:ABCA6	0	1	0	0	0	1.17603239058608	0	0	0	0.874551055218115	0.682884285472106	0.908544265053879	1	0.924560250844255	0.907538256581933	0.952962659573852	1	0.995684261969594	0.999585556693042
ENSFCAG00000001981:TTF2	0	1	0	0	0	1.27239180904174	0	0	0	0.816846690944127	0.710263012954554	0.908621125483898	1	0.889611769735127	0.907538256581933	0.952962659573852	1	0.995691630530723	0.999585556693042
ENSFCAG00000001120:PIGO	0	1	0	0	0	1.40793285907101	0	0	0	0.746181853687026	0.770337529708625	0.909376322631473	1	0.846715336968212	0.907538256581933	0.952962659573852	1	0.995763685111909	0.999585556693042
ENSFCAG00000035096:NRXN3	1	1	0	0	0	0.816290467011004	0	0	0	0.833596711701565	0.704220482737919	0.910165922005994	1	0.896995312121137	0.907538256581933	0.952962659573852	1	0.995838351410438	0.999585556693042
ENSFCAG00000001138:PLCB2	0	1	0	0	0	1.13477199414651	0	0	0	0.901455590565941	0.678521340086525	0.910680100148607	1	0.942487362274459	0.907538256581933	0.952962659573852	1	0.995886604948465	0.999585556693042
ENSFCAG00000012753:NPR2	0	1	0	0	0	1.29370571438261	0	0	0	0.804972259900086	0.724046571522562	0.911368208886079	1	0.881747070815412	0.907538256581933	0.952962659573852	1	0.995950726974654	0.999585556693042
ENSFCAG00000030573:ATAD2B	0	1	0	0	0	1.10687582416779	0	0	0	0.920462045283434	0.677685218163258	0.912691998911367	1	0.950558896900331	0.907538256581933	0.952962659573852	1	0.996072624695677	0.999585556693042
ENSFCAG00000005392:EIF3B	0	1	0	0	0	1.31012345507909	0	0	0	0.796029722931412	0.734261948261356	0.912994574643755	1	0.880483342590613	0.907538256581933	0.952962659573852	1	0.996100216898704	0.999585556693042
ENSFCAG00000012285:SULF1	0	1	0	0	0	1.25251773296664	0	0	0	0.828197205495707	0.714704592935113	0.91360296953621	1	0.895539916926885	0.907538256581933	0.952962659573852	1	0.996155393587157	0.999585556693042
ENSFCAG00000012336:MYCBPAP	0	1	0	0	0	1.2993686339117	0	0	0	0.801867958555579	0.733606207704379	0.914483277459156	1	0.880483342590613	0.907538256581933	0.952962659573852	1	0.996234513520795	0.999585556693042
ENSFCAG00000001367:PCDHB4	0	1	0	0	0	1.44962355837729	0	0	0	0.726578606721335	0.812705926351249	0.914655613961508	1	0.828627481557661	0.907538256581933	0.952962659573852	1	0.996249903493942	0.999585556693042
ENSFCAG00000004510:VARS1	0	1	0	0	0	0.984819725420537	0	0	0	0.987764303821158	0.673520618699736	0.914961463456448	1	0.989069144381027	0.907538256581933	0.952962659573852	1	0.996277136482095	0.999585556693042
ENSFCAG00000004072:CGN	0	1	0	0	0	1.09293351352063	0	0	0	0.930219665571178	0.680270389047906	0.915078955032499	1	0.954774090523611	0.907538256581933	0.952962659573852	1	0.996287570806515	0.999585556693042
ENSFCAG00000028255:PHLDB2	0	1	0	0	0	1.21581368449557	0	0	0	0.849895994230812	0.706689687933087	0.915110036698805	1	0.90863351710431	0.907538256581933	0.952962659573852	1	0.996290328618891	0.999585556693042
ENSFCAG00000038954:TTLL4	0	1	0	0	0	1.2420669458526	0	0	0	0.834276642540108	0.715035355101374	0.915270015207104	1	0.896995312121137	0.907538256581933	0.952962659573852	1	0.996304506483485	0.999585556693042
ENSFCAG00000031292:ATXN7	0	1	0	0	0	1.39042798547178	0	0	0	0.754693407419161	0.778105044356232	0.915287335722908	1	0.852042275128712	0.907538256581933	0.952962659573852	1	0.996306039811535	0.999585556693042
ENSFCAG00000009031:NRXN1	0	1	0	0	0	0.91800864387082	0	0	0	0.930841758439247	0.683076809826583	0.916578708470084	1	0.954774090523611	0.907538256581933	0.952962659573852	1	0.996419437989902	0.999585556693042
ENSFCAG00000012340:ABCC3	0	1	0	0	0	0.929695249799754	0	0	0	0.941173506975022	0.682557509080911	0.917270006908429	1	0.95888376113853	0.907538256581933	0.952962659573852	1	0.996479394526542	0.999585556693042
ENSFCAG00000029507:SNRK	0	1	0	0	0	1.41661148710887	0	0	0	0.742024563202989	0.800189103675121	0.917403393614035	1	0.843260298212692	0.907538256581933	0.952962659573852	1	0.996490903224758	0.999585556693042
ENSFCAG00000009279:CARMIL2	0	1	0	0	0	0.941318266874903	0	0	0	0.951287784216457	0.681698382536064	0.917616155458952	1	0.96415042153492	0.907538256581933	0.952962659573852	1	0.996509220327703	0.999585556693042
ENSFCAG00000006514:OGDHL	0	1	0	0	0	1.30065675015444	0	0	0	0.801164761250027	0.742592772885439	0.917922678644922	1	0.880483342590613	0.907538256581933	0.952962659573852	1	0.996535522807721	0.999585556693042
ENSFCAG00000022585:SEMA4B	0	1	0	0	0	1.3166144357857	0	0	0	0.79254201919745	0.752856386208901	0.9192835821099	1	0.879774596543249	0.907538256581933	0.952962659573852	1	0.99665106513243	0.999585556693042
ENSFCAG00000012132:SCUBE1	0	1	0	0	0	1.08993583795454	0	0	0	0.932340657721435	0.690584474854066	0.920506963846569	1	0.955019214260605	0.907538256581933	0.952962659573852	1	0.996753212030157	0.999585556693042
ENSFCAG00000032620:ADAMTS19	0	1	0	0	0	1.12669973165684	0	0	0	0.906885895521433	0.697787214751287	0.921057594088056	1	0.944572890868418	0.907538256581933	0.952962659573852	1	0.996798656470101	0.999585556693042
ENSFCAG00000004594:CAMSAP2	0	1	0	0	0	1.11167947404705	0	0	0	0.917140564119397	0.696142963611013	0.921576472837343	1	0.94842093806617	0.907538256581933	0.952962659573852	1	0.996841179148014	0.999585556693042
ENSFCAG00000014583:DHX37	0	1	0	0	0	0.949467130234074	0	0	0	0.958284543334876	0.6898274226708	0.922189904790181	1	0.968506245130448	0.907538256581933	0.952962659573852	1	0.996891073724838	0.999585556693042
ENSFCAG00000023866:PTPN14	0	1	0	0	0	1.07858951342691	0	0	0	0.940443729794648	0.694050266132114	0.922969786570378	1	0.95888376113853	0.907538256581933	0.952962659573852	1	0.996953917677266	0.999585556693042
ENSFCAG00000000909:EEF2	0	1	0	0	0	1.28884137770566	0	0	0	0.807655615784772	0.75105446542974	0.923155230418295	1	0.882136825309592	0.907538256581933	0.952962659573852	1	0.996968764001163	0.999585556693042
ENSFCAG00000005277:GARRE1	0	1	0	0	0	1.30081716409898	0	0	0	0.801077265014614	0.758501614542365	0.924037474539265	1	0.880483342590613	0.907538256581933	0.952962659573852	1	0.997038884930441	0.999585556693042
ENSFCAG00000007138:IGSF9B	0	1	0	0	0	0.93607477465132	0	0	0	0.946744652503124	0.697597111397929	0.925221016325575	1	0.961973789004514	0.907538256581933	0.952962659573852	1	0.997131630230577	0.999585556693042
ENSFCAG00000013553:ABTB1	0	1	0	0	0	1.29792565888447	0	0	0	0.80265697853577	0.762677320173556	0.926057001624941	1	0.880483342590613	0.907538256581933	0.952962659573852	1	0.997196227645167	0.999585556693042
ENSFCAG00000014978:NLRP12	0	1	0	0	0	1.26033775558517	0	0	0	0.823698400607662	0.750612447305267	0.927440711138598	1	0.891947696658011	0.907538256581933	0.952962659573852	1	0.997301490252235	0.999585556693042
ENSFCAG00000036792:PCDHB6	0	1	0	0	0	1.38904621513518	0	0	0	0.755372571090362	0.818382865012895	0.927836543879442	1	0.852042275128712	0.907538256581933	0.952962659573852	1	0.997331222452586	0.999585556693042
ENSFCAG00000008917:YTHDF1	0	1	0	0	0	1.38974863027952	0	0	0	0.755027187453268	0.819133120428115	0.927910316770858	1	0.852042275128712	0.907538256581933	0.952962659573852	1	0.997336745087217	0.999585556693042
ENSFCAG00000003068:CDHR2	0	1	0	0	0	1.07130160209021	0	0	0	0.945711809912698	0.70441487040689	0.928413357311476	1	0.961973789004514	0.907538256581933	0.952962659573852	1	0.997374246347166	0.999585556693042
ENSFCAG00000014322:MTUS2	0	1	0	0	0	0.875374502145872	0	0	0	0.891724108344814	0.719961486871219	0.9291087087878	1	0.934891942082115	0.907538256581933	0.952962659573852	1	0.997425635482317	0.999585556693042
ENSFCAG00000018141:CPD	0	1	0	0	0	1.04016206175603	0	0	0	0.968794876384651	0.704491092396502	0.929892633900021	1	0.976524622738783	0.907538256581933	0.952962659573852	1	0.997482946506326	0.999585556693042
ENSFCAG00000014358:AEBP1	0	1	0	0	0	1.02277333200019	0	0	0	0.98210200035209	0.704768525101688	0.930502073477804	1	0.986004392406469	0.907538256581933	0.952962659573852	1	0.99752704465523	0.999585556693042
ENSFCAG00000007142:TJP3	0	1	0	0	0	1.06346753469213	0	0	0	0.951430758981689	0.708711341049022	0.930867082284033	1	0.96415042153492	0.907538256581933	0.952962659573852	1	0.997553265013472	0.999585556693042
ENSFCAG00000008065:ZFAT	0	1	0	0	0	0.924966580378022	0	0	0	0.937012793860911	0.712051247955545	0.931237589608691	1	0.957217921491335	0.907538256581933	0.952962659573852	1	0.997579733980836	0.999585556693042
ENSFCAG00000009278:RIPOR1	0	1	0	0	0	1.17983249582475	0	0	0	0.87214272761311	0.734353126944852	0.931903085291966	1	0.924560250844255	0.907538256581933	0.952962659573852	1	0.997626906712766	0.999585556693042
ENSFCAG00000009665:ADARB1	0	1	0	0	0	1.3257593048083	0	0	0	0.787673572214553	0.796757139497603	0.932920664978472	1	0.878024364321517	0.907538256581933	0.952962659573852	1	0.99769811763671	0.999585556693042
ENSFCAG00000044239:ZSWIM5	0	1	0	0	0	1.16634648907035	0	0	0	0.880741693232873	0.735830664235631	0.934104559450359	1	0.92716890833445	0.907538256581933	0.952962659573852	1	0.997779570609244	0.999585556693042
ENSFCAG00000014331:CILP2	0	1	0	0	0	0.856237187650597	0	0	0	0.873409825230004	0.745653348147651	0.936783812827817	1	0.924560250844255	0.907538256581933	0.954034962618631	1	0.997958368276334	0.999585556693042
ENSFCAG00000006669:SLC4A3	0	1	0	0	0	0.957162403197	0	0	0	0.964821483034119	0.722144755056261	0.937821099857866	1	0.973814492862666	0.907538256581933	0.954034962618631	1	0.998025531893317	0.999585556693042
ENSFCAG00000012130:TTLL12	0	1	0	0	0	1.20545047164366	0	0	0	0.856201887237601	0.760162696769496	0.93893150674604	1	0.912800324227991	0.907538256581933	0.954034962618631	1	0.998096158537873	0.999585556693042
ENSFCAG00000009535:BRD9	0	1	0	0	0	1.06090647818129	0	0	0	0.953313081781855	0.732090423336744	0.941468582821547	1	0.964768112137044	0.907538256581933	0.95484748168866	1	0.998252602047208	0.999585556693042
ENSFCAG00000007888:RIN3	0	1	0	0	0	1.18102631279183	0	0	0	0.87138850466708	0.762708592348706	0.943004135296233	1	0.924560250844255	0.907538256581933	0.95484748168866	1	0.998343966244123	0.999585556693042
ENSFCAG00000011298:ATXN1	0	1	0	0	0	1.30657063981491	0	0	0	0.79795010925731	0.821746686741411	0.943510242460166	1	0.880483342590613	0.907538256581933	0.95484748168866	1	0.998373531157494	0.999585556693042
ENSFCAG00000000631:DLGAP2	0	1	0	0	0	1.03227991040387	0	0	0	0.974789027682923	0.737244571079779	0.944800971743522	1	0.981261730389981	0.907538256581933	0.954878848775453	1	0.998447702097775	0.999585556693042
ENSFCAG00000012468:RNPEPL1	0	1	0	0	0	1.12613219325764	0	0	0	0.907269794000209	0.756442979447298	0.946596606816462	1	0.944572890868418	0.907538256581933	0.955419744296775	1	0.998547954765904	0.999585556693042
ENSFCAG00000021944:APCDD1	0	1	0	0	0	1.24428893351606	0	0	0	0.832977578521045	0.803623513021806	0.948235798201899	1	0.896995312121137	0.907538256581933	0.955801509357766	1	0.998636498821556	0.999585556693042
ENSFCAG00000041884:RASSF10	0	1	0	0	0	1.21653067544605	0	0	0	0.84946269213504	0.80167724453043	0.95165021215075	1	0.90863351710431	0.907538256581933	0.957969270664368	1	0.998811842051761	0.999585556693042
ENSFCAG00000013438:PCDH19	0	1	0	0	0	1.08594292413943	0	0	0	0.935178642275179	0.768211094773897	0.954339275822512	1	0.956633482921168	0.907538256581933	0.958940085567114	1	0.998941310309139	0.999585556693042
ENSFCAG00000022250:ZNF574	0	1	0	0	0	1.1608244567573	0	0	0	0.88430493194232	0.790450299971229	0.955144808183603	1	0.928397698631965	0.907538256581933	0.958940085567114	1	0.99897861782975	0.999585556693042
ENSFCAG00000013985:KL	0	1	0	0	0	1.12452322377129	0	0	0	0.908359659495087	0.783360047863967	0.956550470357058	1	0.944572890868418	0.907538256581933	0.959081027156944	1	0.999042093094268	0.999585556693042
ENSFCAG00000039311:KIAA1522	0	1	0	0	0	0.984436054397044	0	0	0	0.987451825373383	0.783566681559798	0.962860642960285	1	0.989069144381027	0.907538256581933	0.964132585685463	1	0.999301633993841	0.999585556693042
ENSFCAG00000042894:NKPD1	0	1	0	0	0	1.09339205935164	0	0	0	0.92989594817253	0.822366892735488	0.971348090784612	1	0.954774090523611	0.907538256581933	0.971348090784612	1	0.999585556693042	0.999585556693042
