gene_name	n_syn	n_mis	n_non	n_spl	n_ind	wmis_cv	wnon_cv	wspl_cv	wind_cv	pmis_cv	ptrunc_cv	pallsubs_cv	pind_cv	qmis_cv	qtrunc_cv	qallsubs_cv	qind_cv	pglobal_cv	qglobal_cv
ENSFCAG00000023460:ELF4	0	1	0	0	1	33.3329470602978	0	0	116.857207890744	0.0242999834787201	0.951118366995774	0.0789906609129449	0.00852078975025259	0.913157550531886	0.985758723819555	0.996291872718248	1	0.00558889277350705	0.99999311638232
ENSFCAG00000009047:CD274	0	2	0	0	0	131.773474534225	0	0	0	0.000186390135088255	0.965037535113618	0.000925275190803321	1	0.100881711856308	0.985758723819555	0.484038168100632	1	0.00738871042301048	0.99999311638232
ENSFCAG00000002154:STAT3	0	1	0	0	1	25.1034688007847	0	0	99.881841763943	0.0333897582502261	0.927507240286244	0.103624655443954	0.00996167062439887	0.913157550531886	0.985758723819555	0.996291872718248	1	0.00813018559905898	0.99999311638232
ENSFCAG00000001953:JAK1	0	3	0	0	0	52.5922218653484	0	0	0	0.000224680872731198	0.923292271519685	0.00107803600913281	1	0.100881711856308	0.985758723819555	0.484038168100632	1	0.00844384037252288	0.99999311638232
ENSFCAG00000003659:DNMT3A	0	1	0	0	1	17.079450805032	0	0	72.9942180094787	0.0514718801018562	0.924555721976164	0.149432624478518	0.013605913830714	0.913157550531886	0.985758723819555	0.996291872718248	1	0.0146350651534997	0.99999311638232
ENSFCAG00000041416:IRS2	0	0	1	0	0	0	754.220651843291	754.220651843291	0	0.679475519317421	0.000794506864150502	0.00330483326722386	1	0.913157550531886	0.662774757205492	0.989246757989009	1	0.0221832612177889	0.99999311638232
ENSFCAG00000023466:POT1	0	2	0	0	0	55.3386325788174	0	0	0	0.00108254282654696	0.930006657014049	0.00472954852527474	1	0.300812995414211	0.985758723819555	0.996291872718248	1	0.0300511991212323	0.99999311638232
ENSFCAG00000028112:STAT5B	0	2	0	0	0	49.5447302275888	0	0	0	0.00133992425574259	0.92644269318178	0.00575327814349147	1	0.300812995414211	0.985758723819555	0.996291872718248	1	0.0354286032396064	0.99999311638232
ENSFCAG00000025854:CASP8	0	0	0	0	1	0	0	0	160.435208333333	0.834502761790275	0.952219886525992	0.976655725617149	0.00621357986905863	0.913157550531886	0.985758723819555	0.996291872718248	1	0.0370461757759342	0.99999311638232
ENSFCAG00000002457:TBL1XR1	0	0	0	0	1	0	0	0	143.941869158879	0.824575411838114	0.941084122167288	0.973070615833435	0.00692307231551937	0.913157550531886	0.985758723819555	0.996291872718248	1	0.0404211380795819	0.99999311638232
ENSFCAG00000039893:CHN1	0	0	1	0	0	0	339.039447880783	339.039447880783	0	0.815406532563978	0.00188515218665875	0.00777908102596303	1	0.913157550531886	0.662774757205492	0.996291872718248	1	0.0455567649843388	0.99999311638232
ENSFCAG00000000620:FBXW7	0	0	0	1	0	0	258.010554387473	258.010554387473	0	0.793527640404462	0.00253694893477641	0.0101414096878235	1	0.913157550531886	0.662774757205492	0.996291872718248	1	0.0567019223831013	0.99999311638232
ENSFCAG00000011321:INPP5D	0	0	1	0	0	0	199.845003808932	199.845003808932	0	0.726413544589347	0.00335224448232918	0.0127304176015254	1	0.913157550531886	0.662774757205492	0.996291872718248	1	0.0682829182395608	0.99999311638232
ENSFCAG00000013185:SETD1B	0	0	0	0	1	0	0	0	72.1732895970009	0.737921084371501	0.946353295510541	0.943418876657539	0.013759598982602	0.913157550531886	0.985758723819555	0.996291872718248	1	0.0693742339578798	0.99999311638232
ENSFCAG00000005090:AMER1	0	0	0	0	1	0	0	0	67.9690203000883	0.749849738012732	0.936744205217818	0.947453055566952	0.0146044376128804	0.913157550531886	0.985758723819555	0.996291872718248	1	0.0730651024322789	0.99999311638232
ENSFCAG00000034298:CUX1	0	0	1	0	0	0	167.56225473723	167.56225473723	0	0.662739587675307	0.00406478386650655	0.0146629808680037	1	0.913157550531886	0.662774757205492	0.996291872718248	1	0.0765763804671183	0.99999311638232
ENSFCAG00000012814:ARID1A	0	0	1	0	0	0	154.961331363632	154.961331363632	0	0.626604359698553	0.00442833913500329	0.0154835720237058	1	0.913157550531886	0.662774757205492	0.996291872718248	1	0.08001872375952	0.99999311638232
ENSFCAG00000000916:BRD4	0	0	0	0	1	0	0	0	56.5410425844347	0.706659358209121	0.92266222817599	0.927251298253343	0.017530140360681	0.913157550531886	0.985758723819555	0.996291872718248	1	0.0832144742385519	0.99999311638232
ENSFCAG00000014299:GRIN2A	0	2	0	0	0	25.6026773544478	0	0	0	0.00473836732424548	0.929873967301574	0.018317038752694	1	0.703176785274237	0.985758723819555	0.996291872718248	1	0.0915837938460157	0.99999311638232
ENSFCAG00000035249:EIF1AX	0	1	0	0	0	144.661109047119	0	0	0	0.00477534229596066	0.962865777014228	0.0186410275750056	1	0.703176785274237	0.985758723819555	0.996291872718248	1	0.092876875788771	0.99999311638232
ENSFCAG00000033312:FHIT	0	1	0	0	0	127.59325403789	0	0	0	0.00548133351550073	0.967185631356299	0.0211200788483811	1	0.703176785274237	0.985758723819555	0.996291872718248	1	0.102591439561671	0.99999311638232
ENSFCAG00000023517:NOTCH1	0	0	0	0	1	0	0	0	30.2707940251572	0.569774042538106	0.891586344824507	0.842974286803734	0.0324932325410352	0.913157550531886	0.985758723819555	0.996291872718248	1	0.125931094085979	0.99999311638232
ENSFCAG00000000864:AFDN	0	2	0	0	0	19.100651271179	0	0	0	0.00809795669131297	0.908749295981481	0.0294878792696054	1	0.908995638599881	0.985758723819555	0.996291872718248	1	0.13339655971346	0.99999311638232
ENSFCAG00000010165:SPEN	0	0	0	0	1	0	0	0	20.9320195705355	0.536013009761184	0.888247374703114	0.817615623381094	0.0466459408945838	0.913157550531886	0.985758723819555	0.996291872718248	1	0.162718929675765	0.99999311638232
ENSFCAG00000001819:LRRK2	0	2	0	0	0	16.2924235133155	0	0	0	0.0111961183548691	0.872939811787977	0.0387273817076329	1	0.913157550531886	0.985758723819555	0.996291872718248	1	0.164638170095083	0.99999311638232
ENSFCAG00000031745:KLF6	0	1	0	0	0	66.6040210133322	0	0	0	0.0112362954317243	0.968167752992856	0.0401723906125793	1	0.913157550531886	0.985758723819555	0.996291872718248	1	0.169309566020971	0.99999311638232
ENSFCAG00000041934:SOCS1	0	1	0	0	0	63.9715660868607	0	0	0	0.0117504347748717	0.976568622802236	0.0418149235508301	1	0.913157550531886	0.985758723819555	0.996291872718248	1	0.174556481174124	0.99999311638232
ENSFCAG00000023702:PIM1	0	1	0	0	0	58.1314639060064	0	0	0	0.0130684587243188	0.959649856377279	0.045904630823704	1	0.913157550531886	0.985758723819555	0.996291872718248	1	0.187345487109856	0.99999311638232
ENSFCAG00000033201:NEGR1	0	1	0	0	0	54.2287343362615	0	0	0	0.0141182024733084	0.954688973971028	0.0491309764460068	1	0.913157550531886	0.985758723819555	0.996291872718248	1	0.197175655614367	0.99999311638232
ENSFCAG00000003944:PTPN1	0	1	0	0	0	46.1290217335955	0	0	0	0.0169046975454916	0.947333552910291	0.0575384252617538	1	0.913157550531886	0.985758723819555	0.996291872718248	1	0.221828022614042	0.99999311638232
ENSFCAG00000006788:ACTB	0	1	0	0	0	43.0438075360431	0	0	0	0.0182613612905879	0.966322698865823	0.0616463152782585	1	0.913157550531886	0.985758723819555	0.996291872718248	1	0.233414021559608	0.99999311638232
ENSFCAG00000006154:GATA2	0	1	0	0	0	37.1352380543706	0	0	0	0.0215347377688296	0.96311416518683	0.0711785137387463	1	0.913157550531886	0.985758723819555	0.996291872718248	1	0.259272311608326	0.99999311638232
ENSFCAG00000009623:TP53	0	1	0	0	0	35.7407730519754	0	0	0	0.0224761655048817	0.945278553133599	0.0737830012894445	1	0.913157550531886	0.985758723819555	0.996291872718248	1	0.266107757857978	0.99999311638232
ENSFCAG00000041932:RUNX2	0	1	0	0	0	32.8013210591303	0	0	0	0.0247411861086682	0.946892241727084	0.0802046481316456	1	0.913157550531886	0.985758723819555	0.996291872718248	1	0.282574915660315	0.99999311638232
ENSFCAG00000009739:ELL	0	1	0	0	0	28.8234677728238	0	0	0	0.0285960643833229	0.939406512251737	0.0908293268380829	1	0.913157550531886	0.985758723819555	0.996291872718248	1	0.308708269362661	0.99999311638232
ENSFCAG00000008554:HGF	0	1	0	0	0	28.5530626906098	0	0	0	0.0288997809149377	0.924389776195526	0.0915115341867045	1	0.913157550531886	0.985758723819555	0.996291872718248	1	0.31034217437833	0.99999311638232
ENSFCAG00000000765:FOXO1	0	1	0	0	0	27.079819652012	0	0	0	0.0306683224292984	0.960308620786974	0.0966214030748658	1	0.913157550531886	0.985758723819555	0.996291872718248	1	0.322421273941483	0.99999311638232
ENSFCAG00000014937:KEL	0	1	0	0	0	25.7283675489208	0	0	0	0.0324810881419854	0.926716631539375	0.10119644712254	1	0.913157550531886	0.985758723819555	0.996291872718248	1	0.333006301555139	0.99999311638232
ENSFCAG00000045801:ZBTB7A	0	1	0	0	0	25.3545949458021	0	0	0	0.033018857810386	0.968717279731389	0.102985245557631	1	0.913157550531886	0.985758723819555	0.996291872718248	1	0.337088169655281	0.99999311638232
ENSFCAG00000003320:CDH11	0	1	0	0	0	25.2775431171958	0	0	0	0.0331318245122582	0.943250102173174	0.103104641045641	1	0.913157550531886	0.985758723819555	0.996291872718248	1	0.337359506659213	0.99999311638232
ENSFCAG00000013487:GPHN	0	1	0	0	0	24.3357270043245	0	0	0	0.0345743329145074	0.919881177384051	0.106661407716338	1	0.913157550531886	0.985758723819555	0.996291872718248	1	0.34537986442596	0.99999311638232
ENSFCAG00000008898:CD22	0	1	0	0	0	23.8265433419019	0	0	0	0.0354048991575057	0.935931102612567	0.109044295982507	1	0.913157550531886	0.985758723819555	0.996291872718248	1	0.350686575189956	0.99999311638232
ENSFCAG00000026102:AXIN2	0	1	0	0	0	21.7602666826596	0	0	0	0.0392022421070197	0.944957712348499	0.11902469774103	1	0.913157550531886	0.985758723819555	0.996291872718248	1	0.372359752352441	0.99999311638232
ENSFCAG00000045383:CDH1	0	1	0	0	0	21.5111037147361	0	0	0	0.0397127790889278	0.932946501687724	0.120200211568305	1	0.913157550531886	0.985758723819555	0.996291872718248	1	0.374855958705156	0.99999311638232
ENSFCAG00000024008:EPHA3	0	1	0	0	0	21.2373418546424	0	0	0	0.0402884422053746	0.924294457303976	0.121558111185689	1	0.913157550531886	0.985758723819555	0.996291872718248	1	0.377725158714648	0.99999311638232
ENSFCAG00000027154:BCL11A	0	1	0	0	0	20.8343123884662	0	0	0	0.0411652807707371	0.955415123772617	0.12416277701399	1	0.913157550531886	0.985758723819555	0.996291872718248	1	0.38318642640318	0.99999311638232
ENSFCAG00000001242:NFKB2	0	1	0	0	0	20.7732223218866	0	0	0	0.0413013536416333	0.931256677512981	0.124241951707793	1	0.913157550531886	0.985758723819555	0.996291872718248	1	0.383351572391142	0.99999311638232
ENSFCAG00000000544:EPHB1	0	1	0	0	0	19.150111614779	0	0	0	0.0452565068221877	0.933581684214703	0.134256881585204	1	0.913157550531886	0.985758723819555	0.996291872718248	1	0.403844738397316	0.99999311638232
ENSFCAG00000028588:JAK2	0	1	0	0	0	19.0208278909042	0	0	0	0.0456025069809468	0.920225320282633	0.134913218673201	1	0.913157550531886	0.985758723819555	0.996291872718248	1	0.405161061760109	0.99999311638232
ENSFCAG00000012942:PALB2	0	1	0	0	0	18.360659984331	0	0	0	0.0474503035827681	0.925248231353718	0.139585751170434	1	0.913157550531886	0.985758723819555	0.996291872718248	1	0.414440726472664	0.99999311638232
ENSFCAG00000009141:PDGFRA	0	1	0	0	0	17.3732411918539	0	0	0	0.050493893681778	0.924706912119898	0.147053814878307	1	0.913157550531886	0.985758723819555	0.996291872718248	1	0.428949606391977	0.99999311638232
ENSFCAG00000011119:LATS2	0	1	0	0	0	16.2962966568192	0	0	0	0.054262577473571	0.94338470622047	0.15648060877091	1	0.913157550531886	0.985758723819555	0.996291872718248	1	0.446724469498994	0.99999311638232
ENSFCAG00000035450:ARID5B	0	1	0	0	0	16.2037574156254	0	0	0	0.0546113073658784	0.936476576469299	0.157216222322393	1	0.913157550531886	0.985758723819555	0.996291872718248	1	0.448087176215123	0.99999311638232
ENSFCAG00000012003:EMSY	0	1	0	0	0	16.1269224449948	0	0	0	0.054904090868282	0.915437831979499	0.15753060647126	1	0.913157550531886	0.985758723819555	0.996291872718248	1	0.448668514642741	0.99999311638232
ENSFCAG00000009757:UPF1	0	1	0	0	0	15.7171483716577	0	0	0	0.0565170129344474	0.922348782563075	0.161519745626758	1	0.913157550531886	0.985758723819555	0.996291872718248	1	0.455990897025226	0.99999311638232
ENSFCAG00000007517:JAK3	0	1	0	0	0	15.3882895494051	0	0	0	0.0578775819089492	0.920695874882286	0.164713595257965	1	0.913157550531886	0.985758723819555	0.996291872718248	1	0.461782322253375	0.99999311638232
ENSFCAG00000030412:RUNX1T1	1	1	0	0	0	29.3689965518361	0	0	0	0.0658829574573507	0.939147393894121	0.182391576389901	1	0.913157550531886	0.985758723819555	0.996291872718248	1	0.49274897050952	0.99999311638232
ENSFCAG00000008986:PREX2	0	1	0	0	0	12.7537296538324	0	0	0	0.0714904066117703	0.901085722134805	0.195546675223545	1	0.913157550531886	0.985758723819555	0.996291872718248	1	0.51467028035378	0.99999311638232
ENSFCAG00000024457:PTPRD	0	1	0	0	0	10.9103466074619	0	0	0	0.0852036869395525	0.895100766696537	0.225359075291399	1	0.913157550531886	0.985758723819555	0.996291872718248	1	0.561157677314464	0.99999311638232
ENSFCAG00000003535:DICER1	0	1	0	0	0	10.0272844614125	0	0	0	0.0936739703606898	0.907704464473452	0.243714426102171	1	0.913157550531886	0.985758723819555	0.996291872718248	1	0.587780247076037	0.99999311638232
ENSFCAG00000022076:NIN	0	1	0	0	0	9.61602798113758	0	0	0	0.0981808019912803	0.893220600980712	0.252477487312428	1	0.913157550531886	0.985758723819555	0.996291872718248	1	0.599995881435566	0.99999311638232
ENSFCAG00000018332:PTPN13	0	1	0	0	0	8.72576203683409	0	0	0	0.109476233137982	0.880001390622025	0.274644275925183	1	0.913157550531886	0.985758723819555	0.996291872718248	1	0.629561185536981	0.99999311638232
ENSFCAG00000014803:MED12	0	1	0	0	0	8.49346326347442	0	0	0	0.112834261922202	0.886635232570197	0.281620020270446	1	0.913157550531886	0.985758723819555	0.996291872718248	1	0.638487941892551	0.99999311638232
ENSFCAG00000011214:UBR5	0	1	0	0	0	7.20347356655859	0	0	0	0.135637090274329	0.861489430984103	0.323483672553223	1	0.913157550531886	0.985758723819555	0.996291872718248	1	0.688569492538062	0.99999311638232
ENSFCAG00000010626:SMG1	0	1	0	0	0	5.62331795645229	0	0	0	0.178567542477933	0.853811690675459	0.397830921097785	1	0.913157550531886	0.985758723819555	0.996291872718248	1	0.764522894066309	0.99999311638232
ENSFCAG00000023839:ZFHX3	0	1	0	0	0	5.38492803602309	0	0	0	0.18731442384984	0.900690842336418	0.415990207678733	1	0.913157550531886	0.985758723819555	0.996291872718248	1	0.780852539121234	0.99999311638232
ENSFCAG00000011374:PRKDC	0	1	0	0	0	5.10952137940296	0	0	0	0.198464560957614	0.84618803648282	0.429285202860706	1	0.913157550531886	0.985758723819555	0.996291872718248	1	0.79230326839487	0.99999311638232
ENSFCAG00000007234:PTPRS	1	1	0	0	0	8.08085219357709	0	0	0	0.216505096175733	0.899364763319112	0.456456016207617	1	0.913157550531886	0.985758723819555	0.996291872718248	1	0.814437550550367	0.99999311638232
ENSFCAG00000026584:LRP1B	0	1	0	0	0	4.62098016465649	0	0	0	0.221593426323326	0.831369139828606	0.463159344279013	1	0.913157550531886	0.985758723819555	0.996291872718248	1	0.81964574030261	0.99999311638232
ENSFCAG00000029544:FAT4	0	1	0	0	0	4.18435177524939	0	0	0	0.246914985908909	0.882692088414693	0.50599725549891	1	0.913157550531886	0.985758723819555	0.996291872718248	1	0.850694746892844	0.99999311638232
ENSFCAG00000002901:PCLO	0	1	0	0	0	4.12641674828464	0	0	0	0.250681652376093	0.864624448820648	0.509521147845002	1	0.913157550531886	0.985758723819555	0.996291872718248	1	0.853083064800423	0.99999311638232
ENSFCAG00000000945:RNF213	0	0	0	0	0	0	0	0	0	0.443017646312379	0.853333724037962	0.73248331288891	1	0.913157550531886	0.985758723819555	0.996291872718248	1	0.960516149898366	0.99999311638232
ENSFCAG00000000093:KMT2D	0	0	0	0	0	0	0	0	0	0.470423984409799	0.860290929218158	0.758829151210088	1	0.913157550531886	0.985758723819555	0.996291872718248	1	0.968249776321862	0.99999311638232
ENSFCAG00000008632:KMT2C	0	0	0	0	0	0	0	0	0	0.476143079097755	0.84796391552883	0.761686833568711	1	0.913157550531886	0.985758723819555	0.996291872718248	1	0.969033061421976	0.99999311638232
ENSFCAG00000015061:TRRAP	0	0	0	0	0	0	0	0	0	0.52063343519411	0.857252739569889	0.800518054536299	1	0.913157550531886	0.985758723819555	0.996291872718248	1	0.978630273878753	0.99999311638232
ENSFCAG00000000639:RELN	0	0	0	0	0	0	0	0	0	0.559518956554806	0.854390520196089	0.829353679296933	1	0.913157550531886	0.985758723819555	0.996291872718248	1	0.984532869524766	0.99999311638232
ENSFCAG00000025587:BRCA2	0	0	0	0	0	0	0	0	0	0.573099141031977	0.881674904915186	0.843799929515192	1	0.913157550531886	0.985758723819555	0.996291872718248	1	0.987110793795377	0.99999311638232
ENSFCAG00000043012:ANKRD11	0	0	0	0	0	0	0	0	0	0.569417916797423	0.918514999235961	0.846147307528066	1	0.913157550531886	0.985758723819555	0.996291872718248	1	0.987506210077886	0.99999311638232
ENSFCAG00000012430:ATM	0	0	0	0	0	0	0	0	0	0.585407180822254	0.862328796026126	0.848892514036237	1	0.913157550531886	0.985758723819555	0.996291872718248	1	0.987960380840905	0.99999311638232
ENSFCAG00000006065:NF1	0	0	0	0	0	0	0	0	0	0.593217214400449	0.871185177543352	0.85571251012412	1	0.913157550531886	0.985758723819555	0.996291872718248	1	0.989050328213434	0.99999311638232
ENSFCAG00000007347:MGA	0	0	0	0	0	0	0	0	0	0.590828344876559	0.891301512597092	0.857388709566096	1	0.913157550531886	0.985758723819555	0.996291872718248	1	0.989309874343399	0.99999311638232
ENSFCAG00000043897:RANBP2	0	0	0	0	0	0	0	0	0	0.595178725033125	0.880691561050809	0.858620354525113	1	0.913157550531886	0.985758723819555	0.996291872718248	1	0.989498495821677	0.99999311638232
ENSFCAG00000031193:NCOR2	0	0	0	0	0	0	0	0	0	0.594137787570278	0.893111294486562	0.859854829744328	1	0.913157550531886	0.985758723819555	0.996291872718248	1	0.989685777921029	0.99999311638232
ENSFCAG00000000914:NOTCH3	0	0	0	0	0	0	0	0	0	0.594538167673543	0.894904340178291	0.860379533083853	1	0.913157550531886	0.985758723819555	0.996291872718248	1	0.989764843713212	0.99999311638232
ENSFCAG00000000053:MTOR	0	0	0	0	0	0	0	0	0	0.600438813419419	0.87523139651364	0.86114320302769	1	0.913157550531886	0.985758723819555	0.996291872718248	1	0.989879346859157	0.99999311638232
ENSFCAG00000000787:APC	0	0	0	0	0	0	0	0	0	0.606219414412927	0.878379504180591	0.865397232195419	1	0.913157550531886	0.985758723819555	0.996291872718248	1	0.990504810533188	0.99999311638232
ENSFCAG00000006262:CREBBP	0	0	0	0	0	0	0	0	0	0.604446485032733	0.893010321454726	0.866567437728344	1	0.913157550531886	0.985758723819555	0.996291872718248	1	0.990673192396307	0.99999311638232
ENSFCAG00000024379:MGAM	0	0	0	0	0	0	0	0	0	0.611173836735121	0.870434398941228	0.867155928829605	1	0.913157550531886	0.985758723819555	0.996291872718248	1	0.990757273573792	0.99999311638232
ENSFCAG00000009998:NCOR1	0	0	0	0	0	0	0	0	0	0.611041187988375	0.878142549648732	0.868415545952662	1	0.913157550531886	0.985758723819555	0.996291872718248	1	0.990935900544232	0.99999311638232
ENSFCAG00000009649:NOTCH2	0	0	0	0	0	0	0	0	0	0.610586936462304	0.891573190331731	0.870270416816407	1	0.913157550531886	0.985758723819555	0.996291872718248	1	0.991195615363391	0.99999311638232
ENSFCAG00000012737:CIC	0	0	0	0	0	0	0	0	0	0.607751932879506	0.910098900819124	0.871006761784754	1	0.913157550531886	0.985758723819555	0.996291872718248	1	0.991297620021086	0.99999311638232
ENSFCAG00000001531:NSD1	0	0	0	0	0	0	0	0	0	0.613773987360496	0.890608629961361	0.87213096151617	1	0.913157550531886	0.985758723819555	0.996291872718248	1	0.991452153046087	0.99999311638232
ENSFCAG00000018078:ATR	0	0	0	0	0	0	0	0	0	0.617596265519063	0.879615337485443	0.872755492689749	1	0.913157550531886	0.985758723819555	0.996291872718248	1	0.991537375144602	0.99999311638232
ENSFCAG00000006278:ARID1B	0	0	0	0	0	0	0	0	0	0.613311044361152	0.90505958512535	0.873887449688834	1	0.913157550531886	0.985758723819555	0.996291872718248	1	0.991690700557968	0.99999311638232
ENSFCAG00000002498:POLE	0	0	0	0	0	0	0	0	0	0.620215078485322	0.883926246755197	0.875080150074785	1	0.913157550531886	0.985758723819555	0.996291872718248	1	0.991850667426798	0.99999311638232
ENSFCAG00000030516:TPR	0	0	0	0	0	0	0	0	0	0.62251123819679	0.875818976940018	0.875126100935922	1	0.913157550531886	0.985758723819555	0.996291872718248	1	0.991856797893938	0.99999311638232
ENSFCAG00000005002:EP300	0	0	0	0	0	0	0	0	0	0.620376106574176	0.890550952104495	0.876220499822709	1	0.913157550531886	0.985758723819555	0.996291872718248	1	0.992002092771654	0.99999311638232
ENSFCAG00000023397:POLQ	0	0	0	0	0	0	0	0	0	0.622730632909281	0.887447928032037	0.877182589078558	1	0.913157550531886	0.985758723819555	0.996291872718248	1	0.992128692854682	0.99999311638232
ENSFCAG00000019287:SETD2	0	0	0	0	0	0	0	0	0	0.622528236901361	0.88917399322417	0.877328146002343	1	0.913157550531886	0.985758723819555	0.996291872718248	1	0.992147754574159	0.99999311638232
ENSFCAG00000030040:ATRX	0	0	0	0	0	0	0	0	0	0.629869252409186	0.882396348060514	0.880679944653165	1	0.913157550531886	0.985758723819555	0.996291872718248	1	0.992580023929276	0.99999311638232
ENSFCAG00000005621:CACNA1D	0	0	0	0	0	0	0	0	0	0.6299513792932	0.884821776703759	0.881125254105423	1	0.913157550531886	0.985758723819555	0.996291872718248	1	0.992636492831248	0.99999311638232
ENSFCAG00000015145:CAD	0	0	0	0	0	0	0	0	0	0.62795593924916	0.892975815882137	0.881198913099302	1	0.913157550531886	0.985758723819555	0.996291872718248	1	0.992645811702617	0.99999311638232
ENSFCAG00000006381:KMT2B	0	0	0	0	0	0	0	0	0	0.627881170719534	0.901341670216937	0.882358913266401	1	0.913157550531886	0.985758723819555	0.996291872718248	1	0.992791755954164	0.99999311638232
ENSFCAG00000053177:CNTRL	0	0	0	0	0	0	0	0	0	0.63389585329337	0.887735652134479	0.883934953466998	1	0.913157550531886	0.985758723819555	0.996291872718248	1	0.992987600733846	0.99999311638232
ENSFCAG00000006448:ROS1	0	0	0	0	0	0	0	0	0	0.640122194966498	0.885110014307415	0.88715947379932	1	0.913157550531886	0.985758723819555	0.996291872718248	1	0.993379541364102	0.99999311638232
ENSFCAG00000007047:MYO18A	0	0	0	0	0	0	0	0	0	0.638193282876101	0.895958322610923	0.887713122679851	1	0.913157550531886	0.985758723819555	0.996291872718248	1	0.993445657312317	0.99999311638232
ENSFCAG00000001124:MYH9	0	0	0	0	0	0	0	0	0	0.640724256360234	0.897505317814397	0.889412145917292	1	0.913157550531886	0.985758723819555	0.996291872718248	1	0.993646397403569	0.99999311638232
ENSFCAG00000051264:WDR90	0	0	0	0	0	0	0	0	0	0.64292543591087	0.892914355730883	0.890004129067328	1	0.913157550531886	0.985758723819555	0.996291872718248	1	0.993715577634192	0.99999311638232
ENSFCAG00000005317:NUMA1	0	0	0	0	0	0	0	0	0	0.64032034572444	0.904815032864838	0.890197849369084	1	0.913157550531886	0.985758723819555	0.996291872718248	1	0.993738130620229	0.99999311638232
ENSFCAG00000013232:MYH11	0	0	0	0	0	0	0	0	0	0.642958519621869	0.900922265560673	0.891190988668481	1	0.913157550531886	0.985758723819555	0.996291872718248	1	0.993853090393401	0.99999311638232
ENSFCAG00000009906:PTPRB	0	0	0	0	0	0	0	0	0	0.645775709704667	0.896118717804628	0.892117428120535	1	0.913157550531886	0.985758723819555	0.996291872718248	1	0.993959331621233	0.99999311638232
ENSFCAG00000008606:DOT1L	0	0	0	0	0	0	0	0	0	0.645329050965209	0.916144514710036	0.89452436250352	1	0.913157550531886	0.985758723819555	0.996291872718248	1	0.994230857214758	0.99999311638232
ENSFCAG00000000496:PCM1	0	0	0	0	0	0	0	0	0	0.652714224690079	0.890176018771563	0.895134863493383	1	0.913157550531886	0.985758723819555	0.996291872718248	1	0.994298697290347	0.99999311638232
ENSFCAG00000011746:TSC2	0	0	0	0	0	0	0	0	0	0.652893097883454	0.898742406658582	0.89652208984938	1	0.913157550531886	0.985758723819555	0.996291872718248	1	0.994451301090692	0.99999311638232
ENSFCAG00000029985:KAT6A	0	0	0	0	0	0	0	0	0	0.653774643221443	0.907794854062203	0.898261239114814	1	0.913157550531886	0.985758723819555	0.996291872718248	1	0.994639586660656	0.99999311638232
ENSFCAG00000012673:TET1	0	0	0	0	0	0	0	0	0	0.655328883528296	0.904521024692635	0.89868918215503	1	0.913157550531886	0.985758723819555	0.996291872718248	1	0.99468540060451	0.99999311638232
ENSFCAG00000005552:KAT6B	0	0	0	0	0	0	0	0	0	0.654996640699056	0.905896971457419	0.898690396701153	1	0.913157550531886	0.985758723819555	0.996291872718248	1	0.994685530339128	0.99999311638232
ENSFCAG00000006877:CHD4	0	0	0	0	0	0	0	0	0	0.662504446186473	0.892327146715421	0.900856783599853	1	0.913157550531886	0.985758723819555	0.996291872718248	1	0.994914327562095	0.99999311638232
ENSFCAG00000004858:BCOR	0	0	0	0	0	0	0	0	0	0.65526530922285	0.925363707728004	0.901179331781432	1	0.913157550531886	0.985758723819555	0.996291872718248	1	0.99494794675425	0.99999311638232
ENSFCAG00000025470:KNL1	0	0	0	0	0	0	0	0	0	0.659420287905453	0.910571704243913	0.901746463313608	1	0.913157550531886	0.985758723819555	0.996291872718248	1	0.995006778943413	0.99999311638232
ENSFCAG00000022277:TRIP11	0	0	0	0	0	0	0	0	0	0.662888593795922	0.901929255057203	0.902479786918465	1	0.913157550531886	0.985758723819555	0.996291872718248	1	0.99508232255209	0.99999311638232
ENSFCAG00000012246:DNMT1	0	0	0	0	0	0	0	0	0	0.665284449055444	0.896565975059678	0.90299891971198	1	0.913157550531886	0.985758723819555	0.996291872718248	1	0.995135440959955	0.99999311638232
ENSFCAG00000022265:TP53BP1	0	0	0	0	0	0	0	0	0	0.664692047467666	0.90245275122916	0.903528276281507	1	0.913157550531886	0.985758723819555	0.996291872718248	1	0.995189298157273	0.99999311638232
ENSFCAG00000004894:SMARCA4	0	0	0	0	0	0	0	0	0	0.664290190541653	0.906713029896398	0.903894002681068	1	0.913157550531886	0.985758723819555	0.996291872718248	1	0.995226326314013	0.99999311638232
ENSFCAG00000002384:PDCD11	0	0	0	0	0	0	0	0	0	0.667384121638306	0.904647089492721	0.905277446546155	1	0.913157550531886	0.985758723819555	0.996291872718248	1	0.995365055713506	0.99999311638232
ENSFCAG00000012577:MYO5A	0	0	0	0	0	0	0	0	0	0.671118879037303	0.893515946761809	0.905645924696636	1	0.913157550531886	0.985758723819555	0.996291872718248	1	0.99540164939743	0.99999311638232
ENSFCAG00000012280:SLX4	0	0	0	0	0	0	0	0	0	0.665165836540084	0.920732774379442	0.906099931866553	1	0.913157550531886	0.985758723819555	0.996291872718248	1	0.995446530843268	0.99999311638232
ENSFCAG00000012831:ARID2	0	0	0	0	0	0	0	0	0	0.671629619869725	0.90460650681705	0.907526752726827	1	0.913157550531886	0.985758723819555	0.996291872718248	1	0.995586100676305	0.99999311638232
ENSFCAG00000013146:BRCA1	0	0	0	0	0	0	0	0	0	0.672045292702896	0.908206393221269	0.90823086567244	1	0.913157550531886	0.985758723819555	0.996291872718248	1	0.995654149252561	0.99999311638232
ENSFCAG00000025265:CAMTA1	0	0	0	0	0	0	0	0	0	0.670214028770699	0.916987535429876	0.908366098939558	1	0.913157550531886	0.985758723819555	0.996291872718248	1	0.995667156289805	0.99999311638232
ENSFCAG00000024678:TET3	0	0	0	0	0	0	0	0	0	0.669155837084081	0.924451719496965	0.908653252143066	1	0.913157550531886	0.985758723819555	0.996291872718248	1	0.995694708566557	0.99999311638232
ENSFCAG00000031869:BCORL1	0	0	0	0	0	0	0	0	0	0.671068272723177	0.918665419896147	0.909017193204906	1	0.913157550531886	0.985758723819555	0.996291872718248	1	0.995729498231693	0.99999311638232
ENSFCAG00000007696:MDC1	0	0	0	0	0	0	0	0	0	0.67334828358981	0.91415246227246	0.909676812393866	1	0.913157550531886	0.985758723819555	0.996291872718248	1	0.995792180879068	0.99999311638232
ENSFCAG00000013540:ARHGEF28	0	0	0	0	0	0	0	0	0	0.678828923156277	0.900938022937026	0.910764664749832	1	0.913157550531886	0.985758723819555	0.996291872718248	1	0.995894513190475	0.99999311638232
ENSFCAG00000008083:RICTOR	0	0	0	0	0	0	0	0	0	0.683588101072808	0.887279745066735	0.911099201952734	1	0.913157550531886	0.985758723819555	0.996291872718248	1	0.995925721198164	0.99999311638232
ENSFCAG00000014850:PIK3C2B	0	0	0	0	0	0	0	0	0	0.679859758352603	0.901708080175815	0.911404484551384	1	0.913157550531886	0.985758723819555	0.996291872718248	1	0.995954092934903	0.99999311638232
ENSFCAG00000002588:SETD1A	1	0	0	0	0	0	0	0	0	0.677423472711074	0.912150579811022	0.911552315245171	1	0.913157550531886	0.985758723819555	0.996291872718248	1	0.995967794975119	0.99999311638232
ENSFCAG00000003208:CHD2	0	0	0	0	0	0	0	0	0	0.682392517991177	0.894264167368663	0.911598953462696	1	0.913157550531886	0.985758723819555	0.996291872718248	1	0.995972112774435	0.99999311638232
ENSFCAG00000003741:NUP98	0	0	0	0	0	0	0	0	0	0.681097444662626	0.90131384373878	0.911982240181602	1	0.913157550531886	0.985758723819555	0.996291872718248	1	0.996007507360192	0.99999311638232
ENSFCAG00000027260:CLTC	0	0	0	0	0	0	0	0	0	0.681575840753406	0.905773374381201	0.912849216565811	1	0.913157550531886	0.985758723819555	0.996291872718248	1	0.996086974058268	0.99999311638232
ENSFCAG00000001568:SMARCA2	0	0	0	0	0	0	0	0	0	0.683373877333885	0.90237032636451	0.913291662585356	1	0.913157550531886	0.985758723819555	0.996291872718248	1	0.996127211098933	0.99999311638232
ENSFCAG00000005120:NUP214	0	0	0	0	0	0	0	0	0	0.67952832691551	0.920749080384544	0.913677343710858	1	0.913157550531886	0.985758723819555	0.996291872718248	1	0.996162110950087	0.99999311638232
ENSFCAG00000024512:ZNF521	0	0	0	0	0	0	0	0	0	0.67824292172176	0.932335839919137	0.914242168286541	1	0.913157550531886	0.985758723819555	0.996291872718248	1	0.996212927513981	0.99999311638232
ENSFCAG00000002747:CLTCL1	0	0	0	0	0	0	0	0	0	0.683134121536568	0.910347548476151	0.91425205420449	1	0.913157550531886	0.985758723819555	0.996291872718248	1	0.996213813829842	0.99999311638232
ENSFCAG00000014340:KDM5A	0	0	0	0	0	0	0	0	0	0.685756053487692	0.907129413792942	0.915153102794399	1	0.913157550531886	0.985758723819555	0.996291872718248	1	0.996294148040318	0.99999311638232
ENSFCAG00000003795:FANCA	0	0	0	0	0	0	0	0	0	0.688433138371289	0.897834057078999	0.915178246309398	1	0.913157550531886	0.985758723819555	0.996291872718248	1	0.996296377017073	0.99999311638232
ENSFCAG00000004031:ATP2B3	0	0	0	0	0	0	0	0	0	0.684414998305547	0.92355001923665	0.916490500184304	1	0.913157550531886	0.985758723819555	0.996291872718248	1	0.996411750156553	0.99999311638232
ENSFCAG00000000959:PASK	0	0	0	0	0	0	0	0	0	0.686207933018952	0.917616363574529	0.916713572886298	1	0.913157550531886	0.985758723819555	0.996291872718248	1	0.996431175748502	0.99999311638232
ENSFCAG00000004770:PTPRT	0	0	0	0	0	0	0	0	0	0.688855200232315	0.908250361416673	0.916856301657035	1	0.913157550531886	0.985758723819555	0.996291872718248	1	0.996443576361492	0.99999311638232
ENSFCAG00000015718:PBRM1	0	0	0	0	0	0	0	0	0	0.689499859722956	0.906537773538915	0.916946793952451	1	0.913157550531886	0.985758723819555	0.996291872718248	1	0.99645142703653	0.99999311638232
ENSFCAG00000009679:KDR	0	0	0	0	0	0	0	0	0	0.689514637293606	0.907764370670442	0.917119690459494	1	0.913157550531886	0.985758723819555	0.996291872718248	1	0.996466401872347	0.99999311638232
ENSFCAG00000007256:KDM5C	0	0	0	0	0	0	0	0	0	0.689992133561985	0.910450471309566	0.917711938190734	1	0.913157550531886	0.985758723819555	0.996291872718248	1	0.996517450355281	0.99999311638232
ENSFCAG00000001908:ASXL1	0	0	0	0	0	0	0	0	0	0.687214368631072	0.925589429293402	0.918126469728501	1	0.913157550531886	0.985758723819555	0.996291872718248	1	0.996552953287652	0.99999311638232
ENSFCAG00000004564:COL1A1	0	0	0	0	0	0	0	0	0	0.698066342910562	0.888380348447581	0.918424809879275	1	0.913157550531886	0.985758723819555	0.996291872718248	1	0.996578389075745	0.99999311638232
ENSFCAG00000009543:TERT	0	0	0	0	0	0	0	0	0	0.686762627268518	0.93084823586612	0.918446712695394	1	0.913157550531886	0.985758723819555	0.996291872718248	1	0.99658025263996	0.99999311638232
ENSFCAG00000014501:ROBO1	0	0	0	0	0	0	0	0	0	0.69612454124514	0.898195792450296	0.919015853491855	1	0.913157550531886	0.985758723819555	0.996291872718248	1	0.996628493934052	0.99999311638232
ENSFCAG00000026560:ARHGEF12	0	0	0	0	0	0	0	0	0	0.69724525652685	0.896206551427711	0.919260274118863	1	0.913157550531886	0.985758723819555	0.996291872718248	1	0.996649103221797	0.99999311638232
ENSFCAG00000037938:NSD2	0	0	0	0	0	0	0	0	0	0.693162825241012	0.917438193870746	0.920154033535179	1	0.913157550531886	0.985758723819555	0.996291872718248	1	0.996723910893896	0.99999311638232
ENSFCAG00000011453:RPTOR	0	0	0	0	0	0	0	0	0	0.696594424783774	0.907828005691041	0.920607205400501	1	0.913157550531886	0.985758723819555	0.996291872718248	1	0.996761509651682	0.99999311638232
ENSFCAG00000014002:COL2A1	0	0	0	0	0	0	0	0	0	0.702706039572731	0.888576062294986	0.920672469363114	1	0.913157550531886	0.985758723819555	0.996291872718248	1	0.996766906092199	0.99999311638232
ENSFCAG00000013481:PRDM16	0	0	0	0	0	0	0	0	0	0.691129892893807	0.93510295643614	0.921043901625057	1	0.913157550531886	0.985758723819555	0.996291872718248	1	0.996797530399981	0.99999311638232
ENSFCAG00000015536:ADGRA2	0	0	0	0	0	0	0	0	0	0.693768261950632	0.923584772359797	0.921162916995776	1	0.913157550531886	0.985758723819555	0.996291872718248	1	0.996807311436663	0.99999311638232
ENSFCAG00000011205:PTCH1	0	0	0	0	0	0	0	0	0	0.695240961237614	0.918716882069159	0.921325213157931	1	0.913157550531886	0.985758723819555	0.996291872718248	1	0.996820624636132	0.99999311638232
ENSFCAG00000003030:INSR	0	0	0	0	0	0	0	0	0	0.694606344951659	0.922221378568417	0.921420906298132	1	0.913157550531886	0.985758723819555	0.996291872718248	1	0.996828460972815	0.99999311638232
ENSFCAG00000018164:IGF1R	1	0	0	0	0	0	0	0	0	0.695126804304946	0.922861067299136	0.921747752407686	1	0.913157550531886	0.985758723819555	0.996291872718248	1	0.996855151552368	0.99999311638232
ENSFCAG00000009873:PTPRK	0	0	0	0	0	0	0	0	0	0.702357097282142	0.897395071052109	0.921889316657554	1	0.913157550531886	0.985758723819555	0.996291872718248	1	0.996866675858108	0.99999311638232
ENSFCAG00000001882:FLT4	0	0	0	0	0	0	0	0	0	0.698452848956613	0.913214765607445	0.922210300108827	1	0.913157550531886	0.985758723819555	0.996291872718248	1	0.996892725603863	0.99999311638232
ENSFCAG00000014104:MAP3K1	1	0	0	0	0	0	0	0	0	0.697924966581362	0.915401280879876	0.922228760563052	1	0.913157550531886	0.985758723819555	0.996291872718248	1	0.996894220383421	0.99999311638232
ENSFCAG00000009032:PLCG1	0	0	0	0	0	0	0	0	0	0.701776094413009	0.904536529696447	0.922648148197316	1	0.913157550531886	0.985758723819555	0.996291872718248	1	0.99692807948891	0.99999311638232
ENSFCAG00000027460:CPS1	0	0	0	0	0	0	0	0	0	0.702320858027203	0.905236037185618	0.92300485078305	1	0.913157550531886	0.985758723819555	0.996291872718248	1	0.996956727715692	0.99999311638232
ENSFCAG00000004831:ARHGAP35	0	0	0	0	0	0	0	0	0	0.695935134183432	0.934775383941988	0.923378252831555	1	0.913157550531886	0.985758723819555	0.996291872718248	1	0.996986569462643	0.99999311638232
ENSFCAG00000001147:BCL9L	0	0	0	0	0	0	0	0	0	0.69732729771457	0.930771290983816	0.923663739946691	1	0.913157550531886	0.985758723819555	0.996291872718248	1	0.99700928331653	0.99999311638232
ENSFCAG00000007864:MAP3K6	0	0	0	0	0	0	0	0	0	0.702169954991896	0.911556637513848	0.923780281411121	1	0.913157550531886	0.985758723819555	0.996291872718248	1	0.997018530195014	0.99999311638232
ENSFCAG00000015191:PER1	0	0	0	0	0	0	0	0	0	0.701063616708572	0.918731465866481	0.924142386098091	1	0.913157550531886	0.985758723819555	0.996291872718248	1	0.997047167266344	0.99999311638232
ENSFCAG00000005610:SETD5	0	0	0	0	0	0	0	0	0	0.704332770193231	0.907709336251601	0.924297257382833	1	0.913157550531886	0.985758723819555	0.996291872718248	1	0.997059371949741	0.99999311638232
ENSFCAG00000007346:SETBP1	0	0	0	0	0	0	0	0	0	0.69712756216791	0.940216015434375	0.924454879588529	1	0.913157550531886	0.985758723819555	0.996291872718248	1	0.997071766775349	0.99999311638232
ENSFCAG00000004987:PLCG2	0	0	0	0	0	0	0	0	0	0.705661882266177	0.905593738051307	0.924634155827883	1	0.913157550531886	0.985758723819555	0.996291872718248	1	0.997085831727343	0.99999311638232
ENSFCAG00000009445:KDM6A	0	0	0	0	0	0	0	0	0	0.707786653883252	0.901975655888209	0.925118150049446	1	0.913157550531886	0.985758723819555	0.996291872718248	1	0.997123629474144	0.99999311638232
ENSFCAG00000025791:NCOA1	0	0	0	0	0	0	0	0	0	0.705985117274857	0.910362791054138	0.925429438658098	1	0.913157550531886	0.985758723819555	0.996291872718248	1	0.99714780588949	0.99999311638232
ENSFCAG00000032000:NCOA2	0	0	0	0	0	0	0	0	0	0.70583838615694	0.914556821858022	0.925898623742685	1	0.913157550531886	0.985758723819555	0.996291872718248	1	0.997184047593146	0.99999311638232
ENSFCAG00000013609:NSD3	0	0	0	0	0	0	0	0	0	0.707103336301968	0.910219355401708	0.925934889996657	1	0.913157550531886	0.985758723819555	0.996291872718248	1	0.997186839040944	0.99999311638232
ENSFCAG00000000360:DROSHA	0	0	0	0	0	0	0	0	0	0.711073911786665	0.899546149517192	0.926287210055944	1	0.913157550531886	0.985758723819555	0.996291872718248	1	0.997213883527916	0.99999311638232
ENSFCAG00000000247:PIK3C2G	0	0	0	0	0	0	0	0	0	0.710184841976074	0.904145970566768	0.926540643055372	1	0.913157550531886	0.985758723819555	0.996291872718248	1	0.997233254461886	0.99999311638232
ENSFCAG00000011228:FANCD2	0	0	0	0	0	0	0	0	0	0.712891002873813	0.896709207232536	0.926695925931299	1	0.913157550531886	0.985758723819555	0.996291872718248	1	0.997245089124916	0.99999311638232
ENSFCAG00000010606:CLIP1	0	0	0	0	0	0	0	0	0	0.706259128992784	0.920118626262165	0.926770245894818	1	0.913157550531886	0.985758723819555	0.996291872718248	1	0.997250744107779	0.99999311638232
ENSFCAG00000006087:BLM	0	0	0	0	0	0	0	0	0	0.708161854219276	0.914651890346025	0.926998853586058	1	0.913157550531886	0.985758723819555	0.996291872718248	1	0.997268101436043	0.99999311638232
ENSFCAG00000015033:NCOA3	0	0	0	0	0	0	0	0	0	0.707703199064053	0.916532627937387	0.927017603771897	1	0.913157550531886	0.985758723819555	0.996291872718248	1	0.997269522565819	0.99999311638232
ENSFCAG00000012455:KDM2B	0	0	0	0	0	0	0	0	0	0.708350547450929	0.918518374545579	0.927560089025121	1	0.913157550531886	0.985758723819555	0.996291872718248	1	0.997310474877157	0.99999311638232
ENSFCAG00000014806:ZMYM3	0	0	0	0	0	0	0	0	0	0.70919969476578	0.915523747225	0.927590745950622	1	0.913157550531886	0.985758723819555	0.996291872718248	1	0.997312779700844	0.99999311638232
ENSFCAG00000018200:PDS5B	0	0	0	0	0	0	0	0	0	0.712911047367125	0.902744343950919	0.927595814433576	1	0.913157550531886	0.985758723819555	0.996291872718248	1	0.997313160657744	0.99999311638232
ENSFCAG00000002050:BCR	0	0	0	0	0	0	0	0	0	0.707589346586653	0.924287335320426	0.927869524495664	1	0.913157550531886	0.985758723819555	0.996291872718248	1	0.997333692104687	0.99999311638232
ENSFCAG00000011110:JARID2	0	0	0	0	0	0	0	0	0	0.708990443250487	0.923064685761578	0.928386652954732	1	0.913157550531886	0.985758723819555	0.996291872718248	1	0.997372262411096	0.99999311638232
ENSFCAG00000009897:CDK12	0	0	0	0	0	0	0	0	0	0.710161378858335	0.920829435109237	0.928674487597167	1	0.913157550531886	0.985758723819555	0.996291872718248	1	0.997393605919275	0.99999311638232
ENSFCAG00000030408:ZMYM2	0	0	0	0	0	0	0	0	0	0.714325182794343	0.908539592564152	0.92904660990137	1	0.913157550531886	0.985758723819555	0.996291872718248	1	0.997421067305084	0.99999311638232
ENSFCAG00000013299:FLT1	0	0	0	0	0	0	0	0	0	0.714053157016429	0.910134687860818	0.929135441294256	1	0.913157550531886	0.985758723819555	0.996291872718248	1	0.99742760072638	0.99999311638232
ENSFCAG00000024759:WRN	0	0	0	0	0	0	0	0	0	0.715850862278766	0.905135844820486	0.929272780870394	1	0.913157550531886	0.985758723819555	0.996291872718248	1	0.997437685139479	0.99999311638232
ENSFCAG00000014859:ERBB3	0	0	0	0	0	0	0	0	0	0.713551747600922	0.91424161860477	0.929437078431134	1	0.913157550531886	0.985758723819555	0.996291872718248	1	0.997449722327785	0.99999311638232
ENSFCAG00000009903:ERBB2	0	0	0	0	0	0	0	0	0	0.714916182293783	0.912748746901662	0.929869506014854	1	0.913157550531886	0.985758723819555	0.996291872718248	1	0.997481265141852	0.99999311638232
ENSFCAG00000003009:IRS1	0	0	0	0	0	0	0	0	0	0.705808576387022	0.957190033677763	0.92988849920323	1	0.913157550531886	0.985758723819555	0.996291872718248	1	0.997482645961956	0.99999311638232
ENSFCAG00000004091:TRIM24	0	0	0	0	0	0	0	0	0	0.713390837429875	0.919824223711283	0.930044775165854	1	0.913157550531886	0.985758723819555	0.996291872718248	1	0.997493992623364	0.99999311638232
ENSFCAG00000003836:ASXL2	0	0	0	0	0	0	0	0	0	0.713952713679997	0.918031984088885	0.930088087508553	1	0.913157550531886	0.985758723819555	0.996291872718248	1	0.997497132736329	0.99999311638232
ENSFCAG00000000760:IRS4	0	0	0	0	0	0	0	0	0	0.709717102962526	0.943049648904398	0.930687711487279	1	0.913157550531886	0.985758723819555	0.996291872718248	1	0.997540397825523	0.99999311638232
ENSFCAG00000000349:BCL9	0	0	0	0	0	0	0	0	0	0.71113050667965	0.938011291129383	0.930903876980727	1	0.913157550531886	0.985758723819555	0.996291872718248	1	0.99755590021349	0.99999311638232
ENSFCAG00000005323:INPPL1	1	0	0	0	0	0	0	0	0	0.717371528300721	0.919054265447259	0.931763376501405	1	0.913157550531886	0.985758723819555	0.996291872718248	1	0.997617043074038	0.99999311638232
ENSFCAG00000009534:MET	1	0	0	0	0	0	0	0	0	0.719867730107827	0.914765471918228	0.93235894087116	1	0.913157550531886	0.985758723819555	0.996291872718248	1	0.997658945114543	0.99999311638232
ENSFCAG00000007089:MSH6	0	0	0	0	0	0	0	0	0	0.719104261396972	0.91813523791175	0.932432558721627	1	0.913157550531886	0.985758723819555	0.996291872718248	1	0.997664098211719	0.99999311638232
ENSFCAG00000024874:SOS1	0	0	0	0	0	0	0	0	0	0.722614597774722	0.906551366524219	0.932495639263804	1	0.913157550531886	0.985758723819555	0.996291872718248	1	0.997668509095173	0.99999311638232
ENSFCAG00000027902:ERBB4	0	0	0	0	0	0	0	0	0	0.721074244710713	0.911922496240238	0.932533133602145	1	0.913157550531886	0.985758723819555	0.996291872718248	1	0.997671128850833	0.99999311638232
ENSFCAG00000009655:SETDB1	0	0	0	0	0	0	0	0	0	0.719641280493423	0.917623657202047	0.932611127192863	1	0.913157550531886	0.985758723819555	0.996291872718248	1	0.99767657348818	0.99999311638232
ENSFCAG00000009436:TYK2	0	0	0	0	0	0	0	0	0	0.719284751103462	0.919060937789866	0.932624615976568	1	0.913157550531886	0.985758723819555	0.996291872718248	1	0.997677514462111	0.99999311638232
ENSFCAG00000029975:AFF3	0	0	0	0	0	0	0	0	0	0.72034031601411	0.917256301825035	0.932878749087514	1	0.913157550531886	0.985758723819555	0.996291872718248	1	0.997695206260397	0.99999311638232
ENSFCAG00000013897:SMC1A	0	0	0	0	0	0	0	0	0	0.720783201585741	0.917353314555879	0.933088078407385	1	0.913157550531886	0.985758723819555	0.996291872718248	1	0.997709726986875	0.99999311638232
ENSFCAG00000008561:CARD11	0	0	0	0	0	0	0	0	0	0.719964048321983	0.920524129976184	0.933101816719548	1	0.913157550531886	0.985758723819555	0.996291872718248	1	0.997710678341877	0.99999311638232
ENSFCAG00000015468:EGFR	0	0	0	0	0	0	0	0	0	0.721964213609097	0.913535614833416	0.93313625761016	1	0.913157550531886	0.985758723819555	0.996291872718248	1	0.99771306242646	0.99999311638232
ENSFCAG00000000325:POLD1	0	0	0	0	0	0	0	0	0	0.719437899349418	0.924486991658214	0.93331931539471	1	0.913157550531886	0.985758723819555	0.996291872718248	1	0.99772571281138	0.99999311638232
ENSFCAG00000007401:PC	0	0	0	0	0	0	0	0	0	0.720695030763347	0.926223145292484	0.934072668773162	1	0.913157550531886	0.985758723819555	0.996291872718248	1	0.997777396176286	0.99999311638232
ENSFCAG00000007834:KTN1	0	0	0	0	0	0	0	0	0	0.729520679841344	0.899818065097761	0.934540428007245	1	0.913157550531886	0.985758723819555	0.996291872718248	1	0.997809180741231	0.99999311638232
ENSFCAG00000005115:ABL1	0	0	0	0	0	0	0	0	0	0.718929557933045	0.93942531610646	0.93458963980232	1	0.913157550531886	0.985758723819555	0.996291872718248	1	0.997812511103324	0.99999311638232
ENSFCAG00000023047:STAG1	0	0	0	0	0	0	0	0	0	0.728026010714042	0.906113420061063	0.934801461922601	1	0.913157550531886	0.985758723819555	0.996291872718248	1	0.997826816387129	0.99999311638232
ENSFCAG00000030096:ARID4B	0	0	0	0	0	0	0	0	0	0.723732577321847	0.921071904537052	0.934838990223493	1	0.913157550531886	0.985758723819555	0.996291872718248	1	0.997829345833632	0.99999311638232
ENSFCAG00000028848:CIITA	0	0	0	0	0	0	0	0	0	0.722042278122869	0.928473845686518	0.934913709142971	1	0.913157550531886	0.985758723819555	0.996291872718248	1	0.997834377480764	0.99999311638232
ENSFCAG00000025616:FAT1	2	1	0	0	0	1.37750209733087	0	0	0	0.810619126387572	0.794981152602133	0.935059544069938	1	0.913157550531886	0.985758723819555	0.996291872718248	1	0.997844180949921	0.99999311638232
ENSFCAG00000015690:PTPRC	0	0	0	0	0	0	0	0	0	0.72644798553565	0.914722189202079	0.935258277254194	1	0.913157550531886	0.985758723819555	0.996291872718248	1	0.997857503785721	0.99999311638232
ENSFCAG00000014232:HDAC4	0	0	0	0	0	0	0	0	0	0.723643269418794	0.925963745463971	0.935352542673823	1	0.913157550531886	0.985758723819555	0.996291872718248	1	0.997863808460767	0.99999311638232
ENSFCAG00000005038:SF3B1	0	0	0	0	0	0	0	0	0	0.72741698517692	0.912478246681592	0.935392800353039	1	0.913157550531886	0.985758723819555	0.996291872718248	1	0.997866498086381	0.99999311638232
ENSFCAG00000027633:STAG2	0	0	0	0	0	0	0	0	0	0.73068206107109	0.902610009734564	0.93544798627857	1	0.913157550531886	0.985758723819555	0.996291872718248	1	0.997870182256407	0.99999311638232
ENSFCAG00000003633:CSF1R	0	0	0	0	0	0	0	0	0	0.72533695622797	0.92052314564804	0.935479841418429	1	0.913157550531886	0.985758723819555	0.996291872718248	1	0.997872307399058	0.99999311638232
ENSFCAG00000002822:SALL4	0	0	0	0	0	0	0	0	0	0.719641485194368	0.953627665336525	0.936028778471219	1	0.913157550531886	0.985758723819555	0.996291872718248	1	0.997908758104247	0.99999311638232
ENSFCAG00000004555:CBLB	0	0	0	0	0	0	0	0	0	0.728868084033653	0.915646326900398	0.936424670147913	1	0.913157550531886	0.985758723819555	0.996291872718248	1	0.997934846420534	0.99999311638232
ENSFCAG00000012141:STIL	0	0	0	0	0	0	0	0	0	0.727438595779354	0.921327572552657	0.936491182272837	1	0.913157550531886	0.985758723819555	0.996291872718248	1	0.997939212987093	0.99999311638232
ENSFCAG00000008747:PTPRO	0	0	0	0	0	0	0	0	0	0.730307524713971	0.912521677103969	0.936646663959858	1	0.913157550531886	0.985758723819555	0.996291872718248	1	0.997949402038577	0.99999311638232
ENSFCAG00000014494:MLLT6	0	0	0	0	0	0	0	0	0	0.726883489040407	0.924849061336573	0.936650510061091	1	0.913157550531886	0.985758723819555	0.996291872718248	1	0.997949653754778	0.99999311638232
ENSFCAG00000029806:AFF1	0	0	0	0	0	0	0	0	0	0.726878794315878	0.925472089016466	0.936717472886466	1	0.913157550531886	0.985758723819555	0.996291872718248	1	0.997954033746946	0.99999311638232
ENSFCAG00000001563:SEC31A	0	0	0	0	0	0	0	0	0	0.730539284074111	0.913260986717365	0.936841670634527	1	0.913157550531886	0.985758723819555	0.996291872718248	1	0.997962144763318	0.99999311638232
ENSFCAG00000010557:SMC3	0	0	0	0	0	0	0	0	0	0.733730205056564	0.906671084996648	0.937320995660642	1	0.913157550531886	0.985758723819555	0.996291872718248	1	0.997993293800684	0.99999311638232
ENSFCAG00000012999:RET	0	0	0	0	0	0	0	0	0	0.728415218177453	0.925022860359447	0.937335421390187	1	0.913157550531886	0.985758723819555	0.996291872718248	1	0.997994227459609	0.99999311638232
ENSFCAG00000010710:ALPK1	0	0	0	0	0	0	0	0	0	0.729730921833927	0.923498387051017	0.937732921684718	1	0.913157550531886	0.985758723819555	0.996291872718248	1	0.998019867055269	0.99999311638232
ENSFCAG00000003634:PDGFRB	0	0	0	0	0	0	0	0	0	0.730570078974029	0.921599153852605	0.937875918684711	1	0.913157550531886	0.985758723819555	0.996291872718248	1	0.9980290494446	0.99999311638232
ENSFCAG00000000407:CTR9	0	0	0	0	0	0	0	0	0	0.731106930482987	0.921236728533754	0.938064025790781	1	0.913157550531886	0.985758723819555	0.996291872718248	1	0.998041095324192	0.99999311638232
ENSFCAG00000002750:HIRA	0	0	0	0	0	0	0	0	0	0.732796690543923	0.915392105789644	0.938077182157978	1	0.913157550531886	0.985758723819555	0.996291872718248	1	0.998041936411564	0.99999311638232
ENSFCAG00000019223:ARID4A	0	0	0	0	0	0	0	0	0	0.734194634811439	0.911911316690898	0.938223820458016	1	0.913157550531886	0.985758723819555	0.996291872718248	1	0.99805129851839	0.99999311638232
ENSFCAG00000003178:ATXN2	0	0	0	0	0	0	0	0	0	0.732700339943462	0.918083356919141	0.938368825895689	1	0.913157550531886	0.985758723819555	0.996291872718248	1	0.998060533838049	0.99999311638232
ENSFCAG00000022680:ZNRF3	0	0	0	0	0	0	0	0	0	0.726805744869713	0.942809529462949	0.93837497320958	1	0.913157550531886	0.985758723819555	0.996291872718248	1	0.998060924862091	0.99999311638232
ENSFCAG00000012665:MECOM	1	0	0	0	0	0	0	0	0	0.730616462381783	0.926474313367541	0.938444910498286	1	0.913157550531886	0.985758723819555	0.996291872718248	1	0.998065370662757	0.99999311638232
ENSFCAG00000012425:AFF4	0	0	0	0	0	0	0	0	0	0.735907742380048	0.917779361677972	0.939688913839427	1	0.913157550531886	0.985758723819555	0.996291872718248	1	0.998143579431696	0.99999311638232
ENSFCAG00000006634:LRIG3	0	0	0	0	0	0	0	0	0	0.734941831089251	0.922361584330654	0.939826186868845	1	0.913157550531886	0.985758723819555	0.996291872718248	1	0.998152108666667	0.99999311638232
ENSFCAG00000002830:TEK	0	0	0	0	0	0	0	0	0	0.735540637253505	0.921051304443121	0.93992631943148	1	0.913157550531886	0.985758723819555	0.996291872718248	1	0.99815831759233	0.99999311638232
ENSFCAG00000007112:TSC1	0	0	0	0	0	0	0	0	0	0.733928699811667	0.928086187684869	0.940033072747372	1	0.913157550531886	0.985758723819555	0.996291872718248	1	0.998164925302793	0.99999311638232
ENSFCAG00000013378:ATP1A1	0	0	0	0	0	0	0	0	0	0.735376207485271	0.923389508117015	0.940127272562668	1	0.913157550531886	0.985758723819555	0.996291872718248	1	0.998170745920469	0.99999311638232
ENSFCAG00000026305:PIK3CD	0	0	0	0	0	0	0	0	0	0.735480673785435	0.924356975238234	0.940280749394451	1	0.913157550531886	0.985758723819555	0.996291872718248	1	0.998180209055651	0.99999311638232
ENSFCAG00000038306:TRIM33	0	0	0	0	0	0	0	0	0	0.735577408136384	0.92504127153312	0.940398084628736	1	0.913157550531886	0.985758723819555	0.996291872718248	1	0.998187426860733	0.99999311638232
ENSFCAG00000004554:PIK3CG	0	0	0	0	0	0	0	0	0	0.733632232200776	0.935326820129754	0.940641159052161	1	0.913157550531886	0.985758723819555	0.996291872718248	1	0.998202332857704	0.99999311638232
ENSFCAG00000009719:PTK7	0	0	0	0	0	0	0	0	0	0.73614642825084	0.925148782978392	0.94064956797726	1	0.913157550531886	0.985758723819555	0.996291872718248	1	0.998202847392114	0.99999311638232
ENSFCAG00000018749:MLLT10	0	0	0	0	0	0	0	0	0	0.739574790907015	0.914657235560483	0.940830161173769	1	0.913157550531886	0.985758723819555	0.996291872718248	1	0.99821387958215	0.99999311638232
ENSFCAG00000013999:HDAC7	0	0	0	0	0	0	0	0	0	0.737842583379618	0.920852634557923	0.940868270733998	1	0.913157550531886	0.985758723819555	0.996291872718248	1	0.998216203213134	0.99999311638232
ENSFCAG00000029845:ZNF217	0	0	0	0	0	0	0	0	0	0.730525520726886	0.95486434033267	0.940901735787631	1	0.913157550531886	0.985758723819555	0.996291872718248	1	0.998218242384555	0.99999311638232
ENSFCAG00000005305:ABL2	0	0	0	0	0	0	0	0	0	0.735773725895825	0.929079035281854	0.940918407351464	1	0.913157550531886	0.985758723819555	0.996291872718248	1	0.998219257811344	0.99999311638232
ENSFCAG00000018250:LIFR	0	0	0	0	0	0	0	0	0	0.738658678049829	0.921059950809257	0.941232772592472	1	0.913157550531886	0.985758723819555	0.996291872718248	1	0.998238349783904	0.99999311638232
ENSFCAG00000044847:BCL11B	0	0	0	0	0	0	0	0	0	0.731533738010421	0.958986332076868	0.941598503124221	1	0.913157550531886	0.985758723819555	0.996291872718248	1	0.998260429135488	0.99999311638232
ENSFCAG00000018496:SMARCA1	0	0	0	0	0	0	0	0	0	0.741962639673208	0.913017813080305	0.94160400343745	1	0.913157550531886	0.985758723819555	0.996291872718248	1	0.998260760107993	0.99999311638232
ENSFCAG00000004047:HIP1	0	0	0	0	0	0	0	0	0	0.741364789047454	0.915646587084753	0.941694107135162	1	0.913157550531886	0.985758723819555	0.996291872718248	1	0.998266177378999	0.99999311638232
ENSFCAG00000005686:MSH3	0	0	0	0	0	0	0	0	0	0.739943737892217	0.921888504052911	0.941862994879516	1	0.913157550531886	0.985758723819555	0.996291872718248	1	0.998276308130145	0.99999311638232
ENSFCAG00000007143:TLL2	0	0	0	0	0	0	0	0	0	0.739870958814736	0.924888595435159	0.942175058059447	1	0.913157550531886	0.985758723819555	0.996291872718248	1	0.998294947604974	0.99999311638232
ENSFCAG00000006191:ERC1	0	0	0	0	0	0	0	0	0	0.740534014002675	0.924241148449093	0.942376655472849	1	0.913157550531886	0.985758723819555	0.996291872718248	1	0.998306934024236	0.99999311638232
ENSFCAG00000006852:EPHB4	0	0	0	0	0	0	0	0	0	0.739082529232	0.931798354763678	0.942584686091762	1	0.913157550531886	0.985758723819555	0.996291872718248	1	0.99831925773113	0.99999311638232
ENSFCAG00000001395:RBM10	0	0	0	0	0	0	0	0	0	0.744378765206968	0.915447013432661	0.942901230331092	1	0.913157550531886	0.985758723819555	0.996291872718248	1	0.998337921691327	0.99999311638232
ENSFCAG00000005777:PARP1	0	0	0	0	0	0	0	0	0	0.741187919192907	0.927116024407257	0.942964738092712	1	0.913157550531886	0.985758723819555	0.996291872718248	1	0.998341653411569	0.99999311638232
ENSFCAG00000004802:MRTFA	0	0	0	0	0	0	0	0	0	0.740020958001409	0.937358743188595	0.943515670040453	1	0.913157550531886	0.985758723819555	0.996291872718248	1	0.998373846745139	0.99999311638232
ENSFCAG00000012287:MAML2	0	0	0	0	0	0	0	0	0	0.74090362028999	0.93818307390391	0.943957345311582	1	0.913157550531886	0.985758723819555	0.996291872718248	1	0.998399423402241	0.99999311638232
ENSFCAG00000029436:TET2	0	0	0	0	0	0	0	0	0	0.740785855011076	0.939950269126037	0.944068970805619	1	0.913157550531886	0.985758723819555	0.996291872718248	1	0.998405854724603	0.99999311638232
ENSFCAG00000002828:PIK3CB	0	0	0	0	0	0	0	0	0	0.747687860525411	0.914487476654013	0.944114964169481	1	0.913157550531886	0.985758723819555	0.996291872718248	1	0.998408500800761	0.99999311638232
ENSFCAG00000022711:EPHA5	0	0	0	0	0	0	0	0	0	0.74390285998726	0.929764173601543	0.944360377024196	1	0.913157550531886	0.985758723819555	0.996291872718248	1	0.998422581946804	0.99999311638232
ENSFCAG00000013063:BUB1B	0	0	0	0	0	0	0	0	0	0.74876232382191	0.914472904494268	0.944542861457287	1	0.913157550531886	0.985758723819555	0.996291872718248	1	0.998433011081534	0.99999311638232
ENSFCAG00000023857:LATS1	0	0	0	0	0	0	0	0	0	0.743920586558307	0.932631251608058	0.944661730269712	1	0.913157550531886	0.985758723819555	0.996291872718248	1	0.998439785568693	0.99999311638232
ENSFCAG00000012184:NOD1	0	0	0	0	0	0	0	0	0	0.741765926645505	0.942667204347136	0.944710832979923	1	0.913157550531886	0.985758723819555	0.996291872718248	1	0.998442579629957	0.99999311638232
ENSFCAG00000008085:MERTK	0	0	0	0	0	0	0	0	0	0.748344855286482	0.918022334551499	0.944820459884737	1	0.913157550531886	0.985758723819555	0.996291872718248	1	0.998448808452654	0.99999311638232
ENSFCAG00000018737:PIK3CA	0	0	0	0	0	0	0	0	0	0.748514584600435	0.917696133148426	0.944848271249483	1	0.913157550531886	0.985758723819555	0.996291872718248	1	0.998450386626385	0.99999311638232
ENSFCAG00000004539:FLT3	0	0	0	0	0	0	0	0	0	0.748072986102952	0.921775368404154	0.945160894318638	1	0.913157550531886	0.985758723819555	0.996291872718248	1	0.998468070308652	0.99999311638232
ENSFCAG00000002081:GLI1	0	0	0	0	0	0	0	0	0	0.744198090049582	0.937104671326634	0.945209303814335	1	0.913157550531886	0.985758723819555	0.996291872718248	1	0.998470799369707	0.99999311638232
ENSFCAG00000013913:INPP4A	0	0	0	0	0	0	0	0	0	0.749346084456637	0.920113627528639	0.94547316129227	1	0.913157550531886	0.985758723819555	0.996291872718248	1	0.998485630621035	0.99999311638232
ENSFCAG00000004825:RASA1	0	0	0	0	0	0	0	0	0	0.750482381382258	0.916802836376122	0.945520971197158	1	0.913157550531886	0.985758723819555	0.996291872718248	1	0.998488310102956	0.99999311638232
ENSFCAG00000001740:NUTM1	0	0	0	0	0	0	0	0	0	0.74456617279874	0.939244459352021	0.945556514839928	1	0.913157550531886	0.985758723819555	0.996291872718248	1	0.998490300561721	0.99999311638232
ENSFCAG00000010283:MIB1	0	0	0	0	0	0	0	0	0	0.750016828717744	0.918623146849336	0.945560292471829	1	0.913157550531886	0.985758723819555	0.996291872718248	1	0.99849051203213	0.99999311638232
ENSFCAG00000002617:GTF2I	0	0	0	0	0	0	0	0	0	0.751965446973196	0.912725082609934	0.945586677005138	1	0.913157550531886	0.985758723819555	0.996291872718248	1	0.998491988607535	0.99999311638232
ENSFCAG00000028208:RBM15	0	0	0	0	0	0	0	0	0	0.744549942185087	0.942328382655681	0.945822170149778	1	0.913157550531886	0.985758723819555	0.996291872718248	1	0.998505135061785	0.99999311638232
ENSFCAG00000025193:USP8	0	0	0	0	0	0	0	0	0	0.749217816218097	0.923651362085088	0.945835184139684	1	0.913157550531886	0.985758723819555	0.996291872718248	1	0.99850585986071	0.99999311638232
ENSFCAG00000002702:XPO1	0	0	0	0	0	0	0	0	0	0.750883911610653	0.918201287617025	0.945852624680216	1	0.913157550531886	0.985758723819555	0.996291872718248	1	0.998506830910407	0.99999311638232
ENSFCAG00000003112:KIT	0	0	0	0	0	0	0	0	0	0.748049670578425	0.929080041361701	0.945965374389434	1	0.913157550531886	0.985758723819555	0.996291872718248	1	0.998513100798856	0.99999311638232
ENSFCAG00000002273:KSR2	0	0	0	0	0	0	0	0	0	0.748952153961024	0.928206479144216	0.946233437320812	1	0.913157550531886	0.985758723819555	0.996291872718248	1	0.998527953532883	0.99999311638232
ENSFCAG00000024012:GRM3	0	0	0	0	0	0	0	0	0	0.745977139138453	0.941363642365247	0.946318096150873	1	0.913157550531886	0.985758723819555	0.996291872718248	1	0.998532628498842	0.99999311638232
ENSFCAG00000028243:MAP3K13	0	0	0	0	0	0	0	0	0	0.748671655653154	0.930165851870782	0.946328641601919	1	0.913157550531886	0.985758723819555	0.996291872718248	1	0.998533210301297	0.99999311638232
ENSFCAG00000007533:PPFIBP1	0	0	0	0	0	0	0	0	0	0.7547539649575	0.915684041008298	0.947058755786842	1	0.913157550531886	0.985758723819555	0.996291872718248	1	0.998573205742225	0.99999311638232
ENSFCAG00000010549:SNCAIP	0	0	0	0	0	0	0	0	0	0.748908518661556	0.937070405480944	0.94710813980206	1	0.913157550531886	0.985758723819555	0.996291872718248	1	0.998575890655907	0.99999311638232
ENSFCAG00000008459:PMS2	0	0	0	0	0	0	0	0	0	0.749994833975264	0.93270377427522	0.947116616615094	1	0.913157550531886	0.985758723819555	0.996291872718248	1	0.998576351264949	0.99999311638232
ENSFCAG00000000947:NFATC2	0	0	0	0	0	0	0	0	0	0.748105444569531	0.942005038637308	0.947231985080153	1	0.913157550531886	0.985758723819555	0.996291872718248	1	0.998582612559307	0.99999311638232
ENSFCAG00000008249:KDM4C	0	0	0	0	0	0	0	0	0	0.752151027113612	0.925842097277238	0.947244640202437	1	0.913157550531886	0.985758723819555	0.996291872718248	1	0.998583298524735	0.99999311638232
ENSFCAG00000002782:AGO2	0	0	0	0	0	0	0	0	0	0.751631847985139	0.928167278429862	0.947293753106576	1	0.913157550531886	0.985758723819555	0.996291872718248	1	0.998585959067197	0.99999311638232
ENSFCAG00000003098:PML	0	0	0	0	0	0	0	0	0	0.748168836309665	0.946281193649185	0.947614062948644	1	0.913157550531886	0.985758723819555	0.996291872718248	1	0.998603248429573	0.99999311638232
ENSFCAG00000031292:ATXN7	0	0	0	0	0	0	0	0	0	0.750474098081882	0.936902214741566	0.947716369437197	1	0.913157550531886	0.985758723819555	0.996291872718248	1	0.998608747811235	0.99999311638232
ENSFCAG00000014215:ECT2L	0	0	0	0	0	0	0	0	0	0.755911182081494	0.917575039656255	0.947744575985578	1	0.913157550531886	0.985758723819555	0.996291872718248	1	0.998610262083414	0.99999311638232
ENSFCAG00000013369:RABEP1	0	0	0	0	0	0	0	0	0	0.752100422414928	0.931253808145625	0.947803305237383	1	0.913157550531886	0.985758723819555	0.996291872718248	1	0.998613412277291	0.99999311638232
ENSFCAG00000013850:MAP3K14	0	0	0	0	0	0	0	0	0	0.75132218717403	0.935517897933421	0.947920686119922	1	0.913157550531886	0.985758723819555	0.996291872718248	1	0.998619697596536	0.99999311638232
ENSFCAG00000004050:ERCC4	0	0	0	0	0	0	0	0	0	0.749814781063618	0.942158141149848	0.94792899414204	1	0.913157550531886	0.985758723819555	0.996291872718248	1	0.998620141910078	0.99999311638232
ENSFCAG00000001865:XPC	0	0	0	0	0	0	0	0	0	0.752791451355446	0.931629501086491	0.94811401336013	1	0.913157550531886	0.985758723819555	0.996291872718248	1	0.998630017883531	0.99999311638232
ENSFCAG00000006091:FURIN	0	0	0	0	0	0	0	0	0	0.753114855682929	0.932041509212834	0.948283157411623	1	0.913157550531886	0.985758723819555	0.996291872718248	1	0.998639014879194	0.99999311638232
ENSFCAG00000014491:PRKD1	0	0	0	0	0	0	0	0	0	0.755048782055727	0.925888293511822	0.948384852051172	1	0.913157550531886	0.985758723819555	0.996291872718248	1	0.998644409628662	0.99999311638232
ENSFCAG00000006093:FES	0	0	0	0	0	0	0	0	0	0.755055708748508	0.92943405164735	0.948771841215419	1	0.913157550531886	0.985758723819555	0.996291872718248	1	0.998664839134697	0.99999311638232
ENSFCAG00000018385:FGFR3	0	0	0	0	0	0	0	0	0	0.754496461537671	0.932694734501556	0.948890419409641	1	0.913157550531886	0.985758723819555	0.996291872718248	1	0.998671067388151	0.99999311638232
ENSFCAG00000000512:RPS6KA4	0	0	0	0	0	0	0	0	0	0.754913106118145	0.931611145821535	0.948942868231947	1	0.913157550531886	0.985758723819555	0.996291872718248	1	0.998673817506492	0.99999311638232
ENSFCAG00000006348:TRAF7	0	0	0	0	0	0	0	0	0	0.755893157174211	0.928354307707435	0.948982370643957	1	0.913157550531886	0.985758723819555	0.996291872718248	1	0.998675886874737	0.99999311638232
ENSFCAG00000015377:EML4	0	0	0	0	0	0	0	0	0	0.761021809133802	0.912111902371616	0.94900456402447	1	0.913157550531886	0.985758723819555	0.996291872718248	1	0.998677048772869	0.99999311638232
ENSFCAG00000013582:PCSK7	0	0	0	0	0	0	0	0	0	0.755494898178051	0.930567407390929	0.949061610111996	1	0.913157550531886	0.985758723819555	0.996291872718248	1	0.99868003294589	0.99999311638232
ENSFCAG00000011529:VAV2	0	0	0	0	0	0	0	0	0	0.759522161008749	0.91741866970671	0.949113837137531	1	0.913157550531886	0.985758723819555	0.996291872718248	1	0.998682762019327	0.99999311638232
ENSFCAG00000018470:BRIP1	0	0	0	0	0	0	0	0	0	0.758572064181943	0.923336152918443	0.949457684463734	1	0.913157550531886	0.985758723819555	0.996291872718248	1	0.998700657695551	0.99999311638232
ENSFCAG00000008289:SND1	0	0	0	0	0	0	0	0	0	0.758449888845684	0.924162981028649	0.949505429038664	1	0.913157550531886	0.985758723819555	0.996291872718248	1	0.99870313273484	0.99999311638232
ENSFCAG00000004892:DNM2	0	0	0	0	0	0	0	0	0	0.757943319185642	0.925940199361409	0.949510681728193	1	0.913157550531886	0.985758723819555	0.996291872718248	1	0.998703404883329	0.99999311638232
ENSFCAG00000018481:EPHA7	1	0	0	0	0	0	0	0	0	0.757541150550434	0.928534459710416	0.949638988362262	1	0.913157550531886	0.985758723819555	0.996291872718248	1	0.998710043588848	0.99999311638232
ENSFCAG00000046155:REST	0	0	0	0	0	0	0	0	0	0.753336660070309	0.94903062216756	0.94988209926221	1	0.913157550531886	0.985758723819555	0.996291872718248	1	0.998722574834522	0.99999311638232
ENSFCAG00000008506:CYLD	0	0	0	0	0	0	0	0	0	0.758498506504757	0.928356515072634	0.949988059540477	1	0.913157550531886	0.985758723819555	0.996291872718248	1	0.998728017127628	0.99999311638232
ENSFCAG00000028493:DIS3	0	0	0	0	0	0	0	0	0	0.760077717685454	0.923929990729913	0.950101240366555	1	0.913157550531886	0.985758723819555	0.996291872718248	1	0.998733817225758	0.99999311638232
ENSFCAG00000024529:RB1	0	0	0	0	0	0	0	0	0	0.764090755274557	0.911997482993597	0.950144448694808	1	0.913157550531886	0.985758723819555	0.996291872718248	1	0.998736027936353	0.99999311638232
ENSFCAG00000024269:KIF5B	0	0	0	0	0	0	0	0	0	0.760867556284143	0.922246305852807	0.950207146708405	1	0.913157550531886	0.985758723819555	0.996291872718248	1	0.998739232322826	0.99999311638232
ENSFCAG00000041663:PGR	0	0	0	0	0	0	0	0	0	0.756850676835817	0.941024119997041	0.950593552621646	1	0.913157550531886	0.985758723819555	0.996291872718248	1	0.998758889552601	0.99999311638232
ENSFCAG00000004737:CBL	0	0	0	0	0	0	0	0	0	0.760206045990099	0.928017843672338	0.950604475937234	1	0.913157550531886	0.985758723819555	0.996291872718248	1	0.998759442960011	0.99999311638232
ENSFCAG00000005052:VAV1	0	0	0	0	0	0	0	0	0	0.764268766468621	0.917994494091375	0.950977964989687	1	0.913157550531886	0.985758723819555	0.996291872718248	1	0.998778289510342	0.99999311638232
ENSFCAG00000014965:NTRK3	0	0	0	0	0	0	0	0	0	0.760550181397297	0.930420964585202	0.950990878071536	1	0.913157550531886	0.985758723819555	0.996291872718248	1	0.998778938490815	0.99999311638232
ENSFCAG00000007779:DNMT3B	0	0	0	0	0	0	0	0	0	0.763482802734962	0.92188739672687	0.951152298474128	1	0.913157550531886	0.985758723819555	0.996291872718248	1	0.998787036297633	0.99999311638232
ENSFCAG00000015643:AXIN1	0	0	0	0	0	0	0	0	0	0.758092489593213	0.943163090102414	0.951258564064875	1	0.913157550531886	0.985758723819555	0.996291872718248	1	0.998792352257638	0.99999311638232
ENSFCAG00000005619:EXT2	0	0	0	0	0	0	0	0	0	0.760240317983829	0.934575025064688	0.951293821992495	1	0.913157550531886	0.985758723819555	0.996291872718248	1	0.998794113420558	0.99999311638232
ENSFCAG00000013266:SMAD2	0	0	0	0	0	0	0	0	0	0.758897307436585	0.941650861951557	0.951437280814706	1	0.913157550531886	0.985758723819555	0.996291872718248	1	0.998801265833415	0.99999311638232
ENSFCAG00000001719:CTNNA1	0	0	0	0	0	0	0	0	0	0.761739511190999	0.93100219238791	0.951502758492397	1	0.913157550531886	0.985758723819555	0.996291872718248	1	0.99880452315809	0.99999311638232
ENSFCAG00000010530:DDR1	0	0	0	0	0	0	0	0	0	0.761353182576077	0.934404721816452	0.951700256050833	1	0.913157550531886	0.985758723819555	0.996291872718248	1	0.998814320798353	0.99999311638232
ENSFCAG00000000746:AGO1	0	0	0	0	0	0	0	0	0	0.764763193538624	0.92605042364284	0.952107664468265	1	0.913157550531886	0.985758723819555	0.996291872718248	1	0.998834402423284	0.99999311638232
ENSFCAG00000006007:LZTR1	0	0	0	0	0	0	0	0	0	0.763867636744889	0.929252998022942	0.952120965847855	1	0.913157550531886	0.985758723819555	0.996291872718248	1	0.998835055124274	0.99999311638232
ENSFCAG00000008135:TNFAIP3	0	0	0	0	0	0	0	0	0	0.761411041012205	0.940904496442182	0.95233068363795	1	0.913157550531886	0.985758723819555	0.996291872718248	1	0.998845321452565	0.99999311638232
ENSFCAG00000026268:INPP4B	0	0	0	0	0	0	0	0	0	0.76563306235119	0.925172833409189	0.952333639950792	1	0.913157550531886	0.985758723819555	0.996291872718248	1	0.99884546584301	0.99999311638232
ENSFCAG00000006913:NTRK1	0	0	0	0	0	0	0	0	0	0.762699826265421	0.936651182568043	0.952427223142264	1	0.913157550531886	0.985758723819555	0.996291872718248	1	0.998850031833502	0.99999311638232
ENSFCAG00000012620:TYRO3	0	0	0	0	0	0	0	0	0	0.764909047745704	0.929434008290964	0.952529866700317	1	0.913157550531886	0.985758723819555	0.996291872718248	1	0.998855029312031	0.99999311638232
ENSFCAG00000013448:MSH2	0	0	0	0	0	0	0	0	0	0.766152245368763	0.925959491770714	0.952614659458023	1	0.913157550531886	0.985758723819555	0.996291872718248	1	0.998859149333488	0.99999311638232
ENSFCAG00000027650:EPS15	0	0	0	0	0	0	0	0	0	0.766849877697201	0.923806177113357	0.952629671993771	1	0.913157550531886	0.985758723819555	0.996291872718248	1	0.998859877995768	0.99999311638232
ENSFCAG00000007090:FBXO11	0	0	0	0	0	0	0	0	0	0.76713209036667	0.923694368671307	0.952721163331062	1	0.913157550531886	0.985758723819555	0.996291872718248	1	0.998864313589469	0.99999311638232
ENSFCAG00000014971:CBFA2T3	0	0	0	0	0	0	0	0	0	0.76238719449538	0.942553453966217	0.952844667286288	1	0.913157550531886	0.985758723819555	0.996291872718248	1	0.998870287252592	0.99999311638232
ENSFCAG00000013987:MALT1	0	0	0	0	0	0	0	0	0	0.766523927654066	0.929446656066351	0.953131952001256	1	0.913157550531886	0.985758723819555	0.996291872718248	1	0.998884120771798	0.99999311638232
ENSFCAG00000007325:AR	0	0	0	0	0	0	0	0	0	0.764244740856812	0.939697914759589	0.953291209999819	1	0.913157550531886	0.985758723819555	0.996291872718248	1	0.99889175215795	0.99999311638232
ENSFCAG00000026883:PIK3R2	0	0	0	0	0	0	0	0	0	0.765085565168802	0.938402271944205	0.953487035249616	1	0.913157550531886	0.985758723819555	0.996291872718248	1	0.998901099317574	0.99999311638232
ENSFCAG00000008675:NUP93	0	0	0	0	0	0	0	0	0	0.768906863708007	0.925340194488922	0.953561447698842	1	0.913157550531886	0.985758723819555	0.996291872718248	1	0.998904640638093	0.99999311638232
ENSFCAG00000013612:FGFR1	0	0	0	0	0	0	0	0	0	0.767193400269399	0.932632042400732	0.953710417653115	1	0.913157550531886	0.985758723819555	0.996291872718248	1	0.998911712733917	0.99999311638232
ENSFCAG00000010119:SNX29	0	0	0	0	0	0	0	0	0	0.76739951871843	0.931918028393911	0.95371379369903	1	0.913157550531886	0.985758723819555	0.996291872718248	1	0.99891187273631	0.99999311638232
ENSFCAG00000009081:NTRK2	0	0	0	0	0	0	0	0	0	0.767929320661427	0.930282961109761	0.953739617265394	1	0.913157550531886	0.985758723819555	0.996291872718248	1	0.998913096208358	0.99999311638232
ENSFCAG00000010755:PRDM1	0	0	0	0	0	0	0	0	0	0.763010494678354	0.952847172372944	0.953888581030013	1	0.913157550531886	0.985758723819555	0.996291872718248	1	0.998920140182246	0.99999311638232
ENSFCAG00000013131:EZH1	0	0	0	0	0	0	0	0	0	0.771030281895013	0.92215971151843	0.953970548754266	1	0.913157550531886	0.985758723819555	0.996291872718248	1	0.998924006226184	0.99999311638232
ENSFCAG00000012236:MEN1	0	0	0	0	0	0	0	0	0	0.765400574647462	0.943045205336485	0.954018439154078	1	0.913157550531886	0.985758723819555	0.996291872718248	1	0.998926261738503	0.99999311638232
ENSFCAG00000002679:ERCC2	0	0	0	0	0	0	0	0	0	0.768964220933404	0.930194696735568	0.954110745479249	1	0.913157550531886	0.985758723819555	0.996291872718248	1	0.99893060234222	0.99999311638232
ENSFCAG00000015491:PMS1	0	0	0	0	0	0	0	0	0	0.768376843712093	0.932374916244256	0.954120677151486	1	0.913157550531886	0.985758723819555	0.996291872718248	1	0.998931068836085	0.99999311638232
ENSFCAG00000026041:SMO	0	0	0	0	0	0	0	0	0	0.767019275360218	0.937536605600943	0.954125185520075	1	0.913157550531886	0.985758723819555	0.996291872718248	1	0.998931280561503	0.99999311638232
ENSFCAG00000007246:DDX10	0	0	0	0	0	0	0	0	0	0.767641693801454	0.93545764706096	0.954156551344486	1	0.913157550531886	0.985758723819555	0.996291872718248	1	0.998932752997436	0.99999311638232
ENSFCAG00000027384:ARID3A	1	0	0	0	0	0	0	0	0	0.764250532876334	0.951157807619667	0.954233284811919	1	0.913157550531886	0.985758723819555	0.996291872718248	1	0.998936350823467	0.99999311638232
ENSFCAG00000025772:MST1	0	0	0	0	0	0	0	0	0	0.77046453160703	0.928241424324455	0.954450713649871	1	0.913157550531886	0.985758723819555	0.996291872718248	1	0.998946511965397	0.99999311638232
ENSFCAG00000003692:FGFR2	0	0	0	0	0	0	0	0	0	0.769444230277677	0.932153012129209	0.954489656990614	1	0.913157550531886	0.985758723819555	0.996291872718248	1	0.998948326681158	0.99999311638232
ENSFCAG00000013629:EPAS1	0	0	0	0	0	0	0	0	0	0.769149728704353	0.933474938488663	0.954515580464355	1	0.913157550531886	0.985758723819555	0.996291872718248	1	0.998949533804921	0.99999311638232
ENSFCAG00000029266:CSDE1	0	0	0	0	0	0	0	0	0	0.77052590279207	0.929251395206513	0.954581539017245	1	0.913157550531886	0.985758723819555	0.996291872718248	1	0.998952601983279	0.99999311638232
ENSFCAG00000022869:PIK3C3	0	0	0	0	0	0	0	0	0	0.774318217476107	0.91786452967697	0.954636492520047	1	0.913157550531886	0.985758723819555	0.996291872718248	1	0.998955154761977	0.99999311638232
ENSFCAG00000030995:AXL	0	0	0	0	0	0	0	0	0	0.771629449440678	0.926941054567888	0.954731866753575	1	0.913157550531886	0.985758723819555	0.996291872718248	1	0.998959577713021	0.99999311638232
ENSFCAG00000008145:CUL3	0	0	0	0	0	0	0	0	0	0.77197689928767	0.925872764012134	0.954739044401226	1	0.913157550531886	0.985758723819555	0.996291872718248	1	0.998959910188743	0.99999311638232
ENSFCAG00000009163:DDR2	0	0	0	0	0	0	0	0	0	0.770349210696746	0.931466876456948	0.954749714750946	1	0.913157550531886	0.985758723819555	0.996291872718248	1	0.998960404350134	0.99999311638232
ENSFCAG00000026219:ETAA1	0	0	0	0	0	0	0	0	0	0.767993389408079	0.942059812049764	0.954894928090771	1	0.913157550531886	0.985758723819555	0.996291872718248	1	0.998967117563944	0.99999311638232
ENSFCAG00000008901:BACH2	0	0	0	0	0	0	0	0	0	0.766359058207063	0.951575629951323	0.955051253241376	1	0.913157550531886	0.985758723819555	0.996291872718248	1	0.998974319794624	0.99999311638232
ENSFCAG00000010859:IL6ST	0	0	0	0	0	0	0	0	0	0.772040772398463	0.928920384197744	0.955095883582189	1	0.913157550531886	0.985758723819555	0.996291872718248	1	0.998976371313331	0.99999311638232
ENSFCAG00000040223:TBX3	0	0	0	0	0	0	0	0	0	0.765752354920737	0.956534465232663	0.955167958607922	1	0.913157550531886	0.985758723819555	0.996291872718248	1	0.998979679975841	0.99999311638232
ENSFCAG00000002153:STAT5A	0	0	0	0	0	0	0	0	0	0.771971521237777	0.930159112505613	0.955202469249325	1	0.913157550531886	0.985758723819555	0.996291872718248	1	0.998981262289304	0.99999311638232
ENSFCAG00000005630:BRSK1	0	0	0	0	0	0	0	0	0	0.771699635208409	0.931345197071255	0.955227889748732	1	0.913157550531886	0.985758723819555	0.996291872718248	1	0.998982427022143	0.99999311638232
ENSFCAG00000014571:STAT6	0	0	0	0	0	0	0	0	0	0.774112056686962	0.925677547014443	0.955485588985	1	0.913157550531886	0.985758723819555	0.996291872718248	1	0.998994196265375	0.99999311638232
ENSFCAG00000006989:ERCC3	0	0	0	0	0	0	0	0	0	0.771744440859449	0.934880307218731	0.955600656480016	1	0.913157550531886	0.985758723819555	0.996291872718248	1	0.99899942900411	0.99999311638232
ENSFCAG00000022073:DTX1	0	0	0	0	0	0	0	0	0	0.768810080697029	0.949322689442722	0.95578938761988	1	0.913157550531886	0.985758723819555	0.996291872718248	1	0.999007981626173	0.99999311638232
ENSFCAG00000016224:FGFR4	0	0	0	0	0	0	0	0	0	0.772635687807019	0.933886538941255	0.955824615024433	1	0.913157550531886	0.985758723819555	0.996291872718248	1	0.999009573879067	0.99999311638232
ENSFCAG00000025327:GMPS	0	0	0	0	0	0	0	0	0	0.772988222665066	0.934834524371314	0.956045600484036	1	0.913157550531886	0.985758723819555	0.996291872718248	1	0.999019532643913	0.99999311638232
ENSFCAG00000006810:BCL6	0	0	0	0	0	0	0	0	0	0.769920748941313	0.955204226517611	0.956619521464532	1	0.913157550531886	0.985758723819555	0.996291872718248	1	0.999045157971374	0.99999311638232
ENSFCAG00000012847:BRAF	0	0	0	0	0	0	0	0	0	0.778385790985392	0.923238224685798	0.956722676454578	1	0.913157550531886	0.985758723819555	0.996291872718248	1	0.999049727286268	0.99999311638232
ENSFCAG00000009125:ARHGAP26	0	0	0	0	0	0	0	0	0	0.778444819204957	0.926051896599724	0.957063997493167	1	0.913157550531886	0.985758723819555	0.996291872718248	1	0.999064767036244	0.99999311638232
ENSFCAG00000045924:FBXO31	0	0	0	0	0	0	0	0	0	0.773000336041874	0.946880627018971	0.957124450037931	1	0.913157550531886	0.985758723819555	0.996291872718248	1	0.999067418087993	0.99999311638232
ENSFCAG00000005710:BRD3	0	0	0	0	0	0	0	0	0	0.772673949189367	0.948474772061349	0.95713238361631	1	0.913157550531886	0.985758723819555	0.996291872718248	1	0.999067765719227	0.99999311638232
ENSFCAG00000011776:LMNA	0	0	0	0	0	0	0	0	0	0.773280431747257	0.945865409970552	0.957143317498873	1	0.913157550531886	0.985758723819555	0.996291872718248	1	0.999068244709152	0.99999311638232
ENSFCAG00000014042:CNOT3	0	0	0	0	0	0	0	0	0	0.776887893998781	0.932936479083557	0.957248808758217	1	0.913157550531886	0.985758723819555	0.996291872718248	1	0.999072859639111	0.99999311638232
ENSFCAG00000003470:CTNNB1	0	0	0	0	0	0	0	0	0	0.776329821117021	0.936806219677343	0.957431704006726	1	0.913157550531886	0.985758723819555	0.996291872718248	1	0.999080833214882	0.99999311638232
ENSFCAG00000024456:MDM2	0	0	0	0	0	0	0	0	0	0.776252600527538	0.937789851746091	0.957497430470216	1	0.913157550531886	0.985758723819555	0.996291872718248	1	0.999083690118434	0.99999311638232
ENSFCAG00000006532:GTSE1	0	0	0	0	0	0	0	0	0	0.775282827444618	0.945951915124735	0.957868431666159	1	0.913157550531886	0.985758723819555	0.996291872718248	1	0.999099731665407	0.99999311638232
ENSFCAG00000014440:COP1	0	0	0	0	0	0	0	0	0	0.780478901555623	0.927463149831445	0.957931196642155	1	0.913157550531886	0.985758723819555	0.996291872718248	1	0.999102431317876	0.99999311638232
ENSFCAG00000003427:HIF1A	0	0	0	0	0	0	0	0	0	0.778852753590205	0.933334910191205	0.957981314662775	1	0.913157550531886	0.985758723819555	0.996291872718248	1	0.999104584045452	0.99999311638232
ENSFCAG00000006882:ZNF384	0	0	0	0	0	0	0	0	0	0.777813209240862	0.938818371995439	0.958145523537493	1	0.913157550531886	0.985758723819555	0.996291872718248	1	0.999111618967928	0.99999311638232
ENSFCAG00000003644:ARNT	0	0	0	0	0	0	0	0	0	0.781829452027188	0.925591587969061	0.958191333323756	1	0.913157550531886	0.985758723819555	0.996291872718248	1	0.999113576498155	0.99999311638232
ENSFCAG00000028024:KDSR	0	0	0	0	0	0	0	0	0	0.777686103190322	0.942326939995627	0.958415705237612	1	0.913157550531886	0.985758723819555	0.996291872718248	1	0.999123132661198	0.99999311638232
ENSFCAG00000003444:RAD54L	0	0	0	0	0	0	0	0	0	0.78088701000119	0.932819375102257	0.9586392009412	1	0.913157550531886	0.985758723819555	0.996291872718248	1	0.999132599286025	0.99999311638232
ENSFCAG00000012784:STRN	0	0	0	0	0	0	0	0	0	0.781457318494243	0.931177484543367	0.958668090147293	1	0.913157550531886	0.985758723819555	0.996291872718248	1	0.999133819145217	0.99999311638232
ENSFCAG00000013269:CSF3R	0	0	0	0	0	0	0	0	0	0.780986869746227	0.933676239241509	0.958760423466511	1	0.913157550531886	0.985758723819555	0.996291872718248	1	0.999137712121866	0.99999311638232
ENSFCAG00000025031:HOOK3	0	0	0	0	0	0	0	0	0	0.785653179498941	0.919648141067514	0.958803565667263	1	0.913157550531886	0.985758723819555	0.996291872718248	1	0.999139528044217	0.99999311638232
ENSFCAG00000014246:CUL4A	0	0	0	0	0	0	0	0	0	0.783849974737793	0.925134555150074	0.958834583893463	1	0.913157550531886	0.985758723819555	0.996291872718248	1	0.99914083245003	0.99999311638232
ENSFCAG00000030357:NBN	0	0	0	0	0	0	0	0	0	0.781927979073762	0.931407282981548	0.958854845693355	1	0.913157550531886	0.985758723819555	0.996291872718248	1	0.999141683975296	0.99999311638232
ENSFCAG00000010312:BARD1	0	0	0	0	0	0	0	0	0	0.779091276328936	0.942435112474844	0.958919445352427	1	0.913157550531886	0.985758723819555	0.996291872718248	1	0.999144395991112	0.99999311638232
ENSFCAG00000015711:BAP1	0	0	0	0	0	0	0	0	0	0.780368900711741	0.938626063668378	0.959023535983892	1	0.913157550531886	0.985758723819555	0.996291872718248	1	0.999148756757075	0.99999311638232
ENSFCAG00000006344:CD276	0	0	0	0	0	0	0	0	0	0.777921810238344	0.950211807740076	0.959138869901505	1	0.913157550531886	0.985758723819555	0.996291872718248	1	0.999153575354371	0.99999311638232
ENSFCAG00000013696:IKBKB	0	0	0	0	0	0	0	0	0	0.785713158148084	0.922542312535752	0.959170165655945	1	0.913157550531886	0.985758723819555	0.996291872718248	1	0.999154880484137	0.99999311638232
ENSFCAG00000000814:HSP90AA1	0	0	0	0	0	0	0	0	0	0.779207881634245	0.945302920934541	0.959203633718605	1	0.913157550531886	0.985758723819555	0.996291872718248	1	0.999156275075984	0.99999311638232
ENSFCAG00000023514:TCF3	0	0	0	0	0	0	0	0	0	0.781222420461397	0.937415031190115	0.959206784878078	1	0.913157550531886	0.985758723819555	0.996291872718248	1	0.999156406322546	0.99999311638232
ENSFCAG00000042003:ASPSCR1	0	0	0	0	0	0	0	0	0	0.780089093348785	0.943093586404344	0.959325498662524	1	0.913157550531886	0.985758723819555	0.996291872718248	1	0.999161343239833	0.99999311638232
ENSFCAG00000027069:GATA6	0	0	0	0	0	0	0	0	0	0.777629685113673	0.955274616220309	0.959397080438951	1	0.913157550531886	0.985758723819555	0.996291872718248	1	0.999164312991615	0.99999311638232
ENSFCAG00000003928:NCSTN	0	0	0	0	0	0	0	0	0	0.782337058952063	0.936093829549214	0.959466087635379	1	0.913157550531886	0.985758723819555	0.996291872718248	1	0.999167170874283	0.99999311638232
ENSFCAG00000027102:GAB1	0	0	0	0	0	0	0	0	0	0.783192162445972	0.933735690154576	0.959528242194326	1	0.913157550531886	0.985758723819555	0.996291872718248	1	0.99916974071161	0.99999311638232
ENSFCAG00000042862:SFPQ	0	0	0	0	0	0	0	0	0	0.77981204167902	0.94695756260956	0.959549869776136	1	0.913157550531886	0.985758723819555	0.996291872718248	1	0.999170633979614	0.99999311638232
ENSFCAG00000024086:NRG1	0	0	0	0	0	0	0	0	0	0.782486870314529	0.937601133718597	0.959661860115167	1	0.913157550531886	0.985758723819555	0.996291872718248	1	0.999175251636581	0.99999311638232
ENSFCAG00000023797:SUZ12	0	0	0	0	0	0	0	0	0	0.783914671556583	0.934011047557641	0.959803703307828	1	0.913157550531886	0.985758723819555	0.996291872718248	1	0.999181081446631	0.99999311638232
ENSFCAG00000001371:MLH1	0	0	0	0	0	0	0	0	0	0.784920701743389	0.931813311886218	0.959924057834782	1	0.913157550531886	0.985758723819555	0.996291872718248	1	0.999186011624957	0.99999311638232
ENSFCAG00000018634:STAT4	0	0	0	0	0	0	0	0	0	0.787684606854393	0.924060821424879	0.9600123257531	1	0.913157550531886	0.985758723819555	0.996291872718248	1	0.999189617822144	0.99999311638232
ENSFCAG00000011030:PIK3R1	0	0	0	0	0	0	0	0	0	0.78726951774312	0.925303214905759	0.960014653662689	1	0.913157550531886	0.985758723819555	0.996291872718248	1	0.999189712819345	0.99999311638232
ENSFCAG00000025491:ELP2	0	0	0	0	0	0	0	0	0	0.786955644841506	0.926328182392548	0.960024203094055	1	0.913157550531886	0.985758723819555	0.996291872718248	1	0.999190102452922	0.99999311638232
ENSFCAG00000042984:EXT1	0	0	0	0	0	0	0	0	0	0.783331798928223	0.938656711269839	0.960051623919328	1	0.913157550531886	0.985758723819555	0.996291872718248	1	0.999191220742786	0.99999311638232
ENSFCAG00000044781:ELN	0	0	0	0	0	0	0	0	0	0.789471947421308	0.919446175221112	0.960062098310526	1	0.913157550531886	0.985758723819555	0.996291872718248	1	0.999191647707943	0.99999311638232
ENSFCAG00000013778:IKBKE	0	0	0	0	0	0	0	0	0	0.785943847862697	0.929916577881042	0.960073119607476	1	0.913157550531886	0.985758723819555	0.996291872718248	1	0.999192096843108	0.99999311638232
ENSFCAG00000015184:ALOX12B	0	0	0	0	0	0	0	0	0	0.783421802337611	0.938984688144868	0.960112924078256	1	0.913157550531886	0.985758723819555	0.996291872718248	1	0.999193717884222	0.99999311638232
ENSFCAG00000025219:MRE11	0	0	0	0	0	0	0	0	0	0.787759629254677	0.925020193966927	0.960147362106943	1	0.913157550531886	0.985758723819555	0.996291872718248	1	0.999195119044942	0.99999311638232
ENSFCAG00000001812:MYB	0	0	0	0	0	0	0	0	0	0.785949299798076	0.931259491649658	0.960216266167454	1	0.913157550531886	0.985758723819555	0.996291872718248	1	0.999197918797652	0.99999311638232
ENSFCAG00000009029:TOP1	0	0	0	0	0	0	0	0	0	0.788240228063413	0.92441164048207	0.960239102470839	1	0.913157550531886	0.985758723819555	0.996291872718248	1	0.999198845605634	0.99999311638232
ENSFCAG00000011809:ACSL3	0	0	0	0	0	0	0	0	0	0.78498387824587	0.937162041707971	0.960476493221102	1	0.913157550531886	0.985758723819555	0.996291872718248	1	0.99920844790965	0.99999311638232
ENSFCAG00000018774:TCF7L2	0	0	0	0	0	0	0	0	0	0.786131296089958	0.933311250858997	0.960488557663133	1	0.913157550531886	0.985758723819555	0.996291872718248	1	0.999208934341802	0.99999311638232
ENSFCAG00000014304:ASMTL	0	0	0	0	0	0	0	0	0	0.784094586249434	0.941416084752232	0.960563826072554	1	0.913157550531886	0.985758723819555	0.996291872718248	1	0.999211965703861	0.99999311638232
ENSFCAG00000030250:CMTR2	0	0	0	0	0	0	0	0	0	0.780893966512988	0.955653483679204	0.960567468983009	1	0.913157550531886	0.985758723819555	0.996291872718248	1	0.999212112268902	0.99999311638232
ENSFCAG00000003694:TFRC	0	0	0	0	0	0	0	0	0	0.786276205827555	0.934431492299523	0.960649941400625	1	0.913157550531886	0.985758723819555	0.996291872718248	1	0.999215426680966	0.99999311638232
ENSFCAG00000030227:FOXO3	0	0	0	0	0	0	0	0	0	0.780784393972342	0.958339375560501	0.960703944319038	1	0.913157550531886	0.985758723819555	0.996291872718248	1	0.999217593121138	0.99999311638232
ENSFCAG00000023537:MLLT1	0	0	0	0	0	0	0	0	0	0.783073849166146	0.948467622185631	0.960801052471962	1	0.913157550531886	0.985758723819555	0.996291872718248	1	0.999221481181015	0.99999311638232
ENSFCAG00000002630:PPM1F	0	0	0	0	0	0	0	0	0	0.785232601275029	0.940396512053401	0.960861229255671	1	0.913157550531886	0.985758723819555	0.996291872718248	1	0.999223885640542	0.99999311638232
ENSFCAG00000002431:RXRA	0	0	0	0	0	0	0	0	0	0.783589321570043	0.948560971492923	0.960985607468185	1	0.913157550531886	0.985758723819555	0.996291872718248	1	0.999228843426169	0.99999311638232
ENSFCAG00000004893:CARM1	0	0	0	0	0	0	0	0	0	0.786461798940894	0.938641365924837	0.961117753660149	1	0.913157550531886	0.985758723819555	0.996291872718248	1	0.999234093210404	0.99999311638232
ENSFCAG00000011083:TSHR	0	0	0	0	0	0	0	0	0	0.785132814142434	0.945016713982278	0.961228211949348	1	0.913157550531886	0.985758723819555	0.996291872718248	1	0.999238467456284	0.99999311638232
ENSFCAG00000003492:CTCF	0	0	0	0	0	0	0	0	0	0.785524026316036	0.944664664639899	0.961332029085169	1	0.913157550531886	0.985758723819555	0.996291872718248	1	0.999242567135221	0.99999311638232
ENSFCAG00000025248:ARAF	0	0	0	0	0	0	0	0	0	0.787005157532276	0.93996260892795	0.961423030754188	1	0.913157550531886	0.985758723819555	0.996291872718248	1	0.999246151517734	0.99999311638232
ENSFCAG00000026205:ZBTB16	0	0	0	0	0	0	0	0	0	0.784352471881268	0.951596637711261	0.961476722525507	1	0.913157550531886	0.985758723819555	0.996291872718248	1	0.999248262294062	0.99999311638232
ENSFCAG00000024132:TNFRSF11A	0	0	0	0	0	0	0	0	0	0.785937012189737	0.945504473082817	0.961542279824998	1	0.913157550531886	0.985758723819555	0.996291872718248	1	0.999250835472649	0.99999311638232
ENSFCAG00000029965:SLC34A2	0	0	0	0	0	0	0	0	0	0.785783146078565	0.947712632753041	0.961668618697028	1	0.913157550531886	0.985758723819555	0.996291872718248	1	0.999255781772027	0.99999311638232
ENSFCAG00000007469:GOLGA5	0	0	0	0	0	0	0	0	0	0.78945454860876	0.935082615740931	0.961782669220555	1	0.913157550531886	0.985758723819555	0.996291872718248	1	0.999260232714939	0.99999311638232
ENSFCAG00000012034:SETDB2	0	0	0	0	0	0	0	0	0	0.790834561696633	0.931294131465192	0.961857127914215	1	0.913157550531886	0.985758723819555	0.996291872718248	1	0.999263131247562	0.99999311638232
ENSFCAG00000023059:FOXP1	0	0	0	0	0	0	0	0	0	0.790669092643796	0.933000048671701	0.96197804581731	1	0.913157550531886	0.985758723819555	0.996291872718248	1	0.999267826066669	0.99999311638232
ENSFCAG00000000790:TP63	0	0	0	0	0	0	0	0	0	0.788911458649788	0.940072090800358	0.962073776914316	1	0.913157550531886	0.985758723819555	0.996291872718248	1	0.99927153219023	0.99999311638232
ENSFCAG00000007271:FLYWCH1	0	0	0	0	0	0	0	0	0	0.786527165835064	0.951167431661041	0.962185741878057	1	0.913157550531886	0.985758723819555	0.996291872718248	1	0.999275854704353	0.99999311638232
ENSFCAG00000008744:SEPTIN6	0	0	0	0	0	0	0	0	0	0.788323911179866	0.944701051202381	0.9622813441091	1	0.913157550531886	0.985758723819555	0.996291872718248	1	0.999279535207648	0.99999311638232
ENSFCAG00000006991:SRC	0	0	0	0	0	0	0	0	0	0.790335522745854	0.938373602531459	0.962391944222575	1	0.913157550531886	0.985758723819555	0.996291872718248	1	0.999283781250867	0.99999311638232
ENSFCAG00000014214:SYK	0	0	0	0	0	0	0	0	0	0.78875718176556	0.945600290262939	0.962501440043377	1	0.913157550531886	0.985758723819555	0.996291872718248	1	0.999287972378567	0.99999311638232
ENSFCAG00000004020:DAXX	0	0	0	0	0	0	0	0	0	0.788066740653642	0.949065229271725	0.962546427316571	1	0.913157550531886	0.985758723819555	0.996291872718248	1	0.999289690728068	0.99999311638232
ENSFCAG00000012518:KEAP1	0	0	0	0	0	0	0	0	0	0.787849893864541	0.950208183049189	0.962560740599852	1	0.913157550531886	0.985758723819555	0.996291872718248	1	0.999290237002292	0.99999311638232
ENSFCAG00000006633:CLP1	0	0	0	0	0	0	0	0	0	0.787863181753701	0.952794188463053	0.962755332223491	1	0.913157550531886	0.985758723819555	0.996291872718248	1	0.999297642582393	0.99999311638232
ENSFCAG00000030862:NR4A3	0	0	0	0	0	0	0	0	0	0.788789463989351	0.950332839494454	0.962885696532087	1	0.913157550531886	0.985758723819555	0.996291872718248	1	0.999302581860133	0.99999311638232
ENSFCAG00000030253:PATZ1	0	0	0	0	0	0	0	0	0	0.788156897904302	0.953339751138712	0.962892960799773	1	0.913157550531886	0.985758723819555	0.996291872718248	1	0.999302856571471	0.99999311638232
ENSFCAG00000009752:CRTC1	0	0	0	0	0	0	0	0	0	0.791916552972828	0.939415928318738	0.963011902367059	1	0.913157550531886	0.985758723819555	0.996291872718248	1	0.999307346766111	0.99999311638232
ENSFCAG00000035160:FNBP1	0	0	0	0	0	0	0	0	0	0.792243579779275	0.938457954510956	0.963030795514651	1	0.913157550531886	0.985758723819555	0.996291872718248	1	0.999308058654211	0.99999311638232
ENSFCAG00000007459:GAB2	0	0	0	0	0	0	0	0	0	0.791102622586133	0.942864004355099	0.963051102474474	1	0.913157550531886	0.985758723819555	0.996291872718248	1	0.999308823401033	0.99999311638232
ENSFCAG00000003177:SH2B3	0	0	0	0	0	0	0	0	0	0.78888107647099	0.952315564600134	0.963062739415807	1	0.913157550531886	0.985758723819555	0.996291872718248	1	0.999309261447634	0.99999311638232
ENSFCAG00000002807:SOX10	0	0	0	0	0	0	0	0	0	0.787959385574434	0.95836698470881	0.963162929860256	1	0.913157550531886	0.985758723819555	0.996291872718248	1	0.99931302707589	0.99999311638232
ENSFCAG00000015395:BTK	0	0	0	0	0	0	0	0	0	0.794738399830228	0.932594396723623	0.963272191717109	1	0.913157550531886	0.985758723819555	0.996291872718248	1	0.999317121770332	0.99999311638232
ENSFCAG00000010997:PRKAR1A	0	0	0	0	0	0	0	0	0	0.793064104294756	0.938198332329698	0.963275991688119	1	0.913157550531886	0.985758723819555	0.996291872718248	1	0.99931726395493	0.99999311638232
ENSFCAG00000025339:DDX3X	0	0	0	0	0	0	0	0	0	0.795088491243736	0.933264351219938	0.963454160094847	1	0.913157550531886	0.985758723819555	0.996291872718248	1	0.999323913705469	0.99999311638232
ENSFCAG00000009399:SEPTIN9	0	0	0	0	0	0	0	0	0	0.791482996990651	0.947620498803152	0.963572317745384	1	0.913157550531886	0.985758723819555	0.996291872718248	1	0.999328305513255	0.99999311638232
ENSFCAG00000031674:TCF12	0	0	0	0	0	0	0	0	0	0.796480147392698	0.930764066947585	0.963645397175027	1	0.913157550531886	0.985758723819555	0.996291872718248	1	0.9993310145543	0.99999311638232
ENSFCAG00000026299:RAF1	0	0	0	0	0	0	0	0	0	0.795834308726969	0.934199173023415	0.963789835565542	1	0.913157550531886	0.985758723819555	0.996291872718248	1	0.99933635255773	0.99999311638232
ENSFCAG00000011053:PLK2	0	0	0	0	0	0	0	0	0	0.795375420513681	0.937042178407384	0.963919660050441	1	0.913157550531886	0.985758723819555	0.996291872718248	1	0.999341132003692	0.99999311638232
ENSFCAG00000007992:EZR	0	0	0	0	0	0	0	0	0	0.795537780053675	0.939653217975602	0.964217003066542	1	0.913157550531886	0.985758723819555	0.996291872718248	1	0.999352012708641	0.99999311638232
ENSFCAG00000012383:MPEG1	0	0	0	0	0	0	0	0	0	0.791652452341858	0.957695089765833	0.9643522602923	1	0.913157550531886	0.985758723819555	0.996291872718248	1	0.999356931847264	0.99999311638232
ENSFCAG00000009978:WIF1	0	0	0	0	0	0	0	0	0	0.793945772271047	0.948042136385056	0.964415114437768	1	0.913157550531886	0.985758723819555	0.996291872718248	1	0.999359211318708	0.99999311638232
ENSFCAG00000012963:SAMHD1	0	0	0	0	0	0	0	0	0	0.797074393630274	0.93688363552356	0.964452617169905	1	0.913157550531886	0.985758723819555	0.996291872718248	1	0.999360569443303	0.99999311638232
ENSFCAG00000029123:PICALM	0	0	0	0	0	0	0	0	0	0.79927655300063	0.92995249409767	0.964453502268158	1	0.913157550531886	0.985758723819555	0.996291872718248	1	0.999360601478651	0.99999311638232
ENSFCAG00000005955:PAK5	1	0	0	0	0	0	0	0	0	0.795157359154085	0.943886629677145	0.964468412433959	1	0.913157550531886	0.985758723819555	0.996291872718248	1	0.999361141016825	0.99999311638232
ENSFCAG00000001108:SETD3	0	0	0	0	0	0	0	0	0	0.796738497799061	0.938261421718979	0.964475447553889	1	0.913157550531886	0.985758723819555	0.996291872718248	1	0.999361395509124	0.99999311638232
ENSFCAG00000008547:EBF1	0	0	0	0	0	0	0	0	0	0.7963898426137	0.941333238861781	0.964644381197422	1	0.913157550531886	0.985758723819555	0.996291872718248	1	0.999367491197569	0.99999311638232
ENSFCAG00000004287:PTPN6	0	0	0	0	0	0	0	0	0	0.797930631416828	0.937980967218011	0.964831577725039	1	0.913157550531886	0.985758723819555	0.996291872718248	1	0.999374211317035	0.99999311638232
ENSFCAG00000015112:MPL	0	0	0	0	0	0	0	0	0	0.79997485792554	0.93182170825103	0.964871559816137	1	0.913157550531886	0.985758723819555	0.996291872718248	1	0.999375641916408	0.99999311638232
ENSFCAG00000041774:BIRC3	0	0	0	0	0	0	0	0	0	0.796171053357695	0.944786285959184	0.964872747703874	1	0.913157550531886	0.985758723819555	0.996291872718248	1	0.999375684394881	0.99999311638232
ENSFCAG00000011327:FAF1	0	0	0	0	0	0	0	0	0	0.800313230206007	0.931530416082696	0.964948214524891	1	0.913157550531886	0.985758723819555	0.996291872718248	1	0.999378380065795	0.99999311638232
ENSFCAG00000009638:HNF1A	0	0	0	0	0	0	0	0	0	0.796875179891166	0.94442579510412	0.965069383018026	1	0.913157550531886	0.985758723819555	0.996291872718248	1	0.999382695852507	0.99999311638232
ENSFCAG00000012781:SHQ1	0	0	0	0	0	0	0	0	0	0.798647705917835	0.938905241210538	0.965147158044314	1	0.913157550531886	0.985758723819555	0.996291872718248	1	0.999385458031536	0.99999311638232
ENSFCAG00000023085:CRTC3	0	0	0	0	0	0	0	0	0	0.798470278768012	0.939730961798239	0.96516682860817	1	0.913157550531886	0.985758723819555	0.996291872718248	1	0.999386155638317	0.99999311638232
ENSFCAG00000004303:WDCP	0	0	0	0	0	0	0	0	0	0.79531073389512	0.95218519047144	0.965173598441242	1	0.913157550531886	0.985758723819555	0.996291872718248	1	0.999386395634357	0.99999311638232
ENSFCAG00000009580:PAX8	0	0	0	0	0	0	0	0	0	0.797947209230858	0.943725409681052	0.965353852785503	1	0.913157550531886	0.985758723819555	0.996291872718248	1	0.999392768333041	0.99999311638232
ENSFCAG00000043801:ZNF703	0	0	0	0	0	0	0	0	0	0.792855178657713	0.97078546335557	0.96545935407728	1	0.913157550531886	0.985758723819555	0.996291872718248	1	0.999396482602676	0.99999311638232
ENSFCAG00000004384:TGFBR2	0	0	0	0	0	0	0	0	0	0.797337181094913	0.948730052690507	0.965567627226927	1	0.913157550531886	0.985758723819555	0.996291872718248	1	0.999400282471061	0.99999311638232
ENSFCAG00000004243:EWSR1	0	0	0	0	0	0	0	0	0	0.802276836217691	0.932093213754885	0.965623791897725	1	0.913157550531886	0.985758723819555	0.996291872718248	1	0.999402248799142	0.99999311638232
ENSFCAG00000009182:LCP1	0	0	0	0	0	0	0	0	0	0.800678901823634	0.938834289790228	0.965784719400207	1	0.913157550531886	0.985758723819555	0.996291872718248	1	0.999407864790216	0.99999311638232
ENSFCAG00000022796:PGBD5	0	0	0	0	0	0	0	0	0	0.796335404113939	0.957089572699839	0.965843504699307	1	0.913157550531886	0.985758723819555	0.996291872718248	1	0.99940990957183	0.99999311638232
ENSFCAG00000014348:TEC	0	0	0	0	0	0	0	0	0	0.801836701469389	0.935996421104493	0.965878299396969	1	0.913157550531886	0.985758723819555	0.996291872718248	1	0.999411118181274	0.99999311638232
ENSFCAG00000028670:ETV5	0	0	0	0	0	0	0	0	0	0.800663161771759	0.94107226236173	0.965984412590579	1	0.913157550531886	0.985758723819555	0.996291872718248	1	0.99941479633068	0.99999311638232
ENSFCAG00000029172:KMT5A	0	0	0	0	0	0	0	0	0	0.797741179710668	0.95612757716204	0.966232490799216	1	0.913157550531886	0.985758723819555	0.996291872718248	1	0.999423349865126	0.99999311638232
ENSFCAG00000013314:TIPARP	0	0	0	0	0	0	0	0	0	0.799049348797084	0.951075733307466	0.966293985938843	1	0.913157550531886	0.985758723819555	0.996291872718248	1	0.999425460315505	0.99999311638232
ENSFCAG00000010330:FUBP1	0	0	0	0	0	0	0	0	0	0.806127823031577	0.928419357362402	0.966424963354745	1	0.913157550531886	0.985758723819555	0.996291872718248	1	0.999429942282492	0.99999311638232
ENSFCAG00000002012:ARID3B	0	0	0	0	0	0	0	0	0	0.7990177089935	0.953696963247614	0.966473814153763	1	0.913157550531886	0.985758723819555	0.996291872718248	1	0.999431609381825	0.99999311638232
ENSFCAG00000009952:ITK	0	0	0	0	0	0	0	0	0	0.805220716468691	0.932239373360081	0.966552456925666	1	0.913157550531886	0.985758723819555	0.996291872718248	1	0.999434287985297	0.99999311638232
ENSFCAG00000030888:RECQL	0	0	0	0	0	0	0	0	0	0.803178491517429	0.939045860081235	0.966587961652306	1	0.913157550531886	0.985758723819555	0.996291872718248	1	0.999435495193586	0.99999311638232
ENSFCAG00000003915:PPP2R1A	0	0	0	0	0	0	0	0	0	0.802922135497613	0.940560306089224	0.96664700701535	1	0.913157550531886	0.985758723819555	0.996291872718248	1	0.999437499927224	0.99999311638232
ENSFCAG00000026908:PRKCI	0	0	0	0	0	0	0	0	0	0.80567997820541	0.932856932051682	0.966757273045282	1	0.913157550531886	0.985758723819555	0.996291872718248	1	0.999441234070483	0.99999311638232
ENSFCAG00000010003:TRAF3	0	0	0	0	0	0	0	0	0	0.801496984526442	0.947922514321523	0.966826109431499	1	0.913157550531886	0.985758723819555	0.996291872718248	1	0.999443558828372	0.99999311638232
ENSFCAG00000012180:AKT2	0	0	0	0	0	0	0	0	0	0.803821323880656	0.93947568913801	0.966827645640849	1	0.913157550531886	0.985758723819555	0.996291872718248	1	0.999443610653669	0.99999311638232
ENSFCAG00000015088:KLHL6	0	0	0	0	0	0	0	0	0	0.800985306371166	0.951936913836634	0.966971074988894	1	0.913157550531886	0.985758723819555	0.996291872718248	1	0.999448438609446	0.99999311638232
ENSFCAG00000044523:SOX9	0	0	0	0	0	0	0	0	0	0.798259113898448	0.96609678743074	0.966988010440738	1	0.913157550531886	0.985758723819555	0.996291872718248	1	0.999449007267018	0.99999311638232
ENSFCAG00000005890:SLC1A2	0	0	0	0	0	0	0	0	0	0.801386272589247	0.950691403015461	0.967005048527533	1	0.913157550531886	0.985758723819555	0.996291872718248	1	0.999449579071558	0.99999311638232
ENSFCAG00000022148:FIP1L1	0	0	0	0	0	0	0	0	0	0.808370876662146	0.927905066240749	0.967051651216257	1	0.913157550531886	0.985758723819555	0.996291872718248	1	0.999451141541653	0.99999311638232
ENSFCAG00000031492:ESR1	0	0	0	0	0	0	0	0	0	0.800980781724084	0.954747897008286	0.967169335291582	1	0.913157550531886	0.985758723819555	0.996291872718248	1	0.999455077194485	0.99999311638232
ENSFCAG00000006864:GPC3	0	0	0	0	0	0	0	0	0	0.80218110588578	0.949639671416052	0.967174812382658	1	0.913157550531886	0.985758723819555	0.996291872718248	1	0.999455260013504	0.99999311638232
ENSFCAG00000006761:RUNX1	0	0	0	0	0	0	0	0	0	0.802559162207946	0.953158732791144	0.967553710549339	1	0.913157550531886	0.985758723819555	0.996291872718248	1	0.999467831918534	0.99999311638232
ENSFCAG00000004249:NF2	0	0	0	0	0	0	0	0	0	0.80539866830873	0.942835574323309	0.967616849206388	1	0.913157550531886	0.985758723819555	0.996291872718248	1	0.999469912445476	0.99999311638232
ENSFCAG00000013874:SGK1	0	0	0	0	0	0	0	0	0	0.805688007589789	0.942397901385932	0.967667584764715	1	0.913157550531886	0.985758723819555	0.996291872718248	1	0.999471581283636	0.99999311638232
ENSFCAG00000006814:LPP	0	0	0	0	0	0	0	0	0	0.803812097089289	0.949480276533408	0.967671497285568	1	0.913157550531886	0.985758723819555	0.996291872718248	1	0.999471709867199	0.99999311638232
ENSFCAG00000000389:TRAF2	0	0	0	0	0	0	0	0	0	0.803871288859057	0.949985133033866	0.967728564936676	1	0.913157550531886	0.985758723819555	0.996291872718248	1	0.999473583576526	0.99999311638232
ENSFCAG00000011854:ALB	0	0	0	0	0	0	0	0	0	0.80912303182198	0.932616233576953	0.967780781982492	1	0.913157550531886	0.985758723819555	0.996291872718248	1	0.999475295076907	0.99999311638232
ENSFCAG00000030907:MAP3K7	0	0	0	0	0	0	0	0	0	0.808665936649165	0.934487107500451	0.967832576683164	1	0.913157550531886	0.985758723819555	0.996291872718248	1	0.999476989950919	0.99999311638232
ENSFCAG00000008222:RPN1	0	0	0	0	0	0	0	0	0	0.803914455224201	0.951758063863277	0.967874722018317	1	0.913157550531886	0.985758723819555	0.996291872718248	1	0.999478367024117	0.99999311638232
ENSFCAG00000002574:TFE3	0	0	0	0	0	0	0	0	0	0.805222230488129	0.947705267441428	0.96796890982413	1	0.913157550531886	0.985758723819555	0.996291872718248	1	0.99948143791995	0.99999311638232
ENSFCAG00000001964:PDPK1	0	0	0	0	0	0	0	0	0	0.80990325740356	0.933212399836157	0.968076763259749	1	0.913157550531886	0.985758723819555	0.996291872718248	1	0.999484943113578	0.99999311638232
ENSFCAG00000024950:ARID5A	0	0	0	0	0	0	0	0	0	0.802515267630961	0.964390206438498	0.968245219023153	1	0.913157550531886	0.985758723819555	0.996291872718248	1	0.999490393818796	0.99999311638232
ENSFCAG00000013821:MSN	0	0	0	0	0	0	0	0	0	0.806801043622921	0.945212227687836	0.968250149464071	1	0.913157550531886	0.985758723819555	0.996291872718248	1	0.99949055291107	0.99999311638232
ENSFCAG00000014426:ESCO2	0	0	0	0	0	0	0	0	0	0.807882760820034	0.941418292878472	0.96825172504646	1	0.913157550531886	0.985758723819555	0.996291872718248	1	0.999490603745649	0.99999311638232
ENSFCAG00000028305:FOXA1	0	0	0	0	0	0	0	0	0	0.803248573264917	0.964586844191831	0.968485043046119	1	0.913157550531886	0.985758723819555	0.996291872718248	1	0.999498103217164	0.99999311638232
ENSFCAG00000009695:PTPN11	0	0	0	0	0	0	0	0	0	0.808859084906399	0.941186372787787	0.968526906469126	1	0.913157550531886	0.985758723819555	0.996291872718248	1	0.999499442872955	0.99999311638232
ENSFCAG00000009216:ATIC	0	0	0	0	0	0	0	0	0	0.808463141128844	0.94336222644155	0.968598817556816	1	0.913157550531886	0.985758723819555	0.996291872718248	1	0.999501739849144	0.99999311638232
ENSFCAG00000028455:PRF1	0	0	0	0	0	0	0	0	0	0.803745787963566	0.96395988258264	0.968605822549104	1	0.913157550531886	0.985758723819555	0.996291872718248	1	0.99950196331648	0.99999311638232
ENSFCAG00000042921:IKZF1	0	0	0	0	0	0	0	0	0	0.806391023034392	0.951635686694915	0.968629993256272	1	0.913157550531886	0.985758723819555	0.996291872718248	1	0.999502734000947	0.99999311638232
ENSFCAG00000003706:FANCC	0	0	0	0	0	0	0	0	0	0.811432374538775	0.934580273985213	0.968672477688755	1	0.913157550531886	0.985758723819555	0.996291872718248	1	0.999504087157909	0.99999311638232
ENSFCAG00000022556:HLF	0	0	0	0	0	0	0	0	0	0.805102023819258	0.959719089540246	0.968779629339445	1	0.913157550531886	0.985758723819555	0.996291872718248	1	0.999507491732105	0.99999311638232
ENSFCAG00000000308:WT1	0	0	0	0	0	0	0	0	0	0.809013809237201	0.943587849524826	0.968784924897216	1	0.913157550531886	0.985758723819555	0.996291872718248	1	0.999507659682735	0.99999311638232
ENSFCAG00000027549:NCOA4	0	0	0	0	0	0	0	0	0	0.810169158943974	0.940877523948263	0.968893804291139	1	0.913157550531886	0.985758723819555	0.996291872718248	1	0.999511106418453	0.99999311638232
ENSFCAG00000001436:PRDM14	0	0	0	0	0	0	0	0	0	0.807610799077571	0.950892493521623	0.968947511999854	1	0.913157550531886	0.985758723819555	0.996291872718248	1	0.99951280210781	0.99999311638232
ENSFCAG00000013473:RAD21	0	0	0	0	0	0	0	0	0	0.810882723662575	0.939486448248192	0.968980488278365	1	0.913157550531886	0.985758723819555	0.996291872718248	1	0.999513841777963	0.99999311638232
ENSFCAG00000023350:FYN	0	0	0	0	0	0	0	0	0	0.81140462942376	0.93873696098853	0.96906660001978	1	0.913157550531886	0.985758723819555	0.996291872718248	1	0.99951655140191	0.99999311638232
ENSFCAG00000030101:ERF	0	0	0	0	0	0	0	0	0	0.806958966153812	0.955862239978096	0.969102065065678	1	0.913157550531886	0.985758723819555	0.996291872718248	1	0.99951766513346	0.99999311638232
ENSFCAG00000011506:PAK3	0	0	0	0	0	0	0	0	0	0.811373488604068	0.93942775545333	0.969121622002072	1	0.913157550531886	0.985758723819555	0.996291872718248	1	0.999518278737271	0.99999311638232
ENSFCAG00000012902:FANCE	0	0	0	0	0	0	0	0	0	0.808145023377988	0.951255243310983	0.969137100099682	1	0.913157550531886	0.985758723819555	0.996291872718248	1	0.999518764086709	0.99999311638232
ENSFCAG00000044117:FANCG	0	0	0	0	0	0	0	0	0	0.812811233475788	0.93514712938501	0.969138315642242	1	0.913157550531886	0.985758723819555	0.996291872718248	1	0.999518802192222	0.99999311638232
ENSFCAG00000004913:EPOR	0	0	0	0	0	0	0	0	0	0.809107655741253	0.947703652679769	0.969154839123452	1	0.913157550531886	0.985758723819555	0.996291872718248	1	0.999519320028406	0.99999311638232
ENSFCAG00000006724:SLC45A3	0	0	0	0	0	0	0	0	0	0.806469547652484	0.959700610217285	0.969199356066869	1	0.913157550531886	0.985758723819555	0.996291872718248	1	0.999520713761337	0.99999311638232
ENSFCAG00000043374:MYCN	0	0	0	0	0	0	0	0	0	0.80419697116707	0.974206805472056	0.969228728951788	1	0.913157550531886	0.985758723819555	0.996291872718248	1	0.999521632245615	0.99999311638232
ENSFCAG00000009461:SMARCD1	0	0	0	0	0	0	0	0	0	0.812181858431246	0.938054081124083	0.969233559412364	1	0.913157550531886	0.985758723819555	0.996291872718248	1	0.999521783207926	0.99999311638232
ENSFCAG00000002211:NTHL1	0	0	0	0	0	0	0	0	0	0.806662669908181	0.959423015586237	0.969241426711003	1	0.913157550531886	0.985758723819555	0.996291872718248	1	0.999522029026441	0.99999311638232
ENSFCAG00000038609:FCRL4	0	0	0	0	0	0	0	0	0	0.809920133964897	0.946091277771213	0.969269018539089	1	0.913157550531886	0.985758723819555	0.996291872718248	1	0.999522890645125	0.99999311638232
ENSFCAG00000003512:DDX5	0	0	0	0	0	0	0	0	0	0.810196055888522	0.945441402375628	0.969298115759218	1	0.913157550531886	0.985758723819555	0.996291872718248	1	0.999523798422264	0.99999311638232
ENSFCAG00000004957:AKT1	0	0	0	0	0	0	0	0	0	0.810280765536204	0.946492376406682	0.969410283089336	1	0.913157550531886	0.985758723819555	0.996291872718248	1	0.999527289653247	0.99999311638232
ENSFCAG00000008071:TMPRSS2	0	0	0	0	0	0	0	0	0	0.811643192099629	0.942168527708482	0.969449969587932	1	0.913157550531886	0.985758723819555	0.996291872718248	1	0.99952852179516	0.99999311638232
ENSFCAG00000014365:CHEK2	0	0	0	0	0	0	0	0	0	0.812174199583884	0.940833352509581	0.969488542170228	1	0.913157550531886	0.985758723819555	0.996291872718248	1	0.999529717796557	0.99999311638232
ENSFCAG00000008018:REL	0	0	0	0	0	0	0	0	0	0.812793782995705	0.939978912321399	0.969594402025762	1	0.913157550531886	0.985758723819555	0.996291872718248	1	0.99953299225667	0.99999311638232
ENSFCAG00000030898:NADK	0	0	0	0	0	0	0	0	0	0.810390010552178	0.948512195737429	0.969605020909939	1	0.913157550531886	0.985758723819555	0.996291872718248	1	0.999533320082451	0.99999311638232
ENSFCAG00000012147:NFE2L2	0	0	0	0	0	0	0	0	0	0.81012190368016	0.950134568325607	0.969650066647069	1	0.913157550531886	0.985758723819555	0.996291872718248	1	0.999534709439689	0.99999311638232
ENSFCAG00000008765:PAX7	0	0	0	0	0	0	0	0	0	0.810055372823512	0.951126811078444	0.969704872113203	1	0.913157550531886	0.985758723819555	0.996291872718248	1	0.999536396996925	0.99999311638232
ENSFCAG00000003395:RPS6KB2	0	0	0	0	0	0	0	0	0	0.812717098890489	0.942151642572817	0.96976745162079	1	0.913157550531886	0.985758723819555	0.996291872718248	1	0.999538320142963	0.99999311638232
ENSFCAG00000013654:PHF1	0	0	0	0	0	0	0	0	0	0.81263112925122	0.942632026918446	0.969784288048955	1	0.913157550531886	0.985758723819555	0.996291872718248	1	0.999538836857931	0.99999311638232
ENSFCAG00000029098:RAP1GDS1	0	0	0	0	0	0	0	0	0	0.813361750817057	0.94139386406689	0.96989057136926	1	0.913157550531886	0.985758723819555	0.996291872718248	1	0.999542091978079	0.99999311638232
ENSFCAG00000012482:LCK	0	0	0	0	0	0	0	0	0	0.812399297503629	0.945275399661111	0.969941990290096	1	0.913157550531886	0.985758723819555	0.996291872718248	1	0.999543662595741	0.99999311638232
ENSFCAG00000000348:CDC73	0	0	0	0	0	0	0	0	0	0.818297693740305	0.928269559000484	0.970017578290737	1	0.913157550531886	0.985758723819555	0.996291872718248	1	0.999545966521697	0.99999311638232
ENSFCAG00000005490:FH	0	0	0	0	0	0	0	0	0	0.811235265697639	0.952236697344008	0.970140432455566	1	0.913157550531886	0.985758723819555	0.996291872718248	1	0.999549698556354	0.99999311638232
ENSFCAG00000029143:MAPKAP1	0	0	0	0	0	0	0	0	0	0.81779517234089	0.931322415496531	0.97020153464902	1	0.913157550531886	0.985758723819555	0.996291872718248	1	0.999551548911114	0.99999311638232
ENSFCAG00000008473:NFIB	0	0	0	0	0	0	0	0	0	0.81535458773781	0.93948372062636	0.970301390741697	1	0.913157550531886	0.985758723819555	0.996291872718248	1	0.999554564565275	0.99999311638232
ENSFCAG00000004785:CBLC	0	0	0	0	0	0	0	0	0	0.812746663524383	0.948804321298011	0.970330631942777	1	0.913157550531886	0.985758723819555	0.996291872718248	1	0.999555445704297	0.99999311638232
ENSFCAG00000002126:TRAF5	0	0	0	0	0	0	0	0	0	0.813889261011919	0.945030748576178	0.97036183272015	1	0.913157550531886	0.985758723819555	0.996291872718248	1	0.999556384920415	0.99999311638232
ENSFCAG00000011007:MSI1	0	0	0	0	0	0	0	0	0	0.813174671355788	0.948404110080084	0.97042585205497	1	0.913157550531886	0.985758723819555	0.996291872718248	1	0.999558308910577	0.99999311638232
ENSFCAG00000026440:TRIM27	0	0	0	0	0	0	0	0	0	0.812525241181395	0.951532067703394	0.970472719516059	1	0.913157550531886	0.985758723819555	0.996291872718248	1	0.999559714753201	0.99999311638232
ENSFCAG00000010770:CSF1	0	0	0	0	0	0	0	0	0	0.81403908849604	0.94649910709767	0.970527689011537	1	0.913157550531886	0.985758723819555	0.996291872718248	1	0.999561360741416	0.99999311638232
ENSFCAG00000006925:PARP2	0	0	0	0	0	0	0	0	0	0.816823845289569	0.938000393592503	0.970589346835981	1	0.913157550531886	0.985758723819555	0.996291872718248	1	0.999563203298049	0.99999311638232
ENSFCAG00000041799:E2F3	0	0	0	0	0	0	0	0	0	0.812204169127296	0.954498589518966	0.970590344312653	1	0.913157550531886	0.985758723819555	0.996291872718248	1	0.999563233074028	0.99999311638232
ENSFCAG00000040324:ZNF331	0	0	0	0	0	0	0	0	0	0.81259717137981	0.953463883103019	0.970634289810105	1	0.913157550531886	0.985758723819555	0.996291872718248	1	0.999564543887007	0.99999311638232
ENSFCAG00000009146:PARP3	0	0	0	0	0	0	0	0	0	0.815147307376275	0.945171342581799	0.970742663277529	1	0.913157550531886	0.985758723819555	0.996291872718248	1	0.999567767964082	0.99999311638232
ENSFCAG00000002222:MUTYH	0	0	0	0	0	0	0	0	0	0.817416294501589	0.937879421056367	0.970749043249653	1	0.913157550531886	0.985758723819555	0.996291872718248	1	0.999567957389168	0.99999311638232
ENSFCAG00000026263:ACVR1B	0	0	0	0	0	0	0	0	0	0.815284870545338	0.945004498926174	0.970768845797279	1	0.913157550531886	0.985758723819555	0.996291872718248	1	0.999568545071283	0.99999311638232
ENSFCAG00000023614:LYN	0	0	0	0	0	0	0	0	0	0.816027592965958	0.942958541108564	0.970809979253744	1	0.913157550531886	0.985758723819555	0.996291872718248	1	0.999569764501854	0.99999311638232
ENSFCAG00000027895:BMPR1A	0	0	0	0	0	0	0	0	0	0.817119697644336	0.94125191511525	0.970975414789099	1	0.913157550531886	0.985758723819555	0.996291872718248	1	0.999574651356016	0.99999311638232
ENSFCAG00000042273:MAF	0	0	0	0	0	0	0	0	0	0.810514739138224	0.970866754184107	0.971018443023045	1	0.913157550531886	0.985758723819555	0.996291872718248	1	0.999575917761861	0.99999311638232
ENSFCAG00000024419:MITF	1	0	0	0	0	0	0	0	0	0.817184122741429	0.941603170601707	0.971025526809454	1	0.913157550531886	0.985758723819555	0.996291872718248	1	0.999576126068885	0.99999311638232
ENSFCAG00000040498:YY1	0	0	0	0	0	0	0	0	0	0.813680110291578	0.954661504980292	0.971038669918677	1	0.913157550531886	0.985758723819555	0.996291872718248	1	0.999576512420493	0.99999311638232
ENSFCAG00000000648:CREB3L2	0	0	0	0	0	0	0	0	0	0.81522679470244	0.949037939341318	0.971078737265927	1	0.913157550531886	0.985758723819555	0.996291872718248	1	0.999577689132601	0.99999311638232
ENSFCAG00000044486:MNX1	0	0	0	0	0	0	0	0	0	0.810930602742676	0.969766017668775	0.971093298183519	1	0.913157550531886	0.985758723819555	0.996291872718248	1	0.999578116353242	0.99999311638232
ENSFCAG00000005262:STK40	0	0	0	0	0	0	0	0	0	0.814901002617336	0.950667480432903	0.971108400287299	1	0.913157550531886	0.985758723819555	0.996291872718248	1	0.999578559221754	0.99999311638232
ENSFCAG00000022789:CCT6B	0	0	0	0	0	0	0	0	0	0.819010794960133	0.937008506904817	0.971123518835629	1	0.913157550531886	0.985758723819555	0.996291872718248	1	0.999579002337259	0.99999311638232
ENSFCAG00000029939:SPRTN	0	0	0	0	0	0	0	0	0	0.81533171909932	0.951167749318809	0.971271942103096	1	0.913157550531886	0.985758723819555	0.996291872718248	1	0.999583340036413	0.99999311638232
ENSFCAG00000013705:NT5C2	0	0	0	0	0	0	0	0	0	0.819474439718263	0.937258023033376	0.971279927023552	1	0.913157550531886	0.985758723819555	0.996291872718248	1	0.999583572754328	0.99999311638232
ENSFCAG00000009924:IL21R	0	0	0	0	0	0	0	0	0	0.814739251623969	0.956269947886285	0.971459639760169	1	0.913157550531886	0.985758723819555	0.996291872718248	1	0.999588793060186	0.99999311638232
ENSFCAG00000034591:FRS2	0	0	0	0	0	0	0	0	0	0.816678655366192	0.94950808502519	0.971537893795028	1	0.913157550531886	0.985758723819555	0.996291872718248	1	0.999591055797502	0.99999311638232
ENSFCAG00000027801:BCL3	0	0	0	0	0	0	0	0	0	0.816376316770347	0.950714872579463	0.971542268158453	1	0.913157550531886	0.985758723819555	0.996291872718248	1	0.999591182097422	0.99999311638232
ENSFCAG00000028016:KLF4	0	0	0	0	0	0	0	0	0	0.814213315331031	0.960389161444384	0.971567599084863	1	0.913157550531886	0.985758723819555	0.996291872718248	1	0.999591913083786	0.99999311638232
ENSFCAG00000005257:SMAD4	0	0	0	0	0	0	0	0	0	0.818543957853127	0.943978554623656	0.971625059368788	1	0.913157550531886	0.985758723819555	0.996291872718248	1	0.999593568793827	0.99999311638232
ENSFCAG00000030557:FOXF1	0	0	0	0	0	0	0	0	0	0.813311227320398	0.966473614964382	0.971641596935912	1	0.913157550531886	0.985758723819555	0.996291872718248	1	0.99959404469176	0.99999311638232
ENSFCAG00000013380:ATP6V1B2	0	0	0	0	0	0	0	0	0	0.82020522545568	0.938909823015694	0.971644591124553	1	0.913157550531886	0.985758723819555	0.996291872718248	1	0.999594130824773	0.99999311638232
ENSFCAG00000026462:VEGFA	0	0	0	0	0	0	0	0	0	0.816418055151989	0.952248516786648	0.971668235906983	1	0.913157550531886	0.985758723819555	0.996291872718248	1	0.999594810683701	0.99999311638232
ENSFCAG00000035050:YAP1	0	0	0	0	0	0	0	0	0	0.817208225595808	0.949258028170623	0.97167185148214	1	0.913157550531886	0.985758723819555	0.996291872718248	1	0.999594914591691	0.99999311638232
ENSFCAG00000032199:EGR1	0	0	0	0	0	0	0	0	0	0.814180943156194	0.9632402599654	0.971724493077596	1	0.913157550531886	0.985758723819555	0.996291872718248	1	0.999596425934277	0.99999311638232
ENSFCAG00000029740:SHOC2	0	0	0	0	0	0	0	0	0	0.816666998669951	0.952081573929219	0.971728270825323	1	0.913157550531886	0.985758723819555	0.996291872718248	1	0.999596534283913	0.99999311638232
ENSFCAG00000018167:TAF15	0	0	0	0	0	0	0	0	0	0.824233674829323	0.928932227057567	0.971764138597155	1	0.913157550531886	0.985758723819555	0.996291872718248	1	0.99959756227631	0.99999311638232
ENSFCAG00000022519:NAB2	0	0	0	0	0	0	0	0	0	0.816023094567338	0.956133460516464	0.971825630027682	1	0.913157550531886	0.985758723819555	0.996291872718248	1	0.999599321578195	0.99999311638232
ENSFCAG00000015036:GATA4	0	0	0	0	0	0	0	0	0	0.816084111383299	0.957855612664258	0.971956679308018	1	0.913157550531886	0.985758723819555	0.996291872718248	1	0.999603057984816	0.99999311638232
ENSFCAG00000004158:PAK1	0	0	0	0	0	0	0	0	0	0.819777141555096	0.945256817265892	0.972085982727181	1	0.913157550531886	0.985758723819555	0.996291872718248	1	0.999606727296474	0.99999311638232
ENSFCAG00000018967:PAX3	0	0	0	0	0	0	0	0	0	0.81885193789443	0.949366060036175	0.972153261051767	1	0.913157550531886	0.985758723819555	0.996291872718248	1	0.999608629686267	0.99999311638232
ENSFCAG00000009909:ETV4	0	0	0	0	0	0	0	0	0	0.819698333188129	0.946349829561934	0.972154261496495	1	0.913157550531886	0.985758723819555	0.996291872718248	1	0.999608657940123	0.99999311638232
ENSFCAG00000013396:SESN2	0	0	0	0	0	0	0	0	0	0.821072516335078	0.942451096224339	0.972212250920306	1	0.913157550531886	0.985758723819555	0.996291872718248	1	0.999610293877279	0.99999311638232
ENSFCAG00000009235:YES1	0	0	0	0	0	0	0	0	0	0.824548303625519	0.93422712616787	0.972407228070538	1	0.913157550531886	0.985758723819555	0.996291872718248	1	0.999615769004299	0.99999311638232
ENSFCAG00000001249:SUFU	0	0	0	0	0	0	0	0	0	0.820447978561135	0.947605933239651	0.972469509642657	1	0.913157550531886	0.985758723819555	0.996291872718248	1	0.999617509685774	0.99999311638232
ENSFCAG00000008054:ACVR1	0	0	0	0	0	0	0	0	0	0.820540930815089	0.947728547038763	0.9725057175404	1	0.913157550531886	0.985758723819555	0.996291872718248	1	0.999618519811544	0.99999311638232
ENSFCAG00000026512:CRBN	0	0	0	0	0	0	0	0	0	0.823191771397735	0.939871033184243	0.972575004139991	1	0.913157550531886	0.985758723819555	0.996291872718248	1	0.999620449007004	0.99999311638232
ENSFCAG00000001845:GAS7	0	0	0	0	0	0	0	0	0	0.821933469002211	0.944070027161481	0.972595862491501	1	0.913157550531886	0.985758723819555	0.996291872718248	1	0.999621028814072	0.99999311638232
ENSFCAG00000027219:IDH2	0	0	0	0	0	0	0	0	0	0.819698088025166	0.952108957774696	0.972602009811109	1	0.913157550531886	0.985758723819555	0.996291872718248	1	0.999621199607972	0.99999311638232
ENSFCAG00000045851:SOX17	0	0	0	0	0	0	0	0	0	0.815700791460774	0.974818582790843	0.97271817871894	1	0.913157550531886	0.985758723819555	0.996291872718248	1	0.999624419879366	0.99999311638232
ENSFCAG00000018126:WAS	0	0	0	0	0	0	0	0	0	0.822723684406351	0.943530003683046	0.972771179036827	1	0.913157550531886	0.985758723819555	0.996291872718248	1	0.999625884470935	0.99999311638232
ENSFCAG00000027928:FUS	0	0	0	0	0	0	0	0	0	0.825445658824387	0.935660576824382	0.972798195610506	1	0.913157550531886	0.985758723819555	0.996291872718248	1	0.999626629925981	0.99999311638232
ENSFCAG00000027261:TGFBR1	0	0	0	0	0	0	0	0	0	0.823094351052697	0.94265970035207	0.972798952110569	1	0.913157550531886	0.985758723819555	0.996291872718248	1	0.999626650788916	0.99999311638232
ENSFCAG00000043511:NONO	0	0	0	0	0	0	0	0	0	0.821692308377273	0.947384771109204	0.972803671724455	1	0.913157550531886	0.985758723819555	0.996291872718248	1	0.999626780934248	0.99999311638232
ENSFCAG00000043468:KLF2	0	0	0	0	0	0	0	0	0	0.817379886691336	0.966064482709008	0.97281030305505	1	0.913157550531886	0.985758723819555	0.996291872718248	1	0.99962696375728	0.99999311638232
ENSFCAG00000018598:ETS1	0	0	0	0	0	0	0	0	0	0.821901446667032	0.947230806393073	0.972850147157677	1	0.913157550531886	0.985758723819555	0.996291872718248	1	0.999628061290903	0.99999311638232
ENSFCAG00000011397:ATP6AP1	0	0	0	0	0	0	0	0	0	0.821263677394512	0.950056680327707	0.972892659333685	1	0.913157550531886	0.985758723819555	0.996291872718248	1	0.999629230519044	0.99999311638232
ENSFCAG00000008618:EZH2	0	0	0	0	0	0	0	0	0	0.822205516721774	0.946718229856703	0.972894009793699	1	0.913157550531886	0.985758723819555	0.996291872718248	1	0.999629267630803	0.99999311638232
ENSFCAG00000005081:SESN3	0	0	0	0	0	0	0	0	0	0.823158301769832	0.943874832685216	0.972922527128502	1	0.913157550531886	0.985758723819555	0.996291872718248	1	0.999630050873043	0.99999311638232
ENSFCAG00000011595:MEF2C	0	0	0	0	0	0	0	0	0	0.821706897723353	0.948942950324637	0.972931562912985	1	0.913157550531886	0.985758723819555	0.996291872718248	1	0.999630298870802	0.99999311638232
ENSFCAG00000012483:HDAC1	0	0	0	0	0	0	0	0	0	0.82336407208198	0.944328456861461	0.973018868227014	1	0.913157550531886	0.985758723819555	0.996291872718248	1	0.999632690745648	0.99999311638232
ENSFCAG00000041347:HOXA13	0	0	0	0	0	0	0	0	0	0.817158585126422	0.971824987447474	0.973019939300107	1	0.913157550531886	0.985758723819555	0.996291872718248	1	0.999632720040841	0.99999311638232
ENSFCAG00000028662:PSIP1	0	0	0	0	0	0	0	0	0	0.825495287623871	0.937983356789123	0.973037079705612	1	0.913157550531886	0.985758723819555	0.996291872718248	1	0.999633188692036	0.99999311638232
ENSFCAG00000031995:SESN1	0	0	0	0	0	0	0	0	0	0.822184694713849	0.948696686706712	0.973046731782849	1	0.913157550531886	0.985758723819555	0.996291872718248	1	0.999633452465249	0.99999311638232
ENSFCAG00000001254:CYP17A1	0	0	0	0	0	0	0	0	0	0.820790123661387	0.954276518246059	0.973067873697915	1	0.913157550531886	0.985758723819555	0.996291872718248	1	0.999634029899697	0.99999311638232
ENSFCAG00000007485:ERG	0	0	0	0	0	0	0	0	0	0.822044751781558	0.949679081719939	0.973083884244751	1	0.913157550531886	0.985758723819555	0.996291872718248	1	0.999634466878999	0.99999311638232
ENSFCAG00000029278:ETV1	0	0	0	0	0	0	0	0	0	0.821912488168786	0.950644125258756	0.973120368112046	1	0.913157550531886	0.985758723819555	0.996291872718248	1	0.999635461656963	0.99999311638232
ENSFCAG00000009522:TNFRSF14	0	0	0	0	0	0	0	0	0	0.821557403483447	0.952542862235604	0.973161122395748	1	0.913157550531886	0.985758723819555	0.996291872718248	1	0.999636571255771	0.99999311638232
ENSFCAG00000031493:FOXO4	0	0	0	0	0	0	0	0	0	0.819760041001201	0.960471889506206	0.973179431601023	1	0.913157550531886	0.985758723819555	0.996291872718248	1	0.999637069196764	0.99999311638232
ENSFCAG00000023845:ACVR2A	0	0	0	0	0	0	0	0	0	0.825129231627171	0.940655198958218	0.973184895192088	1	0.913157550531886	0.985758723819555	0.996291872718248	1	0.999637217719002	0.99999311638232
ENSFCAG00000014980:PLAG1	0	0	0	0	0	0	0	0	0	0.819627986123087	0.962357588695448	0.973253154580256	1	0.913157550531886	0.985758723819555	0.996291872718248	1	0.999639070696522	0.99999311638232
ENSFCAG00000030732:IKZF3	0	0	0	0	0	0	0	0	0	0.822185481901811	0.952021780483473	0.973299927019042	1	0.913157550531886	0.985758723819555	0.996291872718248	1	0.999640337622632	0.99999311638232
ENSFCAG00000028288:PRCC	0	0	0	0	0	0	0	0	0	0.820309433953802	0.960236464766399	0.973321593692081	1	0.913157550531886	0.985758723819555	0.996291872718248	1	0.999640923746526	0.99999311638232
ENSFCAG00000045414:TAL1	0	0	0	0	0	0	0	0	0	0.819270674321352	0.966873060606472	0.973395644717411	1	0.913157550531886	0.985758723819555	0.996291872718248	1	0.999642923323728	0.99999311638232
ENSFCAG00000018794:CREB3L1	0	0	0	0	0	0	0	0	0	0.823226713876391	0.94974842636516	0.973420627998818	1	0.913157550531886	0.985758723819555	0.996291872718248	1	0.999643596668705	0.99999311638232
ENSFCAG00000007838:FSTL3	0	0	0	0	0	0	0	0	0	0.820187026558711	0.96337599940841	0.973470399080875	1	0.913157550531886	0.985758723819555	0.996291872718248	1	0.999644936179014	0.99999311638232
ENSFCAG00000013722:STK11	0	0	0	0	0	0	0	0	0	0.822758890854846	0.952345450050063	0.973484601605005	1	0.913157550531886	0.985758723819555	0.996291872718248	1	0.99964531795091	0.99999311638232
ENSFCAG00000009499:KBTBD4	0	0	0	0	0	0	0	0	0	0.821326124482413	0.959356006442342	0.973555614816242	1	0.913157550531886	0.985758723819555	0.996291872718248	1	0.999647223718188	0.99999311638232
ENSFCAG00000028515:RARA	0	0	0	0	0	0	0	0	0	0.822229028917276	0.95689386954697	0.973652204082753	1	0.913157550531886	0.985758723819555	0.996291872718248	1	0.99964980755083	0.99999311638232
ENSFCAG00000038081:PRKN	0	0	0	0	0	0	0	0	0	0.826716966801231	0.941321684268125	0.973681708527945	1	0.913157550531886	0.985758723819555	0.996291872718248	1	0.999650594905505	0.99999311638232
ENSFCAG00000011521:TFEB	0	0	0	0	0	0	0	0	0	0.822880384683762	0.955344539411155	0.973730810262079	1	0.913157550531886	0.985758723819555	0.996291872718248	1	0.999651903250803	0.99999311638232
ENSFCAG00000010727:PIGA	0	0	0	0	0	0	0	0	0	0.823068578368515	0.955017519951345	0.973761029630789	1	0.913157550531886	0.985758723819555	0.996291872718248	1	0.999652707233236	0.99999311638232
ENSFCAG00000036602:IKZF2	0	0	0	0	0	0	0	0	0	0.824530407044974	0.949465506458108	0.973761688453023	1	0.913157550531886	0.985758723819555	0.996291872718248	1	0.999652724750671	0.99999311638232
ENSFCAG00000041254:CCDC6	0	0	0	0	0	0	0	0	0	0.824115988371293	0.95123878667579	0.97378162556609	1	0.913157550531886	0.985758723819555	0.996291872718248	1	0.999653254648059	0.99999311638232
ENSFCAG00000042373:FLI1	0	0	0	0	0	0	0	0	0	0.824810133413002	0.948994117264426	0.973802493964004	1	0.913157550531886	0.985758723819555	0.996291872718248	1	0.999653808860311	0.99999311638232
ENSFCAG00000046322:IRF8	0	0	0	0	0	0	0	0	0	0.824234198516741	0.95131764340403	0.973820372474434	1	0.913157550531886	0.985758723819555	0.996291872718248	1	0.99965428331297	0.99999311638232
ENSFCAG00000004375:ERRFI1	0	0	0	0	0	0	0	0	0	0.821260641839823	0.964200475261764	0.973820735831077	1	0.913157550531886	0.985758723819555	0.996291872718248	1	0.999654292952178	0.99999311638232
ENSFCAG00000013972:RASGEF1A	0	0	0	0	0	0	0	0	0	0.825492715949625	0.947781308271649	0.973895075037576	1	0.913157550531886	0.985758723819555	0.996291872718248	1	0.999656262188382	0.99999311638232
ENSFCAG00000005528:NUF2	0	0	0	0	0	0	0	0	0	0.827542810580164	0.943835264411072	0.974128727113537	1	0.913157550531886	0.985758723819555	0.996291872718248	1	0.999662414658548	0.99999311638232
ENSFCAG00000023859:CYP19A1	0	0	0	0	0	0	0	0	0	0.82450638606233	0.954789658717382	0.974145902501899	1	0.913157550531886	0.985758723819555	0.996291872718248	1	0.999662864705335	0.99999311638232
ENSFCAG00000038026:NKX2-1	0	0	0	0	0	0	0	0	0	0.82198168191035	0.966609423153958	0.974151951607547	1	0.913157550531886	0.985758723819555	0.996291872718248	1	0.999663023137972	0.99999311638232
ENSFCAG00000028952:HOXA3	0	0	0	0	0	0	0	0	0	0.822052952042532	0.967137270099985	0.974198815891875	1	0.913157550531886	0.985758723819555	0.996291872718248	1	0.999664249291648	0.99999311638232
ENSFCAG00000031608:KLF5	0	0	0	0	0	0	0	0	0	0.825214410878273	0.953325080059243	0.9742387576971	1	0.913157550531886	0.985758723819555	0.996291872718248	1	0.999665292546579	0.99999311638232
ENSFCAG00000003665:EIF3E	0	0	0	0	0	0	0	0	0	0.828228557146961	0.943642428021393	0.974298462528078	1	0.913157550531886	0.985758723819555	0.996291872718248	1	0.99966684894603	0.99999311638232
ENSFCAG00000041539:MYC	0	0	0	0	0	0	0	0	0	0.82265846555395	0.968120531074032	0.974417826873303	1	0.913157550531886	0.985758723819555	0.996291872718248	1	0.999669949594669	0.99999311638232
ENSFCAG00000033150:PTK6	0	0	0	0	0	0	0	0	0	0.826310144524292	0.953254156020719	0.974535474967337	1	0.913157550531886	0.985758723819555	0.996291872718248	1	0.999672991353316	0.99999311638232
ENSFCAG00000014851:MDM4	0	0	0	0	0	0	0	0	0	0.829975833854699	0.941014336327857	0.97453712025328	1	0.913157550531886	0.985758723819555	0.996291872718248	1	0.99967303379102	0.99999311638232
ENSFCAG00000009538:TRIP13	0	0	0	0	0	0	0	0	0	0.828670458408759	0.945981852395705	0.974616441912159	1	0.913157550531886	0.985758723819555	0.996291872718248	1	0.999675076480253	0.99999311638232
ENSFCAG00000031620:PDK1	0	0	0	0	0	0	0	0	0	0.828354220343713	0.947337204938992	0.974641792045828	1	0.913157550531886	0.985758723819555	0.996291872718248	1	0.999675727934914	0.99999311638232
ENSFCAG00000043446:GNA12	0	0	0	0	0	0	0	0	0	0.823728422659258	0.967676270254176	0.974695359551542	1	0.913157550531886	0.985758723819555	0.996291872718248	1	0.999677102358627	0.99999311638232
ENSFCAG00000031216:CA5B	0	0	0	0	0	0	0	0	0	0.8309368889448	0.941828147993793	0.974867580754601	1	0.913157550531886	0.985758723819555	0.996291872718248	1	0.999681501227013	0.99999311638232
ENSFCAG00000028312:AURKB	0	0	0	0	0	0	0	0	0	0.829117692350233	0.948077487818913	0.974907784381724	1	0.913157550531886	0.985758723819555	0.996291872718248	1	0.999682523726346	0.99999311638232
ENSFCAG00000027081:SMAD3	0	0	0	0	0	0	0	0	0	0.828113289452315	0.953186089086823	0.975023030577196	1	0.913157550531886	0.985758723819555	0.996291872718248	1	0.999685445596412	0.99999311638232
ENSFCAG00000006604:SETD6	0	0	0	0	0	0	0	0	0	0.827942955894326	0.953886730478609	0.975026706428549	1	0.913157550531886	0.985758723819555	0.996291872718248	1	0.999685538567155	0.99999311638232
ENSFCAG00000045890:FOXL2	0	0	0	0	0	0	0	0	0	0.823773425693444	0.976320553768809	0.975078894406039	1	0.913157550531886	0.985758723819555	0.996291872718248	1	0.999686857026229	0.99999311638232
ENSFCAG00000041373:CEBPA	0	0	0	0	0	0	0	0	0	0.823683360697916	0.978041570237914	0.97511394506068	1	0.913157550531886	0.985758723819555	0.996291872718248	1	0.999687740965916	0.99999311638232
ENSFCAG00000038120:SMYD3	0	0	0	0	0	0	0	0	0	0.83043211037586	0.946349162478705	0.975121043127849	1	0.913157550531886	0.985758723819555	0.996291872718248	1	0.999687919818104	0.99999311638232
ENSFCAG00000042993:GATA3	0	0	0	0	0	0	0	0	0	0.826443100866019	0.961757950854779	0.975126369292495	1	0.913157550531886	0.985758723819555	0.996291872718248	1	0.999688053989187	0.99999311638232
ENSFCAG00000004033:CCNQ	0	0	0	0	0	0	0	0	0	0.826856058463474	0.960519614414938	0.975165752095381	1	0.913157550531886	0.985758723819555	0.996291872718248	1	0.999689045176099	0.99999311638232
ENSFCAG00000029513:ABI1	0	0	0	0	0	0	0	0	0	0.83168292135783	0.943738482697994	0.975234231691149	1	0.913157550531886	0.985758723819555	0.996291872718248	1	0.999690764884282	0.99999311638232
ENSFCAG00000006231:PPARG	0	0	0	0	0	0	0	0	0	0.827236867929026	0.961347283505051	0.975319519440879	1	0.913157550531886	0.985758723819555	0.996291872718248	1	0.999692899967035	0.99999311638232
ENSFCAG00000028649:DUSP4	0	0	0	0	0	0	0	0	0	0.825639308342645	0.971804321435558	0.975417018813145	1	0.913157550531886	0.985758723819555	0.996291872718248	1	0.999695331617739	0.99999311638232
ENSFCAG00000029721:PPP2R2A	0	0	0	0	0	0	0	0	0	0.832433825891665	0.944502242423814	0.975498920525203	1	0.913157550531886	0.985758723819555	0.996291872718248	1	0.999697366728358	0.99999311638232
ENSFCAG00000003700:AKT3	0	0	0	0	0	0	0	0	0	0.832575603661	0.944517542262101	0.975537714904289	1	0.913157550531886	0.985758723819555	0.996291872718248	1	0.999698328299082	0.99999311638232
ENSFCAG00000024841:ETV6	0	0	0	0	0	0	0	0	0	0.83044235866513	0.951940085356757	0.975560583305672	1	0.913157550531886	0.985758723819555	0.996291872718248	1	0.999698894400338	0.99999311638232
ENSFCAG00000029360:DDX6	0	0	0	0	0	0	0	0	0	0.831861393291859	0.947591380757709	0.975603392649345	1	0.913157550531886	0.985758723819555	0.996291872718248	1	0.99969995269335	0.99999311638232
ENSFCAG00000024268:CD36	1	0	0	0	0	0	0	0	0	0.833038185376754	0.944804034123826	0.975684184089952	1	0.913157550531886	0.985758723819555	0.996291872718248	1	0.999701944826912	0.99999311638232
ENSFCAG00000030336:IFNGR1	0	0	0	0	0	0	0	0	0	0.829814447921122	0.956082463295564	0.975684625946915	1	0.913157550531886	0.985758723819555	0.996291872718248	1	0.999701955703707	0.99999311638232
ENSFCAG00000005533:PBX1	0	0	0	0	0	0	0	0	0	0.831269276942875	0.951269386465921	0.975731686209194	1	0.913157550531886	0.985758723819555	0.996291872718248	1	0.999703112998279	0.99999311638232
ENSFCAG00000012557:ACKR3	0	0	0	0	0	0	0	0	0	0.828040697449515	0.965359490464585	0.975764270097766	1	0.913157550531886	0.985758723819555	0.996291872718248	1	0.999703912963537	0.99999311638232
ENSFCAG00000002791:P2RY8	0	0	0	0	0	0	0	0	0	0.826055704639817	0.978062733430279	0.975772357200395	1	0.913157550531886	0.985758723819555	0.996291872718248	1	0.999704111341008	0.99999311638232
ENSFCAG00000027765:HNRNPA2B1	0	0	0	0	0	0	0	0	0	0.832580321958554	0.947362389518497	0.975775382061722	1	0.913157550531886	0.985758723819555	0.996291872718248	1	0.999704185523949	0.99999311638232
ENSFCAG00000022640:MYCL	0	0	0	0	0	0	0	0	0	0.828284545891213	0.96483211353429	0.975802293275659	1	0.913157550531886	0.985758723819555	0.996291872718248	1	0.999704845092798	0.99999311638232
ENSFCAG00000027073:CDK8	0	0	0	0	0	0	0	0	0	0.837057885707297	0.935759034544401	0.975899236572843	1	0.913157550531886	0.985758723819555	0.996291872718248	1	0.999707214930781	0.99999311638232
ENSFCAG00000015103:CHEK1	0	0	0	0	0	0	0	0	0	0.832473935581599	0.949849941190544	0.975943759438001	1	0.913157550531886	0.985758723819555	0.996291872718248	1	0.999708300092284	0.99999311638232
ENSFCAG00000001593:EED	0	0	0	0	0	0	0	0	0	0.834765007026787	0.942946778188096	0.975976596755728	1	0.913157550531886	0.985758723819555	0.996291872718248	1	0.999709099138977	0.99999311638232
ENSFCAG00000036087:LMO2	0	0	0	0	0	0	0	0	0	0.830253891781216	0.959354724931766	0.976015163481391	1	0.913157550531886	0.985758723819555	0.996291872718248	1	0.999710036191387	0.99999311638232
ENSFCAG00000003212:NDRG1	0	0	0	0	0	0	0	0	0	0.834809533719862	0.943521130260914	0.976038360743239	1	0.913157550531886	0.985758723819555	0.996291872718248	1	0.999710599079274	0.99999311638232
ENSFCAG00000046742:TLX1	0	0	0	0	0	0	0	0	0	0.828725148113917	0.96774465265206	0.976072505746484	1	0.913157550531886	0.985758723819555	0.996291872718248	1	0.999711426614085	0.99999311638232
ENSFCAG00000003156:ARID3C	0	0	0	0	0	0	0	0	0	0.830469887446969	0.960655928636116	0.976153011926063	1	0.913157550531886	0.985758723819555	0.996291872718248	1	0.999713373025508	0.99999311638232
ENSFCAG00000010347:MAX	0	0	0	0	0	0	0	0	0	0.832268179420921	0.955046970169158	0.976269086647027	1	0.913157550531886	0.985758723819555	0.996291872718248	1	0.999716167695917	0.99999311638232
ENSFCAG00000009292:SETD4	0	0	0	0	0	0	0	0	0	0.833572912128151	0.950427705265634	0.976277861258451	1	0.913157550531886	0.985758723819555	0.996291872718248	1	0.999716378396564	0.99999311638232
ENSFCAG00000023383:GNA13	0	0	0	0	0	0	0	0	0	0.831773793520636	0.960036463482511	0.976463363397884	1	0.913157550531886	0.985758723819555	0.996291872718248	1	0.99972081431672	0.99999311638232
ENSFCAG00000033222:TUSC3	0	0	0	0	0	0	0	0	0	0.834628329813054	0.949697087224963	0.976498262120246	1	0.913157550531886	0.985758723819555	0.996291872718248	1	0.999721644912521	0.99999311638232
ENSFCAG00000018839:SS18L1	0	0	0	0	0	0	0	0	0	0.836637293068153	0.944111479050318	0.976563243599191	1	0.913157550531886	0.985758723819555	0.996291872718248	1	0.99972318816003	0.99999311638232
ENSFCAG00000012379:SPRED1	0	0	0	0	0	0	0	0	0	0.837463233362171	0.94224433810842	0.976612299238312	1	0.913157550531886	0.985758723819555	0.996291872718248	1	0.999724350319964	0.99999311638232
ENSFCAG00000030594:HOXD11	0	0	0	0	0	0	0	0	0	0.830111772357438	0.97132347253723	0.97661403166403	1	0.913157550531886	0.985758723819555	0.996291872718248	1	0.999724391317206	0.99999311638232
ENSFCAG00000012037:XIAP	0	0	0	0	0	0	0	0	0	0.83590976350752	0.947710431022688	0.976674784289224	1	0.913157550531886	0.985758723819555	0.996291872718248	1	0.99972582706313	0.99999311638232
ENSFCAG00000007999:MKNK1	0	0	0	0	0	0	0	0	0	0.836059981779373	0.947686886509583	0.976711783935162	1	0.913157550531886	0.985758723819555	0.996291872718248	1	0.999726699611451	0.99999311638232
ENSFCAG00000004973:MYOD1	0	0	0	0	0	0	0	0	0	0.830072358324174	0.97467191881128	0.976742256597605	1	0.913157550531886	0.985758723819555	0.996291872718248	1	0.999727417183903	0.99999311638232
ENSFCAG00000038251:MAP2K4	0	0	0	0	0	0	0	0	0	0.835464604953192	0.95041641341803	0.976771344821982	1	0.913157550531886	0.985758723819555	0.996291872718248	1	0.99972810126862	0.99999311638232
ENSFCAG00000025016:DDB2	0	0	0	0	0	0	0	0	0	0.836597499191885	0.947369802488594	0.976825057743493	1	0.913157550531886	0.985758723819555	0.996291872718248	1	0.999729362190074	0.99999311638232
ENSFCAG00000010866:INHBA	0	0	0	0	0	0	0	0	0	0.831297138692686	0.970265129067119	0.976883978856595	1	0.913157550531886	0.985758723819555	0.996291872718248	1	0.999730741977876	0.99999311638232
ENSFCAG00000031618:FANCL	0	0	0	0	0	0	0	0	0	0.838883743926073	0.941357102804385	0.976895425367286	1	0.913157550531886	0.985758723819555	0.996291872718248	1	0.999731009614784	0.99999311638232
ENSFCAG00000004034:DUSP9	0	0	0	0	0	0	0	0	0	0.832295360850081	0.966603999482769	0.976971971909973	1	0.913157550531886	0.985758723819555	0.996291872718248	1	0.999732795942541	0.99999311638232
ENSFCAG00000025662:SH3GL1	0	0	0	0	0	0	0	0	0	0.837732123442772	0.946541917789875	0.977049082480009	1	0.913157550531886	0.985758723819555	0.996291872718248	1	0.999734589368785	0.99999311638232
ENSFCAG00000022941:IRF4	0	0	0	0	0	0	0	0	0	0.837601766459919	0.947565120413182	0.977099075221434	1	0.913157550531886	0.985758723819555	0.996291872718248	1	0.999735748840795	0.99999311638232
ENSFCAG00000037388:RAD52	0	0	0	0	0	0	0	0	0	0.837961588310005	0.947714167991168	0.977203217376599	1	0.913157550531886	0.985758723819555	0.996291872718248	1	0.999738155975788	0.99999311638232
ENSFCAG00000001628:PAX5	0	0	0	0	0	0	0	0	0	0.836784031169266	0.953667139308551	0.977352637150631	1	0.913157550531886	0.985758723819555	0.996291872718248	1	0.999741590269503	0.99999311638232
ENSFCAG00000015151:PAG1	0	0	0	0	0	0	0	0	0	0.834981433470365	0.960774059558435	0.977352943709551	1	0.913157550531886	0.985758723819555	0.996291872718248	1	0.999741597292031	0.99999311638232
ENSFCAG00000045474:CRLF2	0	0	0	0	0	0	0	0	0	0.836462319783702	0.955982721288383	0.977430568521088	1	0.913157550531886	0.985758723819555	0.996291872718248	1	0.999743372395181	0.99999311638232
ENSFCAG00000032144:ACTG1	0	0	0	0	0	0	0	0	0	0.833287010402302	0.970957555786546	0.977443006455045	1	0.913157550531886	0.985758723819555	0.996291872718248	1	0.99974365624944	0.99999311638232
ENSFCAG00000035960:TLX3	0	0	0	0	0	0	0	0	0	0.83425497677811	0.966319579410483	0.977473853731293	1	0.913157550531886	0.985758723819555	0.996291872718248	1	0.999744359552372	0.99999311638232
ENSFCAG00000035352:KCNJ5	0	0	0	0	0	0	0	0	0	0.833710676881096	0.970573232853641	0.977537286777964	1	0.913157550531886	0.985758723819555	0.996291872718248	1	0.999745802735939	0.99999311638232
ENSFCAG00000025247:SFRP4	0	0	0	0	0	0	0	0	0	0.83516452874955	0.963217993475848	0.977543486635005	1	0.913157550531886	0.985758723819555	0.996291872718248	1	0.999745943569856	0.99999311638232
ENSFCAG00000009200:IL7R	0	0	0	0	0	0	0	0	0	0.836568974493132	0.957331128097772	0.977548025439177	1	0.913157550531886	0.985758723819555	0.996291872718248	1	0.999746046646911	0.99999311638232
ENSFCAG00000003976:IDH1	0	0	0	0	0	0	0	0	0	0.837988404655774	0.953948873890904	0.977681943316147	1	0.913157550531886	0.985758723819555	0.996291872718248	1	0.99974907846244	0.99999311638232
ENSFCAG00000044642:GNA11	0	0	0	0	0	0	0	0	0	0.836224952203933	0.961609778387572	0.977725865701842	1	0.913157550531886	0.985758723819555	0.996291872718248	1	0.999750068842445	0.99999311638232
ENSFCAG00000007945:HOXA11	0	0	0	0	0	0	0	0	0	0.834850705607649	0.968646628334369	0.977745998139865	1	0.913157550531886	0.985758723819555	0.996291872718248	1	0.999750522137447	0.99999311638232
ENSFCAG00000004068:SMARCB1	0	0	0	0	0	0	0	0	0	0.839640396636172	0.949503066676014	0.977771905476243	1	0.913157550531886	0.985758723819555	0.996291872718248	1	0.999751104848104	0.99999311638232
ENSFCAG00000040420:GSK3B	0	0	0	0	0	0	0	0	0	0.840969334448428	0.945727873995232	0.977802181047555	1	0.913157550531886	0.985758723819555	0.996291872718248	1	0.999751784939763	0.99999311638232
ENSFCAG00000030098:SS18	0	0	0	0	0	0	0	0	0	0.841454051721884	0.94471403954753	0.977838032427408	1	0.913157550531886	0.985758723819555	0.996291872718248	1	0.999752589070649	0.99999311638232
ENSFCAG00000048115:FANCF	0	0	0	0	0	0	0	0	0	0.835409292965335	0.968340628051588	0.977876767668769	1	0.913157550531886	0.985758723819555	0.996291872718248	1	0.999753456407993	0.99999311638232
ENSFCAG00000023667:HERPUD1	0	0	0	0	0	0	0	0	0	0.838936811396985	0.953365961834512	0.977882269737684	1	0.913157550531886	0.985758723819555	0.996291872718248	1	0.999753579482716	0.99999311638232
ENSFCAG00000027039:LEF1	0	0	0	0	0	0	0	0	0	0.8407990252625	0.947978527456423	0.977943701880056	1	0.913157550531886	0.985758723819555	0.996291872718248	1	0.999754951544099	0.99999311638232
ENSFCAG00000030694:HOXD13	0	0	0	0	0	0	0	0	0	0.835313383847919	0.970851685209051	0.977969193686711	1	0.913157550531886	0.985758723819555	0.996291872718248	1	0.999755519760086	0.99999311638232
ENSFCAG00000029868:SOCS2	0	0	0	0	0	0	0	0	0	0.837530619324909	0.960434114585128	0.977991881923161	1	0.913157550531886	0.985758723819555	0.996291872718248	1	0.999756024925223	0.99999311638232
ENSFCAG00000010694:DUSP2	0	0	0	0	0	0	0	0	0	0.836028764706665	0.968824131585036	0.978061004942848	1	0.913157550531886	0.985758723819555	0.996291872718248	1	0.999757560739961	0.99999311638232
ENSFCAG00000010809:GABRA6	0	0	0	0	0	0	0	0	0	0.839283256367761	0.954788528025053	0.978070860433654	1	0.913157550531886	0.985758723819555	0.996291872718248	1	0.999757779316961	0.99999311638232
ENSFCAG00000018503:ABRAXAS1	0	0	0	0	0	0	0	0	0	0.841184578012386	0.949222127671843	0.978138920363362	1	0.913157550531886	0.985758723819555	0.996291872718248	1	0.999759286052527	0.99999311638232
ENSFCAG00000000479:CALR	0	0	0	0	0	0	0	0	0	0.838645609541438	0.958367069100004	0.978147908170268	1	0.913157550531886	0.985758723819555	0.996291872718248	1	0.999759484673887	0.99999311638232
ENSFCAG00000039437:WWTR1	0	0	0	0	0	0	0	0	0	0.837568782237568	0.96334062513027	0.978172127665159	1	0.913157550531886	0.985758723819555	0.996291872718248	1	0.99976001948889	0.99999311638232
ENSFCAG00000014173:MAPK3	0	0	0	0	0	0	0	0	0	0.839347351831145	0.957207407669886	0.978250994382417	1	0.913157550531886	0.985758723819555	0.996291872718248	1	0.999761756868454	0.99999311638232
ENSFCAG00000028366:XBP1	0	0	0	0	0	0	0	0	0	0.841263444092909	0.953411019595711	0.978472848345548	1	0.913157550531886	0.985758723819555	0.996291872718248	1	0.999766610060738	0.99999311638232
ENSFCAG00000013883:EIF4A2	0	0	0	0	0	0	0	0	0	0.842328612034246	0.951500938459063	0.978598916431394	1	0.913157550531886	0.985758723819555	0.996291872718248	1	0.999769345463712	0.99999311638232
ENSFCAG00000028389:MAP2K1	0	0	0	0	0	0	0	0	0	0.841539652521408	0.954281180167738	0.978603871914168	1	0.913157550531886	0.985758723819555	0.996291872718248	1	0.999769452655143	0.99999311638232
ENSFCAG00000030830:PTPN2	0	0	0	0	0	0	0	0	0	0.843756465235635	0.947635793229425	0.978652098686833	1	0.913157550531886	0.985758723819555	0.996291872718248	1	0.999770494532034	0.99999311638232
ENSFCAG00000010904:GATA1	0	0	0	0	0	0	0	0	0	0.841166610959405	0.956453869167205	0.978659815545324	1	0.913157550531886	0.985758723819555	0.996291872718248	1	0.999770661024189	0.99999311638232
ENSFCAG00000030278:MCL1	0	0	0	0	0	0	0	0	0	0.839635325467221	0.964061188453121	0.978739379463897	1	0.913157550531886	0.985758723819555	0.996291872718248	1	0.999772374077531	0.99999311638232
ENSFCAG00000010841:MAFB	0	0	0	0	0	0	0	0	0	0.83680811970918	0.982743279112466	0.978780973963732	1	0.913157550531886	0.986037390662564	0.996291872718248	1	0.999773267054631	0.99999311638232
ENSFCAG00000013003:S1PR2	0	0	0	0	0	0	0	0	0	0.837950207921834	0.97598782639987	0.978860240762342	1	0.913157550531886	0.985758723819555	0.996291872718248	1	0.999774963910603	0.99999311638232
ENSFCAG00000022444:TENT5C	0	0	0	0	0	0	0	0	0	0.839488232337606	0.968198492481046	0.978917807432521	1	0.913157550531886	0.985758723819555	0.996291872718248	1	0.99977619221061	0.99999311638232
ENSFCAG00000025659:TFG	0	0	0	0	0	0	0	0	0	0.844746637215444	0.948593537894118	0.978972006483337	1	0.913157550531886	0.985758723819555	0.996291872718248	1	0.999777345561695	0.99999311638232
ENSFCAG00000046021:EXOSC6	0	0	0	0	0	0	0	0	0	0.838764940498929	0.974590271360385	0.979015304340547	1	0.913157550531886	0.985758723819555	0.996291872718248	1	0.99977826478028	0.99999311638232
ENSFCAG00000024493:AURKA	0	0	0	0	0	0	0	0	0	0.844377546661175	0.951264642786381	0.979087711759153	1	0.913157550531886	0.985758723819555	0.996291872718248	1	0.999779797719559	0.99999311638232
ENSFCAG00000030144:IRF2	0	0	0	0	0	0	0	0	0	0.845603562005308	0.94769202388421	0.979109192793662	1	0.913157550531886	0.985758723819555	0.996291872718248	1	0.999780251465114	0.99999311638232
ENSFCAG00000002637:SPOP	0	0	0	0	0	0	0	0	0	0.84300265865256	0.956765662983434	0.979138432974602	1	0.913157550531886	0.985758723819555	0.996291872718248	1	0.999780868350351	0.99999311638232
ENSFCAG00000009681:RRAGC	0	0	0	0	0	0	0	0	0	0.84344064195705	0.956097054339218	0.979201941460602	1	0.913157550531886	0.985758723819555	0.996291872718248	1	0.999782205192163	0.99999311638232
ENSFCAG00000012114:OMD	0	0	0	0	0	0	0	0	0	0.842865797118019	0.959806614860924	0.979299963382096	1	0.913157550531886	0.985758723819555	0.996291872718248	1	0.999784260450555	0.99999311638232
ENSFCAG00000009769:NFKBIE	0	0	0	0	0	0	0	0	0	0.843667473537983	0.959219979287214	0.979461762549314	1	0.913157550531886	0.985758723819555	0.996291872718248	1	0.999787631484524	0.99999311638232
ENSFCAG00000008090:TTL	0	0	0	0	0	0	0	0	0	0.844270039677217	0.957161625531015	0.979477549916016	1	0.913157550531886	0.985758723819555	0.996291872718248	1	0.999787958977989	0.99999311638232
ENSFCAG00000033551:DNAJB1	0	0	0	0	0	0	0	0	0	0.841549715302661	0.969125664711678	0.979482057919739	1	0.913157550531886	0.985758723819555	0.996291872718248	1	0.999788052445408	0.99999311638232
ENSFCAG00000025137:PRKACA	0	0	0	0	0	0	0	0	0	0.846287337089749	0.950879122918845	0.979524674955131	1	0.913157550531886	0.985758723819555	0.996291872718248	1	0.999788935027369	0.99999311638232
ENSFCAG00000019200:PTEN	0	0	0	0	0	0	0	0	0	0.846575676183563	0.950346421178429	0.979553946817494	1	0.913157550531886	0.985758723819555	0.996291872718248	1	0.99978954016191	0.99999311638232
ENSFCAG00000029481:PPP4R2	0	0	0	0	0	0	0	0	0	0.846129689088647	0.952834824561901	0.979631650118922	1	0.913157550531886	0.985758723819555	0.996291872718248	1	0.999791142272332	0.99999311638232
ENSFCAG00000001624:CCNE1	0	0	0	0	0	0	0	0	0	0.848690472348642	0.945516674787993	0.979674054879475	1	0.913157550531886	0.985758723819555	0.996291872718248	1	0.999792013987092	0.99999311638232
ENSFCAG00000022238:PCBP1	0	0	0	0	0	0	0	0	0	0.841589219622058	0.973734184011312	0.979694721157713	1	0.913157550531886	0.985758723819555	0.996291872718248	1	0.999792438158573	0.99999311638232
ENSFCAG00000026744:GNB1	0	0	0	0	0	0	0	0	0	0.84656271672909	0.952408951579884	0.979705511396723	1	0.913157550531886	0.985758723819555	0.996291872718248	1	0.999792659452973	0.99999311638232
ENSFCAG00000009774:MEF2B	0	0	0	0	0	0	0	0	0	0.844623023515291	0.959668547210184	0.979724941281047	1	0.913157550531886	0.985758723819555	0.996291872718248	1	0.9997930576361	0.99999311638232
ENSFCAG00000024972:JUN	0	0	0	0	0	0	0	0	0	0.840121259218671	0.987323332085307	0.979732789030926	1	0.913157550531886	0.988424026992872	0.996291872718248	1	0.999793218353418	0.99999311638232
ENSFCAG00000026699:CDX2	0	0	0	0	0	0	0	0	0	0.843385825463003	0.967961669665761	0.979882638006543	1	0.913157550531886	0.985758723819555	0.996291872718248	1	0.999796275113416	0.99999311638232
ENSFCAG00000022485:TMEM30A	0	0	0	0	0	0	0	0	0	0.846867154644391	0.954412873934246	0.979923163049875	1	0.913157550531886	0.985758723819555	0.996291872718248	1	0.999797097844473	0.99999311638232
ENSFCAG00000024503:GNAQ	0	0	0	0	0	0	0	0	0	0.847930097579198	0.952305297226066	0.980027429878035	1	0.913157550531886	0.985758723819555	0.996291872718248	1	0.999799206945094	0.99999311638232
ENSFCAG00000000449:ELF3	0	0	0	0	0	0	0	0	0	0.847569567069136	0.955069816010796	0.980138373976594	1	0.913157550531886	0.985758723819555	0.996291872718248	1	0.999801438931518	0.99999311638232
ENSFCAG00000045245:PHF6	0	0	0	0	0	0	0	0	0	0.851693940336851	0.94361767225575	0.980220750940932	1	0.913157550531886	0.985758723819555	0.996291872718248	1	0.999803088076942	0.99999311638232
ENSFCAG00000045230:PHOX2B	0	0	0	0	0	0	0	0	0	0.844414830047039	0.970949920462867	0.980277049926173	1	0.913157550531886	0.985758723819555	0.996291872718248	1	0.999804211171868	0.99999311638232
ENSFCAG00000025666:NFE2	0	0	0	0	0	0	0	0	0	0.84590818850443	0.964487930785814	0.980320705270102	1	0.913157550531886	0.985758723819555	0.996291872718248	1	0.999805079816155	0.99999311638232
ENSFCAG00000041686:MSI2	0	0	0	0	0	0	0	0	0	0.848682249006032	0.954920958756427	0.980394680202621	1	0.913157550531886	0.985758723819555	0.996291872718248	1	0.999806547314708	0.99999311638232
ENSFCAG00000009646:SMARCE1	0	0	0	0	0	0	0	0	0	0.849761348774981	0.951486319544613	0.980403260802717	1	0.913157550531886	0.985758723819555	0.996291872718248	1	0.999806717173499	0.99999311638232
ENSFCAG00000001078:POU5F1	0	0	0	0	0	0	0	0	0	0.849961722442374	0.950882591855401	0.980405209910113	1	0.913157550531886	0.985758723819555	0.996291872718248	1	0.999806755746933	0.99999311638232
ENSFCAG00000004268:DEK	0	0	0	0	0	0	0	0	0	0.849419827829572	0.95437406599111	0.980532058107443	1	0.913157550531886	0.985758723819555	0.996291872718248	1	0.999809257779975	0.99999311638232
ENSFCAG00000022622:ETNK1	0	0	0	0	0	0	0	0	0	0.850750263688085	0.953838138646728	0.980808730038642	1	0.913157550531886	0.985758723819555	0.996291872718248	1	0.999814658103134	0.99999311638232
ENSFCAG00000006667:INHA	0	0	0	0	0	0	0	0	0	0.847318932483758	0.967315495509314	0.98081110316323	1	0.913157550531886	0.985758723819555	0.996291872718248	1	0.999814704086228	0.99999311638232
ENSFCAG00000022323:PPP1CB	0	0	0	0	0	0	0	0	0	0.853594789933142	0.94619626294345	0.980881717138443	1	0.913157550531886	0.985758723819555	0.996291872718248	1	0.99981606971789	0.99999311638232
ENSFCAG00000015075:SETD7	0	0	0	0	0	0	0	0	0	0.851378682887726	0.954305774061098	0.980989532080085	1	0.913157550531886	0.985758723819555	0.996291872718248	1	0.999818144987788	0.99999311638232
ENSFCAG00000033129:FAS	0	0	0	0	0	0	0	0	0	0.852210674836827	0.952840392544675	0.981078940941358	1	0.913157550531886	0.985758723819555	0.996291872718248	1	0.999819856981579	0.99999311638232
ENSFCAG00000034951:MYD88	0	0	0	0	0	0	0	0	0	0.849865184203003	0.96136210434557	0.981092174282347	1	0.913157550531886	0.985758723819555	0.996291872718248	1	0.999820109680279	0.99999311638232
ENSFCAG00000040513:TPM3	0	0	0	0	0	0	0	0	0	0.853465297386196	0.949619848350014	0.981127419169816	1	0.913157550531886	0.985758723819555	0.996291872718248	1	0.99982078183209	0.99999311638232
ENSFCAG00000019399:QKI	0	0	0	0	0	0	0	0	0	0.85233974426396	0.954010925530308	0.981193223471974	1	0.913157550531886	0.985758723819555	0.996291872718248	1	0.999822033390864	0.99999311638232
ENSFCAG00000045118:CDK6	0	0	0	0	0	0	0	0	0	0.852172008859184	0.955914843516474	0.981286579023889	1	0.913157550531886	0.985758723819555	0.996291872718248	1	0.999823801386504	0.99999311638232
ENSFCAG00000003608:TFPT	0	0	0	0	0	0	0	0	0	0.851435935144225	0.958587217310583	0.981290911851885	1	0.913157550531886	0.985758723819555	0.996291872718248	1	0.999823883227233	0.99999311638232
ENSFCAG00000038036:ZNF24	0	0	0	0	0	0	0	0	0	0.852423838086575	0.956038001340727	0.981353628706993	1	0.913157550531886	0.985758723819555	0.996291872718248	1	0.999825065713493	0.99999311638232
ENSFCAG00000008358:CCND1	0	0	0	0	0	0	0	0	0	0.849260492741517	0.96970735874367	0.981392441058492	1	0.913157550531886	0.985758723819555	0.996291872718248	1	0.999825795487853	0.99999311638232
ENSFCAG00000038352:HOXC11	0	0	0	0	0	0	0	0	0	0.849513333215364	0.968572792860905	0.981398545011705	1	0.913157550531886	0.985758723819555	0.996291872718248	1	0.999825910118554	0.99999311638232
ENSFCAG00000015575:CXCR4	0	0	0	0	0	0	0	0	0	0.849933753310597	0.966865374192898	0.981413238401426	1	0.913157550531886	0.985758723819555	0.996291872718248	1	0.999826185901019	0.99999311638232
ENSFCAG00000023627:GID4	0	0	0	0	0	0	0	0	0	0.851691725861937	0.959730331718566	0.981422915683196	1	0.913157550531886	0.985758723819555	0.996291872718248	1	0.999826367415237	0.99999311638232
ENSFCAG00000002606:PRSS8	0	0	0	0	0	0	0	0	0	0.852840639777971	0.95662139894414	0.981489876273051	1	0.913157550531886	0.985758723819555	0.996291872718248	1	0.999827620762958	0.99999311638232
ENSFCAG00000006305:CCN6	0	0	0	0	0	0	0	0	0	0.852272302010645	0.959601777362415	0.981550505810985	1	0.913157550531886	0.985758723819555	0.996291872718248	1	0.999828751667177	0.99999311638232
ENSFCAG00000025160:HSD3B2	0	0	0	0	0	0	0	0	0	0.850740300577121	0.965947182016885	0.981556195161846	1	0.913157550531886	0.985758723819555	0.996291872718248	1	0.999828857596693	0.99999311638232
ENSFCAG00000007657:RAD51B	0	0	0	0	0	0	0	0	0	0.854339552155134	0.952809568513692	0.981569283014427	1	0.913157550531886	0.985758723819555	0.996291872718248	1	0.999829101153065	0.99999311638232
ENSFCAG00000024636:RAD51C	0	0	0	0	0	0	0	0	0	0.854960398020819	0.951627800868486	0.981624295558737	1	0.913157550531886	0.985758723819555	0.996291872718248	1	0.999830122992186	0.99999311638232
ENSFCAG00000042983:CRKL	0	0	0	0	0	0	0	0	0	0.851552225087306	0.96581553058426	0.981740044096726	1	0.913157550531886	0.985758723819555	0.996291872718248	1	0.999832262914067	0.99999311638232
ENSFCAG00000027426:RAD51D	0	0	0	0	0	0	0	0	0	0.855557426983612	0.9514526820488	0.981747418452066	1	0.913157550531886	0.985758723819555	0.996291872718248	1	0.999832398786349	0.99999311638232
ENSFCAG00000039431:PNRC1	0	0	0	0	0	0	0	0	0	0.851387367065392	0.969365070211092	0.981879000596917	1	0.913157550531886	0.985758723819555	0.996291872718248	1	0.999834813871853	0.99999311638232
ENSFCAG00000008160:FCGR2B	0	0	0	0	0	0	0	0	0	0.853770618788745	0.959726468269104	0.981905731817551	1	0.913157550531886	0.985758723819555	0.996291872718248	1	0.999835302347042	0.99999311638232
ENSFCAG00000032546:IGF2	0	0	0	0	0	0	0	0	0	0.851904742139028	0.970620564068238	0.982058349642534	1	0.913157550531886	0.985758723819555	0.996291872718248	1	0.999838077284056	0.99999311638232
ENSFCAG00000008220:CREB1	0	0	0	0	0	0	0	0	0	0.858319426520884	0.947534887647126	0.982064195279235	1	0.913157550531886	0.985758723819555	0.996291872718248	1	0.999838183099299	0.99999311638232
ENSFCAG00000028964:SIX1	0	0	0	0	0	0	0	0	0	0.85384564373099	0.968021759528633	0.982386004517303	1	0.913157550531886	0.985758723819555	0.996291872718248	1	0.999843954675707	0.99999311638232
ENSFCAG00000033716:FGF14	0	0	0	0	0	0	0	0	0	0.855189771198471	0.962794708436841	0.982415224992114	1	0.913157550531886	0.985758723819555	0.996291872718248	1	0.999844473517258	0.99999311638232
ENSFCAG00000014712:RAD51	0	0	0	0	0	0	0	0	0	0.858160545986647	0.955042453771707	0.982594403694273	1	0.913157550531886	0.985758723819555	0.996291872718248	1	0.999847636027899	0.99999311638232
ENSFCAG00000025542:HEY1	0	0	0	0	0	0	0	0	0	0.856655517529016	0.960496194539929	0.982612117371721	1	0.913157550531886	0.985758723819555	0.996291872718248	1	0.999847946900122	0.99999311638232
ENSFCAG00000004500:LTB	0	0	0	0	0	0	0	0	0	0.855804361891722	0.968393014903279	0.982853045749322	1	0.913157550531886	0.985758723819555	0.996291872718248	1	0.999852143448792	0.99999311638232
ENSFCAG00000014287:PDCD1	0	0	0	0	0	0	0	0	0	0.857926045879672	0.959873537028937	0.982859774003164	1	0.913157550531886	0.985758723819555	0.996291872718248	1	0.999852259795392	0.99999311638232
ENSFCAG00000030589:APH1A	0	0	0	0	0	0	0	0	0	0.859481467969505	0.955113390578842	0.982893344188665	1	0.913157550531886	0.985758723819555	0.996291872718248	1	0.99985283961099	0.99999311638232
ENSFCAG00000013445:EPCAM	0	0	0	0	0	0	0	0	0	0.86056103138229	0.95273914529604	0.982962276375919	1	0.913157550531886	0.985758723819555	0.996291872718248	1	0.999854026595675	0.99999311638232
ENSFCAG00000006671:NFKBIA	0	0	0	0	0	0	0	0	0	0.859319671357856	0.956763550474038	0.98296996848373	1	0.913157550531886	0.985758723819555	0.996291872718248	1	0.999854158750879	0.99999311638232
ENSFCAG00000036644:CCND3	0	0	0	0	0	0	0	0	0	0.85838394650771	0.961212241595714	0.98304390700508	1	0.913157550531886	0.985758723819555	0.996291872718248	1	0.999855425990691	0.99999311638232
ENSFCAG00000002120:HOXB13	0	0	0	0	0	0	0	0	0	0.856459122016298	0.969480793648642	0.98305393662792	1	0.913157550531886	0.985758723819555	0.996291872718248	1	0.999855597461057	0.99999311638232
ENSFCAG00000008999:TPM4	0	0	0	0	0	0	0	0	0	0.860053116065799	0.956616337917828	0.983122360967676	1	0.913157550531886	0.985758723819555	0.996291872718248	1	0.999856764540111	0.99999311638232
ENSFCAG00000012089:MOB3B	0	0	0	0	0	0	0	0	0	0.857886350159648	0.96584432573249	0.98319380444658	1	0.913157550531886	0.985758723819555	0.996291872718248	1	0.999857978032991	0.99999311638232
ENSFCAG00000036921:SDHB	0	0	0	0	0	0	0	0	0	0.859464352325376	0.961308468348235	0.983290070160667	1	0.913157550531886	0.985758723819555	0.996291872718248	1	0.99985960493012	0.99999311638232
ENSFCAG00000013318:IRF1	0	0	0	0	0	0	0	0	0	0.862819087892828	0.95231776441661	0.98342349809993	1	0.913157550531886	0.985758723819555	0.996291872718248	1	0.999861844287397	0.99999311638232
ENSFCAG00000043034:FGF3	0	0	0	0	0	0	0	0	0	0.857669859860668	0.971830609226319	0.983433653589985	1	0.913157550531886	0.985758723819555	0.996291872718248	1	0.999862013988339	0.99999311638232
ENSFCAG00000040666:CYSLTR2	0	0	0	0	0	0	0	0	0	0.856794019083387	0.977553737159016	0.983460178587807	1	0.913157550531886	0.985758723819555	0.996291872718248	1	0.999862456733447	0.99999311638232
ENSFCAG00000015580:PDGFB	0	0	0	0	0	0	0	0	0	0.862009231910708	0.955343841200628	0.983464199221816	1	0.913157550531886	0.985758723819555	0.996291872718248	1	0.999862523781891	0.99999311638232
ENSFCAG00000045844:XPA	0	0	0	0	0	0	0	0	0	0.861667673280941	0.961398296285894	0.983779932406969	1	0.913157550531886	0.985758723819555	0.996291872718248	1	0.999867737654302	0.99999311638232
ENSFCAG00000014436:TCEA1	0	0	0	0	0	0	0	0	0	0.864606290741503	0.952279261850898	0.983804449804904	1	0.913157550531886	0.985758723819555	0.996291872718248	1	0.999868138283102	0.99999311638232
ENSFCAG00000009419:SCG5	0	0	0	0	0	0	0	0	0	0.863082907671906	0.958514604640553	0.983908268570772	1	0.913157550531886	0.985758723819555	0.996291872718248	1	0.999869827971876	0.99999311638232
ENSFCAG00000040786:LASP1	0	0	0	0	0	0	0	0	0	0.863308729213074	0.958109724979723	0.983930835369105	1	0.913157550531886	0.985758723819555	0.996291872718248	1	0.999870193805435	0.99999311638232
ENSFCAG00000037922:PPP6C	0	0	0	0	0	0	0	0	0	0.866021387908573	0.954121326191902	0.984238310559568	1	0.913157550531886	0.985758723819555	0.996291872718248	1	0.999875126765684	0.99999311638232
ENSFCAG00000045613:FEV	0	0	0	0	0	0	0	0	0	0.86160536087985	0.971263224924504	0.984280356059028	1	0.913157550531886	0.985758723819555	0.996291872718248	1	0.99987579385397	0.99999311638232
ENSFCAG00000022176:MLF1	0	0	0	0	0	0	0	0	0	0.868236671679379	0.950173561815681	0.984409199078839	1	0.913157550531886	0.985758723819555	0.996291872718248	1	0.99987782687575	0.99999311638232
ENSFCAG00000009373:BTLA	0	0	0	0	0	0	0	0	0	0.865678545183727	0.958179213967402	0.984441514473277	1	0.913157550531886	0.985758723819555	0.996291872718248	1	0.999878334137031	0.99999311638232
ENSFCAG00000030268:NPM1	0	0	0	0	0	0	0	0	0	0.867981658674411	0.95169024806746	0.984471596704442	1	0.913157550531886	0.985758723819555	0.996291872718248	1	0.999878805390534	0.99999311638232
ENSFCAG00000006857:XRCC2	0	0	0	0	0	0	0	0	0	0.863304310388903	0.972272863291765	0.984693145907644	1	0.913157550531886	0.985758723819555	0.996291872718248	1	0.999882247759654	0.99999311638232
ENSFCAG00000009155:RSPO3	0	0	0	0	0	0	0	0	0	0.869375336143024	0.951982105725856	0.984781661811609	1	0.913157550531886	0.985758723819555	0.996291872718248	1	0.999883609158046	0.99999311638232
ENSFCAG00000022826:CDKN2A	0	0	0	0	0	0	0	0	0	0.865505667766308	0.964916049363042	0.984806163740009	1	0.913157550531886	0.985758723819555	0.996291872718248	1	0.999883984598285	0.99999311638232
ENSFCAG00000011605:EGFL7	0	0	0	0	0	0	0	0	0	0.867596841320604	0.95797879140985	0.984831682244091	1	0.913157550531886	0.985758723819555	0.996291872718248	1	0.999884374967328	0.99999311638232
ENSFCAG00000036433:POU2AF1	1	0	0	0	0	0	0	0	0	0.867127916811375	0.960579696355649	0.984897788614486	1	0.913157550531886	0.985758723819555	0.996291872718248	1	0.999885383153723	0.99999311638232
ENSFCAG00000025024:PRRX1	0	0	0	0	0	0	0	0	0	0.866634503544693	0.962762524448886	0.984923888841104	1	0.913157550531886	0.985758723819555	0.996291872718248	1	0.99988577998577	0.99999311638232
ENSFCAG00000009048:PDCD1LG2	0	0	0	0	0	0	0	0	0	0.8664886599509	0.963391871653939	0.984929210546971	1	0.913157550531886	0.985758723819555	0.996291872718248	1	0.999885860812953	0.99999311638232
ENSFCAG00000038221:MTAP	0	0	0	0	0	0	0	0	0	0.869000168687405	0.95512062784037	0.984930389586602	1	0.913157550531886	0.985758723819555	0.996291872718248	1	0.999885878716563	0.99999311638232
ENSFCAG00000023035:JAZF1	0	0	0	0	0	0	0	0	0	0.866978703058233	0.962531859478914	0.984982810804994	1	0.913157550531886	0.985758723819555	0.996291872718248	1	0.999886673301645	0.99999311638232
ENSFCAG00000025224:FGF12	0	0	0	0	0	0	0	0	0	0.86685432245363	0.964561294387268	0.985071341887612	1	0.913157550531886	0.985758723819555	0.996291872718248	1	0.999888008894824	0.99999311638232
ENSFCAG00000013046:GADD45B	0	0	0	0	0	0	0	0	0	0.866550086801737	0.966015389036975	0.985085601349281	1	0.913157550531886	0.985758723819555	0.996291872718248	1	0.999888223271205	0.99999311638232
ENSFCAG00000006923:CCNB1IP1	0	0	0	0	0	0	0	0	0	0.866313330041162	0.969134425213123	0.985192409336653	1	0.913157550531886	0.985758723819555	0.996291872718248	1	0.999889822456582	0.99999311638232
ENSFCAG00000025748:BCL2L1	0	0	0	0	0	0	0	0	0	0.866050476919981	0.970512334560176	0.985201344791395	1	0.913157550531886	0.985758723819555	0.996291872718248	1	0.999889955718011	0.99999311638232
ENSFCAG00000031909:ATG5	0	0	0	0	0	0	0	0	0	0.869521183352207	0.960018598537389	0.985359925931926	1	0.913157550531886	0.985758723819555	0.996291872718248	1	0.999892307281345	0.99999311638232
ENSFCAG00000009689:VTCN1	0	0	0	0	0	0	0	0	0	0.868620816056307	0.964741887979103	0.985449571854434	1	0.913157550531886	0.985758723819555	0.996291872718248	1	0.999893625328309	0.99999311638232
ENSFCAG00000036639:FGF4	0	0	0	0	0	0	0	0	0	0.866464229936475	0.974584418189608	0.98546177984256	1	0.913157550531886	0.985758723819555	0.996291872718248	1	0.999893804189126	0.99999311638232
ENSFCAG00000045399:FGF23	0	0	0	0	0	0	0	0	0	0.867869032442004	0.972526373132147	0.985671785822841	1	0.913157550531886	0.985758723819555	0.996291872718248	1	0.99989685733821	0.99999311638232
ENSFCAG00000013892:ATF1	0	0	0	0	0	0	0	0	0	0.872042677426937	0.95812635564616	0.985753204552724	1	0.913157550531886	0.985758723819555	0.996291872718248	1	0.999898028998857	0.99999311638232
ENSFCAG00000040177:CD79B	0	0	0	0	0	0	0	0	0	0.87146388963086	0.959970994035587	0.985753429708297	1	0.913157550531886	0.985758723819555	0.996291872718248	1	0.999898032229646	0.99999311638232
ENSFCAG00000029552:BCL2	0	0	0	0	0	0	0	0	0	0.868152703631697	0.976291886012869	0.985880155268366	1	0.913157550531886	0.985758723819555	0.996291872718248	1	0.999899842472738	0.99999311638232
ENSFCAG00000032259:DCUN1D1	0	0	0	0	0	0	0	0	0	0.874970003678131	0.953135832213066	0.985992795069274	1	0.913157550531886	0.985758723819555	0.996291872718248	1	0.999901437830091	0.99999311638232
ENSFCAG00000005782:RSPO2	0	0	0	0	0	0	0	0	0	0.872459700917601	0.961441884260066	0.986043983920493	1	0.913157550531886	0.985758723819555	0.996291872718248	1	0.999902158583145	0.99999311638232
ENSFCAG00000027677:SOCS3	0	0	0	0	0	0	0	0	0	0.868288269344839	0.981211505567438	0.986070311566267	1	0.913157550531886	0.985758723819555	0.996291872718248	1	0.999902528248748	0.99999311638232
ENSFCAG00000025776:RAC2	0	0	0	0	0	0	0	0	0	0.872334939067577	0.963509662665417	0.986139260497275	1	0.913157550531886	0.985758723819555	0.996291872718248	1	0.999903493027447	0.99999311638232
ENSFCAG00000008129:CD79A	0	0	0	0	0	0	0	0	0	0.873026916476875	0.961181729949729	0.986142103735391	1	0.913157550531886	0.985758723819555	0.996291872718248	1	0.999903532708403	0.99999311638232
ENSFCAG00000022142:SBDS	0	0	0	0	0	0	0	0	0	0.870955096909922	0.968996123024102	0.986147249040669	1	0.913157550531886	0.985758723819555	0.996291872718248	1	0.999903604496754	0.99999311638232
ENSFCAG00000024840:RRAS	0	0	0	0	0	0	0	0	0	0.872320991193124	0.965485408187858	0.986245258072393	1	0.913157550531886	0.985758723819555	0.996291872718248	1	0.999904966812933	0.99999311638232
ENSFCAG00000039688:NKX3-1	0	0	0	0	0	0	0	0	0	0.872330394689058	0.968898852780584	0.986420852718066	1	0.913157550531886	0.985758723819555	0.996291872718248	1	0.999907383205683	0.99999311638232
ENSFCAG00000014271:CD28	0	0	0	0	0	0	0	0	0	0.873400237354571	0.965878859516218	0.986482460635078	1	0.913157550531886	0.985758723819555	0.996291872718248	1	0.999908223596801	0.99999311638232
ENSFCAG00000014272:CTLA4	0	0	0	0	0	0	0	0	0	0.87380624730587	0.964770626640693	0.986503712231861	1	0.913157550531886	0.985758723819555	0.996291872718248	1	0.999908512596453	0.99999311638232
ENSFCAG00000027163:FGF19	0	0	0	0	0	0	0	0	0	0.872967038251598	0.970633918674831	0.986630029881044	1	0.913157550531886	0.985758723819555	0.996291872718248	1	0.999910220937856	0.99999311638232
ENSFCAG00000040323:BCL7A	0	0	0	0	0	0	0	0	0	0.877992760546419	0.960655713712733	0.987084063339027	1	0.913157550531886	0.985758723819555	0.996291872718248	1	0.999916227843692	0.99999311638232
ENSFCAG00000030239:TMEM127	0	0	0	0	0	0	0	0	0	0.875952521797963	0.973296932670629	0.987336685782095	1	0.913157550531886	0.985758723819555	0.996291872718248	1	0.999919479629978	0.99999311638232
ENSFCAG00000036364:BCL10	0	0	0	0	0	0	0	0	0	0.87898218788578	0.961895036273264	0.987347968849068	1	0.913157550531886	0.985758723819555	0.996291872718248	1	0.999919623358914	0.99999311638232
ENSFCAG00000043691:RYBP	0	0	0	0	0	0	0	0	0	0.876750494253781	0.970660906351441	0.98737754934597	1	0.913157550531886	0.985758723819555	0.996291872718248	1	0.999919999556871	0.99999311638232
ENSFCAG00000044777:ARFRP1	0	0	0	0	0	0	0	0	0	0.878991799036936	0.965222625894356	0.987538148335154	1	0.913157550531886	0.985758723819555	0.996291872718248	1	0.999922026552025	0.99999311638232
ENSFCAG00000040792:BBC3	0	0	0	0	0	0	0	0	0	0.877938209808199	0.969535808995787	0.987554898712174	1	0.913157550531886	0.985758723819555	0.996291872718248	1	0.999922236462237	0.99999311638232
ENSFCAG00000000062:MAD2L2	0	0	0	0	0	0	0	0	0	0.881253801717077	0.958993541403319	0.987598515318998	1	0.913157550531886	0.985758723819555	0.996291872718248	1	0.99992278171812	0.99999311638232
ENSFCAG00000011361:RAC1	0	0	0	0	0	0	0	0	0	0.882649781927283	0.956487452227127	0.987693348592221	1	0.913157550531886	0.985758723819555	0.996291872718248	1	0.999923960591897	0.99999311638232
ENSFCAG00000037118:DUSP22	0	0	0	0	0	0	0	0	0	0.881103375030171	0.966131088042798	0.987985594148185	1	0.913157550531886	0.985758723819555	0.996291872718248	1	0.999927536238617	0.99999311638232
ENSFCAG00000002990:HRAS	0	0	0	0	0	0	0	0	0	0.880612260715141	0.969370274477704	0.988055713706128	1	0.913157550531886	0.985758723819555	0.996291872718248	1	0.999928381296872	0.99999311638232
ENSFCAG00000045823:CBFB	0	0	0	0	0	0	0	0	0	0.883561404358258	0.95957032506964	0.98806226440421	1	0.913157550531886	0.985758723819555	0.996291872718248	1	0.999928459989605	0.99999311638232
ENSFCAG00000028989:CD70	0	0	0	0	0	0	0	0	0	0.880205615788906	0.973730966980404	0.988171804319529	1	0.913157550531886	0.985758723819555	0.996291872718248	1	0.999929769444314	0.99999311638232
ENSFCAG00000029945:PAFAH1B2	0	0	0	0	0	0	0	0	0	0.882195344729995	0.966025256012569	0.988183583832263	1	0.913157550531886	0.985758723819555	0.996291872718248	1	0.999929909535057	0.99999311638232
ENSFCAG00000036606:FGF10	0	0	0	0	0	0	0	0	0	0.882991909349535	0.968726439416029	0.988467859665898	1	0.913157550531886	0.985758723819555	0.996291872718248	1	0.999933247775121	0.99999311638232
ENSFCAG00000043152:RMI2	0	0	0	0	0	0	0	0	0	0.880791613305836	0.981367816363789	0.988548498691713	1	0.913157550531886	0.985758723819555	0.996291872718248	1	0.999934179830201	0.99999311638232
ENSFCAG00000043547:CDKN1B	0	0	0	0	0	0	0	0	0	0.882832066584082	0.97121821392265	0.988554665907654	1	0.913157550531886	0.985758723819555	0.996291872718248	1	0.999934250842333	0.99999311638232
ENSFCAG00000000142:FGF6	0	0	0	0	0	0	0	0	0	0.883866500782767	0.970988740829619	0.988734458890354	1	0.913157550531886	0.985758723819555	0.996291872718248	1	0.999936304150875	0.99999311638232
ENSFCAG00000036350:BCL2L11	0	0	0	0	0	0	0	0	0	0.886513949561358	0.965147797533577	0.98892316919173	1	0.913157550531886	0.985758723819555	0.996291872718248	1	0.999938424132554	0.99999311638232
ENSFCAG00000000258:BAX	0	0	0	0	0	0	0	0	0	0.888342160184679	0.962585947923192	0.989103189838602	1	0.913157550531886	0.985758723819555	0.996291872718248	1	0.999940412932744	0.99999311638232
ENSFCAG00000024009:IGF1	0	0	0	0	0	0	0	0	0	0.887064435411551	0.969191716008494	0.989227809118248	1	0.913157550531886	0.985758723819555	0.996291872718248	1	0.999941770488045	0.99999311638232
ENSFCAG00000040747:BCL2L2	0	0	0	0	0	0	0	0	0	0.885382499997568	0.976575195803861	0.989237719440231	1	0.913157550531886	0.985758723819555	0.996291872718248	1	0.999941877773444	0.99999311638232
ENSFCAG00000022046:SDC4	0	0	0	0	0	0	0	0	0	0.887308511724761	0.96992800844804	0.989306036679961	1	0.913157550531886	0.985758723819555	0.996291872718248	1	0.999942614648886	0.99999311638232
ENSFCAG00000012394:RHOH	0	0	0	0	0	0	0	0	0	0.886682604421334	0.973754105995658	0.989362199999054	1	0.913157550531886	0.985758723819555	0.996291872718248	1	0.999943216897706	0.99999311638232
ENSFCAG00000012862:RHEB	0	0	0	0	0	0	0	0	0	0.891176505621071	0.958866749188633	0.98936763657213	1	0.913157550531886	0.985758723819555	0.996291872718248	1	0.999943275025754	0.99999311638232
ENSFCAG00000046660:TNFRSF17	0	0	0	0	0	0	0	0	0	0.888426648245615	0.973710933939522	0.989669343819223	1	0.913157550531886	0.985758723819555	0.996291872718248	1	0.999946454064205	0.99999311638232
ENSFCAG00000042197:CNBP	0	0	0	0	0	0	0	0	0	0.890789831394341	0.965687834286265	0.989701841886641	1	0.913157550531886	0.985758723819555	0.996291872718248	1	0.99994679100317	0.99999311638232
ENSFCAG00000000499:SDHC	0	0	0	0	0	0	0	0	0	0.891064905456934	0.965974205162143	0.989764306026202	1	0.913157550531886	0.985758723819555	0.996291872718248	1	0.999947435632756	0.99999311638232
ENSFCAG00000037994:NRAS	0	0	0	0	0	0	0	0	0	0.892125067452286	0.966739253750925	0.989985299195954	1	0.913157550531886	0.985758723819555	0.996291872718248	1	0.9999496846378	0.99999311638232
ENSFCAG00000001199:PTP4A1	0	0	0	0	0	0	0	0	0	0.891763565059443	0.968546372582417	0.99001483303007	1	0.913157550531886	0.985758723819555	0.996291872718248	1	0.99994998146078	0.99999311638232
ENSFCAG00000027886:CDKN1A	0	0	0	0	0	0	0	0	0	0.890750830478213	0.974569357410721	0.990108059218318	1	0.913157550531886	0.985758723819555	0.996291872718248	1	0.999950912629246	0.99999311638232
ENSFCAG00000045270:CHIC2	0	0	0	0	0	0	0	0	0	0.895858281463118	0.961772790648223	0.990331679764611	1	0.913157550531886	0.985758723819555	0.996291872718248	1	0.999953110432854	0.99999311638232
ENSFCAG00000027456:RHOA	0	0	0	0	0	0	0	0	0	0.8921102760837	0.976436687992896	0.990411709472973	1	0.913157550531886	0.985758723819555	0.996291872718248	1	0.999953884716879	0.99999311638232
ENSFCAG00000024623:LMO1	0	0	0	0	0	0	0	0	0	0.894358345043139	0.970226247304469	0.99053176862058	1	0.913157550531886	0.985758723819555	0.996291872718248	1	0.99995503415666	0.99999311638232
ENSFCAG00000013515:IL10	0	0	0	0	0	0	0	0	0	0.896579068067821	0.964832347175532	0.990624323767015	1	0.913157550531886	0.985758723819555	0.996291872718248	1	0.999955910341205	0.99999311638232
ENSFCAG00000043871:BTG1	0	0	0	0	0	0	0	0	0	0.893771505769841	0.976403020371806	0.990690560545526	1	0.913157550531886	0.985758723819555	0.996291872718248	1	0.999956532070969	0.99999311638232
ENSFCAG00000019293:CENPA	0	0	0	0	0	0	0	0	0	0.897904362048614	0.969166764912818	0.991061534047095	1	0.913157550531886	0.985758723819555	0.996291872718248	1	0.999959932353513	0.99999311638232
ENSFCAG00000043254:BTG2	0	0	0	0	0	0	0	0	0	0.897703493159744	0.975546628132059	0.99130402635787	1	0.913157550531886	0.985758723819555	0.996291872718248	1	0.999962079943982	0.99999311638232
ENSFCAG00000033306:CDKN2C	0	0	0	0	0	0	0	0	0	0.896629309395466	0.981262549734222	0.991322401111495	1	0.913157550531886	0.985758723819555	0.996291872718248	1	0.999962240258863	0.99999311638232
ENSFCAG00000002084:DDIT3	0	0	0	0	0	0	0	0	0	0.899476226022727	0.973630993748497	0.991511175677472	1	0.913509889944953	0.985758723819555	0.996291872718248	1	0.999963867544896	0.99999311638232
ENSFCAG00000013688:IL2	0	0	0	0	0	0	0	0	0	0.900285359244191	0.971870940197017	0.991563931162839	1	0.913509889944953	0.985758723819555	0.996291872718248	1	0.999964315885094	0.99999311638232
ENSFCAG00000045832:ID3	0	0	0	0	0	0	0	0	0	0.901538952676781	0.978704417756887	0.992022714393419	1	0.913673326879831	0.985758723819555	0.996291872718248	1	0.999968096509544	0.99999311638232
ENSFCAG00000037105:RPL22	0	0	0	0	0	0	0	0	0	0.90248133735235	0.975314577020602	0.992046562928622	1	0.913673326879831	0.985758723819555	0.996291872718248	1	0.999968287232345	0.99999311638232
ENSFCAG00000008354:SH2D1A	0	0	0	0	0	0	0	0	0	0.906539104871961	0.971868792413879	0.992514394028091	1	0.915272149525953	0.985758723819555	0.996291872718248	1	0.999971912680338	0.99999311638232
ENSFCAG00000029629:MTCP1	0	0	0	0	0	0	0	0	0	0.91017597942837	0.970398766491674	0.992972511864804	1	0.915272149525953	0.985758723819555	0.996291872718248	1	0.999975249158375	0.99999311638232
ENSFCAG00000022679:YPEL5	0	0	0	0	0	0	0	0	0	0.907928972446649	0.979557989457067	0.993008681437718	1	0.915272149525953	0.985758723819555	0.996291872718248	1	0.999975503578214	0.99999311638232
ENSFCAG00000023293:MLLT3	0	0	0	0	0	0	0	0	0	0.909937108059777	0.972940255292885	0.993051117187788	1	0.915272149525953	0.985758723819555	0.996291872718248	1	0.999975800395296	0.99999311638232
ENSFCAG00000012230:B2M	0	0	0	0	0	0	0	0	0	0.90944654066771	0.9757642675812	0.993094476304806	1	0.915272149525953	0.985758723819555	0.996291872718248	1	0.999976101797864	0.99999311638232
ENSFCAG00000018336:TCL1B	0	0	0	0	0	0	0	0	0	0.909968362987364	0.975812324151512	0.993170427756272	1	0.915272149525953	0.985758723819555	0.996291872718248	1	0.999976625197418	0.99999311638232
ENSFCAG00000044104:HMGA1	0	0	0	0	0	0	0	0	0	0.913873275476451	0.976902324056251	0.993751793614359	1	0.917962193934959	0.985758723819555	0.996291872718248	1	0.99998043917591	0.99999311638232
ENSFCAG00000032943:CHCHD7	0	0	0	0	0	0	0	0	0	0.917229568620712	0.969549470181236	0.993890029001764	1	0.920304081141228	0.985758723819555	0.996291872718248	1	0.999981295994654	0.99999311638232
ENSFCAG00000032392:CKS1B	0	0	0	0	0	0	0	0	0	0.923548615046303	0.978316155200531	0.995038362147102	1	0.925610107490603	0.985758723819555	0.996291872718248	1	0.999987670666778	0.99999311638232
ENSFCAG00000027874:MLLT11	0	0	0	0	0	0	0	0	0	0.927146320600356	0.992152033248052	0.995780301064355	1	0.928179928538595	0.992152033248052	0.996291872718248	1	0.999991084521398	0.99999311638232
ENSFCAG00000042068:PMAIP1	0	0	0	0	0	0	0	0	0	0.933128925594178	0.984257230660385	0.996291872718248	1	0.933128925594178	0.986454233407394	0.996291872718248	1	0.99999311638232	0.99999311638232
