gene_name	n_syn	n_mis	n_non	n_spl	n_ind	wmis_cv	wnon_cv	wspl_cv	wind_cv	pmis_cv	ptrunc_cv	pallsubs_cv	pind_cv	qmis_cv	qtrunc_cv	qallsubs_cv	qind_cv	pglobal_cv	qglobal_cv
ENSFCAG00000009623:TP53	0	7	0	0	3	247.953703550516	0	0	317.955821635013	2.5943350023816e-08	0.936338419101042	1.66057560035959e-07	0.000150078544945116	2.32971283213868e-05	0.983397081139809	0.000149119688912291	0.134770533360714	6.33391450399756e-10	5.68785522458981e-07
ENSFCAG00000012379:SPRED1	0	1	0	0	1	37.7546617834396	0	0	123.888191763192	0.021140270044692	0.940315100421455	0.0699203319960731	0.0072006932110019	0.906875828115128	0.983397081139809	0.995829648613042	1	0.00432685125427001	0.999991291971044
ENSFCAG00000029629:MTCP1	0	0	1	0	0	0	1998.05920234786	1998.05920234786	0	0.902299571152853	0.000279820064919445	0.00134957343745212	1	0.909388344439127	0.251278418297662	0.605958473416003	1	0.0102675097831075	0.999991291971044
ENSFCAG00000003659:DNMT3A	0	1	0	0	1	15.7846385487641	0	0	52.1387271496276	0.0562452371987835	0.90792404935946	0.160561492826896	0.0150299111294868	0.906875828115128	0.983397081139809	0.995829648613042	1	0.0169572281257143	0.999991291971044
ENSFCAG00000019287:SETD2	0	1	0	0	2	6.73568017580545	0	0	42.9066748384221	0.146170756912895	0.8729756330313	0.343467528460643	0.00986503824927733	0.906875828115128	0.983397081139809	0.995829648613042	1	0.0226591242496311	0.999991291971044
ENSFCAG00000029143:MAPKAP1	0	2	0	0	0	59.9550145464173	0	0	0	0.00147376984309588	0.929838302510163	0.0062154343840658	1	0.661722659550052	0.983397081139809	0.995829648613042	1	0.0377943140770751	0.999991291971044
ENSFCAG00000006788:ACTB	0	0	0	0	1	0	0	0	141.041941391941	0.83237997598836	0.962082635724261	0.976746690699648	0.00640658969476688	0.906875828115128	0.983397081139809	0.995829648613042	1	0.0380084805927415	0.999991291971044
ENSFCAG00000007234:PTPRS	0	1	0	0	1	8.41439428991382	0	0	28.2373496626577	0.114021702345557	0.884375919753279	0.283835078572259	0.0238267866538398	0.906875828115128	0.983397081139809	0.995829648613042	1	0.0405522902430062	0.999991291971044
ENSFCAG00000009445:KDM6A	3	0	0	0	1	0	0	0	37.8310571821576	0.176244933965087	0.612832620675475	0.36837123136177	0.0192654010495192	0.906875828115128	0.983397081139809	0.995829648613042	1	0.0422126528034326	0.999991291971044
ENSFCAG00000024456:MDM2	0	0	0	0	1	0	0	0	77.1477659787618	0.766999975784146	0.925485599704446	0.952875709058411	0.0108865625639889	0.906875828115128	0.983397081139809	0.995829648613042	1	0.0577650304763676	0.999991291971044
ENSFCAG00000011119:LATS2	0	0	0	0	1	0	0	0	50.1882820646507	0.717692848710761	0.940000645868085	0.934083230797069	0.0154922005836525	0.906875828115128	0.983397081139809	0.995829648613042	1	0.0757645127349218	0.999991291971044
ENSFCAG00000004564:COL1A1	0	0	0	0	1	0	0	0	37.6240472933359	0.701740755578654	0.884731732626227	0.919576237418755	0.0193447812038939	0.906875828115128	0.983397081139809	0.995829648613042	1	0.0894639983865014	0.999991291971044
ENSFCAG00000004831:ARHGAP35	0	0	0	0	1	0	0	0	36.6464737793852	0.672509930574355	0.924366544020049	0.910422584120995	0.019728926568649	0.906875828115128	0.983397081139809	0.995829648613042	1	0.0901588372745002	0.999991291971044
ENSFCAG00000024529:RB1	0	0	0	1	0	0	119.897046885498	119.897046885498	0	0.735037654402868	0.00586946475113614	0.0212320799895243	1	0.906875828115128	0.983397081139809	0.995829648613042	1	0.103023190994319	0.999991291971044
ENSFCAG00000015191:PER1	0	2	0	0	0	27.2599328203199	0	0	0	0.00580679005290063	0.911104091656737	0.0216162641726881	1	0.906875828115128	0.983397081139809	0.995829648613042	1	0.104499706417076	0.999991291971044
ENSFCAG00000003535:DICER1	0	0	0	1	0	0	105.176431160792	105.176431160792	0	0.62963171322478	0.00678019573598287	0.0227901392392912	1	0.906875828115128	0.983397081139809	0.995829648613042	1	0.108969394523848	0.999991291971044
ENSFCAG00000027260:CLTC	0	0	0	1	0	0	106.402969374783	106.402969374783	0	0.647997707029329	0.00669411355597349	0.0228033312009411	1	0.906875828115128	0.983397081139809	0.995829648613042	1	0.109019275150801	0.999991291971044
ENSFCAG00000043897:RANBP2	0	1	0	1	0	5.48180473213348	65.4578506887337	65.4578506887337	0	0.183665477759709	0.0114547561147822	0.0269868189291228	1	0.906875828115128	0.983397081139809	0.995829648613042	1	0.124474184979854	0.999991291971044
ENSFCAG00000036350:BCL2L11	0	1	0	0	0	89.2637819999783	0	0	0	0.00812552650947607	0.966804565857835	0.0300869264236041	1	0.906875828115128	0.983397081139809	0.995829648613042	1	0.135501423641516	0.999991291971044
ENSFCAG00000000142:FGF6	0	1	0	0	0	82.2485213497293	0	0	0	0.00889490608795473	0.967576834065177	0.0326232583373399	1	0.906875828115128	0.983397081139809	0.995829648613042	1	0.144283856790998	0.999991291971044
ENSFCAG00000003944:PTPN1	0	1	0	0	0	41.9009064550643	0	0	0	0.018818036725101	0.936718594441906	0.0631447820952344	1	0.906875828115128	0.983397081139809	0.995829648613042	1	0.237571196132707	0.999991291971044
ENSFCAG00000043446:GNA12	0	1	0	0	0	40.5512361120741	0	0	0	0.0195185157059059	0.965551816106109	0.0653394677778408	1	0.906875828115128	0.983397081139809	0.995829648613042	1	0.243595926044838	0.999991291971044
ENSFCAG00000005490:FH	0	1	0	0	0	34.1004313936493	0	0	0	0.023688850833129	0.944228857945809	0.0772211355668621	1	0.906875828115128	0.983397081139809	0.995829648613042	1	0.274990802268931	0.999991291971044
ENSFCAG00000000648:CREB3L2	0	1	0	0	0	33.9001654685703	0	0	0	0.0238454773966301	0.938189906047827	0.0776204078470483	1	0.906875828115128	0.983397081139809	0.995829648613042	1	0.276012340906569	0.999991291971044
ENSFCAG00000000348:CDC73	0	1	0	0	0	31.8802558837567	0	0	0	0.0255427506059011	0.921344096177907	0.0822304895037042	1	0.906875828115128	0.983397081139809	0.995829648613042	1	0.287661093522214	0.999991291971044
ENSFCAG00000009182:LCP1	0	1	0	0	0	26.8022043291835	0	0	0	0.0310248156596262	0.929651490675737	0.0973257701717101	1	0.906875828115128	0.983397081139809	0.995829648613042	1	0.3240647869579	0.999991291971044
ENSFCAG00000001108:SETD3	0	1	0	0	0	26.6431328575193	0	0	0	0.0312326524151816	0.930398172198751	0.0978931169093256	1	0.906875828115128	0.983397081139809	0.995829648613042	1	0.325384879384565	0.999991291971044
ENSFCAG00000000790:TP63	0	1	0	0	0	25.7551724032469	0	0	0	0.0324431611871862	0.925880229379812	0.101085371080136	1	0.906875828115128	0.983397081139809	0.995829648613042	1	0.332751799612088	0.999991291971044
ENSFCAG00000014348:TEC	0	1	0	0	0	25.2303603295109	0	0	0	0.0332013627780476	0.920594509837656	0.103038624074227	1	0.906875828115128	0.983397081139809	0.995829648613042	1	0.337209494242746	0.999991291971044
ENSFCAG00000014214:SYK	0	1	0	0	0	25.0059580320633	0	0	0	0.0335359167697371	0.936664985694134	0.104114741029672	1	0.906875828115128	0.983397081139809	0.995829648613042	1	0.339649532990479	0.999991291971044
ENSFCAG00000014042:CNOT3	0	1	0	0	0	24.8651139169284	0	0	0	0.0337491842591923	0.930856971981455	0.104617232886869	1	0.906875828115128	0.983397081139809	0.995829648613042	1	0.340785090428954	0.999991291971044
ENSFCAG00000045924:FBXO31	0	1	0	0	0	24.6669905874966	0	0	0	0.0340535787261855	0.94220019155476	0.105543254268529	1	0.906875828115128	0.983397081139809	0.995829648613042	1	0.342871448301413	0.999991291971044
ENSFCAG00000013487:GPHN	0	1	0	0	0	21.4377942653306	0	0	0	0.0398653983166878	0.908497881093136	0.120223004609916	1	0.906875828115128	0.983397081139809	0.995829648613042	1	0.374904245802327	0.999991291971044
ENSFCAG00000030357:NBN	0	1	0	0	0	21.1395026423201	0	0	0	0.0404980309237216	0.919772707225451	0.122026076097783	1	0.906875828115128	0.983397081139809	0.995829648613042	1	0.37871043097143	0.999991291971044
ENSFCAG00000002273:KSR2	0	1	0	0	0	18.1817170631633	0	0	0	0.0479757927721366	0.914138929986049	0.140685362621418	1	0.906875828115128	0.983397081139809	0.995829648613042	1	0.416601625305966	0.999991291971044
ENSFCAG00000026219:ETAA1	0	1	0	0	0	17.8977513034206	0	0	0	0.0488326684401398	0.92831959711635	0.143045237349143	1	0.906875828115128	0.983397081139809	0.995829648613042	1	0.421210198214794	0.999991291971044
ENSFCAG00000013999:HDAC7	0	1	0	0	0	17.4755030161356	0	0	0	0.0501616810946912	0.909415992233654	0.145949379815027	1	0.906875828115128	0.983397081139809	0.995829648613042	1	0.426828294424661	0.999991291971044
ENSFCAG00000013185:SETD1B	0	1	0	0	0	17.4521643436734	0	0	0	0.0502371354471419	0.926231668804943	0.146453203426042	1	0.906875828115128	0.983397081139809	0.995829648613042	1	0.427797032050488	0.999991291971044
ENSFCAG00000004539:FLT3	0	1	0	0	0	16.1407981375491	0	0	0	0.0548509975499292	0.910562912451631	0.157297908064217	1	0.906875828115128	0.983397081139809	0.995829648613042	1	0.44823828450147	0.999991291971044
ENSFCAG00000025193:USP8	0	1	0	0	0	15.8271687329118	0	0	0	0.056075237945881	0.904698424743585	0.16008058662296	1	0.906875828115128	0.983397081139809	0.995829648613042	1	0.453360695460212	0.999991291971044
ENSFCAG00000011321:INPP5D	0	1	0	0	0	15.3084935381537	0	0	0	0.0582170897484413	0.9089893674869	0.165255123314036	1	0.906875828115128	0.983397081139809	0.995829648613042	1	0.462758104392692	0.999991291971044
ENSFCAG00000005323:INPPL1	0	1	0	0	0	13.8897791995734	0	0	0	0.0649480260963352	0.904619631609044	0.180806481057637	1	0.906875828115128	0.983397081139809	0.995829648613042	1	0.490044865499559	0.999991291971044
ENSFCAG00000003030:INSR	0	1	0	0	0	11.8580062722042	0	0	0	0.0775902436584849	0.905488315616858	0.209217053595475	1	0.906875828115128	0.983397081139809	0.995829648613042	1	0.536512662239201	0.999991291971044
ENSFCAG00000024512:ZNF521	0	1	0	0	0	10.8218884901055	0	0	0	0.0859864501307497	0.918325057657369	0.227812188735867	1	0.906875828115128	0.983397081139809	0.995829648613042	1	0.564799660846562	0.999991291971044
ENSFCAG00000022076:NIN	0	1	0	0	0	7.92871961082648	0	0	0	0.121861557541356	0.865395370659895	0.297904539931333	1	0.906875828115128	0.983397081139809	0.995829648613042	1	0.658661629008952	0.999991291971044
ENSFCAG00000006065:NF1	0	1	0	0	0	5.78948105313936	0	0	0	0.172909054737456	0.852390264328121	0.388259774830482	1	0.906875828115128	0.983397081139809	0.995829648613042	1	0.755584831333066	0.999991291971044
ENSFCAG00000025616:FAT1	0	1	0	0	0	3.62425143966625	0	0	0	0.288387568176417	0.872613465962318	0.56190570508541	1	0.906875828115128	0.983397081139809	0.995829648613042	1	0.885800081468771	0.999991291971044
ENSFCAG00000000945:RNF213	0	0	0	0	0	0	0	0	0	0.433849754463575	0.828908887391499	0.719213080790046	1	0.906875828115128	0.983397081139809	0.995829648613042	1	0.956263991873209	0.999991291971044
ENSFCAG00000029544:FAT4	0	0	0	0	0	0	0	0	0	0.439406359960716	0.880131172120999	0.733236609714203	1	0.906875828115128	0.983397081139809	0.995829648613042	1	0.96075027506999	0.999991291971044
ENSFCAG00000002901:PCLO	1	0	0	0	0	0	0	0	0	0.446810569451158	0.842562892075221	0.734115286361809	1	0.906875828115128	0.983397081139809	0.995829648613042	1	0.961022390591639	0.999991291971044
ENSFCAG00000026584:LRP1B	0	0	0	0	0	0	0	0	0	0.459307334587835	0.798788940281291	0.736179124438679	1	0.906875828115128	0.983397081139809	0.995829648613042	1	0.961657402298181	0.999991291971044
ENSFCAG00000008632:KMT2C	0	0	0	0	0	0	0	0	0	0.455177245513401	0.823923206699444	0.738143236884128	1	0.906875828115128	0.983397081139809	0.995829648613042	1	0.962256356440381	0.999991291971044
ENSFCAG00000000093:KMT2D	0	0	0	0	0	0	0	0	0	0.460571348814134	0.830175983277791	0.744343353995157	1	0.906875828115128	0.983397081139809	0.995829648613042	1	0.964112853097756	0.999991291971044
ENSFCAG00000011374:PRKDC	0	0	0	0	0	0	0	0	0	0.482407193212726	0.82004823136958	0.761410584916439	1	0.906875828115128	0.983397081139809	0.995829648613042	1	0.968957810971601	0.999991291971044
ENSFCAG00000015061:TRRAP	0	0	0	0	0	0	0	0	0	0.498411031626769	0.836513961325651	0.778450257473342	1	0.906875828115128	0.983397081139809	0.995829648613042	1	0.97341326854496	0.999991291971044
ENSFCAG00000010626:SMG1	0	0	0	0	0	0	0	0	0	0.506149572738414	0.834958713932389	0.784496193360968	1	0.906875828115128	0.983397081139809	0.995829648613042	1	0.974904056578027	0.999991291971044
ENSFCAG00000000639:RELN	0	0	0	0	0	0	0	0	0	0.522469086674113	0.835830291255776	0.797733737779112	1	0.906875828115128	0.983397081139809	0.995829648613042	1	0.978005926250513	0.999991291971044
ENSFCAG00000025587:BRCA2	0	0	0	0	0	0	0	0	0	0.52471220607897	0.859810416564299	0.804200079788498	1	0.906875828115128	0.983397081139809	0.995829648613042	1	0.979441055596641	0.999991291971044
ENSFCAG00000010165:SPEN	0	0	0	0	0	0	0	0	0	0.522579062680188	0.876404331459965	0.805336747283387	1	0.906875828115128	0.983397081139809	0.995829648613042	1	0.979687940698508	0.999991291971044
ENSFCAG00000023839:ZFHX3	0	0	0	0	0	0	0	0	0	0.523288217766735	0.885421605051607	0.807278782569736	1	0.906875828115128	0.983397081139809	0.995829648613042	1	0.980106041492264	0.999991291971044
ENSFCAG00000012430:ATM	0	0	0	0	0	0	0	0	0	0.544262073495926	0.843840165956684	0.816074186183187	1	0.906875828115128	0.983397081139809	0.995829648613042	1	0.981941275713556	0.999991291971044
ENSFCAG00000007347:MGA	1	0	0	0	0	0	0	0	0	0.551312524815289	0.871590203446334	0.826505168476365	1	0.906875828115128	0.983397081139809	0.995829648613042	1	0.983994991327177	0.999991291971044
ENSFCAG00000011214:UBR5	0	0	0	0	0	0	0	0	0	0.566384627332726	0.843856618690185	0.832117297801508	1	0.906875828115128	0.983397081139809	0.995829648613042	1	0.98504536682635	0.999991291971044
ENSFCAG00000018078:ATR	0	0	0	0	0	0	0	0	0	0.568932877130631	0.857241559913975	0.836594960429053	1	0.906875828115128	0.983397081139809	0.995829648613042	1	0.98585625430918	0.999991291971044
ENSFCAG00000000787:APC	0	0	0	0	0	0	0	0	0	0.567509570854782	0.871003018366104	0.838099847426249	1	0.906875828115128	0.983397081139809	0.995829648613042	1	0.986123396387283	0.999991291971044
ENSFCAG00000024379:MGAM	0	0	0	0	0	0	0	0	0	0.574912637076561	0.848665104521908	0.839060635095963	1	0.906875828115128	0.983397081139809	0.995829648613042	1	0.98629253831101	0.999991291971044
ENSFCAG00000043012:ANKRD11	0	0	0	0	0	0	0	0	0	0.56773384326602	0.898360007280317	0.842482488511534	1	0.906875828115128	0.983397081139809	0.995829648613042	1	0.986886010787414	0.999991291971044
ENSFCAG00000023397:POLQ	0	0	0	0	0	0	0	0	0	0.573714689784675	0.871545023914645	0.842546761561589	1	0.906875828115128	0.983397081139809	0.995829648613042	1	0.98689702489095	0.999991291971044
ENSFCAG00000030516:TPR	0	0	0	0	0	0	0	0	0	0.583350770805627	0.845151469678852	0.844089191941769	1	0.906875828115128	0.983397081139809	0.995829648613042	1	0.987159872510973	0.999991291971044
ENSFCAG00000001819:LRRK2	0	0	0	0	0	0	0	0	0	0.58286451041163	0.857519540843148	0.846259482502535	1	0.906875828115128	0.983397081139809	0.995829648613042	1	0.987524942797129	0.999991291971044
ENSFCAG00000001531:NSD1	0	0	0	0	0	0	0	0	0	0.581746950269601	0.876945004690336	0.848998666611624	1	0.906875828115128	0.983397081139809	0.995829648613042	1	0.987977764405986	0.999991291971044
ENSFCAG00000000053:MTOR	0	0	0	0	0	0	0	0	0	0.585343840615306	0.867655092244856	0.849827887801188	1	0.906875828115128	0.983397081139809	0.995829648613042	1	0.988113101156564	0.999991291971044
ENSFCAG00000023517:NOTCH1	0	0	0	0	0	0	0	0	0	0.582678541954533	0.893031226952154	0.852141054691711	1	0.906875828115128	0.983397081139809	0.995829648613042	1	0.988486357712498	0.999991291971044
ENSFCAG00000030040:ATRX	0	0	0	0	0	0	0	0	0	0.590326635565005	0.864116078447394	0.852517829465764	1	0.906875828115128	0.983397081139809	0.995829648613042	1	0.988546559601963	0.999991291971044
ENSFCAG00000018332:PTPN13	0	0	0	0	0	0	0	0	0	0.592306100953585	0.859549383256595	0.85296745689513	1	0.906875828115128	0.983397081139809	0.995829648613042	1	0.988618184125807	0.999991291971044
ENSFCAG00000009998:NCOR1	0	0	0	0	0	0	0	0	0	0.595815019700318	0.853270953914689	0.854037908456076	1	0.906875828115128	0.983397081139809	0.995829648613042	1	0.988787750781355	0.999991291971044
ENSFCAG00000053177:CNTRL	0	0	0	0	0	0	0	0	0	0.601130015945861	0.852288660899305	0.857287011824051	1	0.906875828115128	0.983397081139809	0.995829648613042	1	0.989294220701293	0.999991291971044
ENSFCAG00000009649:NOTCH2	0	0	0	0	0	0	0	0	0	0.596997478850464	0.878892103659551	0.859518437204734	1	0.906875828115128	0.983397081139809	0.995829648613042	1	0.989634919627032	0.999991291971044
ENSFCAG00000006448:ROS1	0	0	0	0	0	0	0	0	0	0.602159601056877	0.863304510702622	0.860108603495576	1	0.906875828115128	0.983397081139809	0.995829648613042	1	0.989724058207674	0.999991291971044
ENSFCAG00000006262:CREBBP	0	0	0	0	0	0	0	0	0	0.596991693544752	0.883109065053318	0.860202633596276	1	0.906875828115128	0.983397081139809	0.995829648613042	1	0.989738223085854	0.999991291971044
ENSFCAG00000031193:NCOR2	0	0	0	0	0	0	0	0	0	0.599532912828212	0.88124028856163	0.861560307123574	1	0.906875828115128	0.983397081139809	0.995829648613042	1	0.98994160061535	0.999991291971044
ENSFCAG00000005002:EP300	0	0	0	0	0	0	0	0	0	0.601072563195422	0.875730949544411	0.861639347443928	1	0.906875828115128	0.983397081139809	0.995829648613042	1	0.989953374805608	0.999991291971044
ENSFCAG00000000914:NOTCH3	0	0	0	0	0	0	0	0	0	0.59781750812063	0.895280559116501	0.862592646422393	1	0.906875828115128	0.983397081139809	0.995829648613042	1	0.990094811486256	0.999991291971044
ENSFCAG00000002498:POLE	0	0	0	0	0	0	0	0	0	0.604872829188542	0.870814360716231	0.863226857739352	1	0.906875828115128	0.983397081139809	0.995829648613042	1	0.990188322894715	0.999991291971044
ENSFCAG00000005621:CACNA1D	0	0	0	0	0	0	0	0	0	0.606504831166991	0.867572696068083	0.863682943284141	1	0.906875828115128	0.983397081139809	0.995829648613042	1	0.990255282465985	0.999991291971044
ENSFCAG00000000496:PCM1	0	0	0	0	0	0	0	0	0	0.610466302047973	0.861643338185067	0.865078130368759	1	0.906875828115128	0.983397081139809	0.995829648613042	1	0.9904586202121	0.999991291971044
ENSFCAG00000014803:MED12	0	0	0	0	0	0	0	0	0	0.608570680572514	0.871629019940652	0.865726379449024	1	0.906875828115128	0.983397081139809	0.995829648613042	1	0.990552331662438	0.999991291971044
ENSFCAG00000009906:PTPRB	0	0	0	0	0	0	0	0	0	0.610104413849665	0.877301082168589	0.867682149349438	1	0.906875828115128	0.983397081139809	0.995829648613042	1	0.990832119556741	0.999991291971044
ENSFCAG00000025470:KNL1	0	0	0	0	0	0	0	0	0	0.607065435244138	0.892436074931242	0.868161311615944	1	0.906875828115128	0.983397081139809	0.995829648613042	1	0.990899994690252	0.999991291971044
ENSFCAG00000006278:ARID1B	0	0	0	0	0	0	0	0	0	0.607548643070184	0.898800015452502	0.869386869686548	1	0.906875828115128	0.983397081139809	0.995829648613042	1	0.99107239668336	0.999991291971044
ENSFCAG00000015145:CAD	0	0	0	0	0	0	0	0	0	0.613881866453144	0.877102696051798	0.870021272454542	1	0.906875828115128	0.983397081139809	0.995829648613042	1	0.991160960766083	0.999991291971044
ENSFCAG00000012814:ARID1A	1	0	0	0	0	0	0	0	0	0.615273949848314	0.899557316865254	0.874372418118922	1	0.906875828115128	0.983397081139809	0.995829648613042	1	0.991755941547768	0.999991291971044
ENSFCAG00000007047:MYO18A	0	0	0	0	0	0	0	0	0	0.622829218642836	0.878951936772992	0.875856618185581	1	0.906875828115128	0.983397081139809	0.995829648613042	1	0.991953934791226	0.999991291971044
ENSFCAG00000012737:CIC	0	0	0	0	0	0	0	0	0	0.617376488857084	0.901107279447282	0.87589707177831	1	0.906875828115128	0.983397081139809	0.995829648613042	1	0.991959296097211	0.999991291971044
ENSFCAG00000006381:KMT2B	0	0	0	0	0	0	0	0	0	0.623073194095331	0.880258019230771	0.87622496278741	1	0.906875828115128	0.983397081139809	0.995829648613042	1	0.992002682485321	0.999991291971044
ENSFCAG00000012673:TET1	0	0	0	0	0	0	0	0	0	0.621066875753056	0.899844834727854	0.878002797946812	1	0.906875828115128	0.983397081139809	0.995829648613042	1	0.992235789767407	0.999991291971044
ENSFCAG00000005317:NUMA1	0	0	0	0	0	0	0	0	0	0.628509386606795	0.878554740337414	0.879221919044266	1	0.906875828115128	0.983397081139809	0.995829648613042	1	0.992393558132454	0.999991291971044
ENSFCAG00000013232:MYH11	0	0	0	0	0	0	0	0	0	0.630425109935361	0.875437728965607	0.879828333023479	1	0.906875828115128	0.983397081139809	0.995829648613042	1	0.992471405415161	0.999991291971044
ENSFCAG00000001124:MYH9	0	0	0	0	0	0	0	0	0	0.633152230464914	0.87213015144364	0.88085862215028	1	0.906875828115128	0.983397081139809	0.995829648613042	1	0.992602708747374	0.999991291971044
ENSFCAG00000022277:TRIP11	0	0	0	0	0	0	0	0	0	0.631287338940875	0.878544833576001	0.8808784581953	1	0.906875828115128	0.983397081139809	0.995829648613042	1	0.992605224887813	0.999991291971044
ENSFCAG00000005552:KAT6B	0	0	0	0	0	0	0	0	0	0.629643397618387	0.888022433865199	0.88145121234117	1	0.906875828115128	0.983397081139809	0.995829648613042	1	0.992677684351563	0.999991291971044
ENSFCAG00000006877:CHD4	0	0	0	0	0	0	0	0	0	0.638971829679676	0.864673334495872	0.882878589875628	1	0.906875828115128	0.983397081139809	0.995829648613042	1	0.992856643789473	0.999991291971044
ENSFCAG00000029985:KAT6A	0	0	0	0	0	0	0	0	0	0.632760180506908	0.889075456180722	0.883472883106065	1	0.906875828115128	0.983397081139809	0.995829648613042	1	0.992930473488226	0.999991291971044
ENSFCAG00000012577:MYO5A	0	0	0	0	0	0	0	0	0	0.637207772676876	0.874046916793341	0.883582500147011	1	0.906875828115128	0.983397081139809	0.995829648613042	1	0.992944047656372	0.999991291971044
ENSFCAG00000024457:PTPRD	0	0	0	0	0	0	0	0	0	0.636814373014249	0.877244942249829	0.8839138193033	1	0.906875828115128	0.983397081139809	0.995829648613042	1	0.992984993121354	0.999991291971044
ENSFCAG00000022265:TP53BP1	0	0	0	0	0	0	0	0	0	0.639351533802783	0.880055511066204	0.885873724940851	1	0.906875828115128	0.983397081139809	0.995829648613042	1	0.993224665821042	0.999991291971044
ENSFCAG00000013146:BRCA1	0	0	0	0	0	0	0	0	0	0.638097224892704	0.890803396018262	0.88688174693186	1	0.906875828115128	0.983397081139809	0.995829648613042	1	0.993346245505094	0.999991291971044
ENSFCAG00000008083:RICTOR	0	0	0	0	0	0	0	0	0	0.64366210925996	0.87383029182764	0.887275074147793	1	0.906875828115128	0.983397081139809	0.995829648613042	1	0.993393374722994	0.999991291971044
ENSFCAG00000000864:AFDN	0	0	0	0	0	0	0	0	0	0.63938675790444	0.890362175095682	0.887565200180722	1	0.906875828115128	0.983397081139809	0.995829648613042	1	0.993428026434162	0.999991291971044
ENSFCAG00000012831:ARID2	0	0	0	0	0	0	0	0	0	0.641739316117649	0.8861294047356	0.888259864456523	1	0.906875828115128	0.983397081139809	0.995829648613042	1	0.993510609558436	0.999991291971044
ENSFCAG00000003741:NUP98	1	0	0	0	0	0	0	0	0	0.642860908979779	0.885944894683686	0.888876370173217	1	0.906875828115128	0.983397081139809	0.995829648613042	1	0.993583446002963	0.999991291971044
ENSFCAG00000002384:PDCD11	0	0	0	0	0	0	0	0	0	0.644935549401526	0.885756328073599	0.890035505022553	1	0.906875828115128	0.983397081139809	0.995829648613042	1	0.993719233295375	0.999991291971044
ENSFCAG00000012246:DNMT1	0	0	0	0	0	0	0	0	0	0.648363748638794	0.88239777561289	0.891431821727826	1	0.906875828115128	0.983397081139809	0.995829648613042	1	0.993880800985948	0.999991291971044
ENSFCAG00000011746:TSC2	0	0	0	0	0	0	0	0	0	0.647240122606465	0.889995316109167	0.892022833215712	1	0.906875828115128	0.983397081139809	0.995829648613042	1	0.993948527887194	0.999991291971044
ENSFCAG00000051264:WDR90	0	0	0	0	0	0	0	0	0	0.648238323450204	0.890346681834906	0.892643807277055	1	0.906875828115128	0.983397081139809	0.995829648613042	1	0.9940192664945	0.999991291971044
ENSFCAG00000007696:MDC1	0	0	0	0	0	0	0	0	0	0.645790152161011	0.901808353866689	0.892940338259383	1	0.906875828115128	0.983397081139809	0.995829648613042	1	0.994052893573764	0.999991291971044
ENSFCAG00000004858:BCOR	0	0	0	0	0	0	0	0	0	0.645098895378733	0.914185090395446	0.894157007173507	1	0.906875828115128	0.983397081139809	0.995829648613042	1	0.994189835194548	0.999991291971044
ENSFCAG00000002747:CLTCL1	0	0	0	0	0	0	0	0	0	0.652067287318488	0.892856693063405	0.895187031531455	1	0.906875828115128	0.983397081139809	0.995829648613042	1	0.994304474991721	0.999991291971044
ENSFCAG00000008606:DOT1L	0	0	0	0	0	0	0	0	0	0.649125955627621	0.90676742227162	0.895511593436486	1	0.906875828115128	0.983397081139809	0.995829648613042	1	0.994340352502553	0.999991291971044
ENSFCAG00000003208:CHD2	0	0	0	0	0	0	0	0	0	0.658207265825748	0.874797372603734	0.895593986226622	1	0.906875828115128	0.983397081139809	0.995829648613042	1	0.994349441589822	0.999991291971044
ENSFCAG00000014340:KDM5A	0	0	0	0	0	0	0	0	0	0.655544163358342	0.884934664976282	0.895867981223051	1	0.906875828115128	0.983397081139809	0.995829648613042	1	0.994379612591698	0.999991291971044
ENSFCAG00000013540:ARHGEF28	1	0	0	0	0	0	0	0	0	0.658410407342602	0.879604014072507	0.896549383425143	1	0.906875828115128	0.983397081139809	0.995829648613042	1	0.994454282016551	0.999991291971044
ENSFCAG00000008986:PREX2	0	0	0	0	0	0	0	0	0	0.662330776144965	0.87888144560479	0.898558664798227	1	0.906875828115128	0.983397081139809	0.995829648613042	1	0.994671449518031	0.999991291971044
ENSFCAG00000015718:PBRM1	0	0	0	0	0	0	0	0	0	0.659277404465302	0.891620683680664	0.89898960011955	1	0.906875828115128	0.983397081139809	0.995829648613042	1	0.994717440456186	0.999991291971044
ENSFCAG00000034298:CUX1	0	0	0	0	0	0	0	0	0	0.662428968901251	0.895309282948255	0.901269391761976	1	0.906875828115128	0.983397081139809	0.995829648613042	1	0.994957313085764	0.999991291971044
ENSFCAG00000014850:PIK3C2B	0	0	0	0	0	0	0	0	0	0.664743686562644	0.891637042064759	0.901959304669521	1	0.906875828115128	0.983397081139809	0.995829648613042	1	0.995028766280096	0.999991291971044
ENSFCAG00000004894:SMARCA4	0	0	0	0	0	0	0	0	0	0.664449766935826	0.89337934185511	0.902069645601468	1	0.906875828115128	0.983397081139809	0.995829648613042	1	0.995040145156908	0.999991291971044
ENSFCAG00000025265:CAMTA1	0	0	0	0	0	0	0	0	0	0.66380432435357	0.900258605235933	0.902738833018452	1	0.906875828115128	0.983397081139809	0.995829648613042	1	0.995108865835187	0.999991291971044
ENSFCAG00000009679:KDR	0	0	0	0	0	0	0	0	0	0.666366652636504	0.891990562145783	0.902885343528489	1	0.906875828115128	0.983397081139809	0.995829648613042	1	0.995123845193603	0.999991291971044
ENSFCAG00000012280:SLX4	0	0	0	0	0	0	0	0	0	0.662425732593137	0.907820242076547	0.903030771410151	1	0.906875828115128	0.983397081139809	0.995829648613042	1	0.995138690351889	0.999991291971044
ENSFCAG00000026560:ARHGEF12	0	0	0	0	0	0	0	0	0	0.672913669290592	0.874258188802322	0.903365318932413	1	0.906875828115128	0.983397081139809	0.995829648613042	1	0.995172751784703	0.999991291971044
ENSFCAG00000002588:SETD1A	0	0	0	0	0	0	0	0	0	0.667265224457689	0.898086824573238	0.904284796060557	1	0.906875828115128	0.983397081139809	0.995829648613042	1	0.995265728852997	0.999991291971044
ENSFCAG00000000247:PIK3C2G	0	0	0	0	0	0	0	0	0	0.670082573491203	0.888381649822681	0.904292726400116	1	0.906875828115128	0.983397081139809	0.995829648613042	1	0.995266526697049	0.999991291971044
ENSFCAG00000024678:TET3	0	0	0	0	0	0	0	0	0	0.663750664686794	0.915711320345717	0.904746473736273	1	0.906875828115128	0.983397081139809	0.995829648613042	1	0.995312060839074	0.999991291971044
ENSFCAG00000031869:BCORL1	0	0	0	0	0	0	0	0	0	0.665371624348317	0.909188159052322	0.904803857516391	1	0.906875828115128	0.983397081139809	0.995829648613042	1	0.995317803165209	0.999991291971044
ENSFCAG00000014104:MAP3K1	0	0	0	0	0	0	0	0	0	0.669156883095503	0.900791412362779	0.905683631030795	1	0.906875828115128	0.983397081139809	0.995829648613042	1	0.995405385568909	0.999991291971044
ENSFCAG00000001568:SMARCA2	0	0	0	0	0	0	0	0	0	0.672334965131369	0.89030436455981	0.905785894859234	1	0.906875828115128	0.983397081139809	0.995829648613042	1	0.99541551058503	0.999991291971044
ENSFCAG00000011228:FANCD2	0	0	0	0	0	0	0	0	0	0.676131866443938	0.879155249770818	0.905910719443801	1	0.906875828115128	0.983397081139809	0.995829648613042	1	0.995427853666746	0.999991291971044
ENSFCAG00000004770:PTPRT	0	0	0	0	0	0	0	0	0	0.671492808109938	0.895236573451529	0.906104715391738	1	0.906875828115128	0.983397081139809	0.995829648613042	1	0.99544700251339	0.999991291971044
ENSFCAG00000007256:KDM5C	0	0	0	0	0	0	0	0	0	0.672650066878666	0.891484105383727	0.906136762145552	1	0.906875828115128	0.983397081139809	0.995829648613042	1	0.995450161769424	0.999991291971044
ENSFCAG00000027460:CPS1	0	0	0	0	0	0	0	0	0	0.674563143784045	0.888273484739511	0.906627191497812	1	0.906875828115128	0.983397081139809	0.995829648613042	1	0.995498368260724	0.999991291971044
ENSFCAG00000014501:ROBO1	0	0	0	0	0	0	0	0	0	0.676959137175204	0.883386751022752	0.907064558402181	1	0.906875828115128	0.983397081139809	0.995829648613042	1	0.99554113521312	0.999991291971044
ENSFCAG00000009873:PTPRK	0	0	0	0	0	0	0	0	0	0.676850565887676	0.884233280155107	0.907150617774098	1	0.906875828115128	0.983397081139809	0.995829648613042	1	0.995549525504163	0.999991291971044
ENSFCAG00000003795:FANCA	0	0	0	0	0	0	0	0	0	0.678070881510868	0.886326482979655	0.908127314763034	1	0.906875828115128	0.983397081139809	0.995829648613042	1	0.995644175882948	0.999991291971044
ENSFCAG00000018200:PDS5B	0	0	0	0	0	0	0	0	0	0.680848241487567	0.880285420351441	0.908529820206152	1	0.906875828115128	0.983397081139809	0.995829648613042	1	0.995682876425309	0.999991291971044
ENSFCAG00000024759:WRN	0	0	0	0	0	0	0	0	0	0.679941240969442	0.887491775688514	0.909278268644343	1	0.906875828115128	0.983397081139809	0.995829648613042	1	0.995754365061912	0.999991291971044
ENSFCAG00000025791:NCOA1	0	0	0	0	0	0	0	0	0	0.678613943330958	0.896093010454178	0.909943185541169	1	0.906875828115128	0.983397081139809	0.995829648613042	1	0.995817358335015	0.999991291971044
ENSFCAG00000030408:ZMYM2	0	0	0	0	0	0	0	0	0	0.679923981704486	0.891788547663208	0.909955718743123	1	0.906875828115128	0.983397081139809	0.995829648613042	1	0.995818541046009	0.999991291971044
ENSFCAG00000011205:PTCH1	0	0	0	0	0	0	0	0	0	0.67579976568832	0.907605015662668	0.910117811668207	1	0.906875828115128	0.983397081139809	0.995829648613042	1	0.995833821591489	0.999991291971044
ENSFCAG00000009032:PLCG1	0	0	0	0	0	0	0	0	0	0.680746738912006	0.893451409708798	0.910635152448501	1	0.906875828115128	0.983397081139809	0.995829648613042	1	0.995882398370778	0.999991291971044
ENSFCAG00000001908:ASXL1	0	0	0	0	0	0	0	0	0	0.678377180019543	0.907629256373195	0.911457246276406	1	0.906875828115128	0.983397081139809	0.995829648613042	1	0.995958986032744	0.999991291971044
ENSFCAG00000018164:IGF1R	0	0	0	0	0	0	0	0	0	0.67934410039185	0.906968870117115	0.911867123489193	1	0.906875828115128	0.983397081139809	0.995829648613042	1	0.99599689384535	0.999991291971044
ENSFCAG00000004031:ATP2B3	0	0	0	0	0	0	0	0	0	0.678701194412981	0.911453076970988	0.912124162134495	1	0.906875828115128	0.983397081139809	0.995829648613042	1	0.996020572263309	0.999991291971044
ENSFCAG00000006087:BLM	0	0	0	0	0	0	0	0	0	0.681368024345448	0.903599733012781	0.91244321566706	1	0.906875828115128	0.983397081139809	0.995829648613042	1	0.996049862743142	0.999991291971044
ENSFCAG00000010606:CLIP1	0	0	0	0	0	0	0	0	0	0.683706035203588	0.895437650426705	0.912444120658435	1	0.906875828115128	0.983397081139809	0.995829648613042	1	0.996049945666533	0.999991291971044
ENSFCAG00000014299:GRIN2A	0	0	0	0	0	0	0	0	0	0.677639002493265	0.923068298031284	0.912962289911252	1	0.906875828115128	0.983397081139809	0.995829648613042	1	0.996097277599104	0.999991291971044
ENSFCAG00000013609:NSD3	0	0	0	0	0	0	0	0	0	0.685086725248782	0.8951261647037	0.913094117333311	1	0.906875828115128	0.983397081139809	0.995829648613042	1	0.996109272379627	0.999991291971044
ENSFCAG00000005610:SETD5	0	0	0	0	0	0	0	0	0	0.685595648710802	0.895233190164239	0.913366607898633	1	0.906875828115128	0.983397081139809	0.995829648613042	1	0.996134005563467	0.999991291971044
ENSFCAG00000007834:KTN1	0	0	0	0	0	0	0	0	0	0.694862493114193	0.871549033317008	0.913923965748327	1	0.906875828115128	0.983397081139809	0.995829648613042	1	0.996184342160063	0.999991291971044
ENSFCAG00000005120:NUP214	0	0	0	0	0	0	0	0	0	0.683033352820958	0.909421224242663	0.914079925205365	1	0.906875828115128	0.983397081139809	0.995829648613042	1	0.996198366436848	0.999991291971044
ENSFCAG00000004987:PLCG2	0	0	0	0	0	0	0	0	0	0.689228592075713	0.894254389932788	0.915033039235922	1	0.906875828115128	0.983397081139809	0.995829648613042	1	0.99628349486049	0.999991291971044
ENSFCAG00000009534:MET	0	0	0	0	0	0	0	0	0	0.686687663729527	0.903881899102952	0.915176182228046	1	0.906875828115128	0.983397081139809	0.995829648613042	1	0.996296194061947	0.999991291971044
ENSFCAG00000000959:PASK	0	0	0	0	0	0	0	0	0	0.686659757468854	0.904081809883363	0.915190039522838	1	0.906875828115128	0.983397081139809	0.995829648613042	1	0.996297422249402	0.999991291971044
ENSFCAG00000027633:STAG2	0	0	0	0	0	0	0	0	0	0.693400303160915	0.88351914093583	0.915351611704411	1	0.906875828115128	0.983397081139809	0.995829648613042	1	0.996311727086853	0.999991291971044
ENSFCAG00000000360:DROSHA	0	0	0	0	0	0	0	0	0	0.692923782882315	0.885311728930082	0.915420590629928	1	0.906875828115128	0.983397081139809	0.995829648613042	1	0.996317825467749	0.999991291971044
ENSFCAG00000015033:NCOA3	0	0	0	0	0	0	0	0	0	0.687135521989632	0.905124185817567	0.915573019734011	1	0.906875828115128	0.983397081139809	0.995829648613042	1	0.996331283190335	0.999991291971044
ENSFCAG00000001882:FLT4	0	0	0	0	0	0	0	0	0	0.689693429321516	0.897554805372376	0.915763522091845	1	0.906875828115128	0.983397081139809	0.995829648613042	1	0.996348066663587	0.999991291971044
ENSFCAG00000023047:STAG1	0	0	0	0	0	0	0	0	0	0.693340327661266	0.886252974196505	0.915781245517027	1	0.906875828115128	0.983397081139809	0.995829648613042	1	0.996349626102299	0.999991291971044
ENSFCAG00000032000:NCOA2	0	0	0	0	0	0	0	0	0	0.688618173897018	0.901541236933903	0.915810946056162	1	0.906875828115128	0.983397081139809	0.995829648613042	1	0.99635223860752	0.999991291971044
ENSFCAG00000027902:ERBB4	0	0	0	0	0	0	0	0	0	0.690144176211406	0.896415605821609	0.915816314070487	1	0.906875828115128	0.983397081139809	0.995829648613042	1	0.996352710683559	0.999991291971044
ENSFCAG00000009897:CDK12	0	0	0	0	0	0	0	0	0	0.688026503668406	0.904454481509789	0.915926281267454	1	0.906875828115128	0.983397081139809	0.995829648613042	1	0.996362374538093	0.999991291971044
ENSFCAG00000007346:SETBP1	0	0	0	0	0	0	0	0	0	0.682216755503809	0.931573541537776	0.916212461708914	1	0.906875828115128	0.983397081139809	0.995829648613042	1	0.996387462027985	0.999991291971044
ENSFCAG00000005038:SF3B1	0	0	0	0	0	0	0	0	0	0.689800118309142	0.901495863890964	0.916392364828779	1	0.906875828115128	0.983397081139809	0.995829648613042	1	0.99640318714829	0.999991291971044
ENSFCAG00000014806:ZMYM3	0	0	0	0	0	0	0	0	0	0.689940959686331	0.902402598752891	0.916591561106206	1	0.906875828115128	0.983397081139809	0.995829648613042	1	0.996420557458683	0.999991291971044
ENSFCAG00000013299:FLT1	0	0	0	0	0	0	0	0	0	0.691659804100999	0.899254116376509	0.916987493864348	1	0.906875828115128	0.983397081139809	0.995829648613042	1	0.996454955052936	0.999991291971044
ENSFCAG00000014859:ERBB3	0	0	0	0	0	0	0	0	0	0.692028081339235	0.898714779867303	0.917089642822995	1	0.906875828115128	0.983397081139809	0.995829648613042	1	0.996463801739996	0.999991291971044
ENSFCAG00000024874:SOS1	0	0	0	0	0	0	0	0	0	0.692372773848699	0.898557903074831	0.917236122029948	1	0.906875828115128	0.983397081139809	0.995829648613042	1	0.996476467826058	0.999991291971044
ENSFCAG00000014002:COL2A1	0	0	0	0	0	0	0	0	0	0.69846461149333	0.882986268966115	0.917714735065273	1	0.906875828115128	0.983397081139809	0.995829648613042	1	0.996517690523476	0.999991291971044
ENSFCAG00000015690:PTPRC	0	0	0	0	0	0	0	0	0	0.695144876223322	0.893023471864478	0.917751713317554	1	0.906875828115128	0.983397081139809	0.995829648613042	1	0.996520865052302	0.999991291971044
ENSFCAG00000007864:MAP3K6	0	0	0	0	0	0	0	0	0	0.692939808797378	0.90229406075824	0.918056702263991	1	0.906875828115128	0.983397081139809	0.995829648613042	1	0.996546991090831	0.999991291971044
ENSFCAG00000011453:RPTOR	0	0	0	0	0	0	0	0	0	0.694641140613184	0.89801278462457	0.918266616797512	1	0.906875828115128	0.983397081139809	0.995829648613042	1	0.996564913972879	0.999991291971044
ENSFCAG00000013897:SMC1A	0	0	0	0	0	0	0	0	0	0.695272552107211	0.898070912883817	0.918583044411852	1	0.906875828115128	0.983397081139809	0.995829648613042	1	0.996591840450943	0.999991291971044
ENSFCAG00000009655:SETDB1	0	0	0	0	0	0	0	0	0	0.694088203862849	0.905006243777086	0.919000512558103	1	0.906875828115128	0.983397081139809	0.995829648613042	1	0.996627198234915	0.999991291971044
ENSFCAG00000002050:BCR	0	0	0	0	0	0	0	0	0	0.693452982222842	0.907569214335723	0.919039148719705	1	0.906875828115128	0.983397081139809	0.995829648613042	1	0.996630460965203	0.999991291971044
ENSFCAG00000007089:MSH6	0	0	0	0	0	0	0	0	0	0.692526532510894	0.911510332323137	0.919102823426836	1	0.906875828115128	0.983397081139809	0.995829648613042	1	0.996635834595807	0.999991291971044
ENSFCAG00000012003:EMSY	0	0	0	0	0	0	0	0	0	0.695383590452713	0.902676593824067	0.919306413168044	1	0.906875828115128	0.983397081139809	0.995829648613042	1	0.996652986325097	0.999991291971044
ENSFCAG00000009543:TERT	0	0	0	0	0	0	0	0	0	0.68842069060786	0.931123714336729	0.919306810256893	1	0.906875828115128	0.983397081139809	0.995829648613042	1	0.996653019734396	0.999991291971044
ENSFCAG00000030096:ARID4B	0	0	0	0	0	0	0	0	0	0.697562478624956	0.897215941443983	0.91956583871769	1	0.906875828115128	0.983397081139809	0.995829648613042	1	0.996674776698062	0.999991291971044
ENSFCAG00000037938:NSD2	0	0	0	0	0	0	0	0	0	0.694337098693498	0.910044309443042	0.919801249016376	1	0.906875828115128	0.983397081139809	0.995829648613042	1	0.996694486577135	0.999991291971044
ENSFCAG00000019223:ARID4A	0	0	0	0	0	0	0	0	0	0.698795243493399	0.895998517434867	0.919976021414342	1	0.906875828115128	0.983397081139809	0.995829648613042	1	0.996709080538387	0.999991291971044
ENSFCAG00000041416:IRS2	0	0	0	0	0	0	0	0	0	0.686328323557082	0.958634439030386	0.920452750446115	1	0.906875828115128	0.983397081139809	0.995829648613042	1	0.996748719899056	0.999991291971044
ENSFCAG00000003836:ASXL2	0	0	0	0	0	0	0	0	0	0.696577755642247	0.907653143601624	0.920575574960887	1	0.906875828115128	0.983397081139809	0.995829648613042	1	0.996758892580736	0.999991291971044
ENSFCAG00000004091:TRIM24	0	0	0	0	0	0	0	0	0	0.698506920069289	0.902527896562692	0.920798397873058	1	0.906875828115128	0.983397081139809	0.995829648613042	1	0.996777305588999	0.999991291971044
ENSFCAG00000015536:ADGRA2	0	0	0	0	0	0	0	0	0	0.696177871368073	0.91094217287061	0.92081646402179	1	0.906875828115128	0.983397081139809	0.995829648613042	1	0.996778796124885	0.999991291971044
ENSFCAG00000010557:SMC3	0	0	0	0	0	0	0	0	0	0.701924110197192	0.892286937547098	0.920897025341188	1	0.906875828115128	0.983397081139809	0.995829648613042	1	0.996785438469988	0.999991291971044
ENSFCAG00000008747:PTPRO	0	0	0	0	0	0	0	0	0	0.701122352531986	0.897769979721515	0.921357750350001	1	0.906875828115128	0.983397081139809	0.995829648613042	1	0.996823290230583	0.999991291971044
ENSFCAG00000012141:STIL	0	0	0	0	0	0	0	0	0	0.697657607275029	0.911334581789082	0.921585185939076	1	0.906875828115128	0.983397081139809	0.995829648613042	1	0.996841890701643	0.999991291971044
ENSFCAG00000013481:PRDM16	0	0	0	0	0	0	0	0	0	0.69585992908841	0.92221786368609	0.922033093972339	1	0.906875828115128	0.983397081139809	0.995829648613042	1	0.996878358071754	0.999991291971044
ENSFCAG00000012455:KDM2B	0	0	0	0	0	0	0	0	0	0.702615630725249	0.900122784818488	0.922416441584242	1	0.906875828115128	0.983397081139809	0.995829648613042	1	0.996909396313143	0.999991291971044
ENSFCAG00000001563:SEC31A	1	0	0	0	0	0	0	0	0	0.704030479086223	0.897138984492961	0.922643232860535	1	0.906875828115128	0.983397081139809	0.995829648613042	1	0.996927683755217	0.999991291971044
ENSFCAG00000009903:ERBB2	0	0	0	0	0	0	0	0	0	0.704137133198403	0.904747156909405	0.923797896954054	1	0.906875828115128	0.983397081139809	0.995829648613042	1	0.997019926605382	0.999991291971044
ENSFCAG00000000407:CTR9	0	0	0	0	0	0	0	0	0	0.705805089801333	0.900428560875751	0.9239668418997	1	0.906875828115128	0.983397081139809	0.995829648613042	1	0.997033302065029	0.999991291971044
ENSFCAG00000015468:EGFR	0	0	0	0	0	0	0	0	0	0.706460363881112	0.89985879456818	0.924190619199352	1	0.906875828115128	0.983397081139809	0.995829648613042	1	0.997050971074664	0.999991291971044
ENSFCAG00000028588:JAK2	0	0	0	0	0	0	0	0	0	0.705135546592078	0.905074123335604	0.92431442371226	1	0.906875828115128	0.983397081139809	0.995829648613042	1	0.997060723150427	0.999991291971044
ENSFCAG00000010710:ALPK1	0	0	0	0	0	0	0	0	0	0.702988637530718	0.912798096672621	0.924329242850121	1	0.906875828115128	0.983397081139809	0.995829648613042	1	0.997061889341941	0.999991291971044
ENSFCAG00000000916:BRD4	0	0	0	0	0	0	0	0	0	0.703576961239642	0.916824490531255	0.925110537641868	1	0.906875828115128	0.983397081139809	0.995829648613042	1	0.997123036940064	0.999991291971044
ENSFCAG00000011110:JARID2	0	0	0	0	0	0	0	0	0	0.704876464734243	0.915235049662718	0.925529959910355	1	0.906875828115128	0.983397081139809	0.995829648613042	1	0.997155590565128	0.999991291971044
ENSFCAG00000006191:ERC1	0	0	0	0	0	0	0	0	0	0.709918864831531	0.899563662458695	0.925756712145136	1	0.906875828115128	0.983397081139809	0.995829648613042	1	0.997173110868449	0.999991291971044
ENSFCAG00000001953:JAK1	0	0	0	0	0	0	0	0	0	0.708276679466617	0.905386523844744	0.925828754955027	1	0.906875828115128	0.983397081139809	0.995829648613042	1	0.997178665722065	0.999991291971044
ENSFCAG00000012665:MECOM	0	0	0	0	0	0	0	0	0	0.706032586508062	0.913699915379341	0.925882076781265	1	0.906875828115128	0.983397081139809	0.995829648613042	1	0.997182773485993	0.999991291971044
ENSFCAG00000007517:JAK3	0	0	0	0	0	0	0	0	0	0.706780052532695	0.912393163611156	0.926066272363405	1	0.906875828115128	0.983397081139809	0.995829648613042	1	0.997196939772158	0.999991291971044
ENSFCAG00000007401:PC	0	0	0	0	0	0	0	0	0	0.707009403789932	0.91686339119693	0.92673335927969	1	0.906875828115128	0.983397081139809	0.995829648613042	1	0.997247938161706	0.999991291971044
ENSFCAG00000001147:BCL9L	0	0	0	0	0	0	0	0	0	0.705665507462625	0.928708387266014	0.927442050457322	1	0.906875828115128	0.983397081139809	0.995829648613042	1	0.997301591137339	0.999991291971044
ENSFCAG00000002702:XPO1	0	0	0	0	0	0	0	0	0	0.712314373625798	0.904261831220372	0.92753782854053	1	0.906875828115128	0.983397081139809	0.995829648613042	1	0.997308800672785	0.999991291971044
ENSFCAG00000018749:MLLT10	0	0	0	0	0	0	0	0	0	0.715521714882847	0.89541899174196	0.927695568476012	1	0.906875828115128	0.983397081139809	0.995829648613042	1	0.997320652726757	0.999991291971044
ENSFCAG00000012425:AFF4	0	0	0	0	0	0	0	0	0	0.713168582328387	0.902829944656535	0.927725887286091	1	0.906875828115128	0.983397081139809	0.995829648613042	1	0.997322927708084	0.999991291971044
ENSFCAG00000018250:LIFR	0	0	0	0	0	0	0	0	0	0.712304611138212	0.907115076962918	0.927929180590604	1	0.906875828115128	0.983397081139809	0.995829648613042	1	0.997338156290094	0.999991291971044
ENSFCAG00000005686:MSH3	0	0	0	0	0	0	0	0	0	0.71224016859597	0.907859292271048	0.928000859195784	1	0.906875828115128	0.983397081139809	0.995829648613042	1	0.997343515071587	0.999991291971044
ENSFCAG00000029806:AFF1	0	0	0	0	0	0	0	0	0	0.711995756969357	0.909095986120571	0.928055020594155	1	0.906875828115128	0.983397081139809	0.995829648613042	1	0.9973475605727	0.999991291971044
ENSFCAG00000029975:AFF3	1	0	0	0	0	0	0	0	0	0.712714322373221	0.906688729511851	0.928058719811433	1	0.906875828115128	0.983397081139809	0.995829648613042	1	0.997347836764643	0.999991291971044
ENSFCAG00000000760:IRS4	0	0	0	0	0	0	0	0	0	0.705252586363602	0.942075338580617	0.928511539722828	1	0.906875828115128	0.983397081139809	0.995829648613042	1	0.99738153397029	0.999991291971044
ENSFCAG00000012942:PALB2	0	0	0	0	0	0	0	0	0	0.712901559663941	0.911691787488754	0.928812894358509	1	0.906875828115128	0.983397081139809	0.995829648613042	1	0.997403837289897	0.999991291971044
ENSFCAG00000004555:CBLB	0	0	0	0	0	0	0	0	0	0.714043202212389	0.908077950768872	0.928855717726234	1	0.906875828115128	0.983397081139809	0.995829648613042	1	0.997406998721314	0.999991291971044
ENSFCAG00000038306:TRIM33	0	0	0	0	0	0	0	0	0	0.714309719623735	0.907212519432239	0.928859569124239	1	0.906875828115128	0.983397081139809	0.995829648613042	1	0.997407282953672	0.999991291971044
ENSFCAG00000006634:LRIG3	0	0	0	0	0	0	0	0	0	0.713684188290082	0.911216896393569	0.929109217524938	1	0.906875828115128	0.983397081139809	0.995829648613042	1	0.99742567288938	0.999991291971044
ENSFCAG00000000325:POLD1	0	0	0	0	0	0	0	0	0	0.712609121859451	0.91546385503142	0.929158202434948	1	0.906875828115128	0.983397081139809	0.995829648613042	1	0.99742927340869	0.999991291971044
ENSFCAG00000002828:PIK3CB	1	0	0	0	0	0	0	0	0	0.717416199912306	0.899880882470524	0.929224207469902	1	0.906875828115128	0.983397081139809	0.995829648613042	1	0.997434120867533	0.999991291971044
ENSFCAG00000012999:RET	0	0	0	0	0	0	0	0	0	0.713517186784503	0.913559827862252	0.929334901843336	1	0.906875828115128	0.983397081139809	0.995829648613042	1	0.997442239820081	0.999991291971044
ENSFCAG00000000349:BCL9	0	0	0	0	0	0	0	0	0	0.709966719886305	0.929271925347366	0.929513129319648	1	0.906875828115128	0.983397081139809	0.995829648613042	1	0.997455284329053	0.999991291971044
ENSFCAG00000018496:SMARCA1	0	0	0	0	0	0	0	0	0	0.719059434130995	0.896988242958577	0.929527693046473	1	0.906875828115128	0.983397081139809	0.995829648613042	1	0.997456348741059	0.999991291971044
ENSFCAG00000008561:CARD11	0	0	0	0	0	0	0	0	0	0.716355152077908	0.905736624341755	0.929584743623301	1	0.906875828115128	0.983397081139809	0.995829648613042	1	0.997460516171108	0.999991291971044
ENSFCAG00000018737:PIK3CA	0	0	0	0	0	0	0	0	0	0.715973253584605	0.90735378060543	0.929634632926272	1	0.906875828115128	0.983397081139809	0.995829648613042	1	0.997464157614834	0.999991291971044
ENSFCAG00000003009:IRS1	0	0	0	0	0	0	0	0	0	0.706441308478604	0.951169142540615	0.929783184540252	1	0.906875828115128	0.983397081139809	0.995829648613042	1	0.997474984612676	0.999991291971044
ENSFCAG00000009436:TYK2	0	0	0	0	0	0	0	0	0	0.714742957182144	0.9169696301022	0.930319685511645	1	0.906875828115128	0.983397081139809	0.995829648613042	1	0.997513889196155	0.999991291971044
ENSFCAG00000003634:PDGFRB	0	0	0	0	0	0	0	0	0	0.716322164782068	0.913634835807404	0.930620975493746	1	0.906875828115128	0.983397081139809	0.995829648613042	1	0.997535601686832	0.999991291971044
ENSFCAG00000023857:LATS1	0	0	0	0	0	0	0	0	0	0.713451256327275	0.926583434629436	0.930835834156674	1	0.906875828115128	0.983397081139809	0.995829648613042	1	0.997551025911243	0.999991291971044
ENSFCAG00000003633:CSF1R	0	0	0	0	0	0	0	0	0	0.718098561163859	0.910041407370684	0.930955425319639	1	0.906875828115128	0.983397081139809	0.995829648613042	1	0.9975595896089	0.999991291971044
ENSFCAG00000028848:CIITA	0	0	0	0	0	0	0	0	0	0.716183823618612	0.918901016762779	0.931207864150434	1	0.906875828115128	0.983397081139809	0.995829648613042	1	0.997577615839911	0.999991291971044
ENSFCAG00000002830:TEK	0	0	0	0	0	0	0	0	0	0.718792725668208	0.91002135326346	0.931264437078476	1	0.906875828115128	0.983397081139809	0.995829648613042	1	0.997581646230026	0.999991291971044
ENSFCAG00000013063:BUB1B	0	0	0	0	0	0	0	0	0	0.721723388367983	0.901690613358422	0.931412481096642	1	0.906875828115128	0.983397081139809	0.995829648613042	1	0.997592176974883	0.999991291971044
ENSFCAG00000005305:ABL2	0	0	0	0	0	0	0	0	0	0.717543401340913	0.916138446150495	0.931486774562158	1	0.906875828115128	0.983397081139809	0.995829648613042	1	0.997597452789162	0.999991291971044
ENSFCAG00000029436:TET2	0	0	0	0	0	0	0	0	0	0.714929692764054	0.927901862283908	0.931652723444199	1	0.906875828115128	0.983397081139809	0.995829648613042	1	0.997609215945381	0.999991291971044
ENSFCAG00000004554:PIK3CG	0	0	0	0	0	0	0	0	0	0.715329180309848	0.928614382438384	0.931909944575809	1	0.906875828115128	0.983397081139809	0.995829648613042	1	0.997627390448498	0.999991291971044
ENSFCAG00000003178:ATXN2	0	0	0	0	0	0	0	0	0	0.722229393718698	0.904604038903667	0.93205354545182	1	0.906875828115128	0.983397081139809	0.995829648613042	1	0.997637505988927	0.999991291971044
ENSFCAG00000009757:UPF1	0	0	0	0	0	0	0	0	0	0.718363960180609	0.91851012798697	0.932145308528769	1	0.906875828115128	0.983397081139809	0.995829648613042	1	0.99764395838209	0.999991291971044
ENSFCAG00000035450:ARID5B	0	0	0	0	0	0	0	0	0	0.716721336939524	0.925358941959861	0.932192055743873	1	0.906875828115128	0.983397081139809	0.995829648613042	1	0.997647241976196	0.999991291971044
ENSFCAG00000005115:ABL1	0	0	0	0	0	0	0	0	0	0.715845133577731	0.92947009808365	0.932233998458333	1	0.906875828115128	0.983397081139809	0.995829648613042	1	0.997650186099767	0.999991291971044
ENSFCAG00000009141:PDGFRA	0	0	0	0	0	0	0	0	0	0.721223586670846	0.910356691076832	0.932394029106828	1	0.906875828115128	0.983397081139809	0.995829648613042	1	0.997661401943403	0.999991291971044
ENSFCAG00000014232:HDAC4	0	0	0	0	0	0	0	0	0	0.721629837651945	0.910833536148286	0.932637405053047	1	0.906875828115128	0.983397081139809	0.995829648613042	1	0.99767840644448	0.999991291971044
ENSFCAG00000004825:RASA1	0	0	0	0	0	0	0	0	0	0.724718609809498	0.902636995387458	0.932868907923497	1	0.906875828115128	0.983397081139809	0.995829648613042	1	0.997694522443972	0.999991291971044
ENSFCAG00000002750:HIRA	0	0	0	0	0	0	0	0	0	0.727337976845106	0.90233035052355	0.933966390564517	1	0.906875828115128	0.983397081139809	0.995829648613042	1	0.997770141845569	0.999991291971044
ENSFCAG00000004047:HIP1	0	0	0	0	0	0	0	0	0	0.728850942939518	0.898145393195847	0.934001505518533	1	0.906875828115128	0.983397081139809	0.995829648613042	1	0.997772540057424	0.999991291971044
ENSFCAG00000018470:BRIP1	0	0	0	0	0	0	0	0	0	0.725422572228759	0.909461958616279	0.93412605098308	1	0.906875828115128	0.983397081139809	0.995829648613042	1	0.997781035373152	0.999991291971044
ENSFCAG00000007112:TSC1	0	0	0	0	0	0	0	0	0	0.724448450748368	0.913672615382658	0.934250023545058	1	0.906875828115128	0.983397081139809	0.995829648613042	1	0.997789475119834	0.999991291971044
ENSFCAG00000009719:PTK7	0	0	0	0	0	0	0	0	0	0.724167141606206	0.915159884098356	0.934314630588042	1	0.906875828115128	0.983397081139809	0.995829648613042	1	0.99779386688755	0.999991291971044
ENSFCAG00000022680:ZNRF3	0	0	0	0	0	0	0	0	0	0.719684234091947	0.935290237952764	0.93454668216378	1	0.906875828115128	0.983397081139809	0.995829648613042	1	0.99780960412915	0.999991291971044
ENSFCAG00000007533:PPFIBP1	0	0	0	0	0	0	0	0	0	0.729375130031428	0.901863361752515	0.934778679298291	1	0.906875828115128	0.983397081139809	0.995829648613042	1	0.997825280079627	0.999991291971044
ENSFCAG00000007143:TLL2	0	0	0	0	0	0	0	0	0	0.725409011582262	0.914564929751052	0.934784557210435	1	0.906875828115128	0.983397081139809	0.995829648613042	1	0.997825676499778	0.999991291971044
ENSFCAG00000008249:KDM4C	0	0	0	0	0	0	0	0	0	0.72786878237922	0.906660514958743	0.934809286966247	1	0.906875828115128	0.983397081139809	0.995829648613042	1	0.997827343927525	0.999991291971044
ENSFCAG00000024269:KIF5B	0	0	0	0	0	0	0	0	0	0.729743003425871	0.901594320592805	0.934897642536912	1	0.906875828115128	0.983397081139809	0.995829648613042	1	0.997833296043355	0.999991291971044
ENSFCAG00000022711:EPHA5	0	0	0	0	0	0	0	0	0	0.725452108394079	0.915862455516718	0.93496619855981	1	0.906875828115128	0.983397081139809	0.995829648613042	1	0.997837908599853	0.999991291971044
ENSFCAG00000014494:MLLT6	0	0	0	0	0	0	0	0	0	0.724790923018452	0.919020665627788	0.935062082579042	1	0.906875828115128	0.983397081139809	0.995829648613042	1	0.997844351394842	0.999991291971044
ENSFCAG00000010283:MIB1	0	0	0	0	0	0	0	0	0	0.728707069954404	0.906653903425621	0.935170867303566	1	0.906875828115128	0.983397081139809	0.995829648613042	1	0.997851649129524	0.999991291971044
ENSFCAG00000002617:GTF2I	0	0	0	0	0	0	0	0	0	0.733694266119526	0.897724802037441	0.936005396215748	1	0.906875828115128	0.983397081139809	0.995829648613042	1	0.997907212033343	0.999991291971044
ENSFCAG00000014215:ECT2L	0	0	0	0	0	0	0	0	0	0.730829987841835	0.906251831837858	0.936027844249823	1	0.906875828115128	0.983397081139809	0.995829648613042	1	0.997908696343285	0.999991291971044
ENSFCAG00000015377:EML4	0	0	0	0	0	0	0	0	0	0.732735071587253	0.900832370344616	0.936064052554043	1	0.906875828115128	0.983397081139809	0.995829648613042	1	0.997911089375949	0.999991291971044
ENSFCAG00000018481:EPHA7	0	0	0	0	0	0	0	0	0	0.7283550596764	0.915351037948548	0.93616585100257	1	0.906875828115128	0.983397081139809	0.995829648613042	1	0.997917809804004	0.999991291971044
ENSFCAG00000013378:ATP1A1	0	0	0	0	0	0	0	0	0	0.728995738752861	0.914062446263778	0.936279926030615	1	0.906875828115128	0.983397081139809	0.995829648613042	1	0.99792532754259	0.999991291971044
ENSFCAG00000028493:DIS3	0	0	0	0	0	0	0	0	0	0.730823947661126	0.90912323707745	0.936418578354517	1	0.906875828115128	0.983397081139809	0.995829648613042	1	0.997934446253972	0.999991291971044
ENSFCAG00000026305:PIK3CD	0	0	0	0	0	0	0	0	0	0.728126958283706	0.918941665010417	0.93650777814583	1	0.906875828115128	0.983397081139809	0.995829648613042	1	0.997940301781116	0.999991291971044
ENSFCAG00000001740:NUTM1	0	0	0	0	0	0	0	0	0	0.725977001749269	0.927425708305529	0.936536318260718	1	0.906875828115128	0.983397081139809	0.995829648613042	1	0.997942173505045	0.999991291971044
ENSFCAG00000012287:MAML2	0	0	0	0	0	0	0	0	0	0.724130453086711	0.935593334795059	0.936552387196371	1	0.906875828115128	0.983397081139809	0.995829648613042	1	0.997943226958726	0.999991291971044
ENSFCAG00000007090:FBXO11	0	0	0	0	0	0	0	0	0	0.731067173472455	0.911300594787919	0.936812813854873	1	0.906875828115128	0.983397081139809	0.995829648613042	1	0.997960261674136	0.999991291971044
ENSFCAG00000008085:MERTK	0	0	0	0	0	0	0	0	0	0.731441796855157	0.912133802728144	0.937082235874004	1	0.906875828115128	0.983397081139809	0.995829648613042	1	0.997977808592773	0.999991291971044
ENSFCAG00000028243:MAP3K13	0	0	0	0	0	0	0	0	0	0.731375129423929	0.915979828647177	0.937544179661349	1	0.906875828115128	0.983397081139809	0.995829648613042	1	0.998007713815514	0.999991291971044
ENSFCAG00000008506:CYLD	0	0	0	0	0	0	0	0	0	0.732578337605391	0.91519746820379	0.937959762273467	1	0.906875828115128	0.983397081139809	0.995829648613042	1	0.998034423225383	0.999991291971044
ENSFCAG00000000544:EPHB1	0	0	0	0	0	0	0	0	0	0.730746515521912	0.921752578653172	0.937969494479791	1	0.906875828115128	0.983397081139809	0.995829648613042	1	0.998035046505465	0.999991291971044
ENSFCAG00000005090:AMER1	0	0	0	0	0	0	0	0	0	0.729175748586369	0.928690954458926	0.938061935885218	1	0.906875828115128	0.983397081139809	0.995829648613042	1	0.998040961699417	0.999991291971044
ENSFCAG00000001395:RBM10	0	0	0	0	0	0	0	0	0	0.735201612236261	0.907874760229247	0.938108175861088	1	0.906875828115128	0.983397081139809	0.995829648613042	1	0.998043917111581	0.999991291971044
ENSFCAG00000024008:EPHA3	0	0	0	0	0	0	0	0	0	0.734328985607556	0.910610149485255	0.938109055236687	1	0.906875828115128	0.983397081139809	0.995829648613042	1	0.998043973294485	0.999991291971044
ENSFCAG00000013913:INPP4A	0	0	0	0	0	0	0	0	0	0.73448378844103	0.912217379879955	0.938386048388971	1	0.906875828115128	0.983397081139809	0.995829648613042	1	0.998061629240736	0.999991291971044
ENSFCAG00000046155:REST	0	0	0	0	0	0	0	0	0	0.729243348607283	0.931909723468397	0.938423484875841	1	0.906875828115128	0.983397081139809	0.995829648613042	1	0.998064009224291	0.999991291971044
ENSFCAG00000013448:MSH2	0	0	0	0	0	0	0	0	0	0.733291664321927	0.917913257907585	0.938599607599681	1	0.906875828115128	0.983397081139809	0.995829648613042	1	0.998075185993768	0.999991291971044
ENSFCAG00000003112:KIT	0	0	0	0	0	0	0	0	0	0.734718649817615	0.917197774179978	0.939116468340582	1	0.906875828115128	0.983397081139809	0.995829648613042	1	0.99810779525896	0.999991291971044
ENSFCAG00000028208:RBM15	0	0	0	0	0	0	0	0	0	0.728410520861545	0.945756419415918	0.939316743182534	1	0.906875828115128	0.983397081139809	0.995829648613042	1	0.998120354324307	0.999991291971044
ENSFCAG00000006852:EPHB4	0	0	0	0	0	0	0	0	0	0.733948062608619	0.922909806481478	0.939468672054663	1	0.906875828115128	0.983397081139809	0.995829648613042	1	0.99812985317101	0.999991291971044
ENSFCAG00000029845:ZNF217	0	0	0	0	0	0	0	0	0	0.729757512743127	0.945876558870783	0.939909731649523	1	0.906875828115128	0.983397081139809	0.995829648613042	1	0.998157289769993	0.999991291971044
ENSFCAG00000026268:INPP4B	0	0	0	0	0	0	0	0	0	0.739990315439516	0.907691802630378	0.940080440254597	1	0.906875828115128	0.983397081139809	0.995829648613042	1	0.998167853326502	0.999991291971044
ENSFCAG00000027650:EPS15	0	0	0	0	0	0	0	0	0	0.741112009535891	0.905199454144083	0.940195218680654	1	0.906875828115128	0.983397081139809	0.995829648613042	1	0.99817493845963	0.999991291971044
ENSFCAG00000008289:SND1	0	0	0	0	0	0	0	0	0	0.740762021926483	0.907273585210226	0.940341106384421	1	0.906875828115128	0.983397081139809	0.995829648613042	1	0.99818392370754	0.999991291971044
ENSFCAG00000013369:RABEP1	0	0	0	0	0	0	0	0	0	0.739906067842332	0.910003361380462	0.940359541014453	1	0.906875828115128	0.983397081139809	0.995829648613042	1	0.998185057488689	0.999991291971044
ENSFCAG00000005777:PARP1	0	0	0	0	0	0	0	0	0	0.738049276973835	0.917462794225905	0.94054676473798	1	0.906875828115128	0.983397081139809	0.995829648613042	1	0.998196551797876	0.999991291971044
ENSFCAG00000014491:PRKD1	0	0	0	0	0	0	0	0	0	0.73852003697357	0.918934959565132	0.940922072889002	1	0.906875828115128	0.983397081139809	0.995829648613042	1	0.998219481031231	0.999991291971044
ENSFCAG00000004050:ERCC4	0	0	0	0	0	0	0	0	0	0.736121328724634	0.930844166374173	0.94124844993886	1	0.906875828115128	0.983397081139809	0.995829648613042	1	0.998239299148734	0.999991291971044
ENSFCAG00000002822:SALL4	0	0	0	0	0	0	0	0	0	0.731797610892502	0.952315786675122	0.941273347804089	1	0.906875828115128	0.983397081139809	0.995829648613042	1	0.998240806339034	0.999991291971044
ENSFCAG00000010549:SNCAIP	1	0	0	0	0	0	0	0	0	0.737594349193793	0.925402508892207	0.941284820631226	1	0.906875828115128	0.983397081139809	0.995829648613042	1	0.998241500624061	0.999991291971044
ENSFCAG00000024012:GRM3	0	0	0	0	0	0	0	0	0	0.734537935655295	0.938133711645583	0.941289142347588	1	0.906875828115128	0.983397081139809	0.995829648613042	1	0.998241762119064	0.999991291971044
ENSFCAG00000002081:GLI1	0	0	0	0	0	0	0	0	0	0.737353894910672	0.926791270497908	0.941336864820021	1	0.906875828115128	0.983397081139809	0.995829648613042	1	0.998244648353492	0.999991291971044
ENSFCAG00000015491:PMS1	0	0	0	0	0	0	0	0	0	0.738072541912801	0.924406067918398	0.941373238717459	1	0.906875828115128	0.983397081139809	0.995829648613042	1	0.998246846606251	0.999991291971044
ENSFCAG00000022869:PIK3C3	0	0	0	0	0	0	0	0	0	0.744372813621609	0.90724821245248	0.941813956207989	1	0.906875828115128	0.983397081139809	0.995829648613042	1	0.998273369659932	0.999991291971044
ENSFCAG00000001719:CTNNA1	0	0	0	0	0	0	0	0	0	0.741087194056782	0.917850489959779	0.941853251522034	1	0.906875828115128	0.983397081139809	0.995829648613042	1	0.998275724496912	0.999991291971044
ENSFCAG00000008459:PMS2	0	0	0	0	0	0	0	0	0	0.7398729625916	0.926108535808446	0.942311194410561	1	0.906875828115128	0.983397081139809	0.995829648613042	1	0.998303046620986	0.999991291971044
ENSFCAG00000044847:BCL11B	0	0	0	0	0	0	0	0	0	0.735064528440887	0.948893901451041	0.94241440346543	1	0.906875828115128	0.983397081139809	0.995829648613042	1	0.99830917362056	0.999991291971044
ENSFCAG00000010859:IL6ST	0	0	0	0	0	0	0	0	0	0.743896220549696	0.914789571296442	0.94262169202561	1	0.906875828115128	0.983397081139809	0.995829648613042	1	0.998321445147487	0.999991291971044
ENSFCAG00000001865:XPC	0	0	0	0	0	0	0	0	0	0.743149902260775	0.91795000508975	0.94271158823284	1	0.906875828115128	0.983397081139809	0.995829648613042	1	0.99832675285052	0.999991291971044
ENSFCAG00000007246:DDX10	0	0	0	0	0	0	0	0	0	0.743985559667313	0.917614163911425	0.94301120059219	1	0.906875828115128	0.983397081139809	0.995829648613042	1	0.998344380841801	0.999991291971044
ENSFCAG00000012184:NOD1	0	0	0	0	0	0	0	0	0	0.739363105192757	0.936608249613456	0.943172204649706	1	0.906875828115128	0.983397081139809	0.995829648613042	1	0.998353814352362	0.999991291971044
ENSFCAG00000041663:PGR	0	0	0	0	0	0	0	0	0	0.740774169564231	0.931885005854187	0.943294689643524	1	0.906875828115128	0.983397081139809	0.995829648613042	1	0.998360972555422	0.999991291971044
ENSFCAG00000008145:CUL3	0	0	0	0	0	0	0	0	0	0.744616000319446	0.918490886096669	0.943374751821084	1	0.906875828115128	0.983397081139809	0.995829648613042	1	0.99836564291102	0.999991291971044
ENSFCAG00000011529:VAV2	0	0	0	0	0	0	0	0	0	0.748878737498471	0.906691094509774	0.943548702490017	1	0.906875828115128	0.983397081139809	0.995829648613042	1	0.9983757667497	0.999991291971044
ENSFCAG00000004802:MRTFA	0	0	0	0	0	0	0	0	0	0.742516916896947	0.930507072772781	0.943870868816487	1	0.906875828115128	0.983397081139809	0.995829648613042	1	0.998394431969812	0.999991291971044
ENSFCAG00000013582:PCSK7	0	0	0	0	0	0	0	0	0	0.745358930074221	0.92309860453149	0.944220742830568	1	0.906875828115128	0.983397081139809	0.995829648613042	1	0.998414577924284	0.999991291971044
ENSFCAG00000005619:EXT2	0	0	0	0	0	0	0	0	0	0.746396380956907	0.92187872995101	0.944498988847898	1	0.906875828115128	0.983397081139809	0.995829648613042	1	0.998430506945407	0.999991291971044
ENSFCAG00000001242:NFKB2	0	0	0	0	0	0	0	0	0	0.748496134324906	0.915998713065406	0.944629912254282	1	0.906875828115128	0.983397081139809	0.995829648613042	1	0.998437973684992	0.999991291971044
ENSFCAG00000004737:CBL	0	0	0	0	0	0	0	0	0	0.747929566469571	0.919548919119584	0.94483948345546	1	0.906875828115128	0.983397081139809	0.995829648613042	1	0.998449888045844	0.999991291971044
ENSFCAG00000005052:VAV1	1	0	0	0	0	0	0	0	0	0.751807886670793	0.907980892074438	0.944887799468908	1	0.906875828115128	0.983397081139809	0.995829648613042	1	0.998452628271963	0.999991291971044
ENSFCAG00000013987:MALT1	0	0	0	0	0	0	0	0	0	0.747584834943476	0.922218349730213	0.945016762733584	1	0.906875828115128	0.983397081139809	0.995829648613042	1	0.998459930281593	0.999991291971044
ENSFCAG00000031292:ATXN7	0	0	0	0	0	0	0	0	0	0.746340348553279	0.928377039070258	0.945202757758912	1	0.906875828115128	0.983397081139809	0.995829648613042	1	0.998470430484079	0.999991291971044
ENSFCAG00000013850:MAP3K14	0	0	0	0	0	0	0	0	0	0.748091053419224	0.922453414578178	0.945247041684044	1	0.906875828115128	0.983397081139809	0.995829648613042	1	0.998472925103454	0.999991291971044
ENSFCAG00000000746:AGO1	0	0	0	0	0	0	0	0	0	0.74919481501557	0.919255551031475	0.945309837359207	1	0.906875828115128	0.983397081139809	0.995829648613042	1	0.998476458977176	0.999991291971044
ENSFCAG00000006007:LZTR1	0	0	0	0	0	0	0	0	0	0.748752353191428	0.923261115001438	0.945604729576927	1	0.906875828115128	0.983397081139809	0.995829648613042	1	0.998492998471583	0.999991291971044
ENSFCAG00000002782:AGO2	0	0	0	0	0	0	0	0	0	0.748702049664685	0.924063957112852	0.945676222281611	1	0.906875828115128	0.983397081139809	0.995829648613042	1	0.9984969944011	0.999991291971044
ENSFCAG00000012620:TYRO3	0	0	0	0	0	0	0	0	0	0.749323109122472	0.92210734659536	0.945699155133757	1	0.906875828115128	0.983397081139809	0.995829648613042	1	0.998498275038144	0.999991291971044
ENSFCAG00000029266:CSDE1	0	0	0	0	0	0	0	0	0	0.750711212136902	0.917612022829486	0.945711870299406	1	0.906875828115128	0.983397081139809	0.995829648613042	1	0.99849898485026	0.999991291971044
ENSFCAG00000008675:NUP93	0	0	0	0	0	0	0	0	0	0.752702811959731	0.91148535956564	0.945713353916648	1	0.906875828115128	0.983397081139809	0.995829648613042	1	0.998499067660654	0.999991291971044
ENSFCAG00000045383:CDH1	0	0	0	0	0	0	0	0	0	0.748395376991971	0.926550073250415	0.945831043612703	1	0.906875828115128	0.983397081139809	0.995829648613042	1	0.998505629278332	0.999991291971044
ENSFCAG00000004892:DNM2	0	0	0	0	0	0	0	0	0	0.751097731532896	0.918969561591847	0.946030811131866	1	0.906875828115128	0.983397081139809	0.995829648613042	1	0.998516733501698	0.999991291971044
ENSFCAG00000014965:NTRK3	0	0	0	0	0	0	0	0	0	0.750961964515529	0.919470740009199	0.946037675662469	1	0.906875828115128	0.983397081139809	0.995829648613042	1	0.998517114321916	0.999991291971044
ENSFCAG00000010530:DDR1	0	0	0	0	0	0	0	0	0	0.748949589154324	0.926534873475106	0.946050975056312	1	0.906875828115128	0.983397081139809	0.995829648613042	1	0.998517851984173	0.999991291971044
ENSFCAG00000007779:DNMT3B	0	0	0	0	0	0	0	0	0	0.754745984422137	0.911012421626939	0.946448868762213	1	0.906875828115128	0.983397081139809	0.995829648613042	1	0.998539835040098	0.999991291971044
ENSFCAG00000007325:AR	0	0	0	0	0	0	0	0	0	0.748697813905575	0.932034720171642	0.94653148974494	1	0.906875828115128	0.983397081139809	0.995829648613042	1	0.998544378754981	0.999991291971044
ENSFCAG00000003692:FGFR2	0	0	0	0	0	0	0	0	0	0.753958676810313	0.91775337015393	0.947006816803093	1	0.906875828115128	0.983397081139809	0.995829648613042	1	0.998570379141429	0.999991291971044
ENSFCAG00000003694:TFRC	0	0	0	0	0	0	0	0	0	0.753568205374836	0.919105921772232	0.947019381240216	1	0.906875828115128	0.983397081139809	0.995829648613042	1	0.99857106317896	0.999991291971044
ENSFCAG00000013612:FGFR1	0	0	0	0	0	0	0	0	0	0.754724991669076	0.917568991560749	0.947283005269509	1	0.906875828115128	0.983397081139809	0.995829648613042	1	0.998585377053404	0.999991291971044
ENSFCAG00000009163:DDR2	0	0	0	0	0	0	0	0	0	0.75258031806029	0.925275127488942	0.947350493326699	1	0.906875828115128	0.983397081139809	0.995829648613042	1	0.998589029626201	0.999991291971044
ENSFCAG00000003098:PML	0	0	0	0	0	0	0	0	0	0.749819133597251	0.935969343982155	0.947367161980768	1	0.906875828115128	0.983397081139809	0.995829648613042	1	0.998589931022802	0.999991291971044
ENSFCAG00000009081:NTRK2	0	0	0	0	0	0	0	0	0	0.755398017978334	0.918369427615598	0.947643180037031	1	0.906875828115128	0.983397081139809	0.995829648613042	1	0.998604814713549	0.999991291971044
ENSFCAG00000012847:BRAF	0	0	0	0	0	0	0	0	0	0.75766467566548	0.912313781429012	0.947750035781673	1	0.906875828115128	0.983397081139809	0.995829648613042	1	0.998610555096296	0.999991291971044
ENSFCAG00000023466:POT1	0	0	0	0	0	0	0	0	0	0.755944659752481	0.917773000167226	0.947781984308796	1	0.906875828115128	0.983397081139809	0.995829648613042	1	0.998612269059125	0.999991291971044
ENSFCAG00000000947:NFATC2	0	0	0	0	0	0	0	0	0	0.749720421900832	0.941607680757277	0.947843573325303	1	0.906875828115128	0.983397081139809	0.995829648613042	1	0.998615570124914	0.999991291971044
ENSFCAG00000025327:GMPS	0	0	0	0	0	0	0	0	0	0.752768083282129	0.929257854794741	0.947857927263439	1	0.906875828115128	0.983397081139809	0.995829648613042	1	0.99861633889637	0.999991291971044
ENSFCAG00000006093:FES	0	0	0	0	0	0	0	0	0	0.755714698822689	0.922678571463502	0.948279488901897	1	0.906875828115128	0.983397081139809	0.995829648613042	1	0.99863882006641	0.999991291971044
ENSFCAG00000025031:HOOK3	0	0	0	0	0	0	0	0	0	0.761319129786223	0.90615492226993	0.948303447586827	1	0.906875828115128	0.983397081139809	0.995829648613042	1	0.998640092113687	0.999991291971044
ENSFCAG00000013131:EZH1	0	0	0	0	0	0	0	0	0	0.758497419464982	0.914721316185327	0.948382120613713	1	0.906875828115128	0.983397081139809	0.995829648613042	1	0.998644264872482	0.999991291971044
ENSFCAG00000018385:FGFR3	0	0	0	0	0	0	0	0	0	0.755098464148447	0.927363467932027	0.948566370920386	1	0.906875828115128	0.983397081139809	0.995829648613042	1	0.998654011832388	0.999991291971044
ENSFCAG00000010755:PRDM1	0	0	0	0	0	0	0	0	0	0.75165223770126	0.941420364484459	0.948594419556672	1	0.906875828115128	0.983397081139809	0.995829648613042	1	0.998655492484355	0.999991291971044
ENSFCAG00000006989:ERCC3	0	0	0	0	0	0	0	0	0	0.75708266486884	0.921090394371753	0.948622777852859	1	0.906875828115128	0.983397081139809	0.995829648613042	1	0.998656988639732	0.999991291971044
ENSFCAG00000030995:AXL	0	0	0	0	0	0	0	0	0	0.758826696294904	0.915788155177429	0.948643921698821	1	0.906875828115128	0.983397081139809	0.995829648613042	1	0.998658103616244	0.999991291971044
ENSFCAG00000006091:FURIN	0	0	0	0	0	0	0	0	0	0.755702767089981	0.927155668415227	0.948778683845309	1	0.906875828115128	0.983397081139809	0.995829648613042	1	0.998665198942918	0.999991291971044
ENSFCAG00000018634:STAT4	0	0	0	0	0	0	0	0	0	0.76113361491827	0.910108020722662	0.948779194074721	1	0.906875828115128	0.983397081139809	0.995829648613042	1	0.998665225770499	0.999991291971044
ENSFCAG00000006348:TRAF7	0	0	0	0	0	0	0	0	0	0.757205755872974	0.922960813311234	0.948889001289	1	0.906875828115128	0.983397081139809	0.995829648613042	1	0.998670992989707	0.999991291971044
ENSFCAG00000003427:HIF1A	0	0	0	0	0	0	0	0	0	0.757962963085911	0.920741452940368	0.948920330325143	1	0.906875828115128	0.983397081139809	0.995829648613042	1	0.99867263610188	0.999991291971044
ENSFCAG00000009029:TOP1	0	0	0	0	0	0	0	0	0	0.763359596357239	0.906540070757459	0.949125732930442	1	0.906875828115128	0.983397081139809	0.995829648613042	1	0.998683383220797	0.999991291971044
ENSFCAG00000002154:STAT3	0	0	0	0	0	0	0	0	0	0.761563377616857	0.912108222757659	0.949209020637755	1	0.906875828115128	0.983397081139809	0.995829648613042	1	0.998687728350857	0.999991291971044
ENSFCAG00000008898:CD22	0	0	0	0	0	0	0	0	0	0.758747416971617	0.922221462132082	0.94939571187611	1	0.906875828115128	0.983397081139809	0.995829648613042	1	0.998697441507125	0.999991291971044
ENSFCAG00000010119:SNX29	0	0	0	0	0	0	0	0	0	0.760541636771349	0.917970412646232	0.949570227681639	1	0.906875828115128	0.983397081139809	0.995829648613042	1	0.998706488002704	0.999991291971044
ENSFCAG00000014440:COP1	0	0	0	0	0	0	0	0	0	0.763222193421404	0.911044989105632	0.949692356834328	1	0.906875828115128	0.983397081139809	0.995829648613042	1	0.998712799818533	0.999991291971044
ENSFCAG00000013629:EPAS1	0	0	0	0	0	0	0	0	0	0.758724409613504	0.924986921956321	0.949703953037285	1	0.906875828115128	0.983397081139809	0.995829648613042	1	0.998713398311052	0.999991291971044
ENSFCAG00000014246:CUL4A	0	0	0	0	0	0	0	0	0	0.762415342851944	0.915695451957757	0.949994834253898	1	0.906875828115128	0.983397081139809	0.995829648613042	1	0.998728364685993	0.999991291971044
ENSFCAG00000015643:AXIN1	0	0	0	0	0	0	0	0	0	0.757555970750651	0.933200158560398	0.950128395908087	1	0.906875828115128	0.983397081139809	0.995829648613042	1	0.998735206841092	0.999991291971044
ENSFCAG00000000620:FBXW7	0	0	0	0	0	0	0	0	0	0.762329573435429	0.91771878864837	0.950215866129495	1	0.906875828115128	0.983397081139809	0.995829648613042	1	0.998739677629598	0.999991291971044
ENSFCAG00000023797:SUZ12	0	0	0	0	0	0	0	0	0	0.762652735505584	0.916797457425754	0.950223003464427	1	0.906875828115128	0.983397081139809	0.995829648613042	1	0.9987400420786	0.999991291971044
ENSFCAG00000003644:ARNT	0	0	0	0	0	0	0	0	0	0.763203795412422	0.915255641813955	0.950235486031058	1	0.906875828115128	0.983397081139809	0.995829648613042	1	0.998740679338757	0.999991291971044
ENSFCAG00000013266:SMAD2	0	0	0	0	0	0	0	0	0	0.758587622233135	0.931226689435223	0.950324574946777	1	0.906875828115128	0.983397081139809	0.995829648613042	1	0.998745222745995	0.999991291971044
ENSFCAG00000014571:STAT6	0	0	0	0	0	0	0	0	0	0.76290228462066	0.917030959358962	0.950346064573173	1	0.906875828115128	0.983397081139809	0.995829648613042	1	0.998746317435913	0.999991291971044
ENSFCAG00000002679:ERCC2	0	0	0	0	0	0	0	0	0	0.760825379510315	0.924160331804122	0.95041191519452	1	0.906875828115128	0.983397081139809	0.995829648613042	1	0.99874966886624	0.999991291971044
ENSFCAG00000016224:FGFR4	0	0	0	0	0	0	0	0	0	0.76164564532671	0.921829610653518	0.950453218676603	1	0.906875828115128	0.983397081139809	0.995829648613042	1	0.998751768655326	0.999991291971044
ENSFCAG00000012784:STRN	0	0	0	0	0	0	0	0	0	0.764001673298172	0.915021221251951	0.950504610930239	1	0.906875828115128	0.983397081139809	0.995829648613042	1	0.998754378831949	0.999991291971044
ENSFCAG00000005630:BRSK1	0	0	0	0	0	0	0	0	0	0.761980748896762	0.922075288396473	0.950608721500378	1	0.906875828115128	0.983397081139809	0.995829648613042	1	0.998759658018898	0.999991291971044
ENSFCAG00000013696:IKBKB	0	0	0	0	0	0	0	0	0	0.76579494565053	0.910864554785652	0.950628094214413	1	0.906875828115128	0.983397081139809	0.995829648613042	1	0.998760639102548	0.999991291971044
ENSFCAG00000009125:ARHGAP26	0	0	0	0	0	0	0	0	0	0.765695438652584	0.911394132143282	0.950662032256315	1	0.906875828115128	0.983397081139809	0.995829648613042	1	0.998762356859941	0.999991291971044
ENSFCAG00000025219:MRE11	0	0	0	0	0	0	0	0	0	0.76477665488658	0.914119835591704	0.950678191274486	1	0.906875828115128	0.983397081139809	0.995829648613042	1	0.998763174314974	0.999991291971044
ENSFCAG00000002153:STAT5A	0	0	0	0	0	0	0	0	0	0.762279863732755	0.923367526502938	0.950871735464416	1	0.906875828115128	0.983397081139809	0.995829648613042	1	0.998772944014931	0.999991291971044
ENSFCAG00000003470:CTNNB1	0	0	0	0	0	0	0	0	0	0.761233071338321	0.927363503018189	0.950923807587892	1	0.906875828115128	0.983397081139809	0.995829648613042	1	0.998775565779597	0.999991291971044
ENSFCAG00000026102:AXIN2	0	0	0	0	0	0	0	0	0	0.759455394260927	0.933971548435596	0.950934599413995	1	0.906875828115128	0.983397081139809	0.995829648613042	1	0.998776108777488	0.999991291971044
ENSFCAG00000025491:ELP2	0	0	0	0	0	0	0	0	0	0.766252474725534	0.912020569237126	0.950951843335589	1	0.906875828115128	0.983397081139809	0.995829648613042	1	0.998776976162649	0.999991291971044
ENSFCAG00000001371:MLH1	0	0	0	0	0	0	0	0	0	0.76442996599326	0.919684841034339	0.951244600200333	1	0.906875828115128	0.983397081139809	0.995829648613042	1	0.998791654389676	0.999991291971044
ENSFCAG00000008901:BACH2	0	0	0	0	0	0	0	0	0	0.759117533334346	0.939108951546336	0.951294398973809	1	0.906875828115128	0.983397081139809	0.995829648613042	1	0.998794142230389	0.999991291971044
ENSFCAG00000006913:NTRK1	0	0	0	0	0	0	0	0	0	0.762067617251327	0.92860777105065	0.951374372088412	1	0.906875828115128	0.983397081139809	0.995829648613042	1	0.998798132062196	0.999991291971044
ENSFCAG00000008135:TNFAIP3	0	0	0	0	0	0	0	0	0	0.761469477747849	0.932379345259449	0.951541757252939	1	0.906875828115128	0.983397081139809	0.995829648613042	1	0.998806461092306	0.999991291971044
ENSFCAG00000011083:TSHR	0	0	0	0	0	0	0	0	0	0.761409381759573	0.933370548263948	0.95161889523714	1	0.906875828115128	0.983397081139809	0.995829648613042	1	0.998810289541132	0.999991291971044
ENSFCAG00000000512:RPS6KA4	0	0	0	0	0	0	0	0	0	0.762515617696307	0.929856557717039	0.951676322309866	1	0.906875828115128	0.983397081139809	0.995829648613042	1	0.998813135653946	0.999991291971044
ENSFCAG00000028112:STAT5B	0	0	0	0	0	0	0	0	0	0.765586027669204	0.920620899364901	0.951787986648814	1	0.906875828115128	0.983397081139809	0.995829648613042	1	0.99881865987133	0.999991291971044
ENSFCAG00000003444:RAD54L	0	0	0	0	0	0	0	0	0	0.765068871722631	0.922329061534113	0.95179729657146	1	0.906875828115128	0.983397081139809	0.995829648613042	1	0.998819119856746	0.999991291971044
ENSFCAG00000027154:BCL11A	0	0	0	0	0	0	0	0	0	0.759478636268112	0.944003720601452	0.951861830292001	1	0.906875828115128	0.983397081139809	0.995829648613042	1	0.998822305840737	0.999991291971044
ENSFCAG00000030250:CMTR2	0	0	0	0	0	0	0	0	0	0.758083674509023	0.951038864210815	0.951879741050797	1	0.906875828115128	0.983397081139809	0.995829648613042	1	0.998823189306516	0.999991291971044
ENSFCAG00000010312:BARD1	0	0	0	0	0	0	0	0	0	0.763875303019008	0.927806350462283	0.951968389072977	1	0.906875828115128	0.983397081139809	0.995829648613042	1	0.998827556995573	0.999991291971044
ENSFCAG00000025772:MST1	0	0	0	0	0	0	0	0	0	0.766530234590106	0.919484893488599	0.95200160429206	1	0.906875828115128	0.983397081139809	0.995829648613042	1	0.998829191383781	0.999991291971044
ENSFCAG00000026883:PIK3R2	0	0	0	0	0	0	0	0	0	0.76313406338409	0.931372722026059	0.952067434911284	1	0.906875828115128	0.983397081139809	0.995829648613042	1	0.998832427221048	0.999991291971044
ENSFCAG00000014937:KEL	0	0	0	0	0	0	0	0	0	0.767535235680438	0.917172972802723	0.952088452853284	1	0.906875828115128	0.983397081139809	0.995829648613042	1	0.998833459377999	0.999991291971044
ENSFCAG00000003320:CDH11	0	0	0	0	0	0	0	0	0	0.762751294893664	0.934069733134538	0.952195927254537	1	0.906875828115128	0.983397081139809	0.995829648613042	1	0.998838730018996	0.999991291971044
ENSFCAG00000027102:GAB1	0	0	0	0	0	0	0	0	0	0.76576025252143	0.923573220339576	0.952198886657276	1	0.906875828115128	0.983397081139809	0.995829648613042	1	0.99883887497914	0.999991291971044
ENSFCAG00000001812:MYB	0	0	0	0	0	0	0	0	0	0.768541945993738	0.916995841305474	0.952436448299788	1	0.906875828115128	0.983397081139809	0.995829648613042	1	0.998850481437588	0.999991291971044
ENSFCAG00000011809:ACSL3	0	0	0	0	0	0	0	0	0	0.766143652923282	0.926915019306059	0.952717256503154	1	0.906875828115128	0.983397081139809	0.995829648613042	1	0.998864124362037	0.999991291971044
ENSFCAG00000026041:SMO	0	0	0	0	0	0	0	0	0	0.764107000260854	0.934653052398292	0.952763144333099	1	0.906875828115128	0.983397081139809	0.995829648613042	1	0.998866345930693	0.999991291971044
ENSFCAG00000012034:SETDB2	0	0	0	0	0	0	0	0	0	0.768899842020017	0.919231684232036	0.952843556224068	1	0.906875828115128	0.983397081139809	0.995829648613042	1	0.998870233583881	0.999991291971044
ENSFCAG00000042984:EXT1	0	0	0	0	0	0	0	0	0	0.766015599501404	0.929187979130076	0.952915799064969	1	0.906875828115128	0.983397081139809	0.995829648613042	1	0.998873720503071	0.999991291971044
ENSFCAG00000027384:ARID3A	0	0	0	0	0	0	0	0	0	0.763015421087143	0.940714485037378	0.95292053413071	1	0.906875828115128	0.983397081139809	0.995829648613042	1	0.998873948857527	0.999991291971044
ENSFCAG00000011030:PIK3R1	0	0	0	0	0	0	0	0	0	0.767695258877099	0.924467720879383	0.953017384416751	1	0.906875828115128	0.983397081139809	0.995829648613042	1	0.998878614421309	0.999991291971044
ENSFCAG00000008554:HGF	0	0	0	0	0	0	0	0	0	0.771469220254018	0.913594180592015	0.953068546479774	1	0.906875828115128	0.983397081139809	0.995829648613042	1	0.998881075075672	0.999991291971044
ENSFCAG00000000814:HSP90AA1	0	0	0	0	0	0	0	0	0	0.765300845372627	0.934592187864707	0.953203502467673	1	0.906875828115128	0.983397081139809	0.995829648613042	1	0.998887552646407	0.999991291971044
ENSFCAG00000014971:CBFA2T3	0	0	0	0	0	0	0	0	0	0.765911743456884	0.933297244126221	0.953302310331375	1	0.906875828115128	0.983397081139809	0.995829648613042	1	0.99889228307602	0.999991291971044
ENSFCAG00000025339:DDX3X	1	0	0	0	0	0	0	0	0	0.771415552171338	0.920923920619041	0.953964041788407	1	0.906875828115128	0.983397081139809	0.995829648613042	1	0.998923699579628	0.999991291971044
ENSFCAG00000012236:MEN1	0	0	0	0	0	0	0	0	0	0.76658919013773	0.938650594245646	0.95406958374905	1	0.906875828115128	0.983397081139809	0.995829648613042	1	0.998928667860274	0.999991291971044
ENSFCAG00000015184:ALOX12B	0	0	0	0	0	0	0	0	0	0.768620893511306	0.931497994145418	0.954120489321258	1	0.906875828115128	0.983397081139809	0.995829648613042	1	0.998931060014597	0.999991291971044
ENSFCAG00000029123:PICALM	0	0	0	0	0	0	0	0	0	0.772852316583748	0.917960363500637	0.954122618301051	1	0.906875828115128	0.983397081139809	0.995829648613042	1	0.998931160000432	0.999991291971044
ENSFCAG00000002630:PPM1F	0	0	0	0	0	0	0	0	0	0.770256626593175	0.926118995584699	0.95414199712967	1	0.906875828115128	0.983397081139809	0.995829648613042	1	0.998932069893212	0.999991291971044
ENSFCAG00000006810:BCL6	0	0	0	0	0	0	0	0	0	0.76525590253241	0.946359394045965	0.954240000168035	1	0.906875828115128	0.983397081139809	0.995829648613042	1	0.998936665394824	0.999991291971044
ENSFCAG00000007469:GOLGA5	0	0	0	0	0	0	0	0	0	0.772744867044694	0.921455314223139	0.95450744946069	1	0.906875828115128	0.983397081139809	0.995829648613042	1	0.998949155261394	0.999991291971044
ENSFCAG00000015395:BTK	0	0	0	0	0	0	0	0	0	0.775382927214308	0.917922186250965	0.955023311419969	1	0.906875828115128	0.983397081139809	0.995829648613042	1	0.998973034333919	0.999991291971044
ENSFCAG00000024086:NRG1	0	0	0	0	0	0	0	0	0	0.773310910432443	0.92423919931411	0.955035247272821	1	0.906875828115128	0.983397081139809	0.995829648613042	1	0.998973583541658	0.999991291971044
ENSFCAG00000040223:TBX3	0	0	0	0	0	0	0	0	0	0.767765944797235	0.945560259267938	0.955107038537469	1	0.906875828115128	0.983397081139809	0.995829648613042	1	0.998976883746345	0.999991291971044
ENSFCAG00000013269:CSF3R	0	0	0	0	0	0	0	0	0	0.774440417025778	0.926591590108354	0.955705033532664	1	0.906875828115128	0.983397081139809	0.995829648613042	1	0.999004163606214	0.999991291971044
ENSFCAG00000011327:FAF1	0	0	0	0	0	0	0	0	0	0.777575093636492	0.918042210383022	0.955814101732371	1	0.906875828115128	0.983397081139809	0.995829648613042	1	0.999009098821883	0.999991291971044
ENSFCAG00000003928:NCSTN	0	0	0	0	0	0	0	0	0	0.773663033465884	0.931116603215746	0.955912371227951	1	0.906875828115128	0.983397081139809	0.995829648613042	1	0.999013534749629	0.999991291971044
ENSFCAG00000042862:SFPQ	0	0	0	0	0	0	0	0	0	0.773150253284992	0.93305939452715	0.955927077048285	1	0.906875828115128	0.983397081139809	0.995829648613042	1	0.999014197707716	0.999991291971044
ENSFCAG00000013778:IKBKE	0	0	0	0	0	0	0	0	0	0.777181822341672	0.924026961718895	0.956389850690921	1	0.906875828115128	0.983397081139809	0.995829648613042	1	0.999034944605474	0.999991291971044
ENSFCAG00000023059:FOXP1	0	0	0	0	0	0	0	0	0	0.779247384037015	0.919185634866305	0.956541544662021	1	0.906875828115128	0.983397081139809	0.995829648613042	1	0.999041696557846	0.999991291971044
ENSFCAG00000006882:ZNF384	0	0	0	0	0	0	0	0	0	0.774393272396479	0.934917158101429	0.956558400386748	1	0.906875828115128	0.983397081139809	0.995829648613042	1	0.999042445327002	0.999991291971044
ENSFCAG00000011053:PLK2	0	0	0	0	0	0	0	0	0	0.775187242553861	0.933599539908167	0.956711386947962	1	0.906875828115128	0.983397081139809	0.995829648613042	1	0.999049227752538	0.999991291971044
ENSFCAG00000003492:CTCF	0	0	0	0	0	0	0	0	0	0.776017110422311	0.932028110004155	0.956847388376695	1	0.906875828115128	0.983397081139809	0.995829648613042	1	0.999055236627483	0.999991291971044
ENSFCAG00000015711:BAP1	0	0	0	0	0	0	0	0	0	0.776844525302997	0.929259901319234	0.956850730087459	1	0.906875828115128	0.983397081139809	0.995829648613042	1	0.999055384029085	0.999991291971044
ENSFCAG00000031674:TCF12	0	0	0	0	0	0	0	0	0	0.780094010974403	0.919350433255106	0.95685699286169	1	0.906875828115128	0.983397081139809	0.995829648613042	1	0.999055660246262	0.999991291971044
ENSFCAG00000026299:RAF1	0	0	0	0	0	0	0	0	0	0.779416117901208	0.921816117815661	0.956916870653323	1	0.906875828115128	0.983397081139809	0.995829648613042	1	0.999058299063132	0.999991291971044
ENSFCAG00000029965:SLC34A2	0	0	0	0	0	0	0	0	0	0.774800610746816	0.938220382027611	0.957020371440232	1	0.906875828115128	0.983397081139809	0.995829648613042	1	0.999062851511858	0.999991291971044
ENSFCAG00000012963:SAMHD1	0	0	0	0	0	0	0	0	0	0.778449265325096	0.925686963708875	0.957024654230017	1	0.906875828115128	0.983397081139809	0.995829648613042	1	0.999063039647804	0.999991291971044
ENSFCAG00000004020:DAXX	0	0	0	0	0	0	0	0	0	0.776183904726995	0.933249685776884	0.957030910147014	1	0.906875828115128	0.983397081139809	0.995829648613042	1	0.999063314425555	0.999991291971044
ENSFCAG00000006532:GTSE1	0	0	0	0	0	0	0	0	0	0.7757733641171	0.936240622740549	0.957179723681839	1	0.906875828115128	0.983397081139809	0.995829648613042	1	0.999069838685567	0.999991291971044
ENSFCAG00000010330:FUBP1	0	0	0	0	0	0	0	0	0	0.783519651326169	0.913875254705534	0.957348173028537	1	0.906875828115128	0.983397081139809	0.995829648613042	1	0.999077195899236	0.999991291971044
ENSFCAG00000005710:BRD3	0	0	0	0	0	0	0	0	0	0.775113635738316	0.940784375666605	0.957366333865334	1	0.906875828115128	0.983397081139809	0.995829648613042	1	0.999077987324016	0.999991291971044
ENSFCAG00000030888:RECQL	0	0	0	0	0	0	0	0	0	0.778534708837741	0.929627554905628	0.957485667031061	1	0.906875828115128	0.983397081139809	0.995829648613042	1	0.999083179133643	0.999991291971044
ENSFCAG00000028024:KDSR	0	0	0	0	0	0	0	0	0	0.778734693244545	0.929880957522234	0.957582761860405	1	0.906875828115128	0.983397081139809	0.995829648613042	1	0.999087392449762	0.999991291971044
ENSFCAG00000004243:EWSR1	0	0	0	0	0	0	0	0	0	0.780494939056791	0.92471068844296	0.957628937408119	1	0.906875828115128	0.983397081139809	0.995829648613042	1	0.999089392729062	0.999991291971044
ENSFCAG00000008744:SEPTIN6	0	0	0	0	0	0	0	0	0	0.77678766408296	0.937643055242751	0.957673396606764	1	0.906875828115128	0.983397081139809	0.995829648613042	1	0.999091316553888	0.999991291971044
ENSFCAG00000006633:CLP1	0	0	0	0	0	0	0	0	0	0.774654881961643	0.947574248128447	0.957774271509448	1	0.906875828115128	0.983397081139809	0.995829648613042	1	0.99909567392767	0.999991291971044
ENSFCAG00000005955:PAK5	0	0	0	0	0	0	0	0	0	0.777273645939395	0.938305221095544	0.957907404788916	1	0.906875828115128	0.983397081139809	0.995829648613042	1	0.999101408464664	0.999991291971044
ENSFCAG00000011776:LMNA	0	0	0	0	0	0	0	0	0	0.777637278213767	0.936969313090153	0.957909952631063	1	0.906875828115128	0.983397081139809	0.995829648613042	1	0.999101518029088	0.999991291971044
ENSFCAG00000013314:TIPARP	0	0	0	0	0	0	0	0	0	0.776481118923276	0.942576762727942	0.958010955542895	1	0.906875828115128	0.983397081139809	0.995829648613042	1	0.999105855981128	0.999991291971044
ENSFCAG00000006991:SRC	0	0	0	0	0	0	0	0	0	0.779978392151965	0.931152788482889	0.958151438894982	1	0.906875828115128	0.983397081139809	0.995829648613042	1	0.999111871864381	0.999991291971044
ENSFCAG00000025248:ARAF	0	0	0	0	0	0	0	0	0	0.779247515750102	0.934254493041349	0.958211692426419	1	0.906875828115128	0.983397081139809	0.995829648613042	1	0.999114445774339	0.999991291971044
ENSFCAG00000007992:EZR	0	0	0	0	0	0	0	0	0	0.781444608733944	0.92707313593086	0.958223422499971	1	0.906875828115128	0.983397081139809	0.995829648613042	1	0.999114946418937	0.999991291971044
ENSFCAG00000004303:WDCP	0	0	0	0	0	0	0	0	0	0.776197186171623	0.948245451594912	0.958377316239765	1	0.906875828115128	0.983397081139809	0.995829648613042	1	0.999121501370931	0.999991291971044
ENSFCAG00000023537:MLLT1	0	0	0	0	0	0	0	0	0	0.779368138661552	0.938055986789431	0.958620875011123	1	0.906875828115128	0.983397081139809	0.995829648613042	1	0.999131825014425	0.999991291971044
ENSFCAG00000035160:FNBP1	0	0	0	0	0	0	0	0	0	0.783318939302555	0.925110884393046	0.958649909360805	1	0.906875828115128	0.983397081139809	0.995829648613042	1	0.999133051555205	0.999991291971044
ENSFCAG00000018167:TAF15	0	0	0	0	0	0	0	0	0	0.789199561912556	0.910751211044324	0.958850355171772	1	0.906875828115128	0.983397081139809	0.995829648613042	1	0.999141495292932	0.999991291971044
ENSFCAG00000018774:TCF7L2	0	0	0	0	0	0	0	0	0	0.784722293284366	0.923493617887019	0.958944315699314	1	0.906875828115128	0.983397081139809	0.995829648613042	1	0.999145438935038	0.999991291971044
ENSFCAG00000026908:PRKCI	0	0	0	0	0	0	0	0	0	0.786106899884473	0.920623777977743	0.959075431579142	1	0.906875828115128	0.983397081139809	0.995829648613042	1	0.999150926647163	0.999991291971044
ENSFCAG00000029098:RAP1GDS1	0	0	0	0	0	0	0	0	0	0.785206459549146	0.924457781871997	0.959220235878156	1	0.906875828115128	0.983397081139809	0.995829648613042	1	0.999156966443581	0.999991291971044
ENSFCAG00000009952:ITK	0	0	0	0	0	0	0	0	0	0.786341761804293	0.921358263798235	0.959242881281142	1	0.906875828115128	0.983397081139809	0.995829648613042	1	0.999157909008092	0.999991291971044
ENSFCAG00000012383:MPEG1	0	0	0	0	0	0	0	0	0	0.777309382148617	0.955079821753799	0.959270620209207	1	0.906875828115128	0.983397081139809	0.995829648613042	1	0.999159062850757	0.999991291971044
ENSFCAG00000042003:ASPSCR1	0	0	0	0	0	0	0	0	0	0.782007572206322	0.936042267845855	0.959347288814153	1	0.906875828115128	0.983397081139809	0.995829648613042	1	0.999162247825077	0.999991291971044
ENSFCAG00000003512:DDX5	0	0	0	0	0	0	0	0	0	0.783556009097358	0.930840499426947	0.959356286037767	1	0.906875828115128	0.983397081139809	0.995829648613042	1	0.99916262118686	0.999991291971044
ENSFCAG00000044781:ELN	0	0	0	0	0	0	0	0	0	0.785713700805867	0.924349264738863	0.959380075736064	1	0.906875828115128	0.983397081139809	0.995829648613042	1	0.999163607992018	0.999991291971044
ENSFCAG00000012781:SHQ1	0	0	0	0	0	0	0	0	0	0.783751568230704	0.930944439203403	0.95943420678765	1	0.906875828115128	0.983397081139809	0.995829648613042	1	0.999165851169079	0.999991291971044
ENSFCAG00000022073:DTX1	0	0	0	0	0	0	0	0	0	0.77860310429213	0.951073490661419	0.959443098274332	1	0.906875828115128	0.983397081139809	0.995829648613042	1	0.999166219338001	0.999991291971044
ENSFCAG00000000765:FOXO1	0	0	0	0	0	0	0	0	0	0.777145522597682	0.958632705523276	0.959444044876816	1	0.906875828115128	0.983397081139809	0.995829648613042	1	0.999166258529025	0.999991291971044
ENSFCAG00000007459:GAB2	0	0	0	0	0	0	0	0	0	0.781866900477467	0.937707311888665	0.959457702641537	1	0.906875828115128	0.983397081139809	0.995829648613042	1	0.999166823880787	0.999991291971044
ENSFCAG00000006344:CD276	0	0	0	0	0	0	0	0	0	0.779490863768754	0.948127594132039	0.959530271359113	1	0.906875828115128	0.983397081139809	0.995829648613042	1	0.999169824541424	0.999991291971044
ENSFCAG00000030253:PATZ1	0	0	0	0	0	0	0	0	0	0.779378567212046	0.953529435367332	0.959892369925291	1	0.906875828115128	0.983397081139809	0.995829648613042	1	0.999184715031445	0.999991291971044
ENSFCAG00000024132:TNFRSF11A	0	0	0	0	0	0	0	0	0	0.783226135195989	0.938558791741164	0.960006205842692	1	0.906875828115128	0.983397081139809	0.995829648613042	1	0.999189368054263	0.999991291971044
ENSFCAG00000015088:KLHL6	0	0	0	0	0	0	0	0	0	0.782828354037866	0.942596465063934	0.960232492312736	1	0.906875828115128	0.983397081139809	0.995829648613042	1	0.999198577389199	0.999991291971044
ENSFCAG00000012518:KEAP1	0	0	0	0	0	0	0	0	0	0.782747444185189	0.943081990421031	0.960246612540655	1	0.906875828115128	0.983397081139809	0.995829648613042	1	0.999199150282031	0.999991291971044
ENSFCAG00000026205:ZBTB16	0	0	0	0	0	0	0	0	0	0.782671001227814	0.944990797283847	0.960381924387058	1	0.906875828115128	0.983397081139809	0.995829648613042	1	0.999204629692755	0.999991291971044
ENSFCAG00000004287:PTPN6	0	0	0	0	0	0	0	0	0	0.787021287912038	0.930451741138132	0.96049415582859	1	0.906875828115128	0.983397081139809	0.995829648613042	1	0.999209160005506	0.999991291971044
ENSFCAG00000030862:NR4A3	0	0	0	0	0	0	0	0	0	0.782704595077713	0.946821536320842	0.960543378198328	1	0.906875828115128	0.983397081139809	0.995829648613042	1	0.999211142769105	0.999991291971044
ENSFCAG00000015112:MPL	0	0	0	0	0	0	0	0	0	0.788545888776898	0.926675251974203	0.960597223577835	1	0.906875828115128	0.983397081139809	0.995829648613042	1	0.999213308866826	0.999991291971044
ENSFCAG00000014304:ASMTL	0	0	0	0	0	0	0	0	0	0.786917603063981	0.932414458299506	0.960663232042009	1	0.906875828115128	0.983397081139809	0.995829648613042	1	0.999215960144501	0.999991291971044
ENSFCAG00000009695:PTPN11	0	0	0	0	0	0	0	0	0	0.788844907149099	0.926511993581375	0.960679050478447	1	0.906875828115128	0.983397081139809	0.995829648613042	1	0.999216594829735	0.999991291971044
ENSFCAG00000008222:RPN1	0	0	0	0	0	0	0	0	0	0.785029442804235	0.940465922992813	0.960798266872045	1	0.906875828115128	0.983397081139809	0.995829648613042	1	0.999221369786651	0.999991291971044
ENSFCAG00000027549:NCOA4	0	0	0	0	0	0	0	0	0	0.788231864273073	0.929664640296342	0.960817817843923	1	0.906875828115128	0.983397081139809	0.995829648613042	1	0.999222151446976	0.999991291971044
ENSFCAG00000041774:BIRC3	0	0	0	0	0	0	0	0	0	0.786712199700485	0.93543687314844	0.960896624123926	1	0.906875828115128	0.983397081139809	0.995829648613042	1	0.999225298138764	0.999991291971044
ENSFCAG00000027069:GATA6	0	0	0	0	0	0	0	0	0	0.783032497073797	0.950847295231331	0.960968110868605	1	0.906875828115128	0.983397081139809	0.995829648613042	1	0.999228146974893	0.999991291971044
ENSFCAG00000030227:FOXO3	0	0	0	0	0	0	0	0	0	0.781510432889529	0.959595306561058	0.961034336721939	1	0.906875828115128	0.983397081139809	0.995829648613042	1	0.999230781412633	0.999991291971044
ENSFCAG00000013473:RAD21	0	0	0	0	0	0	0	0	0	0.7893212627243	0.928744480340623	0.961083306505485	1	0.906875828115128	0.983397081139809	0.995829648613042	1	0.999232726475944	0.999991291971044
ENSFCAG00000030907:MAP3K7	0	0	0	0	0	0	0	0	0	0.790579489318225	0.925084457145215	0.961095499938629	1	0.906875828115128	0.983397081139809	0.995829648613042	1	0.999233210407003	0.999991291971044
ENSFCAG00000023514:TCF3	0	0	0	0	0	0	0	0	0	0.789266847539997	0.930855211317897	0.961290029787151	1	0.906875828115128	0.983397081139809	0.995829648613042	1	0.999240909957554	0.999991291971044
ENSFCAG00000004893:CARM1	0	0	0	0	0	0	0	0	0	0.788688611566775	0.932864191502118	0.961304495224896	1	0.906875828115128	0.983397081139809	0.995829648613042	1	0.999241480931405	0.999991291971044
ENSFCAG00000010997:PRKAR1A	0	0	0	0	0	0	0	0	0	0.789836124874585	0.931389287193356	0.961535574449907	1	0.906875828115128	0.983397081139809	0.995829648613042	1	0.999250572486303	0.999991291971044
ENSFCAG00000004249:NF2	0	0	0	0	0	0	0	0	0	0.792410928060864	0.923729623496719	0.961544016926899	1	0.906875828115128	0.983397081139809	0.995829648613042	1	0.999250903594557	0.999991291971044
ENSFCAG00000014426:ESCO2	0	0	0	0	0	0	0	0	0	0.788589456639417	0.936202602566894	0.961602853070501	1	0.906875828115128	0.983397081139809	0.995829648613042	1	0.999253209050105	0.999991291971044
ENSFCAG00000013705:NT5C2	0	0	0	0	0	0	0	0	0	0.792740499419237	0.923493307032953	0.961624705000935	1	0.906875828115128	0.983397081139809	0.995829648613042	1	0.999254064386802	0.999991291971044
ENSFCAG00000022148:FIP1L1	0	0	0	0	0	0	0	0	0	0.794660402411741	0.918642487738842	0.961668703870417	1	0.906875828115128	0.983397081139809	0.995829648613042	1	0.999255785101055	0.999991291971044
ENSFCAG00000011506:PAK3	0	0	0	0	0	0	0	0	0	0.79136868244426	0.928319301376408	0.961716651990008	1	0.906875828115128	0.983397081139809	0.995829648613042	1	0.99925765797096	0.999991291971044
ENSFCAG00000013821:MSN	0	0	0	0	0	0	0	0	0	0.792108228448375	0.92655805170978	0.961766250416855	1	0.906875828115128	0.983397081139809	0.995829648613042	1	0.999259592787056	0.999991291971044
ENSFCAG00000029740:SHOC2	0	0	0	0	0	0	0	0	0	0.78663004865679	0.945445770382034	0.961772389601577	1	0.906875828115128	0.983397081139809	0.995829648613042	1	0.999259832096462	0.999991291971044
ENSFCAG00000011854:ALB	0	0	0	0	0	0	0	0	0	0.793060222214564	0.925959142895978	0.962011543680903	1	0.906875828115128	0.983397081139809	0.995829648613042	1	0.999269123982906	0.999991291971044
ENSFCAG00000003706:FANCC	0	0	0	0	0	0	0	0	0	0.792778431301234	0.92750747529399	0.962091619426697	1	0.906875828115128	0.983397081139809	0.995829648613042	1	0.999272221890177	0.999991291971044
ENSFCAG00000009216:ATIC	0	0	0	0	0	0	0	0	0	0.790363998636577	0.935203286800906	0.962097225655925	1	0.906875828115128	0.983397081139809	0.995829648613042	1	0.999272438529904	0.999991291971044
ENSFCAG00000008018:REL	0	0	0	0	0	0	0	0	0	0.792565757190723	0.92944707064357	0.962232634190617	1	0.906875828115128	0.983397081139809	0.995829648613042	1	0.999277661155707	0.999991291971044
ENSFCAG00000007271:FLYWCH1	0	0	0	0	0	0	0	0	0	0.787167176776606	0.949146496351755	0.962249576459892	1	0.906875828115128	0.983397081139809	0.995829648613042	1	0.999278313267557	0.999991291971044
ENSFCAG00000012147:NFE2L2	0	0	0	0	0	0	0	0	0	0.789012495918402	0.942883331595995	0.962357138367614	1	0.906875828115128	0.983397081139809	0.995829648613042	1	0.999282446391751	0.999991291971044
ENSFCAG00000003177:SH2B3	0	0	0	0	0	0	0	0	0	0.788715946514049	0.944064968773042	0.962359168377121	1	0.906875828115128	0.983397081139809	0.995829648613042	1	0.999282524280367	0.999991291971044
ENSFCAG00000023350:FYN	0	0	0	0	0	0	0	0	0	0.791738664529323	0.933775497311887	0.96241014041568	1	0.906875828115128	0.983397081139809	0.995829648613042	1	0.999284478602341	0.999991291971044
ENSFCAG00000010003:TRAF3	0	0	0	0	0	0	0	0	0	0.790685349706827	0.939166109994007	0.962581725745077	1	0.906875828115128	0.983397081139809	0.995829648613042	1	0.999291037526973	0.999991291971044
ENSFCAG00000006925:PARP2	0	0	0	0	0	0	0	0	0	0.794082705013503	0.928150321377734	0.962588434915712	1	0.906875828115128	0.983397081139809	0.995829648613042	1	0.99929129336658	0.999991291971044
ENSFCAG00000008547:EBF1	0	0	0	0	0	0	0	0	0	0.79354368213751	0.930769888570716	0.962693436622049	1	0.906875828115128	0.983397081139809	0.995829648613042	1	0.999295291285261	0.999991291971044
ENSFCAG00000031492:ESR1	0	0	0	0	0	0	0	0	0	0.788750921431984	0.948361725653717	0.962721375882392	1	0.906875828115128	0.983397081139809	0.995829648613042	1	0.999296353137778	0.999991291971044
ENSFCAG00000009752:CRTC1	0	0	0	0	0	0	0	0	0	0.792035158786288	0.936172435505994	0.962744581287728	1	0.906875828115128	0.983397081139809	0.995829648613042	1	0.999297234460194	0.999991291971044
ENSFCAG00000030412:RUNX1T1	0	0	0	0	0	0	0	0	0	0.79385561856527	0.930342586491321	0.962750186270898	1	0.906875828115128	0.983397081139809	0.995829648613042	1	0.999297447249029	0.999991291971044
ENSFCAG00000004384:TGFBR2	0	0	0	0	0	0	0	0	0	0.790853864800145	0.941374182001365	0.962837794624667	1	0.906875828115128	0.983397081139809	0.995829648613042	1	0.999300768991179	0.999991291971044
ENSFCAG00000009978:WIF1	0	0	0	0	0	0	0	0	0	0.793197156049505	0.935633294504208	0.963073745562166	1	0.906875828115128	0.983397081139809	0.995829648613042	1	0.999309675619985	0.999991291971044
ENSFCAG00000006814:LPP	0	0	0	0	0	0	0	0	0	0.793428259260678	0.935572852796531	0.963143474426896	1	0.906875828115128	0.983397081139809	0.995829648613042	1	0.999312296664613	0.999991291971044
ENSFCAG00000014365:CHEK2	0	0	0	0	0	0	0	0	0	0.795832273745356	0.928282316806777	0.963170386981566	1	0.906875828115128	0.983397081139809	0.995829648613042	1	0.999313306932856	0.999991291971044
ENSFCAG00000002431:RXRA	0	0	0	0	0	0	0	0	0	0.791123139176636	0.944263498479284	0.963177784759153	1	0.906875828115128	0.983397081139809	0.995829648613042	1	0.999313584505676	0.999991291971044
ENSFCAG00000001964:PDPK1	0	0	0	0	0	0	0	0	0	0.79637602715075	0.926767396848238	0.963178720961138	1	0.906875828115128	0.983397081139809	0.995829648613042	1	0.999313619628962	0.999991291971044
ENSFCAG00000006864:GPC3	0	0	0	0	0	0	0	0	0	0.791100788290201	0.945474397481048	0.963271712436079	1	0.906875828115128	0.983397081139809	0.995829648613042	1	0.999317103835873	0.999991291971044
ENSFCAG00000009739:ELL	0	0	0	0	0	0	0	0	0	0.79373592627611	0.936012054903122	0.963286897424688	1	0.906875828115128	0.983397081139809	0.995829648613042	1	0.999317671934738	0.999991291971044
ENSFCAG00000013874:SGK1	0	0	0	0	0	0	0	0	0	0.794340373676131	0.934128974539437	0.963298191480912	1	0.906875828115128	0.983397081139809	0.995829648613042	1	0.999318094311308	0.999991291971044
ENSFCAG00000003915:PPP2R1A	0	0	0	0	0	0	0	0	0	0.794915955440642	0.933014970173281	0.963372822060947	1	0.906875828115128	0.983397081139809	0.995829648613042	1	0.999320882026965	0.999991291971044
ENSFCAG00000045801:ZBTB7A	0	0	0	0	0	0	0	0	0	0.787046017476804	0.968222444309683	0.963402847873204	1	0.906875828115128	0.983397081139809	0.995829648613042	1	0.999322001966105	0.999991291971044
ENSFCAG00000002126:TRAF5	0	0	0	0	0	0	0	0	0	0.794286990288257	0.935365011360444	0.963403402745777	1	0.906875828115128	0.983397081139809	0.995829648613042	1	0.999322022653608	0.999991291971044
ENSFCAG00000044117:FANCG	0	0	0	0	0	0	0	0	0	0.797046601113743	0.929136160922481	0.963654024253203	1	0.906875828115128	0.983397081139809	0.995829648613042	1	0.999331333992756	0.999991291971044
ENSFCAG00000023085:CRTC3	0	0	0	0	0	0	0	0	0	0.796145970125615	0.932514151137995	0.96371967696825	1	0.906875828115128	0.983397081139809	0.995829648613042	1	0.999333762413227	0.999991291971044
ENSFCAG00000041932:RUNX2	0	0	0	0	0	0	0	0	0	0.794618284975682	0.938660011390422	0.963826701393621	1	0.906875828115128	0.983397081139809	0.995829648613042	1	0.99933771153891	0.999991291971044
ENSFCAG00000009580:PAX8	0	0	0	0	0	0	0	0	0	0.794542351526384	0.939739272036734	0.963901730767642	1	0.906875828115128	0.983397081139809	0.995829648613042	1	0.999340472983709	0.999991291971044
ENSFCAG00000031995:SESN1	0	0	0	0	0	0	0	0	0	0.794421620136167	0.940224346391134	0.963906672945867	1	0.906875828115128	0.983397081139809	0.995829648613042	1	0.999340654674811	0.999991291971044
ENSFCAG00000022789:CCT6B	0	0	0	0	0	0	0	0	0	0.796859557002582	0.932309403801636	0.963928428053484	1	0.906875828115128	0.983397081139809	0.995829648613042	1	0.999341454164499	0.999991291971044
ENSFCAG00000012180:AKT2	0	0	0	0	0	0	0	0	0	0.796173350446863	0.937691108520701	0.964239501585686	1	0.906875828115128	0.983397081139809	0.995829648613042	1	0.999352832267511	0.999991291971044
ENSFCAG00000028670:ETV5	0	0	0	0	0	0	0	0	0	0.797215694586841	0.934648553157056	0.964279566442973	1	0.906875828115128	0.983397081139809	0.995829648613042	1	0.99935429041976	0.999991291971044
ENSFCAG00000013380:ATP6V1B2	0	0	0	0	0	0	0	0	0	0.799572132849458	0.930271571138656	0.96458122949172	1	0.906875828115128	0.983397081139809	0.995829648613042	1	0.999365215936573	0.999991291971044
ENSFCAG00000008473:NFIB	0	0	0	0	0	0	0	0	0	0.798279101519493	0.934291006843629	0.964584302315649	1	0.906875828115128	0.983397081139809	0.995829648613042	1	0.999365326741491	0.999991291971044
ENSFCAG00000027928:FUS	0	0	0	0	0	0	0	0	0	0.801294539247356	0.926301752055569	0.964691004882684	1	0.906875828115128	0.983397081139809	0.995829648613042	1	0.999369168325967	0.999991291971044
ENSFCAG00000001436:PRDM14	0	0	0	0	0	0	0	0	0	0.795254926350446	0.946225743977963	0.964695422407812	1	0.906875828115128	0.983397081139809	0.995829648613042	1	0.999369327114533	0.999991291971044
ENSFCAG00000009638:HNF1A	0	0	0	0	0	0	0	0	0	0.797673595250829	0.937846279077102	0.964736571769564	1	0.906875828115128	0.983397081139809	0.995829648613042	1	0.999370805262342	0.999991291971044
ENSFCAG00000002457:TBL1XR1	0	0	0	0	0	0	0	0	0	0.802381902187212	0.924443259599366	0.964820114042281	1	0.906875828115128	0.983397081139809	0.995829648613042	1	0.999373800829328	0.999991291971044
ENSFCAG00000009235:YES1	0	0	0	0	0	0	0	0	0	0.79951386153704	0.933105054893362	0.964857509250582	1	0.906875828115128	0.983397081139809	0.995829648613042	1	0.999375139361874	0.999991291971044
ENSFCAG00000002012:ARID3B	0	0	0	0	0	0	0	0	0	0.796395718368495	0.946057903412461	0.96505079536911	1	0.906875828115128	0.983397081139809	0.995829648613042	1	0.999382034784428	0.999991291971044
ENSFCAG00000039893:CHN1	0	0	0	0	0	0	0	0	0	0.800355447380024	0.932547567908242	0.965066841529411	1	0.906875828115128	0.983397081139809	0.995829648613042	1	0.999382605485819	0.999991291971044
ENSFCAG00000004158:PAK1	0	0	0	0	0	0	0	0	0	0.800635637325091	0.932109675785389	0.965110125412684	1	0.906875828115128	0.983397081139809	0.995829648613042	1	0.999384143599787	0.999991291971044
ENSFCAG00000023460:ELF4	0	0	0	0	0	0	0	0	0	0.798347035727113	0.942541618039072	0.965379255833799	1	0.906875828115128	0.983397081139809	0.995829648613042	1	0.999393663724465	0.999991291971044
ENSFCAG00000002807:SOX10	0	0	0	0	0	0	0	0	0	0.79562914234125	0.953756325563059	0.965389157751276	1	0.906875828115128	0.983397081139809	0.995829648613042	1	0.999394012560256	0.999991291971044
ENSFCAG00000026512:CRBN	0	0	0	0	0	0	0	0	0	0.802891866893016	0.928837259763783	0.965470641730402	1	0.906875828115128	0.983397081139809	0.995829648613042	1	0.999396879312105	0.999991291971044
ENSFCAG00000009399:SEPTIN9	0	0	0	0	0	0	0	0	0	0.798405059705586	0.943686825266798	0.965496915729737	1	0.906875828115128	0.983397081139809	0.995829648613042	1	0.999397802212033	0.999991291971044
ENSFCAG00000023614:LYN	0	0	0	0	0	0	0	0	0	0.802490940791266	0.932289490383665	0.96571099093701	1	0.906875828115128	0.983397081139809	0.995829648613042	1	0.999405295169057	0.999991291971044
ENSFCAG00000012483:HDAC1	0	0	0	0	0	0	0	0	0	0.801842785507626	0.934916157464745	0.965773963592566	1	0.906875828115128	0.983397081139809	0.995829648613042	1	0.999407490274114	0.999991291971044
ENSFCAG00000023845:ACVR2A	0	0	0	0	0	0	0	0	0	0.802071657881311	0.934285710538215	0.965782837807959	1	0.906875828115128	0.983397081139809	0.995829648613042	1	0.999407799282014	0.999991291971044
ENSFCAG00000009461:SMARCD1	0	0	0	0	0	0	0	0	0	0.803899311973565	0.928872428830361	0.965787548553444	1	0.906875828115128	0.983397081139809	0.995829648613042	1	0.999407963281139	0.999991291971044
ENSFCAG00000027895:BMPR1A	0	0	0	0	0	0	0	0	0	0.802709309342976	0.933409790933328	0.965893834193986	1	0.906875828115128	0.983397081139809	0.995829648613042	1	0.99941165738468	0.999991291971044
ENSFCAG00000005890:SLC1A2	0	0	0	0	0	0	0	0	0	0.799007643133097	0.946554608288593	0.965928553099655	1	0.906875828115128	0.983397081139809	0.995829648613042	1	0.999412861553716	0.999991291971044
ENSFCAG00000005257:SMAD4	0	0	0	0	0	0	0	0	0	0.800889260571079	0.940968113521622	0.966046369131661	1	0.906875828115128	0.983397081139809	0.995829648613042	1	0.99941693850984	0.999991291971044
ENSFCAG00000034591:FRS2	0	0	0	0	0	0	0	0	0	0.799310927283658	0.94718590364801	0.966076097172453	1	0.906875828115128	0.983397081139809	0.995829648613042	1	0.999417964961371	0.999991291971044
ENSFCAG00000029172:KMT5A	0	0	0	0	0	0	0	0	0	0.799796300894641	0.946035100205801	0.966136701112393	1	0.906875828115128	0.983397081139809	0.995829648613042	1	0.999420054664427	0.999991291971044
ENSFCAG00000028662:PSIP1	0	0	0	0	0	0	0	0	0	0.808075620014377	0.923680778795522	0.966483422441757	1	0.906875828115128	0.983397081139809	0.995829648613042	1	0.999431936987006	0.999991291971044
ENSFCAG00000003665:EIF3E	0	0	0	0	0	0	0	0	0	0.805726921290354	0.930384735380862	0.966513749796021	1	0.906875828115128	0.983397081139809	0.995829648613042	1	0.999432970405046	0.999991291971044
ENSFCAG00000027261:TGFBR1	0	0	0	0	0	0	0	0	0	0.804264418551343	0.936910369305402	0.966723271408237	1	0.906875828115128	0.983397081139809	0.995829648613042	1	0.999440083951138	0.999991291971044
ENSFCAG00000000308:WT1	0	0	0	0	0	0	0	0	0	0.802548779791458	0.943043322734504	0.966750638322092	1	0.906875828115128	0.983397081139809	0.995829648613042	1	0.999441009742154	0.999991291971044
ENSFCAG00000026440:TRIM27	0	0	0	0	0	0	0	0	0	0.802414359702332	0.944317488989932	0.966817942925313	1	0.906875828115128	0.983397081139809	0.995829648613042	1	0.999443283283529	0.999991291971044
ENSFCAG00000005081:SESN3	0	0	0	0	0	0	0	0	0	0.804305432041804	0.938525224542659	0.966889334949369	1	0.906875828115128	0.983397081139809	0.995829648613042	1	0.999445689776657	0.999991291971044
ENSFCAG00000003700:AKT3	0	0	0	0	0	0	0	0	0	0.80618142792535	0.932760652818463	0.966901256872251	1	0.906875828115128	0.983397081139809	0.995829648613042	1	0.999446091128985	0.999991291971044
ENSFCAG00000043801:ZNF703	0	0	0	0	0	0	0	0	0	0.797668806717541	0.969903903359973	0.966984022845164	1	0.906875828115128	0.983397081139809	0.995829648613042	1	0.999448873398474	0.999991291971044
ENSFCAG00000026263:ACVR1B	0	0	0	0	0	0	0	0	0	0.804432820204714	0.939677675169382	0.967035782300215	1	0.906875828115128	0.983397081139809	0.995829648613042	1	0.999450609749268	0.999991291971044
ENSFCAG00000022796:PGBD5	0	0	0	0	0	0	0	0	0	0.801143810488182	0.953252787946899	0.967116021072986	1	0.906875828115128	0.983397081139809	0.995829648613042	1	0.999453296006571	0.999991291971044
ENSFCAG00000012482:LCK	0	0	0	0	0	0	0	0	0	0.805915872427152	0.936281139843301	0.967171556683341	1	0.906875828115128	0.983397081139809	0.995829648613042	1	0.999455151345733	0.999991291971044
ENSFCAG00000008054:ACVR1	0	0	0	0	0	0	0	0	0	0.804424178211218	0.941379783827625	0.967187456341254	1	0.906875828115128	0.983397081139809	0.995829648613042	1	0.999455681935895	0.999991291971044
ENSFCAG00000038609:FCRL4	0	0	0	0	0	0	0	0	0	0.804614810918275	0.940761563068854	0.967190878329881	1	0.906875828115128	0.983397081139809	0.995829648613042	1	0.999455796097473	0.999991291971044
ENSFCAG00000009146:PARP3	0	0	0	0	0	0	0	0	0	0.806439719842772	0.935261498108904	0.967232194815122	1	0.906875828115128	0.983397081139809	0.995829648613042	1	0.999457173508607	0.999991291971044
ENSFCAG00000013654:PHF1	0	0	0	0	0	0	0	0	0	0.80681828085338	0.934533272743209	0.96727559098399	1	0.906875828115128	0.983397081139809	0.995829648613042	1	0.99945861835197	0.999991291971044
ENSFCAG00000036602:IKZF2	0	0	0	0	0	0	0	0	0	0.804904589645864	0.940823317625769	0.96728598280044	1	0.906875828115128	0.983397081139809	0.995829648613042	1	0.999458964050881	0.999991291971044
ENSFCAG00000022556:HLF	0	0	0	0	0	0	0	0	0	0.801711462069088	0.954023757794516	0.967349075960187	1	0.906875828115128	0.983397081139809	0.995829648613042	1	0.999461060540184	0.999991291971044
ENSFCAG00000009924:IL21R	0	0	0	0	0	0	0	0	0	0.804388317354125	0.944061214356587	0.967410530184888	1	0.906875828115128	0.983397081139809	0.995829648613042	1	0.999463098614023	0.999991291971044
ENSFCAG00000000389:TRAF2	0	0	0	0	0	0	0	0	0	0.805768573022072	0.939691829683798	0.967448994345135	1	0.906875828115128	0.983397081139809	0.995829648613042	1	0.999464372256757	0.999991291971044
ENSFCAG00000044523:SOX9	0	0	0	0	0	0	0	0	0	0.800769040275147	0.960198501796322	0.967455373139717	1	0.906875828115128	0.983397081139809	0.995829648613042	1	0.999464583326463	0.999991291971044
ENSFCAG00000042921:IKZF1	0	0	0	0	0	0	0	0	0	0.804272091319701	0.946026641099897	0.967539194720345	1	0.906875828115128	0.983397081139809	0.995829648613042	1	0.999467353014595	0.999991291971044
ENSFCAG00000029360:DDX6	0	0	0	0	0	0	0	0	0	0.807579799951184	0.935409807948334	0.967594739784682	1	0.906875828115128	0.983397081139809	0.995829648613042	1	0.999469184370905	0.999991291971044
ENSFCAG00000012902:FANCE	0	0	0	0	0	0	0	0	0	0.806145206249683	0.940771336841777	0.967663051659216	1	0.906875828115128	0.983397081139809	0.995829648613042	1	0.999471432285004	0.999991291971044
ENSFCAG00000002574:TFE3	0	0	0	0	0	0	0	0	0	0.806843839012551	0.938669898912179	0.967683638176077	1	0.906875828115128	0.983397081139809	0.995829648613042	1	0.999472108772405	0.999991291971044
ENSFCAG00000018598:ETS1	0	0	0	0	0	0	0	0	0	0.805797124640224	0.942619402082316	0.96772055332997	1	0.906875828115128	0.983397081139809	0.995829648613042	1	0.999473320733507	0.999991291971044
ENSFCAG00000008071:TMPRSS2	0	0	0	0	0	0	0	0	0	0.808636448122923	0.933717659642424	0.967746223640347	1	0.906875828115128	0.983397081139809	0.995829648613042	1	0.999474162685156	0.999991291971044
ENSFCAG00000005528:NUF2	0	0	0	0	0	0	0	0	0	0.809418576135719	0.932003168543395	0.967806474193709	1	0.906875828115128	0.983397081139809	0.995829648613042	1	0.999476136147631	0.999991291971044
ENSFCAG00000006724:SLC45A3	0	0	0	0	0	0	0	0	0	0.802162282787311	0.958958246138929	0.967817554321311	1	0.906875828115128	0.983397081139809	0.995829648613042	1	0.999476498660716	0.999991291971044
ENSFCAG00000006231:PPARG	0	0	0	0	0	0	0	0	0	0.804289814620643	0.950021238909119	0.967861184326723	1	0.906875828115128	0.983397081139809	0.995829648613042	1	0.999477924888348	0.999991291971044
ENSFCAG00000024268:CD36	0	0	0	0	0	0	0	0	0	0.808806595044008	0.935283733042633	0.967954322356539	1	0.906875828115128	0.983397081139809	0.995829648613042	1	0.9994809629105	0.999991291971044
ENSFCAG00000029939:SPRTN	0	0	0	0	0	0	0	0	0	0.804909188629459	0.949148084410462	0.967985741543648	1	0.906875828115128	0.983397081139809	0.995829648613042	1	0.99948198573546	0.999991291971044
ENSFCAG00000031216:CA5B	0	0	0	0	0	0	0	0	0	0.810821463466552	0.929961246953662	0.968012010329952	1	0.906875828115128	0.983397081139809	0.995829648613042	1	0.999482840110738	0.999991291971044
ENSFCAG00000001249:SUFU	0	0	0	0	0	0	0	0	0	0.808306531460958	0.937435749835407	0.968012082283644	1	0.906875828115128	0.983397081139809	0.995829648613042	1	0.999482842450006	0.999991291971044
ENSFCAG00000041799:E2F3	0	0	0	0	0	0	0	0	0	0.80503652379623	0.949188122171841	0.968028170183338	1	0.906875828115128	0.983397081139809	0.995829648613042	1	0.999483365345363	0.999991291971044
ENSFCAG00000009499:KBTBD4	0	0	0	0	0	0	0	0	0	0.805489064866397	0.947585183890224	0.968041555496363	1	0.906875828115128	0.983397081139809	0.995829648613042	1	0.999483800196397	0.999991291971044
ENSFCAG00000015103:CHEK1	0	0	0	0	0	0	0	0	0	0.809636474985602	0.934180372060332	0.968094600442799	1	0.906875828115128	0.983397081139809	0.995829648613042	1	0.999485521656926	0.999991291971044
ENSFCAG00000010770:CSF1	0	0	0	0	0	0	0	0	0	0.807422090931407	0.941854436655399	0.968150390340702	1	0.906875828115128	0.983397081139809	0.995829648613042	1	0.999487329063002	0.999991291971044
ENSFCAG00000001845:GAS7	0	0	0	0	0	0	0	0	0	0.810481524624768	0.932411678521032	0.968168013042779	1	0.906875828115128	0.983397081139809	0.995829648613042	1	0.999487899311449	0.999991291971044
ENSFCAG00000002222:MUTYH	0	0	0	0	0	0	0	0	0	0.811466564478228	0.929831551683327	0.968190561189183	1	0.906875828115128	0.983397081139809	0.995829648613042	1	0.999488628473293	0.999991291971044
ENSFCAG00000028305:FOXA1	0	0	0	0	0	0	0	0	0	0.803445541656514	0.958562775008555	0.968193806243033	1	0.906875828115128	0.983397081139809	0.995829648613042	1	0.999488733368602	0.999991291971044
ENSFCAG00000008765:PAX7	0	0	0	0	0	0	0	0	0	0.80608031496792	0.947714180359485	0.96823365573277	1	0.906875828115128	0.983397081139809	0.995829648613042	1	0.999490020603543	0.999991291971044
ENSFCAG00000029513:ABI1	0	0	0	0	0	0	0	0	0	0.80954615160143	0.936414046077348	0.968288179544809	1	0.906875828115128	0.983397081139809	0.995829648613042	1	0.99949177919741	0.999991291971044
ENSFCAG00000023859:CYP19A1	0	0	0	0	0	0	0	0	0	0.808298462575069	0.94108470381408	0.96834801223906	1	0.906875828115128	0.983397081139809	0.995829648613042	1	0.999493705489125	0.999991291971044
ENSFCAG00000027073:CDK8	0	0	0	0	0	0	0	0	0	0.812671845470563	0.928785242627104	0.968435211384888	1	0.906875828115128	0.983397081139809	0.995829648613042	1	0.999496506213743	0.999991291971044
ENSFCAG00000035050:YAP1	0	0	0	0	0	0	0	0	0	0.808871781736463	0.940745817532047	0.968491033938794	1	0.906875828115128	0.983397081139809	0.995829648613042	1	0.999498295040436	0.999991291971044
ENSFCAG00000024950:ARID5A	0	0	0	0	0	0	0	0	0	0.804773324801403	0.957504673264152	0.968538324041214	1	0.906875828115128	0.983397081139809	0.995829648613042	1	0.999499807928364	0.999991291971044
ENSFCAG00000027765:HNRNPA2B1	0	0	0	0	0	0	0	0	0	0.808098743847489	0.944228673530325	0.968562613477183	1	0.906875828115128	0.983397081139809	0.995829648613042	1	0.999500584089695	0.999991291971044
ENSFCAG00000004957:AKT1	0	0	0	0	0	0	0	0	0	0.809124191609037	0.941024569718526	0.968592453447348	1	0.906875828115128	0.983397081139809	0.995829648613042	1	0.999501536782789	0.999991291971044
ENSFCAG00000028455:PRF1	0	0	0	0	0	0	0	0	0	0.804746460820462	0.958564784888745	0.968597822807356	1	0.906875828115128	0.983397081139809	0.995829648613042	1	0.999501708111381	0.999991291971044
ENSFCAG00000022519:NAB2	0	0	0	0	0	0	0	0	0	0.80752692635359	0.947287770674035	0.968641929353373	1	0.906875828115128	0.983397081139809	0.995829648613042	1	0.999503114361662	0.999991291971044
ENSFCAG00000014851:MDM4	0	0	0	0	0	0	0	0	0	0.81174712161576	0.934011309912145	0.968709051001163	1	0.906875828115128	0.983397081139809	0.995829648613042	1	0.999505250549371	0.999991291971044
ENSFCAG00000008618:EZH2	0	0	0	0	0	0	0	0	0	0.812630470645579	0.932601058483225	0.968827388382462	1	0.906875828115128	0.983397081139809	0.995829648613042	1	0.999509005381663	0.999991291971044
ENSFCAG00000011007:MSI1	0	0	0	0	0	0	0	0	0	0.810312273362964	0.940805581554523	0.968930253428475	1	0.906875828115128	0.983397081139809	0.995829648613042	1	0.999512257535308	0.999991291971044
ENSFCAG00000001254:CYP17A1	0	0	0	0	0	0	0	0	0	0.80833843088617	0.94809681753602	0.968953227344958	1	0.906875828115128	0.983397081139809	0.995829648613042	1	0.999512982380577	0.999991291971044
ENSFCAG00000002211:NTHL1	0	0	0	0	0	0	0	0	0	0.807431878200716	0.951730944169852	0.968955270155091	1	0.906875828115128	0.983397081139809	0.995829648613042	1	0.999513046806484	0.999991291971044
ENSFCAG00000026462:VEGFA	0	0	0	0	0	0	0	0	0	0.810704352973311	0.939895149835338	0.968964781585626	1	0.906875828115128	0.983397081139809	0.995829648613042	1	0.999513346720159	0.999991291971044
ENSFCAG00000013396:SESN2	0	0	0	0	0	0	0	0	0	0.811973465339663	0.936318010850863	0.969004963281533	1	0.906875828115128	0.983397081139809	0.995829648613042	1	0.999514612695874	0.999991291971044
ENSFCAG00000013972:RASGEF1A	0	0	0	0	0	0	0	0	0	0.811247893557671	0.938708405450569	0.969017171283921	1	0.906875828115128	0.983397081139809	0.995829648613042	1	0.999514996994582	0.999991291971044
ENSFCAG00000030898:NADK	0	0	0	0	0	0	0	0	0	0.811574654856448	0.938260471218214	0.969072487833075	1	0.906875828115128	0.983397081139809	0.995829648613042	1	0.999516736390532	0.999991291971044
ENSFCAG00000024419:MITF	0	0	0	0	0	0	0	0	0	0.812573866699698	0.935306088104383	0.969083798388973	1	0.906875828115128	0.983397081139809	0.995829648613042	1	0.999517091655402	0.999991291971044
ENSFCAG00000003395:RPS6KB2	0	0	0	0	0	0	0	0	0	0.81200854063205	0.937025464600279	0.969083870301362	1	0.906875828115128	0.983397081139809	0.995829648613042	1	0.99951709391375	0.999991291971044
ENSFCAG00000030336:IFNGR1	0	0	0	0	0	0	0	0	0	0.811085294046056	0.942295524572942	0.969294736594126	1	0.906875828115128	0.983397081139809	0.995829648613042	1	0.999523693043662	0.999991291971044
ENSFCAG00000025854:CASP8	0	0	0	0	0	0	0	0	0	0.811725278064157	0.940324489497576	0.969308841229239	1	0.906875828115128	0.983397081139809	0.995829648613042	1	0.999524132815915	0.999991291971044
ENSFCAG00000004913:EPOR	0	0	0	0	0	0	0	0	0	0.810643604532214	0.944531803483149	0.96935591743293	1	0.906875828115128	0.983397081139809	0.995829648613042	1	0.99952559913201	0.999991291971044
ENSFCAG00000029278:ETV1	0	0	0	0	0	0	0	0	0	0.812624098680677	0.938163553440322	0.969375063433674	1	0.906875828115128	0.983397081139809	0.995829648613042	1	0.999526194832159	0.999991291971044
ENSFCAG00000018967:PAX3	0	0	0	0	0	0	0	0	0	0.811467347559307	0.942747683362747	0.96944848645958	1	0.906875828115128	0.983397081139809	0.995829648613042	1	0.999528475777877	0.999991291971044
ENSFCAG00000043511:NONO	0	0	0	0	0	0	0	0	0	0.814610541513736	0.933334512267397	0.96948559148984	1	0.906875828115128	0.983397081139809	0.995829648613042	1	0.999529626360447	0.999991291971044
ENSFCAG00000029721:PPP2R2A	0	0	0	0	0	0	0	0	0	0.813013988742819	0.938944051743817	0.969563752299743	1	0.906875828115128	0.983397081139809	0.995829648613042	1	0.999532045387243	0.999991291971044
ENSFCAG00000030732:IKZF3	0	0	0	0	0	0	0	0	0	0.811067944993146	0.946496177451023	0.969646404217526	1	0.906875828115128	0.983397081139809	0.995829648613042	1	0.999534596556589	0.999991291971044
ENSFCAG00000040420:GSK3B	0	0	0	0	0	0	0	0	0	0.817285718720772	0.927916560261002	0.969687681644915	1	0.906875828115128	0.983397081139809	0.995829648613042	1	0.999535868005421	0.999991291971044
ENSFCAG00000004785:CBLC	0	0	0	0	0	0	0	0	0	0.812500185884498	0.942392952311748	0.969724466545099	1	0.906875828115128	0.983397081139809	0.995829648613042	1	0.999536999592447	0.999991291971044
ENSFCAG00000009909:ETV4	0	0	0	0	0	0	0	0	0	0.813576567436412	0.939034956289223	0.969738271305392	1	0.906875828115128	0.983397081139809	0.995829648613042	1	0.999537423898115	0.999991291971044
ENSFCAG00000006761:RUNX1	0	0	0	0	0	0	0	0	0	0.809656044468983	0.954102501640205	0.969799958194986	1	0.906875828115128	0.983397081139809	0.995829648613042	1	0.999539317516727	0.999991291971044
ENSFCAG00000030101:ERF	0	0	0	0	0	0	0	0	0	0.810146196069327	0.952078791621033	0.969802529885851	1	0.906875828115128	0.983397081139809	0.995829648613042	1	0.999539396375394	0.999991291971044
ENSFCAG00000009292:SETD4	0	0	0	0	0	0	0	0	0	0.814331139110483	0.937446703589201	0.969810137628663	1	0.906875828115128	0.983397081139809	0.995829648613042	1	0.999539629620294	0.999991291971044
ENSFCAG00000031620:PDK1	0	0	0	0	0	0	0	0	0	0.813856887447645	0.93902116181605	0.969819528282777	1	0.906875828115128	0.983397081139809	0.995829648613042	1	0.999539917444965	0.999991291971044
ENSFCAG00000040324:ZNF331	0	0	0	0	0	0	0	0	0	0.811392376745321	0.949597700209728	0.969989478829776	1	0.906875828115128	0.983397081139809	0.995829648613042	1	0.999545110736601	0.999991291971044
ENSFCAG00000010727:PIGA	0	0	0	0	0	0	0	0	0	0.809719911852186	0.957220266546653	0.970030250770333	1	0.906875828115128	0.983397081139809	0.995829648613042	1	0.999546352202957	0.999991291971044
ENSFCAG00000011595:MEF2C	0	0	0	0	0	0	0	0	0	0.814604387591799	0.939123311299083	0.970048539362283	1	0.906875828115128	0.983397081139809	0.995829648613042	1	0.999546908516226	0.999991291971044
ENSFCAG00000011397:ATP6AP1	0	0	0	0	0	0	0	0	0	0.812172271499271	0.948740123553736	0.970155160208402	1	0.906875828115128	0.983397081139809	0.995829648613042	1	0.999550144908176	0.999991291971044
ENSFCAG00000012037:XIAP	0	0	0	0	0	0	0	0	0	0.812953008122276	0.946223080934223	0.970184647348721	1	0.906875828115128	0.983397081139809	0.995829648613042	1	0.99955103789863	0.999991291971044
ENSFCAG00000018794:CREB3L1	0	0	0	0	0	0	0	0	0	0.815301225340399	0.939081644493717	0.970248463525814	1	0.906875828115128	0.983397081139809	0.995829648613042	1	0.999552967443256	0.999991291971044
ENSFCAG00000006604:SETD6	0	0	0	0	0	0	0	0	0	0.814222783041396	0.942834290339978	0.970271582420927	1	0.906875828115128	0.983397081139809	0.995829648613042	1	0.999553665429945	0.999991291971044
ENSFCAG00000001593:EED	0	0	0	0	0	0	0	0	0	0.817202096232031	0.933966149278822	0.970303305269044	1	0.906875828115128	0.983397081139809	0.995829648613042	1	0.999554622283598	0.999991291971044
ENSFCAG00000007485:ERG	0	0	0	0	0	0	0	0	0	0.814893008340729	0.942552169102607	0.97044336880557	1	0.906875828115128	0.983397081139809	0.995829648613042	1	0.999558834610261	0.999991291971044
ENSFCAG00000042373:FLI1	0	0	0	0	0	0	0	0	0	0.815086931813109	0.941950899274477	0.970446975877935	1	0.906875828115128	0.983397081139809	0.995829648613042	1	0.999558942823774	0.999991291971044
ENSFCAG00000005262:STK40	0	0	0	0	0	0	0	0	0	0.813430566239824	0.948102716689513	0.970477594362419	1	0.906875828115128	0.983397081139809	0.995829648613042	1	0.999559860849787	0.999991291971044
ENSFCAG00000028016:KLF4	0	0	0	0	0	0	0	0	0	0.812761676515314	0.955264422327745	0.970808633587059	1	0.906875828115128	0.983397081139809	0.995829648613042	1	0.999569724636184	0.999991291971044
ENSFCAG00000040498:YY1	0	0	0	0	0	0	0	0	0	0.814588433088013	0.948760080604824	0.970870110447401	1	0.906875828115128	0.983397081139809	0.995829648613042	1	0.999571543997749	0.999991291971044
ENSFCAG00000032199:EGR1	1	0	0	0	0	0	0	0	0	0.811467775956195	0.962816310515683	0.970896236094896	1	0.906875828115128	0.983397081139809	0.995829648613042	1	0.999572315988004	0.999991291971044
ENSFCAG00000043374:MYCN	0	0	0	0	0	0	0	0	0	0.811270072136187	0.964432093622597	0.970926924181566	1	0.906875828115128	0.983397081139809	0.995829648613042	1	0.999573221896502	0.999991291971044
ENSFCAG00000033222:TUSC3	0	0	0	0	0	0	0	0	0	0.818286499770056	0.937392150478812	0.97095292844106	1	0.906875828115128	0.983397081139809	0.995829648613042	1	0.99957398877981	0.999991291971044
ENSFCAG00000041254:CCDC6	0	0	0	0	0	0	0	0	0	0.818068031348496	0.938240785566938	0.970970986507017	1	0.906875828115128	0.983397081139809	0.995829648613042	1	0.99957452091472	0.999991291971044
ENSFCAG00000010809:GABRA6	0	0	0	0	0	0	0	0	0	0.815590284231703	0.947360315055663	0.971051937207955	1	0.906875828115128	0.983397081139809	0.995829648613042	1	0.999576902242046	0.999991291971044
ENSFCAG00000027801:BCL3	0	0	0	0	0	0	0	0	0	0.815518929432626	0.948940468609799	0.971156450283035	1	0.906875828115128	0.983397081139809	0.995829648613042	1	0.99957996672336	0.999991291971044
ENSFCAG00000009200:IL7R	0	0	0	0	0	0	0	0	0	0.816428775252546	0.946119811270857	0.971194829756782	1	0.906875828115128	0.983397081139809	0.995829648613042	1	0.999581089243959	0.999991291971044
ENSFCAG00000031608:KLF5	0	0	0	0	0	0	0	0	0	0.813461406953828	0.958070480248198	0.971201484755146	1	0.906875828115128	0.983397081139809	0.995829648613042	1	0.999581283734663	0.999991291971044
ENSFCAG00000031493:FOXO4	0	0	0	0	0	0	0	0	0	0.813812891193334	0.956620808664704	0.971210669712154	1	0.906875828115128	0.983397081139809	0.995829648613042	1	0.99958155208789	0.999991291971044
ENSFCAG00000046322:IRF8	0	0	0	0	0	0	0	0	0	0.816871071480971	0.945313617511252	0.971256087151649	1	0.906875828115128	0.983397081139809	0.995829648613042	1	0.999582877754419	0.999991291971044
ENSFCAG00000014980:PLAG1	0	0	0	0	0	0	0	0	0	0.813182487320242	0.962292718273088	0.971375970671313	1	0.906875828115128	0.983397081139809	0.995829648613042	1	0.999586366772063	0.999991291971044
ENSFCAG00000004375:ERRFI1	0	0	0	0	0	0	0	0	0	0.813922678830205	0.960774349446405	0.971505245763308	1	0.906875828115128	0.983397081139809	0.995829648613042	1	0.999590112536841	0.999991291971044
ENSFCAG00000038251:MAP2K4	0	0	0	0	0	0	0	0	0	0.821035914685502	0.935617637282115	0.971563405779139	1	0.906875828115128	0.983397081139809	0.995829648613042	1	0.999591792121221	0.999991291971044
ENSFCAG00000031618:FANCL	0	0	0	0	0	0	0	0	0	0.822557102325494	0.931544991023025	0.971576594286138	1	0.906875828115128	0.983397081139809	0.995829648613042	1	0.999592172503602	0.999991291971044
ENSFCAG00000027219:IDH2	0	0	0	0	0	0	0	0	0	0.818261948940746	0.944518123598805	0.971590167363818	1	0.906875828115128	0.983397081139809	0.995829648613042	1	0.999592563790823	0.999991291971044
ENSFCAG00000038120:SMYD3	0	0	0	0	0	0	0	0	0	0.822178547221554	0.933337892007403	0.971656213910141	1	0.906875828115128	0.983397081139809	0.995829648613042	1	0.999594465086875	0.999991291971044
ENSFCAG00000028288:PRCC	0	0	0	0	0	0	0	0	0	0.817635417879043	0.9476464205529	0.971668047883812	1	0.906875828115128	0.983397081139809	0.995829648613042	1	0.999594805279736	0.999991291971044
ENSFCAG00000033150:PTK6	0	0	0	0	0	0	0	0	0	0.818120086329561	0.946218131922814	0.971691586715554	1	0.906875828115128	0.983397081139809	0.995829648613042	1	0.999595481525301	0.999991291971044
ENSFCAG00000038081:PRKN	0	0	0	0	0	0	0	0	0	0.823368349574754	0.931972546508042	0.971847997574782	1	0.906875828115128	0.983397081139809	0.995829648613042	1	0.999599960560316	0.999991291971044
ENSFCAG00000009538:TRIP13	0	0	0	0	0	0	0	0	0	0.819476536922715	0.943525621025578	0.971852823732044	1	0.906875828115128	0.983397081139809	0.995829648613042	1	0.999600098363441	0.999991291971044
ENSFCAG00000018126:WAS	0	0	0	0	0	0	0	0	0	0.820517641648565	0.940249829770594	0.971857309262788	1	0.906875828115128	0.983397081139809	0.995829648613042	1	0.999600226419038	0.999991291971044
ENSFCAG00000028515:RARA	0	0	0	0	0	0	0	0	0	0.81866500973484	0.949862666656556	0.972137996054586	1	0.906875828115128	0.983397081139809	0.995829648613042	1	0.999608198455254	0.999991291971044
ENSFCAG00000011521:TFEB	0	0	0	0	0	0	0	0	0	0.819019143885396	0.948756609759359	0.972153598954664	1	0.906875828115128	0.983397081139809	0.995829648613042	1	0.999608639229198	0.999991291971044
ENSFCAG00000013883:EIF4A2	0	0	0	0	0	0	0	0	0	0.821393575375217	0.941168591430579	0.972188558362733	1	0.906875828115128	0.983397081139809	0.995829648613042	1	0.999609625905465	0.999991291971044
ENSFCAG00000022941:IRF4	0	0	0	0	0	0	0	0	0	0.822054146506923	0.941882557823019	0.972438599481592	1	0.906875828115128	0.983397081139809	0.995829648613042	1	0.999616646289267	0.999991291971044
ENSFCAG00000018503:ABRAXAS1	0	0	0	0	0	0	0	0	0	0.822383437638805	0.941008153245012	0.972452590046236	1	0.906875828115128	0.983397081139809	0.995829648613042	1	0.999617037201715	0.999991291971044
ENSFCAG00000013722:STK11	0	0	0	0	0	0	0	0	0	0.820104626532946	0.948646305512098	0.972454621777609	1	0.906875828115128	0.983397081139809	0.995829648613042	1	0.999617093953886	0.999991291971044
ENSFCAG00000012114:OMD	0	0	0	0	0	0	0	0	0	0.818209486254855	0.956431632609603	0.972478318961487	1	0.906875828115128	0.983397081139809	0.995829648613042	1	0.999617755571721	0.999991291971044
ENSFCAG00000024841:ETV6	0	0	0	0	0	0	0	0	0	0.820773988206957	0.948074797247748	0.972599430395017	1	0.906875828115128	0.983397081139809	0.995829648613042	1	0.999621127947561	0.999991291971044
ENSFCAG00000003976:IDH1	0	0	0	0	0	0	0	0	0	0.821425961321746	0.946101019029655	0.972623776018443	1	0.906875828115128	0.983397081139809	0.995829648613042	1	0.999621804036504	0.999991291971044
ENSFCAG00000009522:TNFRSF14	0	0	0	0	0	0	0	0	0	0.821596810947268	0.947064967527228	0.972750884292185	1	0.906875828115128	0.983397081139809	0.995829648613042	1	0.999625323994493	0.999991291971044
ENSFCAG00000037388:RAD52	0	0	0	0	0	0	0	0	0	0.826238228516584	0.933622431252335	0.972811563211652	1	0.906875828115128	0.983397081139809	0.995829648613042	1	0.999626998494164	0.999991291971044
ENSFCAG00000030830:PTPN2	0	0	0	0	0	0	0	0	0	0.825255625133363	0.936333832730497	0.972811936738271	1	0.906875828115128	0.983397081139809	0.995829648613042	1	0.999627008790309	0.999991291971044
ENSFCAG00000027081:SMAD3	0	0	0	0	0	0	0	0	0	0.82101335429198	0.949992680407801	0.972816968871104	1	0.906875828115128	0.983397081139809	0.995829648613042	1	0.999627147485506	0.999991291971044
ENSFCAG00000000479:CALR	0	0	0	0	0	0	0	0	0	0.821802489335815	0.947541449600699	0.972847330922955	1	0.906875828115128	0.983397081139809	0.995829648613042	1	0.999627983769347	0.999991291971044
ENSFCAG00000015151:PAG1	0	0	0	0	0	0	0	0	0	0.822929736291071	0.945435839343773	0.972991080289602	1	0.906875828115128	0.983397081139809	0.995829648613042	1	0.999631930298603	0.999991291971044
ENSFCAG00000019200:PTEN	0	0	0	0	0	0	0	0	0	0.823174624219008	0.945313821921155	0.973049334322362	1	0.906875828115128	0.983397081139809	0.995829648613042	1	0.999633523571397	0.999991291971044
ENSFCAG00000045851:SOX17	0	0	0	0	0	0	0	0	0	0.817461380813601	0.972924307717639	0.97315401012455	1	0.906875828115128	0.983397081139809	0.995829648613042	1	0.999636377736054	0.999991291971044
ENSFCAG00000009681:RRAGC	0	0	0	0	0	0	0	0	0	0.822485060088187	0.949921485370919	0.973226251721904	1	0.906875828115128	0.983397081139809	0.995829648613042	1	0.999638340959921	0.999991291971044
ENSFCAG00000030557:FOXF1	1	0	0	0	0	0	0	0	0	0.818121996257236	0.970970624525307	0.973260790990299	1	0.906875828115128	0.983397081139809	0.995829648613042	1	0.999639277697667	0.999991291971044
ENSFCAG00000001624:CCNE1	0	0	0	0	0	0	0	0	0	0.827252520523208	0.936671253684838	0.973392456509681	1	0.906875828115128	0.983397081139809	0.995829648613042	1	0.999642837349583	0.999991291971044
ENSFCAG00000029481:PPP4R2	0	0	0	0	0	0	0	0	0	0.82578613313572	0.941054284492674	0.973402179690974	1	0.906875828115128	0.983397081139809	0.995829648613042	1	0.999643099515105	0.999991291971044
ENSFCAG00000007999:MKNK1	0	0	0	0	0	0	0	0	0	0.827279304937837	0.936741713902948	0.973406606207921	1	0.906875828115128	0.983397081139809	0.995829648613042	1	0.999643218834829	0.999991291971044
ENSFCAG00000015036:GATA4	0	0	0	0	0	0	0	0	0	0.82224363997806	0.953635346504148	0.973432924172067	1	0.906875828115128	0.983397081139809	0.995829648613042	1	0.999643927837533	0.999991291971044
ENSFCAG00000010347:MAX	0	0	0	0	0	0	0	0	0	0.82212876647976	0.956160485218438	0.973575148856281	1	0.906875828115128	0.983397081139809	0.995829648613042	1	0.999647747040879	0.999991291971044
ENSFCAG00000035352:KCNJ5	0	0	0	0	0	0	0	0	0	0.821730044409756	0.959023558946783	0.973648877636862	1	0.906875828115128	0.983397081139809	0.995829648613042	1	0.99964971872532	0.999991291971044
ENSFCAG00000041539:MYC	0	0	0	0	0	0	0	0	0	0.821441861623741	0.961362256125887	0.973710154059729	1	0.906875828115128	0.983397081139809	0.995829648613042	1	0.999651353155564	0.999991291971044
ENSFCAG00000028312:AURKB	0	0	0	0	0	0	0	0	0	0.825542426171957	0.945648778795793	0.973734442247865	1	0.906875828115128	0.983397081139809	0.995829648613042	1	0.999651999928904	0.999991291971044
ENSFCAG00000024493:AURKA	0	0	0	0	0	0	0	0	0	0.828304249573725	0.938912227401393	0.973892425448392	1	0.906875828115128	0.983397081139809	0.995829648613042	1	0.999656192098621	0.999991291971044
ENSFCAG00000005533:PBX1	0	0	0	0	0	0	0	0	0	0.82607258291083	0.94600139822422	0.973909650664257	1	0.906875828115128	0.983397081139809	0.995829648613042	1	0.999656647629517	0.999991291971044
ENSFCAG00000045414:TAL1	0	0	0	0	0	0	0	0	0	0.82244916698864	0.960337754332551	0.973932469742337	1	0.906875828115128	0.983397081139809	0.995829648613042	1	0.999657250624241	0.999991291971044
ENSFCAG00000030098:SS18	0	0	0	0	0	0	0	0	0	0.830405651508331	0.934533073816362	0.974032556326343	1	0.906875828115128	0.983397081139809	0.995829648613042	1	0.999659889099733	0.999991291971044
ENSFCAG00000043468:KLF2	0	0	0	0	0	0	0	0	0	0.822061061539056	0.964943801286003	0.974086980063277	1	0.906875828115128	0.983397081139809	0.995829648613042	1	0.999661319497787	0.999991291971044
ENSFCAG00000042273:MAF	0	0	0	0	0	0	0	0	0	0.821986699409529	0.96656494932662	0.974151088717521	1	0.906875828115128	0.983397081139809	0.995829648613042	1	0.999663000540243	0.999991291971044
ENSFCAG00000023383:GNA13	0	0	0	0	0	0	0	0	0	0.823224644171305	0.961034957955428	0.97419182155674	1	0.906875828115128	0.983397081139809	0.995829648613042	1	0.999664066435507	0.999991291971044
ENSFCAG00000006154:GATA2	0	0	0	0	0	0	0	0	0	0.824032593302331	0.957794632338755	0.974215627142726	1	0.906875828115128	0.983397081139809	0.995829648613042	1	0.999664688590561	0.999991291971044
ENSFCAG00000025659:TFG	0	0	0	0	0	0	0	0	0	0.827005942677728	0.946948544910237	0.974243226850612	1	0.906875828115128	0.983397081139809	0.995829648613042	1	0.999665409176203	0.999991291971044
ENSFCAG00000042993:GATA3	0	0	0	0	0	0	0	0	0	0.825934444286564	0.953879958055509	0.974476791469407	1	0.906875828115128	0.983397081139809	0.995829648613042	1	0.999671475883289	0.999991291971044
ENSFCAG00000022485:TMEM30A	0	0	0	0	0	0	0	0	0	0.827306235551945	0.950799865720646	0.974627450559473	1	0.906875828115128	0.983397081139809	0.995829648613042	1	0.999675359464474	0.999991291971044
ENSFCAG00000044486:MNX1	0	0	0	0	0	0	0	0	0	0.823753249314399	0.96931304699325	0.974781322271084	1	0.906875828115128	0.983397081139809	0.995829648613042	1	0.999679301819047	0.999991291971044
ENSFCAG00000045890:FOXL2	0	0	0	0	0	0	0	0	0	0.822063736974895	0.982339449148655	0.974790133059283	1	0.906875828115128	0.983434587887951	0.995829648613042	1	0.99967952682542	0.999991291971044
ENSFCAG00000036087:LMO2	0	0	0	0	0	0	0	0	0	0.826985227171205	0.955550604525426	0.974881140672211	1	0.906875828115128	0.983397081139809	0.995829648613042	1	0.999681846281858	0.999991291971044
ENSFCAG00000022640:MYCL	0	0	0	0	0	0	0	0	0	0.825934840999075	0.960717214725118	0.974924769326439	1	0.906875828115128	0.983397081139809	0.995829648613042	1	0.999682955206473	0.999991291971044
ENSFCAG00000004068:SMARCB1	0	0	0	0	0	0	0	0	0	0.830831757976194	0.943149625397203	0.974956303257634	1	0.906875828115128	0.983397081139809	0.995829648613042	1	0.999683755499753	0.999991291971044
ENSFCAG00000038026:NKX2-1	0	0	0	0	0	0	0	0	0	0.825652827588762	0.963424045586481	0.975004534136099	1	0.906875828115128	0.983397081139809	0.995829648613042	1	0.999684977568527	0.999991291971044
ENSFCAG00000003212:NDRG1	0	0	0	0	0	0	0	0	0	0.834061263320079	0.934966958153162	0.97504340551985	1	0.906875828115128	0.983397081139809	0.995829648613042	1	0.99968596075114	0.999991291971044
ENSFCAG00000023667:HERPUD1	0	0	0	0	0	0	0	0	0	0.82992859507048	0.948040822789772	0.975123221802039	1	0.906875828115128	0.983397081139809	0.995829648613042	1	0.999687974704466	0.999991291971044
ENSFCAG00000010866:INHBA	0	0	0	0	0	0	0	0	0	0.826734261798529	0.960468508735574	0.975129293598161	1	0.906875828115128	0.983397081139809	0.995829648613042	1	0.999688127642818	0.999991291971044
ENSFCAG00000028952:HOXA3	0	0	0	0	0	0	0	0	0	0.825968584116465	0.965235531099021	0.975190644268355	1	0.906875828115128	0.983397081139809	0.995829648613042	1	0.999689670842294	0.999991291971044
ENSFCAG00000022622:ETNK1	0	0	0	0	0	0	0	0	0	0.831166893156926	0.94554477142949	0.975250561282233	1	0.906875828115128	0.983397081139809	0.995829648613042	1	0.99969117425451	0.999991291971044
ENSFCAG00000029868:SOCS2	0	0	0	0	0	0	0	0	0	0.828744959864052	0.954455826862831	0.975284330363957	1	0.906875828115128	0.983397081139809	0.995829648613042	1	0.999692019951934	0.999991291971044
ENSFCAG00000028389:MAP2K1	0	0	0	0	0	0	0	0	0	0.83177705647939	0.9446169874675	0.9753346133914	1	0.906875828115128	0.983397081139809	0.995829648613042	1	0.999693277050319	0.999991291971044
ENSFCAG00000014173:MAPK3	0	0	0	0	0	0	0	0	0	0.829321455198521	0.953290732594597	0.975357575583938	1	0.906875828115128	0.983397081139809	0.995829648613042	1	0.999693850253287	0.999991291971044
ENSFCAG00000025016:DDB2	0	0	0	0	0	0	0	0	0	0.832550022280395	0.942688384736897	0.975372360644939	1	0.906875828115128	0.983397081139809	0.995829648613042	1	0.999694219045222	0.999991291971044
ENSFCAG00000027039:LEF1	0	0	0	0	0	0	0	0	0	0.834040649998803	0.938976627864552	0.975426772713781	1	0.906875828115128	0.983397081139809	0.995829648613042	1	0.99969557434539	0.999991291971044
ENSFCAG00000004033:CCNQ	0	0	0	0	0	0	0	0	0	0.828918167161776	0.956484432198736	0.975469880498166	1	0.906875828115128	0.983397081139809	0.995829648613042	1	0.999696645922643	0.999991291971044
ENSFCAG00000048115:FANCF	0	0	0	0	0	0	0	0	0	0.828377301255666	0.961103998959342	0.9756155740448	1	0.906875828115128	0.983397081139809	0.995829648613042	1	0.999700253487235	0.999991291971044
ENSFCAG00000001628:PAX5	0	0	0	0	0	0	0	0	0	0.831415408526381	0.949412925643283	0.975628962297386	1	0.906875828115128	0.983397081139809	0.995829648613042	1	0.999700583906468	0.999991291971044
ENSFCAG00000028649:DUSP4	0	0	0	0	0	0	0	0	0	0.828438913076901	0.961448632066184	0.975652775442502	1	0.906875828115128	0.983397081139809	0.995829648613042	1	0.999701171155832	0.999991291971044
ENSFCAG00000041347:HOXA13	0	0	0	0	0	0	0	0	0	0.827004221545619	0.968933161620917	0.975661627379851	1	0.906875828115128	0.983397081139809	0.995829648613042	1	0.99970138930282	0.999991291971044
ENSFCAG00000012557:ACKR3	0	0	0	0	0	0	0	0	0	0.827481899854384	0.966365146661835	0.975664713443239	1	0.906875828115128	0.983397081139809	0.995829648613042	1	0.999701465336831	0.999991291971044
ENSFCAG00000045118:CDK6	0	0	0	0	0	0	0	0	0	0.832931389523699	0.945254932587777	0.975694133756589	1	0.906875828115128	0.983397081139809	0.995829648613042	1	0.999702189700426	0.999991291971044
ENSFCAG00000009646:SMARCE1	0	0	0	0	0	0	0	0	0	0.835606659372893	0.938298791274022	0.975770829537412	1	0.906875828115128	0.983397081139809	0.995829648613042	1	0.999704073872411	0.999991291971044
ENSFCAG00000018839:SS18L1	0	0	0	0	0	0	0	0	0	0.831378645175701	0.951597996016745	0.975785350879671	1	0.906875828115128	0.983397081139809	0.995829648613042	1	0.999704429936958	0.999991291971044
ENSFCAG00000041373:CEBPA	0	0	0	0	0	0	0	0	0	0.826483976960853	0.977202403145503	0.975860611382445	1	0.906875828115128	0.983397081139809	0.995829648613042	1	0.999706271868603	0.999991291971044
ENSFCAG00000002637:SPOP	0	0	0	0	0	0	0	0	0	0.833634815406062	0.945705376353015	0.975917033661477	1	0.906875828115128	0.983397081139809	0.995829648613042	1	0.999707648945193	0.999991291971044
ENSFCAG00000024503:GNAQ	0	0	0	0	0	0	0	0	0	0.832324397530886	0.950508169554895	0.975954578421945	1	0.906875828115128	0.983397081139809	0.995829648613042	1	0.999708563478013	0.999991291971044
ENSFCAG00000033201:NEGR1	0	0	0	0	0	0	0	0	0	0.833124397445259	0.948098267527664	0.975978114949699	1	0.906875828115128	0.983397081139809	0.995829648613042	1	0.99970913605522	0.999991291971044
ENSFCAG00000024636:RAD51C	0	0	0	0	0	0	0	0	0	0.833713451335538	0.946858750315627	0.976032953951877	1	0.906875828115128	0.983397081139809	0.995829648613042	1	0.999710467931282	0.999991291971044
ENSFCAG00000045245:PHF6	0	0	0	0	0	0	0	0	0	0.837612312828788	0.936169574965761	0.976081913688989	1	0.906875828115128	0.983397081139809	0.995829648613042	1	0.999711654414123	0.999991291971044
ENSFCAG00000015575:CXCR4	0	0	0	0	0	0	0	0	0	0.82969176748608	0.964099382617883	0.976142902641887	1	0.906875828115128	0.983397081139809	0.995829648613042	1	0.999713128976182	0.999991291971044
ENSFCAG00000030144:IRF2	0	0	0	0	0	0	0	0	0	0.835142688482759	0.943732721850764	0.976143478314467	1	0.906875828115128	0.983397081139809	0.995829648613042	1	0.999713142876368	0.999991291971044
ENSFCAG00000046742:TLX1	0	0	0	0	0	0	0	0	0	0.82977984097806	0.964606537420716	0.976194373843761	1	0.906875828115128	0.983397081139809	0.995829648613042	1	0.999714370457584	0.999991291971044
ENSFCAG00000045474:CRLF2	0	0	0	0	0	0	0	0	0	0.835048181471442	0.944621565359494	0.976195212631951	1	0.906875828115128	0.983397081139809	0.995829648613042	1	0.999714390666616	0.999991291971044
ENSFCAG00000008090:TTL	0	0	0	0	0	0	0	0	0	0.833864769960998	0.950166062300832	0.976334508942201	1	0.906875828115128	0.983397081139809	0.995829648613042	1	0.99971773675294	0.999991291971044
ENSFCAG00000030594:HOXD11	0	0	0	0	0	0	0	0	0	0.828719158961245	0.975897217753516	0.976423472645846	1	0.906875828115128	0.983397081139809	0.995829648613042	1	0.999719863382062	0.999991291971044
ENSFCAG00000039437:WWTR1	0	0	0	0	0	0	0	0	0	0.833323112201056	0.954365464748803	0.976500324073718	1	0.906875828115128	0.983397081139809	0.995829648613042	1	0.999721693948357	0.999991291971044
ENSFCAG00000004034:DUSP9	0	0	0	0	0	0	0	0	0	0.831842920578112	0.96171673328712	0.976582740185536	1	0.906875828115128	0.983397081139809	0.995829648613042	1	0.999723650341875	0.999991291971044
ENSFCAG00000004268:DEK	0	0	0	0	0	0	0	0	0	0.837654609291682	0.941765895192419	0.976618626949311	1	0.906875828115128	0.983397081139809	0.995829648613042	1	0.999724500048121	0.999991291971044
ENSFCAG00000044642:GNA11	0	0	0	0	0	0	0	0	0	0.833012589539681	0.957576254331209	0.976635770716308	1	0.906875828115128	0.983397081139809	0.995829648613042	1	0.999724905502963	0.999991291971044
ENSFCAG00000028366:XBP1	0	0	0	0	0	0	0	0	0	0.835443103130981	0.949051458091446	0.976660214735782	1	0.906875828115128	0.983397081139809	0.995829648613042	1	0.999725483090355	0.999991291971044
ENSFCAG00000022444:TENT5C	0	0	0	0	0	0	0	0	0	0.831415686290256	0.965867261019012	0.976699879425731	1	0.906875828115128	0.983397081139809	0.995829648613042	1	0.999726419024952	0.999991291971044
ENSFCAG00000025137:PRKACA	0	0	0	0	0	0	0	0	0	0.835815763406837	0.948631957077348	0.976723908950447	1	0.906875828115128	0.983397081139809	0.995829648613042	1	0.999726985246068	0.999991291971044
ENSFCAG00000025662:SH3GL1	0	0	0	0	0	0	0	0	0	0.837223492353991	0.945154325120281	0.97680296197763	1	0.906875828115128	0.983397081139809	0.995829648613042	1	0.9997288438452	0.999991291971044
ENSFCAG00000038036:ZNF24	0	0	0	0	0	0	0	0	0	0.83529726093767	0.951664034355899	0.976821801789302	1	0.906875828115128	0.983397081139809	0.995829648613042	1	0.999729285839999	0.999991291971044
ENSFCAG00000025160:HSD3B2	0	0	0	0	0	0	0	0	0	0.834215804613584	0.955749296439891	0.976830373769826	1	0.906875828115128	0.983397081139809	0.995829648613042	1	0.999729486824219	0.999991291971044
ENSFCAG00000032144:ACTG1	0	0	0	0	0	0	0	0	0	0.832756559363409	0.961867715396547	0.976833799429166	1	0.906875828115128	0.983397081139809	0.995829648613042	1	0.999729567123414	0.999991291971044
ENSFCAG00000003156:ARID3C	0	0	0	0	0	0	0	0	0	0.835067963790295	0.952768105950371	0.976843261131761	1	0.906875828115128	0.983397081139809	0.995829648613042	1	0.999729788848116	0.999991291971044
ENSFCAG00000000449:ELF3	0	0	0	0	0	0	0	0	0	0.837121391101859	0.946335713081207	0.976875378812339	1	0.906875828115128	0.983397081139809	0.995829648613042	1	0.999730540807462	0.999991291971044
ENSFCAG00000015075:SETD7	0	0	0	0	0	0	0	0	0	0.836755944801627	0.948295722884409	0.976940238709063	1	0.906875828115128	0.983397081139809	0.995829648613042	1	0.999732056128784	0.999991291971044
ENSFCAG00000007838:FSTL3	0	0	0	0	0	0	0	0	0	0.832303277050982	0.966841932735644	0.976986235899701	1	0.906875828115128	0.983397081139809	0.995829648613042	1	0.999733128151079	0.999991291971044
ENSFCAG00000035960:TLX3	0	0	0	0	0	0	0	0	0	0.832675655009652	0.965994223711532	0.977041120723129	1	0.906875828115128	0.983397081139809	0.995829648613042	1	0.999734404477167	0.999991291971044
ENSFCAG00000010904:GATA1	0	0	0	0	0	0	0	0	0	0.836529501732024	0.953706374401862	0.977289773942156	1	0.906875828115128	0.983397081139809	0.995829648613042	1	0.99974014819291	0.999991291971044
ENSFCAG00000007657:RAD51B	0	0	0	0	0	0	0	0	0	0.840361865553666	0.943471573393085	0.977456911213841	1	0.906875828115128	0.983397081139809	0.995829648613042	1	0.999743973391702	0.999991291971044
ENSFCAG00000004973:MYOD1	0	0	0	0	0	0	0	0	0	0.833452853073831	0.970630806747075	0.977472040320449	1	0.906875828115128	0.983397081139809	0.995829648613042	1	0.999744318234417	0.999991291971044
ENSFCAG00000041686:MSI2	0	0	0	0	0	0	0	0	0	0.839761604008078	0.94571811298229	0.977497178969921	1	0.906875828115128	0.983397081139809	0.995829648613042	1	0.999744890710141	0.999991291971044
ENSFCAG00000025247:SFRP4	0	0	0	0	0	0	0	0	0	0.837299734155948	0.953879864505356	0.977500483587085	1	0.906875828115128	0.983397081139809	0.995829648613042	1	0.999744965917223	0.999991291971044
ENSFCAG00000022323:PPP1CB	0	0	0	0	0	0	0	0	0	0.840108368782693	0.947246293838651	0.977710729576197	1	0.906875828115128	0.983397081139809	0.995829648613042	1	0.999749727769687	0.999991291971044
ENSFCAG00000002791:P2RY8	0	0	0	0	0	0	0	0	0	0.833006478439683	0.980381693871381	0.977721297244881	1	0.906875828115128	0.983434587887951	0.995829648613042	1	0.999749965922942	0.999991291971044
ENSFCAG00000014712:RAD51	0	0	0	0	0	0	0	0	0	0.840311371046723	0.947241930271172	0.977761561388116	1	0.906875828115128	0.983397081139809	0.995829648613042	1	0.999750872270062	0.999991291971044
ENSFCAG00000030694:HOXD13	0	0	0	0	0	0	0	0	0	0.835508660549899	0.966657358989453	0.977818489095527	1	0.906875828115128	0.983397081139809	0.995829648613042	1	0.999752150885171	0.999991291971044
ENSFCAG00000037922:PPP6C	0	0	0	0	0	0	0	0	0	0.841089890689832	0.946418385851036	0.97788978874131	1	0.906875828115128	0.983397081139809	0.995829648613042	1	0.999753747623805	0.999991291971044
ENSFCAG00000006305:CCN6	0	0	0	0	0	0	0	0	0	0.839611994746776	0.951270017370094	0.977899714812966	1	0.906875828115128	0.983397081139809	0.995829648613042	1	0.999753969503573	0.999991291971044
ENSFCAG00000025666:NFE2	0	0	0	0	0	0	0	0	0	0.837867172288326	0.958704335001927	0.977970551689946	1	0.906875828115128	0.983397081139809	0.995829648613042	1	0.999755550011529	0.999991291971044
ENSFCAG00000030278:MCL1	0	0	0	0	0	0	0	0	0	0.83823355701488	0.9584275118443	0.978046626644933	1	0.906875828115128	0.983397081139809	0.995829648613042	1	0.999757241677132	0.999991291971044
ENSFCAG00000040513:TPM3	0	0	0	0	0	0	0	0	0	0.844652382795764	0.939314934898685	0.978146926227141	1	0.906875828115128	0.983397081139809	0.995829648613042	1	0.999759462977964	0.999991291971044
ENSFCAG00000001078:POU5F1	0	0	0	0	0	0	0	0	0	0.841287336610184	0.949105032786915	0.978155495087785	1	0.906875828115128	0.983397081139809	0.995829648613042	1	0.99975965227274	0.999991291971044
ENSFCAG00000019399:QKI	0	0	0	0	0	0	0	0	0	0.843208222352336	0.946252825242124	0.978403618130962	1	0.906875828115128	0.983397081139809	0.995829648613042	1	0.999765101006947	0.999991291971044
ENSFCAG00000033551:DNAJB1	0	0	0	0	0	0	0	0	0	0.838350953899894	0.964258694163522	0.978423539408875	1	0.906875828115128	0.983397081139809	0.995829648613042	1	0.999765535745333	0.999991291971044
ENSFCAG00000007945:HOXA11	0	0	0	0	0	0	0	0	0	0.837591071064506	0.968239642768923	0.978435711934024	1	0.906875828115128	0.983397081139809	0.995829648613042	1	0.999765801184473	0.999991291971044
ENSFCAG00000033129:FAS	0	0	0	0	0	0	0	0	0	0.843728892392604	0.945732080688048	0.978488819596097	1	0.906875828115128	0.983397081139809	0.995829648613042	1	0.999766957500592	0.999991291971044
ENSFCAG00000009774:MEF2B	0	0	0	0	0	0	0	0	0	0.841311015399213	0.953733304784274	0.97850781752723	1	0.906875828115128	0.983397081139809	0.995829648613042	1	0.999767370443623	0.999991291971044
ENSFCAG00000003608:TFPT	0	0	0	0	0	0	0	0	0	0.843393946749664	0.947699458062947	0.978567774484098	1	0.906875828115128	0.983397081139809	0.995829648613042	1	0.999768671261759	0.999991291971044
ENSFCAG00000008220:CREB1	0	0	0	0	0	0	0	0	0	0.84573460625774	0.941456373516531	0.978607949080339	1	0.906875828115128	0.983397081139809	0.995829648613042	1	0.999769540829	0.999991291971044
ENSFCAG00000026744:GNB1	0	0	0	0	0	0	0	0	0	0.842961672429309	0.951201639485342	0.978733687745314	1	0.906875828115128	0.983397081139809	0.995829648613042	1	0.999772251746616	0.999991291971044
ENSFCAG00000010694:DUSP2	0	0	0	0	0	0	0	0	0	0.83995194538278	0.963760949498056	0.978802836873838	1	0.906875828115128	0.983397081139809	0.995829648613042	1	0.999773735712724	0.999991291971044
ENSFCAG00000030589:APH1A	0	0	0	0	0	0	0	0	0	0.84394106497923	0.949842962998428	0.978872003516376	1	0.906875828115128	0.983397081139809	0.995829648613042	1	0.99977521516768	0.999991291971044
ENSFCAG00000013445:EPCAM	0	0	0	0	0	0	0	0	0	0.844877689113436	0.947382475855287	0.978906953144011	1	0.906875828115128	0.983397081139809	0.995829648613042	1	0.999775960871643	0.999991291971044
ENSFCAG00000042983:CRKL	0	0	0	0	0	0	0	0	0	0.841262081930741	0.96018437507783	0.978923255365991	1	0.906875828115128	0.983397081139809	0.995829648613042	1	0.999776308277814	0.999991291971044
ENSFCAG00000013003:S1PR2	0	0	0	0	0	0	0	0	0	0.839137455558158	0.971047988720236	0.978961957880994	1	0.906875828115128	0.983397081139809	0.995829648613042	1	0.999777131954906	0.999991291971044
ENSFCAG00000022238:PCBP1	0	0	0	0	0	0	0	0	0	0.839377361122109	0.970981362985366	0.979019935637313	1	0.906875828115128	0.983397081139809	0.995829648613042	1	0.999778362989885	0.999991291971044
ENSFCAG00000009769:NFKBIE	0	0	0	0	0	0	0	0	0	0.843968784603296	0.953189339062833	0.979128948003298	1	0.906875828115128	0.983397081139809	0.995829648613042	1	0.99978066833993	0.999991291971044
ENSFCAG00000039431:PNRC1	0	0	0	0	0	0	0	0	0	0.841027597389417	0.967478420309447	0.979270714106469	1	0.906875828115128	0.983397081139809	0.995829648613042	1	0.999783648198296	0.999991291971044
ENSFCAG00000014436:TCEA1	0	0	0	0	0	0	0	0	0	0.849153201991438	0.941132343961342	0.979400628749635	1	0.906875828115128	0.983397081139809	0.995829648613042	1	0.999786360923123	0.999991291971044
ENSFCAG00000027426:RAD51D	0	0	0	0	0	0	0	0	0	0.845939624947406	0.950760268029759	0.97943124097844	1	0.906875828115128	0.983397081139809	0.995829648613042	1	0.999786997622886	0.999991291971044
ENSFCAG00000040666:CYSLTR2	0	0	0	0	0	0	0	0	0	0.841123424316329	0.973201997507554	0.979556191791864	1	0.906875828115128	0.983397081139809	0.995829648613042	1	0.999789586535945	0.999991291971044
ENSFCAG00000024972:JUN	0	0	0	0	0	0	0	0	0	0.841069297305127	0.974292087007643	0.979586664853474	1	0.906875828115128	0.983397081139809	0.995829648613042	1	0.999790215503625	0.999991291971044
ENSFCAG00000010841:MAFB	0	0	0	0	0	0	0	0	0	0.84095415348089	0.975483505628703	0.979603798770499	1	0.906875828115128	0.983397081139809	0.995829648613042	1	0.999790568733398	0.999991291971044
ENSFCAG00000008358:CCND1	0	0	0	0	0	0	0	0	0	0.843234242149724	0.963541835781663	0.979611874745331	1	0.906875828115128	0.983397081139809	0.995829648613042	1	0.999790735122336	0.999991291971044
ENSFCAG00000045230:PHOX2B	0	0	0	0	0	0	0	0	0	0.842572310238141	0.969723204187511	0.979765387221692	1	0.906875828115128	0.983397081139809	0.995829648613042	1	0.999793885272392	0.999991291971044
ENSFCAG00000006671:NFKBIA	0	0	0	0	0	0	0	0	0	0.847392630941897	0.951869725922451	0.979866058288208	1	0.906875828115128	0.983397081139809	0.995829648613042	1	0.999795938032295	0.999991291971044
ENSFCAG00000026699:CDX2	0	0	0	0	0	0	0	0	0	0.843730814552252	0.965990710461381	0.979867594438843	1	0.906875828115128	0.983397081139809	0.995829648613042	1	0.999795969275461	0.999991291971044
ENSFCAG00000033716:FGF14	0	0	0	0	0	0	0	0	0	0.848836585291664	0.951030381641884	0.980149138293123	1	0.906875828115128	0.983397081139809	0.995829648613042	1	0.999801654820954	0.999991291971044
ENSFCAG00000034951:MYD88	0	0	0	0	0	0	0	0	0	0.847797293188232	0.954849082001694	0.980177767651672	1	0.906875828115128	0.983397081139809	0.995829648613042	1	0.99980222843685	0.999991291971044
ENSFCAG00000012089:MOB3B	1	0	0	0	0	0	0	0	0	0.847221059781905	0.957092398409896	0.980191486938976	1	0.906875828115128	0.983397081139809	0.995829648613042	1	0.999802503019191	0.999991291971044
ENSFCAG00000022176:MLF1	0	0	0	0	0	0	0	0	0	0.85239877194047	0.941716684911172	0.980216689263583	1	0.906875828115128	0.983397081139809	0.995829648613042	1	0.999803006926462	0.999991291971044
ENSFCAG00000046021:EXOSC6	0	0	0	0	0	0	0	0	0	0.844423280287382	0.970035669872688	0.980237550235207	1	0.906875828115128	0.983397081139809	0.995829648613042	1	0.999803423540496	0.999991291971044
ENSFCAG00000023702:PIM1	0	0	0	0	0	0	0	0	0	0.849271760496887	0.952824457710317	0.98038587905159	1	0.906875828115128	0.983397081139809	0.995829648613042	1	0.999806373011942	0.999991291971044
ENSFCAG00000006667:INHA	0	0	0	0	0	0	0	0	0	0.846853075030318	0.965053022973753	0.980580614288126	1	0.906875828115128	0.983397081139809	0.995829648613042	1	0.99981021118925	0.999991291971044
ENSFCAG00000013318:IRF1	0	0	0	0	0	0	0	0	0	0.853559977281076	0.94404230439108	0.980690990022239	1	0.906875828115128	0.983397081139809	0.995829648613042	1	0.999812369491862	0.999991291971044
ENSFCAG00000038352:HOXC11	0	0	0	0	0	0	0	0	0	0.847694690744106	0.963559162623863	0.980701319012242	1	0.906875828115128	0.983397081139809	0.995829648613042	1	0.99981257083071	0.999991291971044
ENSFCAG00000009373:BTLA	0	0	0	0	0	0	0	0	0	0.85145558268325	0.950538456426307	0.980730733392478	1	0.906875828115128	0.983397081139809	0.995829648613042	1	0.99981314359738	0.999991291971044
ENSFCAG00000023627:GID4	0	0	0	0	0	0	0	0	0	0.849173018416746	0.959722449364768	0.980827929085471	1	0.906875828115128	0.983397081139809	0.995829648613042	1	0.999815029950765	0.999991291971044
ENSFCAG00000036921:SDHB	0	0	0	0	0	0	0	0	0	0.849682648640089	0.959194055476307	0.980915970967415	1	0.906875828115128	0.983397081139809	0.995829648613042	1	0.999816730335178	0.999991291971044
ENSFCAG00000002606:PRSS8	0	0	0	0	0	0	0	0	0	0.850681106701403	0.955881207342937	0.980934842706167	1	0.906875828115128	0.983397081139809	0.995829648613042	1	0.999817093783356	0.999991291971044
ENSFCAG00000045844:XPA	0	0	0	0	0	0	0	0	0	0.853475016358451	0.947691959204234	0.980976701573305	1	0.906875828115128	0.983397081139809	0.995829648613042	1	0.999817898641676	0.999991291971044
ENSFCAG00000009047:CD274	0	0	0	0	0	0	0	0	0	0.84894174140841	0.964477612381492	0.981050938401279	1	0.906875828115128	0.983397081139809	0.995829648613042	1	0.999819321667544	0.999991291971044
ENSFCAG00000025542:HEY1	0	0	0	0	0	0	0	0	0	0.850533143356311	0.959132295437968	0.981113255407964	1	0.906875828115128	0.983397081139809	0.995829648613042	1	0.999820511868537	0.999991291971044
ENSFCAG00000008160:FCGR2B	0	0	0	0	0	0	0	0	0	0.852630354534378	0.952075839656597	0.981120468146229	1	0.906875828115128	0.983397081139809	0.995829648613042	1	0.999820649370026	0.999991291971044
ENSFCAG00000032259:DCUN1D1	0	0	0	0	0	0	0	0	0	0.854993985362513	0.947119556687435	0.981279162931529	1	0.906875828115128	0.983397081139809	0.995829648613042	1	0.999823661263062	0.999991291971044
ENSFCAG00000030268:NPM1	0	0	0	0	0	0	0	0	0	0.856940049542942	0.942216347280191	0.981301266592697	1	0.906875828115128	0.983397081139809	0.995829648613042	1	0.999824078735519	0.999991291971044
ENSFCAG00000009155:RSPO3	0	0	0	0	0	0	0	0	0	0.856943466570132	0.942249881962786	0.981305033102563	1	0.906875828115128	0.983397081139809	0.995829648613042	1	0.999824149824046	0.999991291971044
ENSFCAG00000036644:CCND3	0	0	0	0	0	0	0	0	0	0.851984540897832	0.958230467454878	0.981396356682106	1	0.906875828115128	0.983397081139809	0.995829648613042	1	0.999825869026642	0.999991291971044
ENSFCAG00000031909:ATG5	0	0	0	0	0	0	0	0	0	0.855061893126846	0.948381838571145	0.981396637118434	1	0.906875828115128	0.983397081139809	0.995829648613042	1	0.999825874292879	0.999991291971044
ENSFCAG00000008999:TPM4	0	0	0	0	0	0	0	0	0	0.856259718749405	0.94707387669228	0.981563420443662	1	0.906875828115128	0.983397081139809	0.995829648613042	1	0.999828992076037	0.999991291971044
ENSFCAG00000009419:SCG5	0	0	0	0	0	0	0	0	0	0.855116405456039	0.952702509430879	0.981739416250808	1	0.906875828115128	0.983397081139809	0.995829648613042	1	0.999832251343466	0.999991291971044
ENSFCAG00000040786:LASP1	0	0	0	0	0	0	0	0	0	0.854818221585285	0.954192536448659	0.981778436089367	1	0.906875828115128	0.983397081139809	0.995829648613042	1	0.999832969678931	0.999991291971044
ENSFCAG00000009048:PDCD1LG2	0	0	0	0	0	0	0	0	0	0.855198690377929	0.95393734632474	0.981847308450306	1	0.906875828115128	0.983397081139809	0.995829648613042	1	0.999834233799901	0.999991291971044
ENSFCAG00000006857:XRCC2	0	0	0	0	0	0	0	0	0	0.853496192490572	0.963899285228789	0.982088526616815	1	0.906875828115128	0.983397081139809	0.995829648613042	1	0.999838623161054	0.999991291971044
ENSFCAG00000006923:CCNB1IP1	0	0	0	0	0	0	0	0	0	0.854149009448828	0.962331421263337	0.982149768114608	1	0.906875828115128	0.983397081139809	0.995829648613042	1	0.99983972811977	0.999991291971044
ENSFCAG00000013892:ATF1	0	0	0	0	0	0	0	0	0	0.857475321580596	0.951199536970744	0.982162175386192	1	0.906875828115128	0.983397081139809	0.995829648613042	1	0.999839951514587	0.999991291971044
ENSFCAG00000004500:LTB	0	0	0	0	0	0	0	0	0	0.853839108773362	0.963954746160099	0.982170805553437	1	0.906875828115128	0.983397081139809	0.995829648613042	1	0.999840106809638	0.999991291971044
ENSFCAG00000002120:HOXB13	0	0	0	0	0	0	0	0	0	0.855994179793383	0.96439309161965	0.982688446215958	1	0.906875828115128	0.983397081139809	0.995829648613042	1	0.999849282806685	0.999991291971044
ENSFCAG00000038221:MTAP	0	0	0	0	0	0	0	0	0	0.859651675089561	0.952128371683796	0.982716813973235	1	0.906875828115128	0.983397081139809	0.995829648613042	1	0.99984977778766	0.999991291971044
ENSFCAG00000032546:IGF2	0	0	0	0	0	0	0	0	0	0.854837522148378	0.970393425178172	0.98272687656387	1	0.906875828115128	0.983397081139809	0.995829648613042	1	0.999849953170203	0.999991291971044
ENSFCAG00000014271:CD28	0	0	0	0	0	0	0	0	0	0.857579498386777	0.959479801374664	0.982757473380337	1	0.906875828115128	0.983397081139809	0.995829648613042	1	0.999850485814183	0.999991291971044
ENSFCAG00000025748:BCL2L1	0	0	0	0	0	0	0	0	0	0.855950033819866	0.966511612120911	0.98279153687903	1	0.906875828115128	0.983397081139809	0.995829648613042	1	0.999851077687222	0.999991291971044
ENSFCAG00000028964:SIX1	0	0	0	0	0	0	0	0	0	0.856195412748391	0.966615545280199	0.98285263887342	1	0.906875828115128	0.983397081139809	0.995829648613042	1	0.999852136411519	0.999991291971044
ENSFCAG00000009689:VTCN1	0	0	0	0	0	0	0	0	0	0.858830049205457	0.957662057281937	0.982920643109756	1	0.906875828115128	0.983397081139809	0.995829648613042	1	0.999853310265632	0.999991291971044
ENSFCAG00000025024:PRRX1	0	0	0	0	0	0	0	0	0	0.859799476016228	0.956738901926751	0.983074561890783	1	0.906875828115128	0.983397081139809	0.995829648613042	1	0.999855949757059	0.999991291971044
ENSFCAG00000011605:EGFL7	0	0	0	0	0	0	0	0	0	0.861193484334514	0.952563476991062	0.983088077950447	1	0.906875828115128	0.983397081139809	0.995829648613042	1	0.999856180387478	0.999991291971044
ENSFCAG00000043034:FGF3	0	0	0	0	0	0	0	0	0	0.85857198717211	0.971982998223628	0.983642270126869	1	0.906875828115128	0.983397081139809	0.995829648613042	1	0.99986547682363	0.999991291971044
ENSFCAG00000041934:SOCS1	0	0	0	0	0	0	0	0	0	0.858257040649097	0.975421932069109	0.983711730754499	1	0.906875828115128	0.983397081139809	0.995829648613042	1	0.99986661998494	0.999991291971044
ENSFCAG00000025224:FGF12	0	0	0	0	0	0	0	0	0	0.862324411839735	0.95825920319867	0.983727641588289	1	0.906875828115128	0.983397081139809	0.995829648613042	1	0.999866881150049	0.999991291971044
ENSFCAG00000036364:BCL10	0	0	0	0	0	0	0	0	0	0.86247135137776	0.958875163747344	0.983799026255489	1	0.906875828115128	0.983397081139809	0.995829648613042	1	0.999868049711724	0.999991291971044
ENSFCAG00000015580:PDGFB	0	0	0	0	0	0	0	0	0	0.864255169775063	0.954327634565856	0.983877603620316	1	0.906875828115128	0.983397081139809	0.995829648613042	1	0.999869330028503	0.999991291971044
ENSFCAG00000005782:RSPO2	0	0	0	0	0	0	0	0	0	0.864948732294282	0.953327132350381	0.98395402249199	1	0.906875828115128	0.983397081139809	0.995829648613042	1	0.99987056915605	0.999991291971044
ENSFCAG00000022142:SBDS	0	0	0	0	0	0	0	0	0	0.863204126244263	0.958974699199408	0.983963810738031	1	0.906875828115128	0.983397081139809	0.995829648613042	1	0.99987072744309	0.999991291971044
ENSFCAG00000014287:PDCD1	0	0	0	0	0	0	0	0	0	0.863776484564051	0.958133541624405	0.984032996691504	1	0.906875828115128	0.983397081139809	0.995829648613042	1	0.999871843482009	0.999991291971044
ENSFCAG00000045399:FGF23	0	0	0	0	0	0	0	0	0	0.861756867090395	0.969859047834274	0.984249449067654	1	0.906875828115128	0.983397081139809	0.995829648613042	1	0.99987530366265	0.999991291971044
ENSFCAG00000014272:CTLA4	0	0	0	0	0	0	0	0	0	0.86524641171592	0.957857205718759	0.984328939338067	1	0.906875828115128	0.983397081139809	0.995829648613042	1	0.999876562433119	0.999991291971044
ENSFCAG00000031745:KLF6	0	0	0	0	0	0	0	0	0	0.865659861552473	0.962350413658249	0.984694315289106	1	0.906875828115128	0.983397081139809	0.995829648613042	1	0.999882265796918	0.999991291971044
ENSFCAG00000040177:CD79B	0	0	0	0	0	0	0	0	0	0.86573283931588	0.962151870821637	0.984698157155333	1	0.906875828115128	0.983397081139809	0.995829648613042	1	0.999882325046467	0.999991291971044
ENSFCAG00000023035:JAZF1	0	0	0	0	0	0	0	0	0	0.869510976446085	0.95074185034234	0.984716009390698	1	0.906875828115128	0.983397081139809	0.995829648613042	1	0.999882600168328	0.999991291971044
ENSFCAG00000039688:NKX3-1	0	0	0	0	0	0	0	0	0	0.864662243223431	0.968577761284744	0.984815295640532	1	0.906875828115128	0.983397081139809	0.995829648613042	1	0.99988412436941	0.999991291971044
ENSFCAG00000045613:FEV	0	0	0	0	0	0	0	0	0	0.864335319127402	0.972739875788226	0.984934518866381	1	0.906875828115128	0.983397081139809	0.995829648613042	1	0.999885941408175	0.999991291971044
ENSFCAG00000036433:POU2AF1	0	0	0	0	0	0	0	0	0	0.86790767049575	0.958955051055431	0.984959305418292	1	0.906875828115128	0.983397081139809	0.995829648613042	1	0.999886317359083	0.999991291971044
ENSFCAG00000013046:GADD45B	0	0	0	0	0	0	0	0	0	0.869291540227314	0.955280639909041	0.985001570014505	1	0.906875828115128	0.983397081139809	0.995829648613042	1	0.999886956970277	0.999991291971044
ENSFCAG00000011361:RAC1	0	0	0	0	0	0	0	0	0	0.870385292530965	0.953718433969698	0.98511560680484	1	0.906875828115128	0.983397081139809	0.995829648613042	1	0.999888673698309	0.999991291971044
ENSFCAG00000022826:CDKN2A	0	0	0	0	0	0	0	0	0	0.866393919325897	0.967361964471948	0.985122211412821	1	0.906875828115128	0.983397081139809	0.995829648613042	1	0.999888772720703	0.999991291971044
ENSFCAG00000029552:BCL2	0	0	0	0	0	0	0	0	0	0.865812669429693	0.9713520833312	0.985188867673562	1	0.906875828115128	0.983397081139809	0.995829648613042	1	0.999889769614561	0.999991291971044
ENSFCAG00000000062:MAD2L2	0	0	0	0	0	0	0	0	0	0.873737298750378	0.951609959747163	0.985636120616525	1	0.906875828115128	0.983397081139809	0.995829648613042	1	0.999896341977896	0.999991291971044
ENSFCAG00000029945:PAFAH1B2	0	0	0	0	0	0	0	0	0	0.870679688794266	0.960836089054339	0.985647237315049	1	0.906875828115128	0.983397081139809	0.995829648613042	1	0.999896502752028	0.999991291971044
ENSFCAG00000030239:TMEM127	0	0	0	0	0	0	0	0	0	0.868826835570864	0.969588258841323	0.985738852188077	1	0.906875828115128	0.983397081139809	0.995829648613042	1	0.999897822948627	0.999991291971044
ENSFCAG00000027163:FGF19	0	0	0	0	0	0	0	0	0	0.869722356157418	0.968020415242475	0.985847616938891	1	0.906875828115128	0.983397081139809	0.995829648613042	1	0.999899379225176	0.999991291971044
ENSFCAG00000024840:RRAS	0	0	0	0	0	0	0	0	0	0.872587994917131	0.958535720514029	0.985889360805414	1	0.906875828115128	0.983397081139809	0.995829648613042	1	0.999899973336899	0.999991291971044
ENSFCAG00000025776:RAC2	0	0	0	0	0	0	0	0	0	0.872389922825262	0.959303680016516	0.985898513564228	1	0.906875828115128	0.983397081139809	0.995829648613042	1	0.999900103365557	0.999991291971044
ENSFCAG00000043691:RYBP	0	0	0	0	0	0	0	0	0	0.873206318535847	0.959555170569558	0.986077951277713	1	0.906875828115128	0.983397081139809	0.995829648613042	1	0.9999026353861	0.999991291971044
ENSFCAG00000045823:CBFB	0	0	0	0	0	0	0	0	0	0.875564097643697	0.953962803114617	0.986169110463803	1	0.906875828115128	0.983397081139809	0.995829648613042	1	0.999903909212453	0.999991291971044
ENSFCAG00000008129:CD79A	0	0	0	0	0	0	0	0	0	0.872682061815926	0.963328881134452	0.986198742935621	1	0.906875828115128	0.983397081139809	0.995829648613042	1	0.99990432147136	0.999991291971044
ENSFCAG00000036639:FGF4	0	0	0	0	0	0	0	0	0	0.871015144448425	0.970153881493295	0.986214081980114	1	0.906875828115128	0.983397081139809	0.995829648613042	1	0.999904534524599	0.999991291971044
ENSFCAG00000037118:DUSP22	0	0	0	0	0	0	0	0	0	0.875574024304725	0.956844740344026	0.986370583927261	1	0.906875828115128	0.983397081139809	0.995829648613042	1	0.999906694640478	0.999991291971044
ENSFCAG00000027677:SOCS3	0	0	0	0	0	0	0	0	0	0.86927420744303	0.98844893597658	0.986444548348838	1	0.906875828115128	0.98844893597658	0.995829648613042	1	0.999907706892178	0.999991291971044
ENSFCAG00000040323:BCL7A	0	0	0	0	0	0	0	0	0	0.876630704024635	0.955045534759306	0.98645368569143	1	0.906875828115128	0.983397081139809	0.995829648613042	1	0.999907831557823	0.999991291971044
ENSFCAG00000043547:CDKN1B	0	0	0	0	0	0	0	0	0	0.874073912561109	0.965216103700881	0.986581082453091	1	0.906875828115128	0.983397081139809	0.995829648613042	1	0.999909560883813	0.999991291971044
ENSFCAG00000036606:FGF10	0	0	0	0	0	0	0	0	0	0.875569615126769	0.962243148378747	0.98670874492321	1	0.906875828115128	0.983397081139809	0.995829648613042	1	0.999911277314432	0.999991291971044
ENSFCAG00000012862:RHEB	0	0	0	0	0	0	0	0	0	0.880521836162328	0.950771508456891	0.986884769570957	1	0.906875828115128	0.983397081139809	0.995829648613042	1	0.999913616890024	0.999991291971044
ENSFCAG00000044777:ARFRP1	0	0	0	0	0	0	0	0	0	0.877842563756638	0.958381366509301	0.986912197873101	1	0.906875828115128	0.983397081139809	0.995829648613042	1	0.999913978617167	0.999991291971044
ENSFCAG00000000258:BAX	0	0	0	0	0	0	0	0	0	0.879693879586086	0.960335364012127	0.987389006187983	1	0.906875828115128	0.983397081139809	0.995829648613042	1	0.999920145024268	0.999991291971044
ENSFCAG00000040747:BCL2L2	0	0	0	0	0	0	0	0	0	0.877453435409615	0.969516107688934	0.987460534563479	1	0.906875828115128	0.983397081139809	0.995829648613042	1	0.999921050213515	0.999991291971044
ENSFCAG00000037994:NRAS	0	0	0	0	0	0	0	0	0	0.880405514220678	0.959627149145683	0.987479396633654	1	0.906875828115128	0.983397081139809	0.995829648613042	1	0.999921288049079	0.999991291971044
ENSFCAG00000022046:SDC4	0	0	0	0	0	0	0	0	0	0.880287247280026	0.96073637716611	0.987525737067401	1	0.906875828115128	0.983397081139809	0.995829648613042	1	0.999921870834852	0.999991291971044
ENSFCAG00000002990:HRAS	0	0	0	0	0	0	0	0	0	0.878391226668621	0.968056015259663	0.987570165932327	1	0.906875828115128	0.983397081139809	0.995829648613042	1	0.999922427538526	0.999991291971044
ENSFCAG00000040792:BBC3	0	0	0	0	0	0	0	0	0	0.880424936031338	0.961149440901465	0.987576746720488	1	0.906875828115128	0.983397081139809	0.995829648613042	1	0.999922509827325	0.999991291971044
ENSFCAG00000027456:RHOA	0	0	0	0	0	0	0	0	0	0.878604103616233	0.969335596787875	0.98767312680665	1	0.906875828115128	0.983397081139809	0.995829648613042	1	0.999923709978409	0.999991291971044
ENSFCAG00000012394:RHOH	0	0	0	0	0	0	0	0	0	0.878711793916845	0.970600914496089	0.987752730267709	1	0.906875828115128	0.983397081139809	0.995829648613042	1	0.999924694130477	0.999991291971044
ENSFCAG00000024009:IGF1	0	0	0	0	0	0	0	0	0	0.881606727799938	0.964479438200303	0.987990618546449	1	0.906875828115128	0.983397081139809	0.995829648613042	1	0.999927596956557	0.999991291971044
ENSFCAG00000000499:SDHC	0	0	0	0	0	0	0	0	0	0.884212187299549	0.957629828823521	0.988056312853737	1	0.906875828115128	0.983397081139809	0.995829648613042	1	0.999928388496163	0.999991291971044
ENSFCAG00000001199:PTP4A1	0	0	0	0	0	0	0	0	0	0.883097856066072	0.961302350182729	0.988083642006859	1	0.906875828115128	0.983397081139809	0.995829648613042	1	0.999928716494002	0.999991291971044
ENSFCAG00000042197:CNBP	0	0	0	0	0	0	0	0	0	0.88378414703769	0.962163129726723	0.988260808611466	1	0.906875828115128	0.983397081139809	0.995829648613042	1	0.999930824471985	0.999991291971044
ENSFCAG00000046660:TNFRSF17	0	0	0	0	0	0	0	0	0	0.882455887462066	0.96881915710642	0.988373332917697	1	0.906875828115128	0.983397081139809	0.995829648613042	1	0.999932146825161	0.999991291971044
ENSFCAG00000028989:CD70	0	0	0	0	0	0	0	0	0	0.881548768273646	0.974713068750199	0.988463271254042	1	0.906875828115128	0.983397081139809	0.995829648613042	1	0.999933194542789	0.999991291971044
ENSFCAG00000045270:CHIC2	0	0	0	0	0	0	0	0	0	0.88787580917426	0.956161624343415	0.988614951413979	1	0.906875828115128	0.983397081139809	0.995829648613042	1	0.999934942970881	0.999991291971044
ENSFCAG00000013515:IL10	0	0	0	0	0	0	0	0	0	0.887425873755153	0.958983885290743	0.988721704982241	1	0.906875828115128	0.983397081139809	0.995829648613042	1	0.999936159573495	0.999991291971044
ENSFCAG00000013688:IL2	0	0	0	0	0	0	0	0	0	0.88709795366713	0.96625028993286	0.989086083828731	1	0.906875828115128	0.983397081139809	0.995829648613042	1	0.999940225360855	0.999991291971044
ENSFCAG00000043152:RMI2	0	0	0	0	0	0	0	0	0	0.88433267144337	0.979016693250544	0.989131529339249	1	0.906875828115128	0.983397081139809	0.995829648613042	1	0.999940723031765	0.999991291971044
ENSFCAG00000043871:BTG1	0	0	0	0	0	0	0	0	0	0.887226165937889	0.96833684672173	0.989215019126245	1	0.906875828115128	0.983397081139809	0.995829648613042	1	0.999941631881678	0.999991291971044
ENSFCAG00000027886:CDKN1A	0	0	0	0	0	0	0	0	0	0.888154368422123	0.969055133467651	0.989414164925156	1	0.906875828115128	0.983397081139809	0.995829648613042	1	0.999943771286794	0.999991291971044
ENSFCAG00000024623:LMO1	0	0	0	0	0	0	0	0	0	0.889707800188672	0.967014262253433	0.989584343022563	1	0.906875828115128	0.983397081139809	0.995829648613042	1	0.999945567732588	0.999991291971044
ENSFCAG00000043254:BTG2	0	0	0	0	0	0	0	0	0	0.888491024533155	0.974683472108388	0.989719693052679	1	0.906875828115128	0.983397081139809	0.995829648613042	1	0.999946975629437	0.999991291971044
ENSFCAG00000033306:CDKN2C	0	0	0	0	0	0	0	0	0	0.888760270839647	0.974867314068513	0.989774141569187	1	0.906875828115128	0.983397081139809	0.995829648613042	1	0.99994753677627	0.999991291971044
ENSFCAG00000002084:DDIT3	0	0	0	0	0	0	0	0	0	0.893601703405274	0.961870198136496	0.989963669160557	1	0.908316909191279	0.983397081139809	0.995829648613042	1	0.999949466691189	0.999991291971044
ENSFCAG00000019293:CENPA	0	0	0	0	0	0	0	0	0	0.892619819287817	0.966879544130752	0.990076374688118	1	0.908316909191279	0.983397081139809	0.995829648613042	1	0.999950597140302	0.999991291971044
ENSFCAG00000035249:EIF1AX	0	0	0	0	0	0	0	0	0	0.896318476130951	0.958863273351048	0.990227023884191	1	0.908316909191279	0.983397081139809	0.995829648613042	1	0.999952088133015	0.999991291971044
ENSFCAG00000033312:FHIT	0	0	0	0	0	0	0	0	0	0.895630741262145	0.962956410016679	0.990363751997116	1	0.908316909191279	0.983397081139809	0.995829648613042	1	0.99995342150687	0.999991291971044
ENSFCAG00000023293:MLLT3	0	0	0	0	0	0	0	0	0	0.896153071607394	0.962544263513865	0.990425402020845	1	0.908316909191279	0.983397081139809	0.995829648613042	1	0.999954016543823	0.999991291971044
ENSFCAG00000008354:SH2D1A	0	0	0	0	0	0	0	0	0	0.900224999087125	0.965986819030821	0.991269447974888	1	0.908316909191279	0.983397081139809	0.995829648613042	1	0.999961777333155	0.999991291971044
ENSFCAG00000037105:RPL22	0	0	0	0	0	0	0	0	0	0.899575008311313	0.970216113587145	0.991377358067604	1	0.908316909191279	0.983397081139809	0.995829648613042	1	0.999962717711158	0.999991291971044
ENSFCAG00000022679:YPEL5	0	0	0	0	0	0	0	0	0	0.898687069259665	0.976965960472215	0.991514186175817	1	0.908316909191279	0.983397081139809	0.995829648613042	1	0.999963893205004	0.999991291971044
ENSFCAG00000045832:ID3	0	0	0	0	0	0	0	0	0	0.89911110106051	0.976808080932764	0.991575992447946	1	0.908316909191279	0.983397081139809	0.995829648613042	1	0.999964417993183	0.999991291971044
ENSFCAG00000012230:B2M	0	0	0	0	0	0	0	0	0	0.906349035480842	0.968717540274771	0.992340347169444	1	0.911719418877967	0.983397081139809	0.995829648613042	1	0.999970589672085	0.999991291971044
ENSFCAG00000032943:CHCHD7	0	0	0	0	0	0	0	0	0	0.908153628985078	0.966913430502403	0.992513022501657	1	0.912216956184116	0.983397081139809	0.995829648613042	1	0.999971902374064	0.999991291971044
ENSFCAG00000018336:TCL1B	0	0	0	0	0	0	0	0	0	0.906643030131431	0.972715345241731	0.992566267925056	1	0.911719418877967	0.983397081139809	0.995829648613042	1	0.999972301092969	0.999991291971044
ENSFCAG00000044104:HMGA1	0	0	0	0	0	0	0	0	0	0.916525294977196	0.967634287363744	0.993703979346021	1	0.919597446803936	0.983397081139809	0.995829648613042	1	0.999980138334942	0.999991291971044
ENSFCAG00000027874:MLLT11	0	0	0	0	0	0	0	0	0	0.918261793147568	0.981647820138665	0.994484902470922	1	0.920311484650129	0.983434587887951	0.995829648613042	1	0.999984763814126	0.999991291971044
ENSFCAG00000032392:CKS1B	0	0	0	0	0	0	0	0	0	0.923426054045016	0.978047909993843	0.995014462893833	1	0.924455514528901	0.983397081139809	0.995829648613042	1	0.999987551505174	0.999991291971044
ENSFCAG00000042068:PMAIP1	0	0	0	0	0	0	0	0	0	0.93087610790828	0.976962938260091	0.995829648613042	1	0.93087610790828	0.983397081139809	0.995829648613042	1	0.999991291971044	0.999991291971044
