gene_name	n_syn	n_mis	n_non	n_spl	n_ind	wmis_cv	wnon_cv	wspl_cv	wind_cv	pmis_cv	ptrunc_cv	pallsubs_cv	pind_cv	qmis_cv	qtrunc_cv	qallsubs_cv	qind_cv	pglobal_cv	qglobal_cv
ENSFCAG00000003112:KIT	0	13	0	0	3	301.502054760762	0	0	117.870765306122	0	0.927692313417861	0	0.000242294945884228	0	0.98786254732218	0	0.217580861404037	0	0
ENSFCAG00000028515:RARA	0	2	0	0	1	98.0215619950046	0	0	83.1629589632829	0.000150275682253675	0.953269824261737	0.000757033326030387	0.0114537905273013	0.0449825208879335	0.98786254732218	0.226605308925096	1	0.000109734917422499	0.0492709779227022
ENSFCAG00000025776:RAC2	0	2	0	0	0	212.759293782601	0	0	0	2.95508446641612e-05	0.963064275429148	0.000162582113406806	1	0.0132683292542084	0.98786254732218	0.072999368919656	1	0.00158100169536357	0.473246507478829
ENSFCAG00000030040:ATRX	0	0	0	1	1	0	139.671977819682	139.671977819682	15.4822878970647	0.641978042365061	0.00497174538859801	0.0173653667226319	0.0514330678338309	0.923899131349337	0.98786254732218	0.997307755288083	1	0.00716376691454079	0.999996482275524
ENSFCAG00000006262:CREBBP	0	0	1	0	1	0	124.12552342403	124.12552342403	15.7482413087935	0.634263644382153	0.00566001252555537	0.0194235444597586	0.0507305660549445	0.923899131349337	0.98786254732218	0.997307755288083	1	0.00780656931282231	0.999996482275524
ENSFCAG00000025491:ELP2	0	1	0	0	1	32.8774943600205	0	0	50.7974274406332	0.024720882439954	0.923084527693127	0.0799509334082101	0.018211231007694	0.923899131349337	0.98786254732218	0.997307755288083	1	0.0109667148732419	0.999996482275524
ENSFCAG00000029985:KAT6A	0	1	0	0	1	10.9581399119035	0	0	19.1278936910084	0.0849280263331641	0.921373610716309	0.225626584814614	0.0432403653323062	0.923899131349337	0.98786254732218	0.997307755288083	1	0.0549258536760293	0.999996482275524
ENSFCAG00000012114:OMD	0	0	0	0	1	0	0	0	92.5587740384616	0.856605659710074	0.967936088564032	0.983012442233814	0.0103403862467752	0.923899131349337	0.98786254732218	0.997307755288083	1	0.0568089545091366	0.999996482275524
ENSFCAG00000010119:SNX29	0	0	0	1	0	0	241.355434973929	241.355434973929	0	0.785840584804125	0.00273311913785368	0.0108257608499084	1	0.923899131349337	0.98786254732218	0.997307755288083	1	0.0598212785817217	0.999996482275524
ENSFCAG00000029172:KMT5A	0	0	0	0	1	0	0	0	76.8551896207585	0.821444580190973	0.953432211224329	0.973193476016335	0.0123463594320933	0.923899131349337	0.98786254732218	0.997307755288083	1	0.0651422698534672	0.999996482275524
ENSFCAG00000000093:KMT2D	0	1	0	0	2	4.49938390500664	0	0	14.5464488099736	0.228462475777953	0.876258177959294	0.47837592218924	0.0284918218180087	0.923899131349337	0.98786254732218	0.997307755288083	1	0.0721765676180028	0.999996482275524
ENSFCAG00000007992:EZR	0	0	0	0	1	0	0	0	60.163203125	0.808257471156221	0.92915125594177	0.96715370864118	0.0155547572222807	0.923899131349337	0.98786254732218	0.997307755288083	1	0.0781796319977128	0.999996482275524
ENSFCAG00000024456:MDM2	0	0	0	0	1	0	0	0	54.0034361851332	0.79174847915118	0.9577689572282	0.964388893832436	0.0172052624577042	0.923899131349337	0.98786254732218	0.997307755288083	1	0.0846021759942016	0.999996482275524
ENSFCAG00000012847:BRAF	0	0	0	0	1	0	0	0	47.8316149068323	0.786118731618601	0.923105211916445	0.959373995226594	0.0192527552119456	0.923899131349337	0.98786254732218	0.997307755288083	1	0.0921973560072933	0.999996482275524
ENSFCAG00000022046:SDC4	0	1	0	0	0	112.823901852857	0	0	0	0.00628691879390819	0.973668366995542	0.0239058732447849	1	0.923899131349337	0.98786254732218	0.997307755288083	1	0.113161585250035	0.999996482275524
ENSFCAG00000011119:LATS2	0	0	0	0	1	0	0	0	35.1317974452555	0.749104838863657	0.954215340548153	0.948578902565522	0.0255022230306899	0.923899131349337	0.98786254732218	0.997307755288083	1	0.114223968637329	0.999996482275524
ENSFCAG00000007517:JAK3	0	0	0	0	1	0	0	0	31.2282643957826	0.7351449355452	0.920594457000226	0.939706627941228	0.0283320124010068	0.923899131349337	0.98786254732218	0.997307755288083	1	0.12316028721233	0.999996482275524
ENSFCAG00000004858:BCOR	0	0	0	0	1	0	0	0	21.3557681641708	0.680753242983716	0.933425345396862	0.915643903024842	0.0394132637101312	0.923899131349337	0.98786254732218	0.997307755288083	1	0.155966643028993	0.999996482275524
ENSFCAG00000012814:ARID1A	0	0	0	0	1	0	0	0	16.8509628008753	0.649830103941301	0.923552042065121	0.897932987628149	0.0480137034545392	0.923899131349337	0.98786254732218	0.997307755288083	1	0.178657561671248	0.999996482275524
ENSFCAG00000006788:ACTB	0	1	0	0	0	56.795316833853	0	0	0	0.0134345800841986	0.960321103527029	0.0470415624512254	1	0.923899131349337	0.98786254732218	0.997307755288083	1	0.190834624130162	0.999996482275524
ENSFCAG00000044642:GNA11	0	1	0	0	0	53.5763581641392	0	0	0	0.0143351410295141	0.957067566277156	0.0498044372282397	1	0.923899131349337	0.98786254732218	0.997307755288083	1	0.19920037702326	0.999996482275524
ENSFCAG00000009200:IL7R	0	1	0	0	0	52.0735541701445	0	0	0	0.014796195524742	0.951071549502476	0.0511918026245706	1	0.923899131349337	0.98786254732218	0.997307755288083	1	0.203342842858043	0.999996482275524
ENSFCAG00000028952:HOXA3	1	1	0	0	0	47.5826001510802	0	0	0	0.0163592705677663	0.975152421971986	0.0559997993939617	1	0.923899131349337	0.98786254732218	0.997307755288083	1	0.217414022713907	0.999996482275524
ENSFCAG00000010165:SPEN	0	0	0	0	1	0	0	0	10.4660097852677	0.556460328368652	0.917892149131171	0.83673678160873	0.0697333711721957	0.923899131349337	0.98786254732218	0.997307755288083	1	0.224135288398019	0.999996482275524
ENSFCAG00000002012:ARID3B	0	1	0	0	0	36.5417052687856	0	0	0	0.0219651250747808	0.954751029763378	0.0723754848494836	1	0.923899131349337	0.98786254732218	0.997307755288083	1	0.262425376242957	0.999996482275524
ENSFCAG00000008632:KMT2C	0	2	0	0	0	8.86206474811127	0	0	0	0.023004078022052	0.876084381776923	0.0745468857721677	1	0.923899131349337	0.98786254732218	0.997307755288083	1	0.268094978987062	0.999996482275524
ENSFCAG00000006634:LRIG3	0	1	0	0	0	20.3629590045187	0	0	0	0.0423116351527305	0.916987499868937	0.126590723019359	1	0.923899131349337	0.98786254732218	0.997307755288083	1	0.388227929302815	0.999996482275524
ENSFCAG00000013897:SMC1A	0	1	0	0	0	18.5745193640811	0	0	0	0.0469179866117039	0.919773100432239	0.138172619371778	1	0.923899131349337	0.98786254732218	0.997307755288083	1	0.411650984971994	0.999996482275524
ENSFCAG00000001147:BCL9L	0	1	0	0	0	16.3912033463734	0	0	0	0.0540024999312538	0.94314878150684	0.155849959896716	1	0.923899131349337	0.98786254732218	0.997307755288083	1	0.44555345481457	0.999996482275524
ENSFCAG00000011453:RPTOR	0	1	0	0	0	15.6814507085389	0	0	0	0.0567594728484102	0.902953411568983	0.161658233714854	1	0.923899131349337	0.98786254732218	0.997307755288083	1	0.456243319166324	0.999996482275524
ENSFCAG00000014299:GRIN2A	0	1	0	0	0	15.4160965482233	0	0	0	0.0578596306473247	0.931811765586889	0.164882686130981	1	0.923899131349337	0.98786254732218	0.997307755288083	1	0.462087198844421	0.999996482275524
ENSFCAG00000009679:KDR	0	1	0	0	0	14.8574737792551	0	0	0	0.0603124187316958	0.902387286475087	0.170004505635603	1	0.923899131349337	0.98786254732218	0.997307755288083	1	0.471240646860546	0.999996482275524
ENSFCAG00000041416:IRS2	0	1	0	0	0	14.822567408446	0	0	0	0.0604722100344909	0.966538454196507	0.171516513878531	1	0.923899131349337	0.98786254732218	0.997307755288083	1	0.473913116135908	0.999996482275524
ENSFCAG00000013540:ARHGEF28	0	1	0	0	0	13.0786544802762	0	0	0	0.0696141997288859	0.90148464228397	0.191334602976096	1	0.923899131349337	0.98786254732218	0.997307755288083	1	0.507750669767091	0.999996482275524
ENSFCAG00000000864:AFDN	0	1	0	0	0	11.682802878403	0	0	0	0.0790322034989036	0.905631413592031	0.212376549986822	1	0.923899131349337	0.98786254732218	0.997307755288083	1	0.541431587369569	0.999996482275524
ENSFCAG00000006278:ARID1B	0	1	0	0	0	9.33491963655181	0	0	0	0.101668968866658	0.922556374495568	0.260716402491138	1	0.923899131349337	0.98786254732218	0.997307755288083	1	0.611203209308099	0.999996482275524
ENSFCAG00000023397:POLQ	0	1	0	0	0	8.79638199561391	0	0	0	0.108668600309204	0.912718670762992	0.274511140036337	1	0.923899131349337	0.98786254732218	0.997307755288083	1	0.629389104607628	0.999996482275524
ENSFCAG00000000945:RNF213	0	0	0	0	0	0	0	0	0	0.486263394001631	0.850663358281526	0.770973683938943	1	0.923899131349337	0.98786254732218	0.997307755288083	1	0.971504739692219	0.999996482275524
ENSFCAG00000002901:PCLO	0	0	0	0	0	0	0	0	0	0.496060344269911	0.887047669561937	0.785246597041709	1	0.923899131349337	0.98786254732218	0.997307755288083	1	0.975085830944167	0.999996482275524
ENSFCAG00000029544:FAT4	1	0	0	0	0	0	0	0	0	0.505849689123631	0.915217698000083	0.796933470022963	1	0.923899131349337	0.98786254732218	0.997307755288083	1	0.977824679884353	0.999996482275524
ENSFCAG00000025616:FAT1	0	0	0	0	0	0	0	0	0	0.512831951289588	0.906181627702032	0.80165063191416	1	0.923899131349337	0.98786254732218	0.997307755288083	1	0.978881467222496	0.999996482275524
ENSFCAG00000026584:LRP1B	0	0	0	0	0	0	0	0	0	0.546499331164207	0.834248287861739	0.81571192844621	1	0.923899131349337	0.98786254732218	0.997307755288083	1	0.98186756640801	0.999996482275524
ENSFCAG00000011374:PRKDC	0	0	0	0	0	0	0	0	0	0.558539113066008	0.849643493078093	0.827721164022837	1	0.923899131349337	0.98786254732218	0.997307755288083	1	0.984225804116017	0.999996482275524
ENSFCAG00000015061:TRRAP	0	0	0	0	0	0	0	0	0	0.559228309779246	0.86736606519605	0.831554351418454	1	0.923899131349337	0.98786254732218	0.997307755288083	1	0.984941717024078	0.999996482275524
ENSFCAG00000023839:ZFHX3	0	0	0	0	0	0	0	0	0	0.560176416854546	0.922605667483556	0.839947351758121	1	0.923899131349337	0.98786254732218	0.997307755288083	1	0.986447664152377	0.999996482275524
ENSFCAG00000010626:SMG1	0	0	0	0	0	0	0	0	0	0.577094999830184	0.866433533237988	0.84399045668775	1	0.923899131349337	0.98786254732218	0.997307755288083	1	0.987143131395652	0.999996482275524
ENSFCAG00000000639:RELN	0	0	0	0	0	0	0	0	0	0.584339883916748	0.863285198383028	0.848357191651411	1	0.923899131349337	0.98786254732218	0.997307755288083	1	0.987872514054434	0.999996482275524
ENSFCAG00000025587:BRCA2	0	0	0	0	0	0	0	0	0	0.590246443719168	0.906563591128322	0.859104377483562	1	0.923899131349337	0.98786254732218	0.997307755288083	1	0.989572138273438	0.999996482275524
ENSFCAG00000043897:RANBP2	0	0	0	0	0	0	0	0	0	0.599293238009683	0.895954006335889	0.863657797531968	1	0.923899131349337	0.98786254732218	0.997307755288083	1	0.99025159700148	0.999996482275524
ENSFCAG00000012430:ATM	0	0	0	0	0	0	0	0	0	0.607898568490727	0.873584149749676	0.865649368052088	1	0.923899131349337	0.98786254732218	0.997307755288083	1	0.990541224242533	0.999996482275524
ENSFCAG00000023517:NOTCH1	0	0	0	0	0	0	0	0	0	0.603623220794513	0.906449947914426	0.867894589637899	1	0.923899131349337	0.98786254732218	0.997307755288083	1	0.990862245163933	0.999996482275524
ENSFCAG00000043012:ANKRD11	0	0	0	0	0	0	0	0	0	0.601063037177699	0.92173591075941	0.86803617226965	1	0.923899131349337	0.98786254732218	0.997307755288083	1	0.990882293753037	0.999996482275524
ENSFCAG00000007347:MGA	0	0	0	0	0	0	0	0	0	0.610272227064093	0.909877079365223	0.872586907396446	1	0.923899131349337	0.98786254732218	0.997307755288083	1	0.991514414429858	0.999996482275524
ENSFCAG00000000787:APC	0	0	0	0	0	0	0	0	0	0.611927690798682	0.918083480244498	0.874611643578845	1	0.923899131349337	0.98786254732218	0.997307755288083	1	0.99178802457669	0.999996482275524
ENSFCAG00000006065:NF1	0	0	0	0	0	0	0	0	0	0.621120439317099	0.880538052474211	0.875082977593766	1	0.923899131349337	0.98786254732218	0.997307755288083	1	0.991851044725788	0.999996482275524
ENSFCAG00000011214:UBR5	0	0	0	0	0	0	0	0	0	0.624708142937586	0.877568038411532	0.876766768376982	1	0.923899131349337	0.98786254732218	0.997307755288083	1	0.992074105090169	0.999996482275524
ENSFCAG00000030516:TPR	0	0	0	0	0	0	0	0	0	0.630829944859235	0.880861822162531	0.881001661926358	1	0.923899131349337	0.98786254732218	0.997307755288083	1	0.99262084289409	0.999996482275524
ENSFCAG00000019287:SETD2	0	0	0	0	0	0	0	0	0	0.628610663011059	0.900527469533876	0.882687855715695	1	0.923899131349337	0.98786254732218	0.997307755288083	1	0.992832863891495	0.999996482275524
ENSFCAG00000000053:MTOR	0	0	0	0	0	0	0	0	0	0.634288897504847	0.87893377476989	0.882725261064414	1	0.923899131349337	0.98786254732218	0.997307755288083	1	0.992837530674712	0.999996482275524
ENSFCAG00000024379:MGAM	0	0	0	0	0	0	0	0	0	0.641444690971133	0.859379165531092	0.883276567948999	1	0.923899131349337	0.98786254732218	0.997307755288083	1	0.992906129271548	0.999996482275524
ENSFCAG00000009998:NCOR1	0	0	0	0	0	0	0	0	0	0.635554060827491	0.880258759811936	0.883694185353536	1	0.923899131349337	0.98786254732218	0.997307755288083	1	0.992957863944593	0.999996482275524
ENSFCAG00000031193:NCOR2	0	0	0	0	0	0	0	0	0	0.63191538742512	0.895407143249238	0.883932585314111	1	0.923899131349337	0.98786254732218	0.997307755288083	1	0.992987308567387	0.999996482275524
ENSFCAG00000001531:NSD1	0	0	0	0	0	0	0	0	0	0.62913281926571	0.923796801138237	0.885863679067452	1	0.923899131349337	0.98786254732218	0.997307755288083	1	0.993223448396491	0.999996482275524
ENSFCAG00000018078:ATR	0	0	0	0	0	0	0	0	0	0.64146436921047	0.887110714341568	0.888261626125112	1	0.923899131349337	0.98786254732218	0.997307755288083	1	0.993510818298454	0.999996482275524
ENSFCAG00000000914:NOTCH3	0	0	0	0	0	0	0	0	0	0.635857013532449	0.91661648574716	0.88906985314176	1	0.923899131349337	0.98786254732218	0.997307755288083	1	0.993606216682966	0.999996482275524
ENSFCAG00000012737:CIC	0	0	0	0	0	0	0	0	0	0.635180450531542	0.924221383615623	0.88952071679268	1	0.923899131349337	0.98786254732218	0.997307755288083	1	0.993659114691502	0.999996482275524
ENSFCAG00000009649:NOTCH2	0	0	0	0	0	0	0	0	0	0.639344611281682	0.90732363229777	0.889964272964446	1	0.923899131349337	0.98786254732218	0.997307755288083	1	0.9937109323429	0.999996482275524
ENSFCAG00000018332:PTPN13	0	0	0	0	0	0	0	0	0	0.645638855860055	0.889082665250967	0.890971080544953	1	0.923899131349337	0.98786254732218	0.997307755288083	1	0.993827730608332	0.999996482275524
ENSFCAG00000001819:LRRK2	0	0	0	0	0	0	0	0	0	0.649879143558175	0.881151555245569	0.892080369586473	1	0.923899131349337	0.98786254732218	0.997307755288083	1	0.993955100341574	0.999996482275524
ENSFCAG00000002498:POLE	0	0	0	0	0	0	0	0	0	0.64931183166672	0.884234192752711	0.892274857269252	1	0.923899131349337	0.98786254732218	0.997307755288083	1	0.993977289451029	0.999996482275524
ENSFCAG00000005002:EP300	0	0	0	0	0	0	0	0	0	0.647967543169917	0.892393681821504	0.892808865146545	1	0.923899131349337	0.98786254732218	0.997307755288083	1	0.994037996469402	0.999996482275524
ENSFCAG00000053177:CNTRL	0	0	0	0	0	0	0	0	0	0.65395256465717	0.883976115725378	0.894830497350746	1	0.923899131349337	0.98786254732218	0.997307755288083	1	0.994264927587657	0.999996482275524
ENSFCAG00000009906:PTPRB	0	0	0	0	0	0	0	0	0	0.656714179925137	0.885017505015986	0.896530753036366	1	0.923899131349337	0.98786254732218	0.997307755288083	1	0.994452247349075	0.999996482275524
ENSFCAG00000006448:ROS1	0	0	0	0	0	0	0	0	0	0.657612737911905	0.882148121071917	0.896548192729613	1	0.923899131349337	0.98786254732218	0.997307755288083	1	0.994454151989543	0.999996482275524
ENSFCAG00000007234:PTPRS	1	0	0	0	0	0	0	0	0	0.65461641686753	0.894025753192086	0.896789140994538	1	0.923899131349337	0.98786254732218	0.997307755288083	1	0.994480431943892	0.999996482275524
ENSFCAG00000014803:MED12	0	0	0	0	0	0	0	0	0	0.654528923085873	0.895712436407167	0.896993174279952	1	0.923899131349337	0.98786254732218	0.997307755288083	1	0.994502635002477	0.999996482275524
ENSFCAG00000006381:KMT2B	0	0	0	0	0	0	0	0	0	0.653728379365386	0.909025291453693	0.898397767499165	1	0.923899131349337	0.98786254732218	0.997307755288083	1	0.994654225008585	0.999996482275524
ENSFCAG00000015145:CAD	0	0	0	0	0	0	0	0	0	0.658646903758684	0.903959824482469	0.900447987471357	1	0.923899131349337	0.98786254732218	0.997307755288083	1	0.994871552805543	0.999996482275524
ENSFCAG00000005621:CACNA1D	0	0	0	0	0	0	0	0	0	0.666072681009764	0.888121579789298	0.902119897652196	1	0.923899131349337	0.98786254732218	0.997307755288083	1	0.995045322911943	0.999996482275524
ENSFCAG00000022076:NIN	0	0	0	0	0	0	0	0	0	0.666295905249499	0.898434743693561	0.903819029656573	1	0.923899131349337	0.98786254732218	0.997307755288083	1	0.995218747691883	0.999996482275524
ENSFCAG00000000496:PCM1	0	0	0	0	0	0	0	0	0	0.665333798816301	0.905429869921201	0.904285983335235	1	0.923899131349337	0.98786254732218	0.997307755288083	1	0.995265848305026	0.999996482275524
ENSFCAG00000007047:MYO18A	0	0	0	0	0	0	0	0	0	0.668112805080915	0.901900477350351	0.905287120593383	1	0.923899131349337	0.98786254732218	0.997307755288083	1	0.995366018363128	0.999996482275524
ENSFCAG00000005552:KAT6B	0	0	0	0	0	0	0	0	0	0.667028445902695	0.913922840290497	0.906296270545165	1	0.923899131349337	0.98786254732218	0.997307755288083	1	0.995465869681644	0.999996482275524
ENSFCAG00000025470:KNL1	0	0	0	0	0	0	0	0	0	0.666184297409644	0.919406229964456	0.906498155450775	1	0.923899131349337	0.98786254732218	0.997307755288083	1	0.995485710454959	0.999996482275524
ENSFCAG00000051264:WDR90	0	0	0	0	0	0	0	0	0	0.675501910692857	0.899978540190075	0.908906295675903	1	0.923899131349337	0.98786254732218	0.997307755288083	1	0.995718912810631	0.999996482275524
ENSFCAG00000022277:TRIP11	0	0	0	0	0	0	0	0	0	0.671185836221378	0.91889661948963	0.909107822292418	1	0.923899131349337	0.98786254732218	0.997307755288083	1	0.995738138937788	0.999996482275524
ENSFCAG00000022265:TP53BP1	0	0	0	0	0	0	0	0	0	0.673631464585234	0.908611169878479	0.90911988725507	1	0.923899131349337	0.98786254732218	0.997307755288083	1	0.995739288547029	0.999996482275524
ENSFCAG00000005317:NUMA1	0	0	0	0	0	0	0	0	0	0.673686832972215	0.91039434698774	0.909381328527332	1	0.923899131349337	0.98786254732218	0.997307755288083	1	0.995764160639587	0.999996482275524
ENSFCAG00000001124:MYH9	0	0	0	0	0	0	0	0	0	0.681381623629258	0.888032272667331	0.91010421028614	1	0.923899131349337	0.98786254732218	0.997307755288083	1	0.995832540495037	0.999996482275524
ENSFCAG00000013146:BRCA1	0	0	0	0	0	0	0	0	0	0.673930298962543	0.917754462725591	0.910419712483323	1	0.923899131349337	0.98786254732218	0.997307755288083	1	0.995862204912769	0.999996482275524
ENSFCAG00000024457:PTPRD	0	0	0	0	0	0	0	0	0	0.681967120765157	0.889398332554772	0.910622448438651	1	0.923899131349337	0.98786254732218	0.997307755288083	1	0.995881209022283	0.999996482275524
ENSFCAG00000012673:TET1	0	0	0	0	0	0	0	0	0	0.672002454193617	0.931170511993667	0.910862485396693	1	0.923899131349337	0.98786254732218	0.997307755288083	1	0.995903651305836	0.999996482275524
ENSFCAG00000013232:MYH11	0	0	0	0	0	0	0	0	0	0.687745458235298	0.885221757756028	0.912849200744116	1	0.923899131349337	0.98786254732218	0.997307755288083	1	0.996086972615574	0.999996482275524
ENSFCAG00000008606:DOT1L	0	0	0	0	0	0	0	0	0	0.680390874731699	0.911048644139902	0.91294323634264	1	0.923899131349337	0.98786254732218	0.997307755288083	1	0.996095542368931	0.999996482275524
ENSFCAG00000006877:CHD4	0	0	0	0	0	0	0	0	0	0.687343942941144	0.889643420477627	0.913372149933368	1	0.923899131349337	0.98786254732218	0.997307755288083	1	0.996134507754408	0.999996482275524
ENSFCAG00000012831:ARID2	0	0	0	0	0	0	0	0	0	0.683224395987327	0.912652220389205	0.914594837190034	1	0.923899131349337	0.98786254732218	0.997307755288083	1	0.996244479720927	0.999996482275524
ENSFCAG00000011746:TSC2	0	0	0	0	0	0	0	0	0	0.687795396401566	0.901604778433896	0.915411226289551	1	0.923899131349337	0.98786254732218	0.997307755288083	1	0.996316997877573	0.999996482275524
ENSFCAG00000007696:MDC1	0	0	0	0	0	0	0	0	0	0.682018082899497	0.929473074710105	0.915900794645745	1	0.923899131349337	0.98786254732218	0.997307755288083	1	0.996360135963756	0.999996482275524
ENSFCAG00000012246:DNMT1	0	0	0	0	0	0	0	0	0	0.690528363951151	0.901743069510609	0.916790623013162	1	0.923899131349337	0.98786254732218	0.997307755288083	1	0.996437872805595	0.999996482275524
ENSFCAG00000003741:NUP98	0	0	0	0	0	0	0	0	0	0.692975617255544	0.902813123458895	0.918149715120056	1	0.923899131349337	0.98786254732218	0.997307755288083	1	0.996554938617786	0.999996482275524
ENSFCAG00000002384:PDCD11	0	0	0	0	0	0	0	0	0	0.693059304494584	0.907093346490892	0.918783211988509	1	0.923899131349337	0.98786254732218	0.997307755288083	1	0.996608817467536	0.999996482275524
ENSFCAG00000012577:MYO5A	0	0	0	0	0	0	0	0	0	0.697027716350138	0.897257856611779	0.919315496296881	1	0.923899131349337	0.98786254732218	0.997307755288083	1	0.996653750496463	0.999996482275524
ENSFCAG00000024678:TET3	0	0	0	0	0	0	0	0	0	0.68858302396732	0.933234673932465	0.91959669966255	1	0.923899131349337	0.98786254732218	0.997307755288083	1	0.996677363982614	0.999996482275524
ENSFCAG00000003535:DICER1	0	0	0	0	0	0	0	0	0	0.691969930031267	0.918308769250726	0.919671345124946	1	0.923899131349337	0.98786254732218	0.997307755288083	1	0.996683617741392	0.999996482275524
ENSFCAG00000025265:CAMTA1	0	0	0	0	0	0	0	0	0	0.691418084631315	0.92403925347317	0.920055213388276	1	0.923899131349337	0.98786254732218	0.997307755288083	1	0.996715682348306	0.999996482275524
ENSFCAG00000003208:CHD2	0	0	0	0	0	0	0	0	0	0.698510889632469	0.897998223988099	0.920142080403897	1	0.923899131349337	0.98786254732218	0.997307755288083	1	0.996722916146058	0.999996482275524
ENSFCAG00000008083:RICTOR	0	0	0	0	0	0	0	0	0	0.697552303110271	0.904105302520171	0.920562006046989	1	0.923899131349337	0.98786254732218	0.997307755288083	1	0.99675776956926	0.999996482275524
ENSFCAG00000031869:BCORL1	0	0	0	0	0	0	0	0	0	0.690294649568914	0.936283463619454	0.920739792057843	1	0.923899131349337	0.98786254732218	0.997307755288083	1	0.996772467914223	0.999996482275524
ENSFCAG00000034298:CUX1	0	0	0	0	0	0	0	0	0	0.693807524042826	0.921870693929329	0.920990485838497	1	0.923899131349337	0.98786254732218	0.997307755288083	1	0.996793135532038	0.999996482275524
ENSFCAG00000026560:ARHGEF12	0	0	0	0	0	0	0	0	0	0.702961774100006	0.890490770562153	0.921105566546306	1	0.923899131349337	0.98786254732218	0.997307755288083	1	0.996802600126088	0.999996482275524
ENSFCAG00000004894:SMARCA4	0	0	0	0	0	0	0	0	0	0.696630479077128	0.915813127945761	0.921653178258464	1	0.923899131349337	0.98786254732218	0.997307755288083	1	0.996847440450666	0.999996482275524
ENSFCAG00000012280:SLX4	0	0	0	0	0	0	0	0	0	0.694432243443792	0.929508733942991	0.922123265570909	1	0.923899131349337	0.98786254732218	0.997307755288083	1	0.99688567326665	0.999996482275524
ENSFCAG00000014340:KDM5A	0	0	0	0	0	0	0	0	0	0.698996825254238	0.918366238629916	0.923107311289651	1	0.923899131349337	0.98786254732218	0.997307755288083	1	0.996964931245592	0.999996482275524
ENSFCAG00000002588:SETD1A	0	0	0	0	0	0	0	0	0	0.697632473494396	0.930373001702772	0.923772401770035	1	0.923899131349337	0.98786254732218	0.997307755288083	1	0.997017905455376	0.999996482275524
ENSFCAG00000024512:ZNF521	0	0	0	0	0	0	0	0	0	0.694637707084605	0.947004318635841	0.923796197917918	1	0.923899131349337	0.98786254732218	0.997307755288083	1	0.99701979193489	0.999996482275524
ENSFCAG00000004564:COL1A1	0	0	0	0	0	0	0	0	0	0.71557171693048	0.874214613401798	0.924117988688015	1	0.923899131349337	0.98786254732218	0.997307755288083	1	0.997045242254042	0.999996482275524
ENSFCAG00000008986:PREX2	0	0	0	0	0	0	0	0	0	0.706158583797545	0.904366966894831	0.924698027972532	1	0.923899131349337	0.98786254732218	0.997307755288083	1	0.997090834359049	0.999996482275524
ENSFCAG00000014850:PIK3C2B	0	0	0	0	0	0	0	0	0	0.707772847134605	0.901904696341406	0.92510311530157	1	0.923899131349337	0.98786254732218	0.997307755288083	1	0.997122459140116	0.999996482275524
ENSFCAG00000002747:CLTCL1	0	0	0	0	0	0	0	0	0	0.70382975829241	0.920812740438917	0.9257054109244	1	0.923899131349337	0.98786254732218	0.997307755288083	1	0.997169151875423	0.999996482275524
ENSFCAG00000005120:NUP214	0	0	0	0	0	0	0	0	0	0.705518878561013	0.924262868517108	0.926895225094931	1	0.923899131349337	0.98786254732218	0.997307755288083	1	0.99726024029821	0.999996482275524
ENSFCAG00000014501:ROBO1	0	0	0	0	0	0	0	0	0	0.711156663972095	0.903694039000079	0.926926883752339	1	0.923899131349337	0.98786254732218	0.997307755288083	1	0.997262643116479	0.999996482275524
ENSFCAG00000015718:PBRM1	0	0	0	0	0	0	0	0	0	0.708767118410684	0.912722663836407	0.9270377332245	1	0.923899131349337	0.98786254732218	0.997307755288083	1	0.997271047812014	0.999996482275524
ENSFCAG00000001568:SMARCA2	0	0	0	0	0	0	0	0	0	0.708817999005069	0.916277059119256	0.927507375392658	1	0.923899131349337	0.98786254732218	0.997307755288083	1	0.997306509435309	0.999996482275524
ENSFCAG00000003795:FANCA	0	0	0	0	0	0	0	0	0	0.717147416390763	0.897204986760742	0.928704406189935	1	0.923899131349337	0.98786254732218	0.997307755288083	1	0.997395819323205	0.999996482275524
ENSFCAG00000027260:CLTC	0	0	0	0	0	0	0	0	0	0.711414406548555	0.917378695671887	0.928844864402192	1	0.923899131349337	0.98786254732218	0.997307755288083	1	0.997406197662388	0.999996482275524
ENSFCAG00000004770:PTPRT	0	0	0	0	0	0	0	0	0	0.717804650013613	0.897704309256423	0.929075509606145	1	0.923899131349337	0.98786254732218	0.997307755288083	1	0.997423193768944	0.999996482275524
ENSFCAG00000001908:ASXL1	0	0	0	0	0	0	0	0	0	0.708946639611797	0.931247075804381	0.929241518068186	1	0.923899131349337	0.98786254732218	0.997307755288083	1	0.997435391394682	0.999996482275524
ENSFCAG00000014002:COL2A1	0	0	0	0	0	0	0	0	0	0.732118591201057	0.866520649227564	0.929870184104614	1	0.923899131349337	0.98786254732218	0.997307755288083	1	0.997481314446202	0.999996482275524
ENSFCAG00000011205:PTCH1	0	0	0	0	0	0	0	0	0	0.714348765066265	0.915921159133069	0.930012171297478	1	0.923899131349337	0.98786254732218	0.997307755288083	1	0.997491627536243	0.999996482275524
ENSFCAG00000007346:SETBP1	0	0	0	0	0	0	0	0	0	0.707592195614757	0.953899634870435	0.93051454968379	1	0.923899131349337	0.98786254732218	0.997307755288083	1	0.997527943244866	0.999996482275524
ENSFCAG00000000959:PASK	0	0	0	0	0	0	0	0	0	0.714008482991412	0.923010482712427	0.930696664283783	1	0.923899131349337	0.98786254732218	0.997307755288083	1	0.997541040875188	0.999996482275524
ENSFCAG00000007256:KDM5C	0	0	0	0	0	0	0	0	0	0.717483573984285	0.911231127646137	0.930836621608732	1	0.923899131349337	0.98786254732218	0.997307755288083	1	0.99755108234945	0.999996482275524
ENSFCAG00000000247:PIK3C2G	0	0	0	0	0	0	0	0	0	0.720367992272146	0.902500478418442	0.93092911560754	1	0.923899131349337	0.98786254732218	0.997307755288083	1	0.997557706938213	0.999996482275524
ENSFCAG00000009445:KDM6A	0	0	0	0	0	0	0	0	0	0.721476698216775	0.899314556099028	0.930955301185765	1	0.923899131349337	0.98786254732218	0.997307755288083	1	0.997559580727873	0.999996482275524
ENSFCAG00000014104:MAP3K1	0	0	0	0	0	0	0	0	0	0.715045675755454	0.925929212990949	0.931494308437636	1	0.923899131349337	0.98786254732218	0.997307755288083	1	0.997597987462602	0.999996482275524
ENSFCAG00000009897:CDK12	0	0	0	0	0	0	0	0	0	0.717688378612832	0.918174057765268	0.931801759185929	1	0.923899131349337	0.98786254732218	0.997307755288083	1	0.997619755032855	0.999996482275524
ENSFCAG00000004831:ARHGAP35	0	0	0	0	0	0	0	0	0	0.71281614833672	0.944508760983046	0.932242778702011	1	0.923899131349337	0.98786254732218	0.997307755288083	1	0.997650802180625	0.999996482275524
ENSFCAG00000001882:FLT4	0	0	0	0	0	0	0	0	0	0.720390325989952	0.91497437677722	0.932619636712889	1	0.923899131349337	0.98786254732218	0.997307755288083	1	0.997677167132729	0.999996482275524
ENSFCAG00000018200:PDS5B	0	0	0	0	0	0	0	0	0	0.727912858371415	0.892828618502651	0.932774257794768	1	0.923899131349337	0.98786254732218	0.997307755288083	1	0.997687940348479	0.999996482275524
ENSFCAG00000005610:SETD5	0	0	0	0	0	0	0	0	0	0.717927648023539	0.927019282562991	0.932918456311205	1	0.923899131349337	0.98786254732218	0.997307755288083	1	0.997697964275032	0.999996482275524
ENSFCAG00000037938:NSD2	0	0	0	0	0	0	0	0	0	0.715348034519187	0.93954037134869	0.932978937743918	1	0.923899131349337	0.98786254732218	0.997307755288083	1	0.997702161992918	0.999996482275524
ENSFCAG00000025791:NCOA1	0	0	0	0	0	0	0	0	0	0.720086314799831	0.922732033508964	0.933412707009933	1	0.923899131349337	0.98786254732218	0.997307755288083	1	0.997732152897356	0.999996482275524
ENSFCAG00000004031:ATP2B3	0	0	0	0	0	0	0	0	0	0.719374617860564	0.928588667384022	0.933736096075434	1	0.923899131349337	0.98786254732218	0.997307755288083	1	0.997754380922684	0.999996482275524
ENSFCAG00000009032:PLCG1	0	0	0	0	0	0	0	0	0	0.72480143230712	0.908803384264664	0.933766771977864	1	0.923899131349337	0.98786254732218	0.997307755288083	1	0.997756483602625	0.999996482275524
ENSFCAG00000009873:PTPRK	0	0	0	0	0	0	0	0	0	0.728090821608539	0.89942922238054	0.933867607684116	1	0.923899131349337	0.98786254732218	0.997307755288083	1	0.99776338828613	0.999996482275524
ENSFCAG00000010606:CLIP1	0	0	0	0	0	0	0	0	0	0.721552883372406	0.921456328583741	0.933919764138776	1	0.923899131349337	0.98786254732218	0.997307755288083	1	0.997766955405531	0.999996482275524
ENSFCAG00000013481:PRDM16	0	0	0	0	0	0	0	0	0	0.717260757830421	0.941156858659541	0.933989546484476	1	0.923899131349337	0.98786254732218	0.997307755288083	1	0.997771723451156	0.999996482275524
ENSFCAG00000015191:PER1	0	0	0	0	0	0	0	0	0	0.720568665769588	0.926054949840641	0.933998785612555	1	0.923899131349337	0.98786254732218	0.997307755288083	1	0.997772354345821	0.999996482275524
ENSFCAG00000012003:EMSY	0	0	0	0	0	0	0	0	0	0.722914874715016	0.919477405090126	0.934291105580695	1	0.923899131349337	0.98786254732218	0.997307755288083	1	0.997792268254534	0.999996482275524
ENSFCAG00000011228:FANCD2	0	0	0	0	0	0	0	0	0	0.73033446532231	0.896260626320057	0.934352927628491	1	0.923899131349337	0.98786254732218	0.997307755288083	1	0.997796468081493	0.999996482275524
ENSFCAG00000013609:NSD3	0	0	0	0	0	0	0	0	0	0.7227435667363	0.921082197440371	0.934404320818673	1	0.923899131349337	0.98786254732218	0.997307755288083	1	0.997799956319437	0.999996482275524
ENSFCAG00000003030:INSR	0	0	0	0	0	0	0	0	0	0.728002504233745	0.905017313399691	0.934639194048315	1	0.923899131349337	0.98786254732218	0.997307755288083	1	0.997815862022052	0.999996482275524
ENSFCAG00000009543:TERT	0	0	0	0	0	0	0	0	0	0.718427206577242	0.943757004740289	0.934736736680986	1	0.923899131349337	0.98786254732218	0.997307755288083	1	0.997822450298511	0.999996482275524
ENSFCAG00000018164:IGF1R	0	0	0	0	0	0	0	0	0	0.72738602708276	0.909022255123121	0.934923672898573	1	0.923899131349337	0.98786254732218	0.997307755288083	1	0.997835047998821	0.999996482275524
ENSFCAG00000003836:ASXL2	0	0	0	0	0	0	0	0	0	0.721338257839149	0.935857469536158	0.935340470775564	1	0.923899131349337	0.98786254732218	0.997307755288083	1	0.99786300159654	0.999996482275524
ENSFCAG00000014859:ERBB3	0	0	0	0	0	0	0	0	0	0.729523661545071	0.905388868763793	0.935347835128413	1	0.923899131349337	0.98786254732218	0.997307755288083	1	0.99786349383533	0.999996482275524
ENSFCAG00000030096:ARID4B	0	0	0	0	0	0	0	0	0	0.727847028811015	0.912916424839456	0.935637166120919	1	0.923899131349337	0.98786254732218	0.997307755288083	1	0.997882787049048	0.999996482275524
ENSFCAG00000000360:DROSHA	0	0	0	0	0	0	0	0	0	0.732283606722061	0.90023742337221	0.93578566392134	1	0.923899131349337	0.98786254732218	0.997307755288083	1	0.997892654455894	0.999996482275524
ENSFCAG00000004987:PLCG2	0	0	0	0	0	0	0	0	0	0.731184265106586	0.903493721106381	0.935791327317899	1	0.923899131349337	0.98786254732218	0.997307755288083	1	0.997893030311705	0.999996482275524
ENSFCAG00000002050:BCR	0	0	0	0	0	0	0	0	0	0.728537022097768	0.912050587015722	0.93582363301603	1	0.923899131349337	0.98786254732218	0.997307755288083	1	0.997895173649636	0.999996482275524
ENSFCAG00000015033:NCOA3	0	0	0	0	0	0	0	0	0	0.722748790036668	0.934474077649389	0.935834891857931	1	0.923899131349337	0.98786254732218	0.997307755288083	1	0.99789592036115	0.999996482275524
ENSFCAG00000014806:ZMYM3	0	0	0	0	0	0	0	0	0	0.728805191046618	0.914787286495164	0.936290617403829	1	0.923899131349337	0.98786254732218	0.997307755288083	1	0.997926031409909	0.999996482275524
ENSFCAG00000009534:MET	0	0	0	0	0	0	0	0	0	0.728754082900835	0.917712424666228	0.936631488894326	1	0.923899131349337	0.98786254732218	0.997307755288083	1	0.997948408720344	0.999996482275524
ENSFCAG00000007834:KTN1	0	0	0	0	0	0	0	0	0	0.731863132048037	0.90797587019507	0.936708286690204	1	0.923899131349337	0.98786254732218	0.997307755288083	1	0.997953433167502	0.999996482275524
ENSFCAG00000012455:KDM2B	0	0	0	0	0	0	0	0	0	0.730677057537642	0.911923436742169	0.936728456256754	1	0.923899131349337	0.98786254732218	0.997307755288083	1	0.997954751704629	0.999996482275524
ENSFCAG00000027902:ERBB4	1	0	0	0	0	0	0	0	0	0.733575462335718	0.903454501167156	0.93680300190362	1	0.923899131349337	0.98786254732218	0.997307755288083	1	0.997959621179145	0.999996482275524
ENSFCAG00000032000:NCOA2	0	0	0	0	0	0	0	0	0	0.726694541643287	0.927234655236869	0.936830011592629	1	0.923899131349337	0.98786254732218	0.997307755288083	1	0.997961384043382	0.999996482275524
ENSFCAG00000015536:ADGRA2	0	0	0	0	0	0	0	0	0	0.728691978337414	0.925676955337795	0.937528400498501	1	0.923899131349337	0.98786254732218	0.997307755288083	1	0.99800669606247	0.999996482275524
ENSFCAG00000030408:ZMYM2	0	0	0	0	0	0	0	0	0	0.73314996038167	0.912262974853176	0.937828050430085	1	0.923899131349337	0.98786254732218	0.997307755288083	1	0.998025978067004	0.999996482275524
ENSFCAG00000006087:BLM	0	0	0	0	0	0	0	0	0	0.730850436590813	0.920978104774567	0.937924672941968	1	0.923899131349337	0.98786254732218	0.997307755288083	1	0.998032175159511	0.999996482275524
ENSFCAG00000027460:CPS1	0	0	0	0	0	0	0	0	0	0.734156442453412	0.910459692169935	0.938017221050234	1	0.923899131349337	0.98786254732218	0.997307755288083	1	0.998038101598326	0.999996482275524
ENSFCAG00000004091:TRIM24	0	0	0	0	0	0	0	0	0	0.728904979900851	0.931242764707496	0.938210234022329	1	0.923899131349337	0.98786254732218	0.997307755288083	1	0.998050432057252	0.999996482275524
ENSFCAG00000000916:BRD4	0	0	0	0	0	0	0	0	0	0.72897376245294	0.933248739573872	0.938441252852466	1	0.923899131349337	0.98786254732218	0.997307755288083	1	0.998065138281278	0.999996482275524
ENSFCAG00000029806:AFF1	0	0	0	0	0	0	0	0	0	0.733484890348543	0.917138512587112	0.938587739542759	1	0.923899131349337	0.98786254732218	0.997307755288083	1	0.998074433883955	0.999996482275524
ENSFCAG00000000349:BCL9	0	0	0	0	0	0	0	0	0	0.725880021048939	0.950753061183502	0.9385952314585	1	0.923899131349337	0.98786254732218	0.997307755288083	1	0.998074908683719	0.999996482275524
ENSFCAG00000019223:ARID4A	0	0	0	0	0	0	0	0	0	0.735037884925351	0.915007460156671	0.938979142647655	1	0.923899131349337	0.98786254732218	0.997307755288083	1	0.998099158998441	0.999996482275524
ENSFCAG00000007089:MSH6	0	0	0	0	0	0	0	0	0	0.72869007879872	0.942967734200593	0.939208858146749	1	0.923899131349337	0.98786254732218	0.997307755288083	1	0.998113594251571	0.999996482275524
ENSFCAG00000013299:FLT1	0	0	0	0	0	0	0	0	0	0.7362256016327	0.913200584817474	0.939248139724651	1	0.923899131349337	0.98786254732218	0.997307755288083	1	0.998116057068494	0.999996482275524
ENSFCAG00000023047:STAG1	0	0	0	0	0	0	0	0	0	0.745493698896489	0.88793125050703	0.939313307762869	1	0.923899131349337	0.98786254732218	0.997307755288083	1	0.998120139252038	0.999996482275524
ENSFCAG00000015468:EGFR	0	0	0	0	0	0	0	0	0	0.741977209740191	0.897868326862583	0.939474867027233	1	0.923899131349337	0.98786254732218	0.997307755288083	1	0.998130239969665	0.999996482275524
ENSFCAG00000011110:JARID2	0	0	0	0	0	0	0	0	0	0.732019459560026	0.931198447647981	0.939545473936408	1	0.923899131349337	0.98786254732218	0.997307755288083	1	0.998134645603206	0.999996482275524
ENSFCAG00000015690:PTPRC	0	0	0	0	0	0	0	0	0	0.739578210943483	0.907435702256255	0.939875924797793	1	0.923899131349337	0.98786254732218	0.997307755288083	1	0.998155194102767	0.999996482275524
ENSFCAG00000009655:SETDB1	0	0	0	0	0	0	0	0	0	0.736774936807368	0.918281030745188	0.940114989013074	1	0.923899131349337	0.98786254732218	0.997307755288083	1	0.998169987453666	0.999996482275524
ENSFCAG00000009903:ERBB2	0	0	0	0	0	0	0	0	0	0.736447971039077	0.919948038163666	0.940178329802127	1	0.923899131349337	0.98786254732218	0.997307755288083	1	0.998173896808872	0.999996482275524
ENSFCAG00000000760:IRS4	0	0	0	0	0	0	0	0	0	0.727465253155318	0.966579490346018	0.940255672510411	1	0.923899131349337	0.98786254732218	0.997307755288083	1	0.998178664567513	0.999996482275524
ENSFCAG00000012141:STIL	0	0	0	0	0	0	0	0	0	0.73313964962303	0.933713195391847	0.940275406002866	1	0.923899131349337	0.98786254732218	0.997307755288083	1	0.998179880011627	0.999996482275524
ENSFCAG00000027633:STAG2	0	0	0	0	0	0	0	0	0	0.744913899395188	0.895528701858509	0.940308571603323	1	0.923899131349337	0.98786254732218	0.997307755288083	1	0.998181921846035	0.999996482275524
ENSFCAG00000003009:IRS1	1	0	0	0	0	0	0	0	0	0.728086807413982	0.962437471868401	0.940309189173126	1	0.923899131349337	0.98786254732218	0.997307755288083	1	0.998181959855518	0.999996482275524
ENSFCAG00000012665:MECOM	0	0	0	0	0	0	0	0	0	0.734011443412908	0.930693514047917	0.940342170196456	1	0.923899131349337	0.98786254732218	0.997307755288083	1	0.998183989144772	0.999996482275524
ENSFCAG00000024759:WRN	0	0	0	0	0	0	0	0	0	0.739311845913009	0.91307736460238	0.940519565495719	1	0.923899131349337	0.98786254732218	0.997307755288083	1	0.998194884256732	0.999996482275524
ENSFCAG00000008747:PTPRO	0	0	0	0	0	0	0	0	0	0.741386960469268	0.908896989838393	0.940821720184765	1	0.923899131349337	0.98786254732218	0.997307755288083	1	0.998213364706053	0.999996482275524
ENSFCAG00000007864:MAP3K6	0	0	0	0	0	0	0	0	0	0.73672253459502	0.927314999545223	0.941129803141439	1	0.923899131349337	0.98786254732218	0.997307755288083	1	0.998232107826859	0.999996482275524
ENSFCAG00000024874:SOS1	0	0	0	0	0	0	0	0	0	0.738717389107306	0.921102859732094	0.941263079872283	1	0.923899131349337	0.98786254732218	0.997307755288083	1	0.998240184850392	0.999996482275524
ENSFCAG00000003178:ATXN2	0	0	0	0	0	0	0	0	0	0.742064143011247	0.911218631847946	0.941410919465141	1	0.923899131349337	0.98786254732218	0.997307755288083	1	0.998249122356262	0.999996482275524
ENSFCAG00000012425:AFF4	0	0	0	0	0	0	0	0	0	0.740533100079942	0.916194908834441	0.941421048398118	1	0.923899131349337	0.98786254732218	0.997307755288083	1	0.998249733841681	0.999996482275524
ENSFCAG00000005323:INPPL1	0	0	0	0	0	0	0	0	0	0.739950206990345	0.919770078606147	0.941616794302387	1	0.923899131349337	0.98786254732218	0.997307755288083	1	0.998261529653488	0.999996482275524
ENSFCAG00000010557:SMC3	0	0	0	0	0	0	0	0	0	0.742248511277971	0.913954855299994	0.941843049497602	1	0.923899131349337	0.98786254732218	0.997307755288083	1	0.998275113281218	0.999996482275524
ENSFCAG00000018749:MLLT10	0	0	0	0	0	0	0	0	0	0.74586916201753	0.910391539191276	0.942848616670309	1	0.923899131349337	0.98786254732218	0.997307755288083	1	0.998334826869404	0.999996482275524
ENSFCAG00000029975:AFF3	0	0	0	0	0	0	0	0	0	0.743510347329843	0.92015116464589	0.943125316691151	1	0.923899131349337	0.98786254732218	0.997307755288083	1	0.998351069941241	0.999996482275524
ENSFCAG00000000325:POLD1	0	0	0	0	0	0	0	0	0	0.742371922755007	0.925401677771838	0.943263976918688	1	0.923899131349337	0.98786254732218	0.997307755288083	1	0.99835917915273	0.999996482275524
ENSFCAG00000007401:PC	0	0	0	0	0	0	0	0	0	0.741152285283416	0.93045438039065	0.94330477427209	1	0.923899131349337	0.98786254732218	0.997307755288083	1	0.998361561207267	0.999996482275524
ENSFCAG00000011321:INPP5D	0	0	0	0	0	0	0	0	0	0.747714571637597	0.908808474204024	0.943376767519165	1	0.923899131349337	0.98786254732218	0.997307755288083	1	0.998365760407277	0.999996482275524
ENSFCAG00000010710:ALPK1	0	0	0	0	0	0	0	0	0	0.741653321533303	0.940314734895569	0.944459954859166	1	0.923899131349337	0.98786254732218	0.997307755288083	1	0.998428277272182	0.999996482275524
ENSFCAG00000014232:HDAC4	0	0	0	0	0	0	0	0	0	0.750692750888846	0.908148016820686	0.944471754319993	1	0.923899131349337	0.98786254732218	0.997307755288083	1	0.998428951443162	0.999996482275524
ENSFCAG00000005115:ABL1	0	0	0	0	0	0	0	0	0	0.74138542273408	0.942798189729481	0.944565577635643	1	0.923899131349337	0.98786254732218	0.997307755288083	1	0.998434306862053	0.999996482275524
ENSFCAG00000009436:TYK2	0	0	0	0	0	0	0	0	0	0.746350441227425	0.924320484104585	0.944761540110097	1	0.923899131349337	0.98786254732218	0.997307755288083	1	0.998445462307908	0.999996482275524
ENSFCAG00000012942:PALB2	0	0	0	0	0	0	0	0	0	0.743859348452629	0.937337536857301	0.945093412491941	1	0.923899131349337	0.98786254732218	0.997307755288083	1	0.998464261917312	0.999996482275524
ENSFCAG00000003633:CSF1R	0	0	0	0	0	0	0	0	0	0.747797346755429	0.922311679624737	0.945113634326114	1	0.923899131349337	0.98786254732218	0.997307755288083	1	0.998465403658428	0.999996482275524
ENSFCAG00000008561:CARD11	0	0	0	0	0	0	0	0	0	0.745787839043207	0.929726171679583	0.945122895877351	1	0.923899131349337	0.98786254732218	0.997307755288083	1	0.998465926428642	0.999996482275524
ENSFCAG00000005038:SF3B1	0	0	0	0	0	0	0	0	0	0.748737848673381	0.922242264527235	0.945482059800751	1	0.923899131349337	0.98786254732218	0.997307755288083	1	0.998486129516546	0.999996482275524
ENSFCAG00000028848:CIITA	0	0	0	0	0	0	0	0	0	0.74958667288817	0.919771448848082	0.94552880867595	1	0.923899131349337	0.98786254732218	0.997307755288083	1	0.998488749119852	0.999996482275524
ENSFCAG00000005686:MSH3	0	0	0	0	0	0	0	0	0	0.752703346525664	0.912427775874632	0.945838769469083	1	0.923899131349337	0.98786254732218	0.997307755288083	1	0.99850605950997	0.999996482275524
ENSFCAG00000001953:JAK1	0	0	0	0	0	0	0	0	0	0.753250421749275	0.912963151593059	0.946123261456459	1	0.923899131349337	0.98786254732218	0.997307755288083	1	0.99852185814152	0.999996482275524
ENSFCAG00000001563:SEC31A	0	0	0	0	0	0	0	0	0	0.750309934713545	0.922680080766801	0.94615888265942	1	0.923899131349337	0.98786254732218	0.997307755288083	1	0.998523830259421	0.999996482275524
ENSFCAG00000014494:MLLT6	0	0	0	0	0	0	0	0	0	0.749996019551269	0.92443769186272	0.946235059312712	1	0.923899131349337	0.98786254732218	0.997307755288083	1	0.998528043172461	0.999996482275524
ENSFCAG00000038306:TRIM33	0	0	0	0	0	0	0	0	0	0.7502394979772	0.924820737835259	0.946374975227891	1	0.923899131349337	0.98786254732218	0.997307755288083	1	0.998535765178609	0.999996482275524
ENSFCAG00000006191:ERC1	0	0	0	0	0	0	0	0	0	0.75306073971705	0.917325940115444	0.946603345728091	1	0.923899131349337	0.98786254732218	0.997307755288083	1	0.998548324588523	0.999996482275524
ENSFCAG00000004555:CBLB	0	0	0	0	0	0	0	0	0	0.750034864721056	0.927849219480377	0.946627176689944	1	0.923899131349337	0.98786254732218	0.997307755288083	1	0.99854963201561	0.999996482275524
ENSFCAG00000009757:UPF1	0	0	0	0	0	0	0	0	0	0.748046225855776	0.936638122250943	0.94672242758005	1	0.923899131349337	0.98786254732218	0.997307755288083	1	0.998554851730397	0.999996482275524
ENSFCAG00000012999:RET	0	0	0	0	0	0	0	0	0	0.751791551847496	0.92458371093954	0.946962739004308	1	0.923899131349337	0.98786254732218	0.997307755288083	1	0.998567978124112	0.999996482275524
ENSFCAG00000028588:JAK2	0	0	0	0	0	0	0	0	0	0.755709541224412	0.912228808120323	0.946985141085245	1	0.923899131349337	0.98786254732218	0.997307755288083	1	0.998569198672473	0.999996482275524
ENSFCAG00000002830:TEK	0	0	0	0	0	0	0	0	0	0.755127629718693	0.915081624758615	0.947128560283685	1	0.923899131349337	0.98786254732218	0.997307755288083	1	0.998577000125586	0.999996482275524
ENSFCAG00000002750:HIRA	0	0	0	0	0	0	0	0	0	0.7542217034826	0.920486430457527	0.947441476448243	1	0.923899131349337	0.98786254732218	0.997307755288083	1	0.99859394618367	0.999996482275524
ENSFCAG00000002822:SALL4	0	0	0	0	0	0	0	0	0	0.745369032607416	0.961178049672787	0.947511448821829	1	0.923899131349337	0.98786254732218	0.997307755288083	1	0.998597721416024	0.999996482275524
ENSFCAG00000018250:LIFR	0	0	0	0	0	0	0	0	0	0.755376705073202	0.91737967348044	0.947513864798611	1	0.923899131349337	0.98786254732218	0.997307755288083	1	0.998597851673374	0.999996482275524
ENSFCAG00000000407:CTR9	0	0	0	0	0	0	0	0	0	0.751120163925555	0.932923793321756	0.947586050572238	1	0.923899131349337	0.98786254732218	0.997307755288083	1	0.99860174072653	0.999996482275524
ENSFCAG00000008249:KDM4C	0	0	0	0	0	0	0	0	0	0.758231216957285	0.910986504723017	0.947792416854102	1	0.923899131349337	0.98786254732218	0.997307755288083	1	0.998612828507224	0.999996482275524
ENSFCAG00000003659:DNMT3A	0	0	0	0	0	0	0	0	0	0.755175659237888	0.920529768201994	0.947818343491102	1	0.923899131349337	0.98786254732218	0.997307755288083	1	0.998614218332939	0.999996482275524
ENSFCAG00000003634:PDGFRB	0	0	0	0	0	0	0	0	0	0.754927792605023	0.922320462282888	0.947932721594628	1	0.923899131349337	0.98786254732218	0.997307755288083	1	0.998620341230812	0.999996482275524
ENSFCAG00000013999:HDAC7	0	0	0	0	0	0	0	0	0	0.754611004927915	0.923838722435178	0.947984238917702	1	0.923899131349337	0.98786254732218	0.997307755288083	1	0.998623094552249	0.999996482275524
ENSFCAG00000035450:ARID5B	0	0	0	0	0	0	0	0	0	0.752307699629783	0.935001303848	0.948260501647664	1	0.923899131349337	0.98786254732218	0.997307755288083	1	0.998637811539183	0.999996482275524
ENSFCAG00000009141:PDGFRA	0	0	0	0	0	0	0	0	0	0.756592856775974	0.923114113640902	0.948670710441196	1	0.923899131349337	0.98786254732218	0.997307755288083	1	0.998659515587784	0.999996482275524
ENSFCAG00000005305:ABL2	0	0	0	0	0	0	0	0	0	0.752486636652215	0.939801967293636	0.94878055298297	1	0.923899131349337	0.98786254732218	0.997307755288083	1	0.998665297219807	0.999996482275524
ENSFCAG00000004047:HIP1	0	0	0	0	0	0	0	0	0	0.764646400999467	0.901791325295685	0.948922485967722	1	0.923899131349337	0.98786254732218	0.997307755288083	1	0.99867274912071	0.999996482275524
ENSFCAG00000029436:TET2	0	0	0	0	0	0	0	0	0	0.750316083993328	0.954738517060774	0.949097976641473	1	0.923899131349337	0.98786254732218	0.997307755288083	1	0.998681933548089	0.999996482275524
ENSFCAG00000007112:TSC1	0	0	0	0	0	0	0	0	0	0.753316516113314	0.940823778327097	0.949198313186266	1	0.923899131349337	0.98786254732218	0.997307755288083	1	0.99868717015116	0.999996482275524
ENSFCAG00000002081:GLI1	0	0	0	0	0	0	0	0	0	0.752262745180512	0.946312182317284	0.949246665489891	1	0.923899131349337	0.98786254732218	0.997307755288083	1	0.998689689889398	0.999996482275524
ENSFCAG00000002617:GTF2I	0	0	0	0	0	0	0	0	0	0.763724813232368	0.908416294894664	0.949524636478303	1	0.923899131349337	0.98786254732218	0.997307755288083	1	0.998704127755441	0.999996482275524
ENSFCAG00000004554:PIK3CG	0	0	0	0	0	0	0	0	0	0.753719460966122	0.943001962840416	0.94954578935259	1	0.923899131349337	0.98786254732218	0.997307755288083	1	0.998705223107616	0.999996482275524
ENSFCAG00000013185:SETD1B	0	0	0	0	0	0	0	0	0	0.752379319999035	0.952870765072775	0.949787022841353	1	0.923899131349337	0.98786254732218	0.997307755288083	1	0.998717681492992	0.999996482275524
ENSFCAG00000022680:ZNRF3	0	0	0	0	0	0	0	0	0	0.752392066798179	0.953233159281961	0.949817492447163	1	0.923899131349337	0.98786254732218	0.997307755288083	1	0.998719250722358	0.999996482275524
ENSFCAG00000010549:SNCAIP	0	0	0	0	0	0	0	0	0	0.757220912903376	0.935070179430774	0.950184277763044	1	0.923899131349337	0.98786254732218	0.997307755288083	1	0.998738064010091	0.999996482275524
ENSFCAG00000009719:PTK7	0	0	0	0	0	0	0	0	0	0.75871434614944	0.929504844874191	0.950193880109949	1	0.923899131349337	0.98786254732218	0.997307755288083	1	0.998738554635128	0.999996482275524
ENSFCAG00000028243:MAP3K13	0	0	0	0	0	0	0	0	0	0.75809736106168	0.932189909894865	0.950235432584896	1	0.923899131349337	0.98786254732218	0.997307755288083	1	0.998740676610572	0.999996482275524
ENSFCAG00000026305:PIK3CD	0	0	0	0	0	0	0	0	0	0.75691911461754	0.937182760643153	0.950269893345328	1	0.923899131349337	0.98786254732218	0.997307755288083	1	0.998742435052504	0.999996482275524
ENSFCAG00000025193:USP8	0	0	0	0	0	0	0	0	0	0.762602212673236	0.917386579882267	0.950278179567995	1	0.923899131349337	0.98786254732218	0.997307755288083	1	0.998742857690268	0.999996482275524
ENSFCAG00000001395:RBM10	0	0	0	0	0	0	0	0	0	0.764930644538794	0.912708111109365	0.950552446200408	1	0.923899131349337	0.98786254732218	0.997307755288083	1	0.998756805854994	0.999996482275524
ENSFCAG00000022711:EPHA5	0	0	0	0	0	0	0	0	0	0.762682084412822	0.919480326084438	0.950564964324292	1	0.923899131349337	0.98786254732218	0.997307755288083	1	0.998757440590928	0.999996482275524
ENSFCAG00000024269:KIF5B	0	0	0	0	0	0	0	0	0	0.764621467501234	0.914509491749464	0.950671359809011	1	0.923899131349337	0.98786254732218	0.997307755288083	1	0.998762828757204	0.999996482275524
ENSFCAG00000023857:LATS1	0	0	0	0	0	0	0	0	0	0.755761026221472	0.952466350048021	0.951083814717517	1	0.923899131349337	0.98786254732218	0.997307755288083	1	0.998783604091386	0.999996482275524
ENSFCAG00000007533:PPFIBP1	0	0	0	0	0	0	0	0	0	0.765197673342743	0.916748000366373	0.951170290567981	1	0.923899131349337	0.98786254732218	0.997307755288083	1	0.998787937191021	0.999996482275524
ENSFCAG00000004825:RASA1	0	0	0	0	0	0	0	0	0	0.766881313877353	0.911955413220742	0.951176590182438	1	0.923899131349337	0.98786254732218	0.997307755288083	1	0.998788252542515	0.999996482275524
ENSFCAG00000007143:TLL2	0	0	0	0	0	0	0	0	0	0.761196158089456	0.930020965328982	0.951194969831912	1	0.923899131349337	0.98786254732218	0.997307755288083	1	0.998789172368307	0.999996482275524
ENSFCAG00000031292:ATXN7	0	0	0	0	0	0	0	0	0	0.760389592768501	0.933650843653116	0.951259800348132	1	0.923899131349337	0.98786254732218	0.997307755288083	1	0.998792414033126	0.999996482275524
ENSFCAG00000010283:MIB1	0	0	0	0	0	0	0	0	0	0.766880386791198	0.912810085144319	0.951289029359468	1	0.923899131349337	0.98786254732218	0.997307755288083	1	0.99879387410128	0.999996482275524
ENSFCAG00000006852:EPHB4	0	0	0	0	0	0	0	0	0	0.762464283475835	0.929544946982686	0.951624594069232	1	0.923899131349337	0.98786254732218	0.997307755288083	1	0.998810572132825	0.999996482275524
ENSFCAG00000002828:PIK3CB	0	0	0	0	0	0	0	0	0	0.766680537075385	0.916678149328475	0.951711764068082	1	0.923899131349337	0.98786254732218	0.997307755288083	1	0.998814890434906	0.999996482275524
ENSFCAG00000015377:EML4	0	0	0	0	0	0	0	0	0	0.764964701309985	0.927444205066518	0.952337038235213	1	0.923899131349337	0.98786254732218	0.997307755288083	1	0.998845631808626	0.999996482275524
ENSFCAG00000024008:EPHA3	0	0	0	0	0	0	0	0	0	0.768804227516568	0.915767618935354	0.952378572095422	1	0.923899131349337	0.98786254732218	0.997307755288083	1	0.998847659261963	0.999996482275524
ENSFCAG00000018496:SMARCA1	0	0	0	0	0	0	0	0	0	0.766848684252801	0.921982949550276	0.952418230571076	1	0.923899131349337	0.98786254732218	0.997307755288083	1	0.998849593478911	0.999996482275524
ENSFCAG00000004539:FLT3	0	0	0	0	0	0	0	0	0	0.765948330143585	0.926477657214362	0.952597064604657	1	0.923899131349337	0.98786254732218	0.997307755288083	1	0.998858295032328	0.999996482275524
ENSFCAG00000018481:EPHA7	0	0	0	0	0	0	0	0	0	0.767297194908734	0.922852677798458	0.952685531773442	1	0.923899131349337	0.98786254732218	0.997307755288083	1	0.998862587179694	0.999996482275524
ENSFCAG00000008085:MERTK	0	0	0	0	0	0	0	0	0	0.7665030571919	0.925677047225355	0.952713821598341	1	0.923899131349337	0.98786254732218	0.997307755288083	1	0.998863957978993	0.999996482275524
ENSFCAG00000013913:INPP4A	0	0	0	0	0	0	0	0	0	0.769524616174015	0.917003499348258	0.952797820081205	1	0.923899131349337	0.98786254732218	0.997307755288083	1	0.998868023222493	0.999996482275524
ENSFCAG00000012287:MAML2	1	0	0	0	0	0	0	0	0	0.76009960614568	0.955360425920945	0.952956748207038	1	0.923899131349337	0.98786254732218	0.997307755288083	1	0.998875694548472	0.999996482275524
ENSFCAG00000004802:MRTFA	0	0	0	0	0	0	0	0	0	0.763581408036975	0.939663256323029	0.95303948914261	1	0.923899131349337	0.98786254732218	0.997307755288083	1	0.998879677891531	0.999996482275524
ENSFCAG00000013378:ATP1A1	0	0	0	0	0	0	0	0	0	0.766206110707389	0.929764518446763	0.953048267251121	1	0.923899131349337	0.98786254732218	0.997307755288083	1	0.998880100068815	0.999996482275524
ENSFCAG00000046155:REST	0	0	0	0	0	0	0	0	0	0.759858607476076	0.960262289348582	0.953174732581219	1	0.923899131349337	0.98786254732218	0.997307755288083	1	0.998886173361931	0.999996482275524
ENSFCAG00000029845:ZNF217	0	0	0	0	0	0	0	0	0	0.759339710975323	0.96635165056991	0.953310924228522	1	0.923899131349337	0.98786254732218	0.997307755288083	1	0.99889269498128	0.999996482275524
ENSFCAG00000002702:XPO1	0	0	0	0	0	0	0	0	0	0.770184225836017	0.919393863769945	0.953333161162092	1	0.923899131349337	0.98786254732218	0.997307755288083	1	0.998893757962459	0.999996482275524
ENSFCAG00000001740:NUTM1	0	0	0	0	0	0	0	0	0	0.763625540416487	0.943326696503976	0.953378102215524	1	0.923899131349337	0.98786254732218	0.997307755288083	1	0.998895904674086	0.999996482275524
ENSFCAG00000013063:BUB1B	0	0	0	0	0	0	0	0	0	0.769587444789103	0.921823410797906	0.953406187670879	1	0.923899131349337	0.98786254732218	0.997307755288083	1	0.99889724516409	0.999996482275524
ENSFCAG00000028208:RBM15	0	0	0	0	0	0	0	0	0	0.760030302512274	0.963568979900097	0.953429245085855	1	0.923899131349337	0.98786254732218	0.997307755288083	1	0.998898345052453	0.999996482275524
ENSFCAG00000002273:KSR2	0	0	0	0	0	0	0	0	0	0.770166935958691	0.920669405200783	0.953480631157454	1	0.923899131349337	0.98786254732218	0.997307755288083	1	0.998900794272673	0.999996482275524
ENSFCAG00000014215:ECT2L	0	0	0	0	0	0	0	0	0	0.769693880009139	0.924198498960017	0.953720632976423	1	0.923899131349337	0.98786254732218	0.997307755288083	1	0.99891219683649	0.999996482275524
ENSFCAG00000000544:EPHB1	0	0	0	0	0	0	0	0	0	0.76950434869094	0.925079893319142	0.953751459125159	1	0.923899131349337	0.98786254732218	0.997307755288083	1	0.998913657019588	0.999996482275524
ENSFCAG00000008459:PMS2	0	0	0	0	0	0	0	0	0	0.767475284101605	0.934943963771047	0.954045458271064	1	0.923899131349337	0.98786254732218	0.997307755288083	1	0.998927533207323	0.999996482275524
ENSFCAG00000005777:PARP1	0	0	0	0	0	0	0	0	0	0.769223672179897	0.929734777791515	0.954157833750872	1	0.923899131349337	0.98786254732218	0.997307755288083	1	0.998932813176727	0.999996482275524
ENSFCAG00000018737:PIK3CA	0	0	0	0	0	0	0	0	0	0.769183292788187	0.930114146021265	0.954183087205093	1	0.923899131349337	0.98786254732218	0.997307755288083	1	0.998933997890605	0.999996482275524
ENSFCAG00000008289:SND1	0	0	0	0	0	0	0	0	0	0.775904803580252	0.910323892271642	0.954223350996437	1	0.923899131349337	0.98786254732218	0.997307755288083	1	0.998935885401272	0.999996482275524
ENSFCAG00000003098:PML	0	0	0	0	0	0	0	0	0	0.764845647960194	0.952275586338624	0.95453763019431	1	0.923899131349337	0.98786254732218	0.997307755288083	1	0.998950559994119	0.999996482275524
ENSFCAG00000008506:CYLD	0	0	0	0	0	0	0	0	0	0.76881475548829	0.935311015300173	0.954574571017683	1	0.923899131349337	0.98786254732218	0.997307755288083	1	0.998952278069803	0.999996482275524
ENSFCAG00000005090:AMER1	0	0	0	0	0	0	0	0	0	0.763595477335889	0.960393103504754	0.954600853067443	1	0.923899131349337	0.98786254732218	0.997307755288083	1	0.998953499547696	0.999996482275524
ENSFCAG00000012184:NOD1	0	0	0	0	0	0	0	0	0	0.767617398729283	0.941561757117271	0.95471291355418	1	0.923899131349337	0.98786254732218	0.997307755288083	1	0.998958699522749	0.999996482275524
ENSFCAG00000044847:BCL11B	0	0	0	0	0	0	0	0	0	0.763882914468068	0.960794829559133	0.954732776389157	1	0.923899131349337	0.98786254732218	0.997307755288083	1	0.998959619851225	0.999996482275524
ENSFCAG00000018470:BRIP1	0	0	0	0	0	0	0	0	0	0.771576925279886	0.927217044709625	0.954743738659054	1	0.923899131349337	0.98786254732218	0.997307755288083	1	0.998960127602212	0.999996482275524
ENSFCAG00000014491:PRKD1	0	0	0	0	0	0	0	0	0	0.769720732200598	0.936200783049211	0.954992649370903	1	0.923899131349337	0.98786254732218	0.997307755288083	1	0.99897162278864	0.999996482275524
ENSFCAG00000027650:EPS15	0	0	0	0	0	0	0	0	0	0.776922729624548	0.916172259894562	0.955350385190615	1	0.923899131349337	0.98786254732218	0.997307755288083	1	0.998988030113499	0.999996482275524
ENSFCAG00000002782:AGO2	0	0	0	0	0	0	0	0	0	0.773632586334242	0.931597922991567	0.955951770570431	1	0.923899131349337	0.98786254732218	0.997307755288083	1	0.999015310415904	0.999996482275524
ENSFCAG00000013369:RABEP1	0	0	0	0	0	0	0	0	0	0.774527750613658	0.928797200415589	0.955977541921288	1	0.923899131349337	0.98786254732218	0.997307755288083	1	0.999016471011606	0.999996482275524
ENSFCAG00000001865:XPC	0	0	0	0	0	0	0	0	0	0.772880533989704	0.935609939200178	0.956082977946875	1	0.923899131349337	0.98786254732218	0.997307755288083	1	0.999021212017808	0.999996482275524
ENSFCAG00000001242:NFKB2	0	0	0	0	0	0	0	0	0	0.776486700447128	0.923524669165676	0.956086758202554	1	0.923899131349337	0.98786254732218	0.997307755288083	1	0.999021381783782	0.999996482275524
ENSFCAG00000026268:INPP4B	0	0	0	0	0	0	0	0	0	0.77937864598017	0.915968137572662	0.956186834327882	1	0.923899131349337	0.98786254732218	0.997307755288083	1	0.999025870626759	0.999996482275524
ENSFCAG00000004050:ERCC4	0	0	0	0	0	0	0	0	0	0.769918800640645	0.949390759752283	0.956201459172541	1	0.923899131349337	0.98786254732218	0.997307755288083	1	0.999026525736499	0.999996482275524
ENSFCAG00000024012:GRM3	0	0	0	0	0	0	0	0	0	0.769802577128041	0.950350248079424	0.956231354061874	1	0.923899131349337	0.98786254732218	0.997307755288083	1	0.999027864161332	0.999996482275524
ENSFCAG00000013582:PCSK7	0	0	0	0	0	0	0	0	0	0.775580655168067	0.927675219553628	0.956231554315011	1	0.923899131349337	0.98786254732218	0.997307755288083	1	0.999027873123719	0.999996482275524
ENSFCAG00000022869:PIK3C3	0	0	0	0	0	0	0	0	0	0.776653681040641	0.924705811043603	0.95628130157114	1	0.923899131349337	0.98786254732218	0.997307755288083	1	0.999030098277292	0.999996482275524
ENSFCAG00000041663:PGR	0	0	0	0	0	0	0	0	0	0.771654259459804	0.944449920520883	0.956438675785352	1	0.923899131349337	0.98786254732218	0.997307755288083	1	0.999037120453337	0.999996482275524
ENSFCAG00000008675:NUP93	0	0	0	0	0	0	0	0	0	0.777497764451266	0.927017913300801	0.956838547579991	1	0.923899131349337	0.98786254732218	0.997307755288083	1	0.999054846606995	0.999996482275524
ENSFCAG00000015643:AXIN1	0	0	0	0	0	0	0	0	0	0.774226961689966	0.938770457793769	0.956866456289809	1	0.923899131349337	0.98786254732218	0.997307755288083	1	0.999056077549245	0.999996482275524
ENSFCAG00000011529:VAV2	0	0	0	0	0	0	0	0	0	0.783555670751603	0.910531000451827	0.956916214641762	1	0.923899131349337	0.98786254732218	0.997307755288083	1	0.999058270172975	0.999996482275524
ENSFCAG00000006093:FES	0	0	0	0	0	0	0	0	0	0.777883027171518	0.926659828257931	0.956934702697727	1	0.923899131349337	0.98786254732218	0.997307755288083	1	0.999059084198034	0.999996482275524
ENSFCAG00000000947:NFATC2	0	0	0	0	0	0	0	0	0	0.771715894610752	0.951672330886786	0.957026317996424	1	0.923899131349337	0.98786254732218	0.997307755288083	1	0.999063112729171	0.999996482275524
ENSFCAG00000013850:MAP3K14	0	0	0	0	0	0	0	0	0	0.773350771254063	0.94531420502559	0.957123726406649	1	0.923899131349337	0.98786254732218	0.997307755288083	1	0.999067386376855	0.999996482275524
ENSFCAG00000024529:RB1	0	0	0	0	0	0	0	0	0	0.784481817086983	0.911663961953171	0.957385057999216	1	0.923899131349337	0.98786254732218	0.997307755288083	1	0.999078802935826	0.999996482275524
ENSFCAG00000029266:CSDE1	0	0	0	0	0	0	0	0	0	0.780291812807662	0.923279641418661	0.957394260161996	1	0.923899131349337	0.98786254732218	0.997307755288083	1	0.999079203642192	0.999996482275524
ENSFCAG00000004892:DNM2	0	0	0	0	0	0	0	0	0	0.777732879958042	0.931956510129769	0.957447681741223	1	0.923899131349337	0.98786254732218	0.997307755288083	1	0.999081528127201	0.999996482275524
ENSFCAG00000007779:DNMT3B	0	0	0	0	0	0	0	0	0	0.78022609771799	0.924723075734441	0.957537355766355	1	0.923899131349337	0.98786254732218	0.997307755288083	1	0.999085423331156	0.999996482275524
ENSFCAG00000003692:FGFR2	0	0	0	0	0	0	0	0	0	0.783584807066433	0.915618522029417	0.957596376501255	1	0.923899131349337	0.98786254732218	0.997307755288083	1	0.999087982454076	0.999996482275524
ENSFCAG00000018385:FGFR3	0	0	0	0	0	0	0	0	0	0.777623490390572	0.935537768173502	0.957767609586997	1	0.923899131349337	0.98786254732218	0.997307755288083	1	0.999095386488158	0.999996482275524
ENSFCAG00000004737:CBL	0	0	0	0	0	0	0	0	0	0.780583936175709	0.927107745163737	0.957929129456253	1	0.923899131349337	0.98786254732218	0.997307755288083	1	0.999102342469394	0.999996482275524
ENSFCAG00000000746:AGO1	0	0	0	0	0	0	0	0	0	0.782079706041884	0.924061344634439	0.958104139240697	1	0.923899131349337	0.98786254732218	0.997307755288083	1	0.999109848663364	0.999996482275524
ENSFCAG00000012620:TYRO3	0	0	0	0	0	0	0	0	0	0.779123351309233	0.934271961579926	0.95817036452882	1	0.923899131349337	0.98786254732218	0.997307755288083	1	0.99911268073763	0.999996482275524
ENSFCAG00000028493:DIS3	0	0	0	0	0	0	0	0	0	0.779873389265345	0.931941046948345	0.958196863246182	1	0.923899131349337	0.98786254732218	0.997307755288083	1	0.999113812653016	0.999996482275524
ENSFCAG00000013629:EPAS1	0	0	0	0	0	0	0	0	0	0.778664491350041	0.93627163306051	0.958205082146827	1	0.923899131349337	0.98786254732218	0.997307755288083	1	0.999114163581494	0.999996482275524
ENSFCAG00000014965:NTRK3	0	0	0	0	0	0	0	0	0	0.783163843937627	0.921845794616594	0.958218781245764	1	0.923899131349337	0.98786254732218	0.997307755288083	1	0.999114748345374	0.999996482275524
ENSFCAG00000026219:ETAA1	0	0	0	0	0	0	0	0	0	0.775591278268799	0.950331384392153	0.958321491293666	1	0.923899131349337	0.98786254732218	0.997307755288083	1	0.999119126418871	0.999996482275524
ENSFCAG00000010859:IL6ST	0	0	0	0	0	0	0	0	0	0.780132761313107	0.932934685697643	0.958388860272438	1	0.923899131349337	0.98786254732218	0.997307755288083	1	0.999121992081181	0.999996482275524
ENSFCAG00000006007:LZTR1	0	0	0	0	0	0	0	0	0	0.780459722144517	0.932108938964173	0.958418477400786	1	0.923899131349337	0.98786254732218	0.997307755288083	1	0.999123250401118	0.999996482275524
ENSFCAG00000013448:MSH2	0	0	0	0	0	0	0	0	0	0.776642550109413	0.946782379752355	0.958419831661126	1	0.923899131349337	0.98786254732218	0.997307755288083	1	0.999123307916644	0.999996482275524
ENSFCAG00000007325:AR	0	0	0	0	0	0	0	0	0	0.778451824411382	0.939917463167448	0.958471437973008	1	0.923899131349337	0.98786254732218	0.997307755288083	1	0.999125498214298	0.999996482275524
ENSFCAG00000005619:EXT2	0	0	0	0	0	0	0	0	0	0.779434361994029	0.936961843386243	0.958541060382311	1	0.923899131349337	0.98786254732218	0.997307755288083	1	0.999128448756096	0.999996482275524
ENSFCAG00000006348:TRAF7	0	0	0	0	0	0	0	0	0	0.782587802725049	0.92645963310521	0.958550680946878	1	0.923899131349337	0.98786254732218	0.997307755288083	1	0.999128856070221	0.999996482275524
ENSFCAG00000013987:MALT1	0	0	0	0	0	0	0	0	0	0.777997973750008	0.942714956291568	0.958559714076986	1	0.923899131349337	0.98786254732218	0.997307755288083	1	0.999129238425734	0.999996482275524
ENSFCAG00000009163:DDR2	0	0	0	0	0	0	0	0	0	0.779869246571292	0.936700415734414	0.958668102470288	1	0.923899131349337	0.98786254732218	0.997307755288083	1	0.999133819665375	0.999996482275524
ENSFCAG00000008145:CUL3	0	0	0	0	0	0	0	0	0	0.780950447893524	0.932990989771148	0.958679085911271	1	0.923899131349337	0.98786254732218	0.997307755288083	1	0.999134283217357	0.999996482275524
ENSFCAG00000006091:FURIN	0	0	0	0	0	0	0	0	0	0.783692677232716	0.924696398825681	0.958731413012812	1	0.923899131349337	0.98786254732218	0.997307755288083	1	0.999136489935132	0.999996482275524
ENSFCAG00000014971:CBFA2T3	0	0	0	0	0	0	0	0	0	0.781427500458552	0.932486852807553	0.958793268811533	1	0.923899131349337	0.98786254732218	0.997307755288083	1	0.99913909480991	0.999996482275524
ENSFCAG00000015491:PMS1	0	0	0	0	0	0	0	0	0	0.778225737562183	0.94530615441355	0.958859124563121	1	0.923899131349337	0.98786254732218	0.997307755288083	1	0.999141863744925	0.999996482275524
ENSFCAG00000001719:CTNNA1	0	0	0	0	0	0	0	0	0	0.783113283442318	0.927980437147414	0.958899029808329	1	0.923899131349337	0.98786254732218	0.997307755288083	1	0.999143539378332	0.999996482275524
ENSFCAG00000013131:EZH1	0	0	0	0	0	0	0	0	0	0.781544465622534	0.933878046144041	0.958974439911059	1	0.923899131349337	0.98786254732218	0.997307755288083	1	0.999146701337244	0.999996482275524
ENSFCAG00000006913:NTRK1	0	0	0	0	0	0	0	0	0	0.784966177186425	0.9242624839677	0.959116620179556	1	0.923899131349337	0.98786254732218	0.997307755288083	1	0.99915264685108	0.999996482275524
ENSFCAG00000008901:BACH2	0	0	0	0	0	0	0	0	0	0.77612182441293	0.959861214621466	0.959156251558175	1	0.923899131349337	0.98786254732218	0.997307755288083	1	0.999154300349295	0.999996482275524
ENSFCAG00000030995:AXL	0	0	0	0	0	0	0	0	0	0.786152218481103	0.92136817474706	0.959180517119654	1	0.923899131349337	0.98786254732218	0.997307755288083	1	0.999155311947462	0.999996482275524
ENSFCAG00000026102:AXIN2	0	0	0	0	0	0	0	0	0	0.781136057330942	0.937887303561283	0.959221725604098	1	0.923899131349337	0.98786254732218	0.997307755288083	1	0.999157028466536	0.999996482275524
ENSFCAG00000027154:BCL11A	0	0	0	0	0	0	0	0	0	0.777227466369023	0.957873789010319	0.959425408763789	1	0.923899131349337	0.98786254732218	0.997307755288083	1	0.999165486789056	0.999996482275524
ENSFCAG00000045383:CDH1	0	0	0	0	0	0	0	0	0	0.784832339177592	0.929858228822915	0.959689499944084	1	0.923899131349337	0.98786254732218	0.997307755288083	1	0.999176389288759	0.999996482275524
ENSFCAG00000044781:ELN	0	0	0	0	0	0	0	0	0	0.790141657246551	0.914758079378173	0.959695045669604	1	0.923899131349337	0.98786254732218	0.997307755288083	1	0.999176617454299	0.999996482275524
ENSFCAG00000008898:CD22	0	0	0	0	0	0	0	0	0	0.783238479888832	0.937372480411434	0.959899398874207	1	0.923899131349337	0.98786254732218	0.997307755288083	1	0.999185002729516	0.999996482275524
ENSFCAG00000012784:STRN	0	0	0	0	0	0	0	0	0	0.790679441437859	0.915913549801232	0.960021766399938	1	0.923899131349337	0.98786254732218	0.997307755288083	1	0.999190003040547	0.999996482275524
ENSFCAG00000005630:BRSK1	0	0	0	0	0	0	0	0	0	0.786675243611648	0.927880408225897	0.960101620957725	1	0.923899131349337	0.98786254732218	0.997307755288083	1	0.999193257731262	0.999996482275524
ENSFCAG00000014042:CNOT3	0	0	0	0	0	0	0	0	0	0.785264254924768	0.93299300842021	0.960162297417147	1	0.923899131349337	0.98786254732218	0.997307755288083	1	0.999195726325506	0.999996482275524
ENSFCAG00000005052:VAV1	0	0	0	0	0	0	0	0	0	0.790274790760936	0.918559940490652	0.960220418207795	1	0.923899131349337	0.98786254732218	0.997307755288083	1	0.999198087347988	0.999996482275524
ENSFCAG00000010530:DDR1	0	0	0	0	0	0	0	0	0	0.782174219935944	0.947581102603005	0.960421164568065	1	0.923899131349337	0.98786254732218	0.997307755288083	1	0.999206215145437	0.999996482275524
ENSFCAG00000007246:DDX10	0	0	0	0	0	0	0	0	0	0.788191208688558	0.92693859095255	0.960508125584844	1	0.923899131349337	0.98786254732218	0.997307755288083	1	0.999209722988208	0.999996482275524
ENSFCAG00000013612:FGFR1	0	0	0	0	0	0	0	0	0	0.785118238375636	0.937209313350338	0.960527140859562	1	0.923899131349337	0.98786254732218	0.997307755288083	1	0.999210488979351	0.999996482275524
ENSFCAG00000009125:ARHGAP26	0	0	0	0	0	0	0	0	0	0.796583622120719	0.906280702952191	0.960642922739504	1	0.923899131349337	0.98786254732218	0.997307755288083	1	0.999215144889762	0.999996482275524
ENSFCAG00000000512:RPS6KA4	0	0	0	0	0	0	0	0	0	0.783852755668684	0.94472161592722	0.960766176844014	1	0.923899131349337	0.98786254732218	0.997307755288083	1	0.999220085944472	0.999996482275524
ENSFCAG00000008135:TNFAIP3	0	0	0	0	0	0	0	0	0	0.783074798601031	0.951976393568181	0.96106591899528	1	0.923899131349337	0.98786254732218	0.997307755288083	1	0.999232036135588	0.999996482275524
ENSFCAG00000013266:SMAD2	0	0	0	0	0	0	0	0	0	0.781943872510354	0.959615559835057	0.961186049461265	1	0.923899131349337	0.98786254732218	0.997307755288083	1	0.999236799282405	0.999996482275524
ENSFCAG00000003427:HIF1A	0	0	0	0	0	0	0	0	0	0.788901432703094	0.932749282190315	0.961364379708513	1	0.923899131349337	0.98786254732218	0.997307755288083	1	0.999243842351509	0.999996482275524
ENSFCAG00000026883:PIK3R2	0	0	0	0	0	0	0	0	0	0.786703891400116	0.941715462142355	0.961478711949056	1	0.923899131349337	0.98786254732218	0.997307755288083	1	0.999248340446356	0.999996482275524
ENSFCAG00000025327:GMPS	0	0	0	0	0	0	0	0	0	0.785164488011514	0.948029820946251	0.961483312781055	1	0.923899131349337	0.98786254732218	0.997307755288083	1	0.999248521169163	0.999996482275524
ENSFCAG00000002679:ERCC2	0	0	0	0	0	0	0	0	0	0.789326526316569	0.934032321350302	0.961636040866931	1	0.923899131349337	0.98786254732218	0.997307755288083	1	0.999254507904031	0.999996482275524
ENSFCAG00000009081:NTRK2	0	0	0	0	0	0	0	0	0	0.793127634224178	0.924062255328204	0.961817895424578	1	0.923899131349337	0.98786254732218	0.997307755288083	1	0.99926160472122	0.999996482275524
ENSFCAG00000013487:GPHN	0	0	0	0	0	0	0	0	0	0.79310095357994	0.925874156417479	0.962015776632007	1	0.923899131349337	0.98786254732218	0.997307755288083	1	0.999269287910832	0.999996482275524
ENSFCAG00000007090:FBXO11	0	0	0	0	0	0	0	0	0	0.790398928289727	0.935167067776259	0.962105628898816	1	0.923899131349337	0.98786254732218	0.997307755288083	1	0.999272763192555	0.999996482275524
ENSFCAG00000002153:STAT5A	0	0	0	0	0	0	0	0	0	0.793214151346172	0.927874581056198	0.96227512199344	1	0.923899131349337	0.98786254732218	0.997307755288083	1	0.999279295957056	0.999996482275524
ENSFCAG00000014246:CUL4A	0	0	0	0	0	0	0	0	0	0.792886013712741	0.928970959887565	0.962286909260864	1	0.923899131349337	0.98786254732218	0.997307755288083	1	0.999279749162812	0.999996482275524
ENSFCAG00000013269:CSF3R	0	0	0	0	0	0	0	0	0	0.794342440611941	0.926413229066369	0.96248140160618	1	0.923899131349337	0.98786254732218	0.997307755288083	1	0.999287206306582	0.999996482275524
ENSFCAG00000025772:MST1	0	0	0	0	0	0	0	0	0	0.793357566435765	0.929678915252636	0.962517323496571	1	0.923899131349337	0.98786254732218	0.997307755288083	1	0.999288579308593	0.999996482275524
ENSFCAG00000010755:PRDM1	0	0	0	0	0	0	0	0	0	0.787753474014662	0.950840159452051	0.962575891063495	1	0.923899131349337	0.98786254732218	0.997307755288083	1	0.999290814996084	0.999996482275524
ENSFCAG00000028112:STAT5B	0	0	0	0	0	0	0	0	0	0.795359495869578	0.925286714058564	0.962684387070477	1	0.923899131349337	0.98786254732218	0.997307755288083	1	0.999294947176424	0.999996482275524
ENSFCAG00000002154:STAT3	0	0	0	0	0	0	0	0	0	0.798478600866254	0.917024139266392	0.96269393363034	1	0.923899131349337	0.98786254732218	0.997307755288083	1	0.999295310181517	0.999996482275524
ENSFCAG00000003320:CDH11	0	0	0	0	0	0	0	0	0	0.790576728067437	0.941029011722967	0.962715366811673	1	0.923899131349337	0.98786254732218	0.997307755288083	1	0.999296124826987	0.999996482275524
ENSFCAG00000009029:TOP1	0	0	0	0	0	0	0	0	0	0.799130941898321	0.915936773451847	0.962762853058904	1	0.923899131349337	0.98786254732218	0.997307755288083	1	0.999297928013604	0.999996482275524
ENSFCAG00000006810:BCL6	0	0	0	0	0	0	0	0	0	0.787481155202912	0.955424663735622	0.962809731379316	1	0.923899131349337	0.98786254732218	0.997307755288083	1	0.999299705818153	0.999996482275524
ENSFCAG00000025339:DDX3X	0	0	0	0	0	0	0	0	0	0.796295724588285	0.92391391356528	0.962829185249312	1	0.923899131349337	0.98786254732218	0.997307755288083	1	0.999300442912898	0.999996482275524
ENSFCAG00000014571:STAT6	0	0	0	0	0	0	0	0	0	0.797161387297802	0.923267147748709	0.963032161749325	1	0.923899131349337	0.98786254732218	0.997307755288083	1	0.99930811011915	0.999996482275524
ENSFCAG00000013696:IKBKB	0	0	0	0	0	0	0	0	0	0.800342046448692	0.915299550675007	0.96306383105035	1	0.923899131349337	0.98786254732218	0.997307755288083	1	0.999309302532558	0.999996482275524
ENSFCAG00000014440:COP1	0	0	0	0	0	0	0	0	0	0.797128771348632	0.924036173122361	0.963111060007499	1	0.923899131349337	0.98786254732218	0.997307755288083	1	0.999311078863987	0.999996482275524
ENSFCAG00000025219:MRE11	0	0	0	0	0	0	0	0	0	0.794284507968075	0.933252495432633	0.963192032256137	1	0.923899131349337	0.98786254732218	0.997307755288083	1	0.999314118927473	0.999996482275524
ENSFCAG00000016224:FGFR4	0	0	0	0	0	0	0	0	0	0.794539300919976	0.933246771969895	0.963274373611087	1	0.923899131349337	0.98786254732218	0.997307755288083	1	0.999317203412714	0.999996482275524
ENSFCAG00000023059:FOXP1	0	0	0	0	0	0	0	0	0	0.793509868812531	0.93676258544348	0.963285902963095	1	0.923899131349337	0.98786254732218	0.997307755288083	1	0.999317634737392	0.999996482275524
ENSFCAG00000006989:ERCC3	0	0	0	0	0	0	0	0	0	0.79367866885698	0.93637220348545	0.963303456996055	1	0.923899131349337	0.98786254732218	0.997307755288083	1	0.999318291186463	0.999996482275524
ENSFCAG00000027384:ARID3A	0	0	0	0	0	0	0	0	0	0.790312432734964	0.949759870917604	0.963350940553178	1	0.923899131349337	0.98786254732218	0.997307755288083	1	0.999320065274471	0.999996482275524
ENSFCAG00000010312:BARD1	0	0	0	0	0	0	0	0	0	0.793249855103215	0.93845582413357	0.963361302350433	1	0.923899131349337	0.98786254732218	0.997307755288083	1	0.999320452102447	0.999996482275524
ENSFCAG00000024086:NRG1	0	0	0	0	0	0	0	0	0	0.792823210768573	0.940265494625611	0.963388099757665	1	0.923899131349337	0.98786254732218	0.997307755288083	1	0.999321451989955	0.999996482275524
ENSFCAG00000000620:FBXW7	0	0	0	0	0	0	0	0	0	0.794296265997508	0.935531953967325	0.963423154581509	1	0.923899131349337	0.98786254732218	0.997307755288083	1	0.999322758859866	0.999996482275524
ENSFCAG00000001371:MLH1	0	0	0	0	0	0	0	0	0	0.795596181336005	0.932113446650417	0.963501196554485	1	0.923899131349337	0.98786254732218	0.997307755288083	1	0.999325663742047	0.999996482275524
ENSFCAG00000003694:TFRC	0	0	0	0	0	0	0	0	0	0.799597475213721	0.922933721044225	0.963769406536425	1	0.923899131349337	0.98786254732218	0.997307755288083	1	0.999335598877334	0.999996482275524
ENSFCAG00000028024:KDSR	0	0	0	0	0	0	0	0	0	0.794597639896594	0.939649482205045	0.963911798653625	1	0.923899131349337	0.98786254732218	0.997307755288083	1	0.999340843086307	0.999996482275524
ENSFCAG00000023466:POT1	0	0	0	0	0	0	0	0	0	0.795487675421434	0.936915831249101	0.963944247658426	1	0.923899131349337	0.98786254732218	0.997307755288083	1	0.999342035219002	0.999996482275524
ENSFCAG00000013778:IKBKE	0	0	0	0	0	0	0	0	0	0.801357477640041	0.920821160544594	0.964072732511975	1	0.923899131349337	0.98786254732218	0.997307755288083	1	0.99934674485418	0.999996482275524
ENSFCAG00000027102:GAB1	0	0	0	0	0	0	0	0	0	0.796077400147496	0.936439297816147	0.964089050272928	1	0.923899131349337	0.98786254732218	0.997307755288083	1	0.999347341759111	0.999996482275524
ENSFCAG00000031674:TCF12	0	0	0	0	0	0	0	0	0	0.798166685024051	0.93103730621489	0.964215319156777	1	0.923899131349337	0.98786254732218	0.997307755288083	1	0.999351951347347	0.999996482275524
ENSFCAG00000022073:DTX1	0	0	0	0	0	0	0	0	0	0.79077174737991	0.960212378068142	0.96421735219386	1	0.923899131349337	0.98786254732218	0.997307755288083	1	0.999352025430395	0.999996482275524
ENSFCAG00000018634:STAT4	0	0	0	0	0	0	0	0	0	0.802452766531445	0.919715419586954	0.96428099702926	1	0.923899131349337	0.98786254732218	0.997307755288083	1	0.999354342454873	0.999996482275524
ENSFCAG00000003492:CTCF	0	0	0	0	0	0	0	0	0	0.794675826523949	0.944263065633625	0.964344184141182	1	0.923899131349337	0.98786254732218	0.997307755288083	1	0.999356638660178	0.999996482275524
ENSFCAG00000014937:KEL	0	0	0	0	0	0	0	0	0	0.796888211068038	0.937005201741555	0.964404763113058	1	0.923899131349337	0.98786254732218	0.997307755288083	1	0.999358836198842	0.999996482275524
ENSFCAG00000040223:TBX3	0	0	0	0	0	0	0	0	0	0.792070924655927	0.958731974221898	0.964556383816253	1	0.923899131349337	0.98786254732218	0.997307755288083	1	0.999364319650942	0.999996482275524
ENSFCAG00000011776:LMNA	0	0	0	0	0	0	0	0	0	0.795792075899276	0.942652240674395	0.96456790966839	1	0.923899131349337	0.98786254732218	0.997307755288083	1	0.999364735515381	0.999996482275524
ENSFCAG00000012236:MEN1	0	0	0	0	0	0	0	0	0	0.794332135520631	0.951741570755479	0.964823038006138	1	0.923899131349337	0.98786254732218	0.997307755288083	1	0.999373905542585	0.999996482275524
ENSFCAG00000042984:EXT1	0	0	0	0	0	0	0	0	0	0.797277276672941	0.940424574445113	0.96484851805664	1	0.923899131349337	0.98786254732218	0.997307755288083	1	0.99937481766139	0.999996482275524
ENSFCAG00000000790:TP63	0	0	0	0	0	0	0	0	0	0.805242086698012	0.917571310448656	0.964878624974185	1	0.923899131349337	0.98786254732218	0.997307755288083	1	0.999375894542607	0.999996482275524
ENSFCAG00000030357:NBN	0	0	0	0	0	0	0	0	0	0.795274332072654	0.951345888367836	0.965100457630012	1	0.923899131349337	0.98786254732218	0.997307755288083	1	0.999383800218774	0.999996482275524
ENSFCAG00000026041:SMO	0	0	0	0	0	0	0	0	0	0.797164209080773	0.944234238889766	0.965146363995285	1	0.923899131349337	0.98786254732218	0.997307755288083	1	0.999385429862564	0.999996482275524
ENSFCAG00000003444:RAD54L	0	0	0	0	0	0	0	0	0	0.797703878371192	0.942401401418891	0.965161511927495	1	0.923899131349337	0.98786254732218	0.997307755288083	1	0.999385967124412	0.999996482275524
ENSFCAG00000025031:HOOK3	0	0	0	0	0	0	0	0	0	0.802032465072716	0.928464582095247	0.965162135473194	1	0.923899131349337	0.98786254732218	0.997307755288083	1	0.99938598923503	0.999996482275524
ENSFCAG00000006882:ZNF384	0	0	0	0	0	0	0	0	0	0.795681819023657	0.952306467797125	0.965302915208037	1	0.923899131349337	0.98786254732218	0.997307755288083	1	0.999390970901732	0.999996482275524
ENSFCAG00000003644:ARNT	0	0	0	0	0	0	0	0	0	0.800651306306324	0.93445858528053	0.965354120989998	1	0.923899131349337	0.98786254732218	0.997307755288083	1	0.999392777790044	0.999996482275524
ENSFCAG00000000814:HSP90AA1	0	0	0	0	0	0	0	0	0	0.799136937405628	0.939855534098497	0.965390902521777	1	0.923899131349337	0.98786254732218	0.997307755288083	1	0.999394074016452	0.999996482275524
ENSFCAG00000045924:FBXO31	0	0	0	0	0	0	0	0	0	0.799985126927027	0.937461972463687	0.965436514213032	1	0.923899131349337	0.98786254732218	0.997307755288083	1	0.999395679482133	0.999996482275524
ENSFCAG00000023514:TCF3	0	0	0	0	0	0	0	0	0	0.799383516134804	0.939706947663068	0.965455649029234	1	0.923899131349337	0.98786254732218	0.997307755288083	1	0.999396352358399	0.999996482275524
ENSFCAG00000001812:MYB	0	0	0	0	0	0	0	0	0	0.803273654399467	0.929467932717002	0.965658000626653	1	0.923899131349337	0.98786254732218	0.997307755288083	1	0.999403444847721	0.999996482275524
ENSFCAG00000007459:GAB2	0	0	0	0	0	0	0	0	0	0.798303409409801	0.948606398092223	0.96586776184608	1	0.923899131349337	0.98786254732218	0.997307755288083	1	0.999410752287036	0.999996482275524
ENSFCAG00000003928:NCSTN	0	0	0	0	0	0	0	0	0	0.800738925490299	0.939645869784515	0.965879045122781	1	0.923899131349337	0.98786254732218	0.997307755288083	1	0.999411144070675	0.999996482275524
ENSFCAG00000004893:CARM1	0	0	0	0	0	0	0	0	0	0.802124465855508	0.935671469732525	0.965937005311064	1	0.923899131349337	0.98786254732218	0.997307755288083	1	0.999413154516103	0.999996482275524
ENSFCAG00000012034:SETDB2	0	0	0	0	0	0	0	0	0	0.801334075389104	0.938875503458017	0.965995207870209	1	0.923899131349337	0.98786254732218	0.997307755288083	1	0.999415169868873	0.999996482275524
ENSFCAG00000005710:BRD3	0	0	0	0	0	0	0	0	0	0.798346288833567	0.951122215770959	0.966073337166305	1	0.923899131349337	0.98786254732218	0.997307755288083	1	0.99941786970224	0.999996482275524
ENSFCAG00000011083:TSHR	0	0	0	0	0	0	0	0	0	0.803388275645991	0.933452174380528	0.966109969950499	1	0.923899131349337	0.98786254732218	0.997307755288083	1	0.99941913340764	0.999996482275524
ENSFCAG00000006532:GTSE1	0	0	0	0	0	0	0	0	0	0.797326887050358	0.956933826207608	0.96615293138316	1	0.923899131349337	0.98786254732218	0.997307755288083	1	0.999420613659991	0.999996482275524
ENSFCAG00000025248:ARAF	0	0	0	0	0	0	0	0	0	0.802555898592534	0.936743019425072	0.966176087734505	1	0.923899131349337	0.98786254732218	0.997307755288083	1	0.999421410728455	0.999996482275524
ENSFCAG00000023537:MLLT1	0	0	0	0	0	0	0	0	0	0.801950285594879	0.939641684342752	0.966259557409752	1	0.923899131349337	0.98786254732218	0.997307755288083	1	0.999424279245753	0.999996482275524
ENSFCAG00000003470:CTNNB1	0	0	0	0	0	0	0	0	0	0.79895750190333	0.952197252444851	0.966347445824764	1	0.923899131349337	0.98786254732218	0.997307755288083	1	0.999427291824252	0.999996482275524
ENSFCAG00000011809:ACSL3	0	0	0	0	0	0	0	0	0	0.803578700102992	0.936845053230309	0.966504587832383	1	0.923899131349337	0.98786254732218	0.997307755288083	1	0.999432658307392	0.999996482275524
ENSFCAG00000007469:GOLGA5	0	0	0	0	0	0	0	0	0	0.800567004954233	0.948068153331656	0.966544747258619	1	0.923899131349337	0.98786254732218	0.997307755288083	1	0.999434025673937	0.999996482275524
ENSFCAG00000029123:PICALM	0	0	0	0	0	0	0	0	0	0.807535619886431	0.92654766317594	0.966647796291563	1	0.923899131349337	0.98786254732218	0.997307755288083	1	0.999437526700642	0.999996482275524
ENSFCAG00000026205:ZBTB16	0	0	0	0	0	0	0	0	0	0.798600253742765	0.958872191145734	0.966684980704047	1	0.923899131349337	0.98786254732218	0.997307755288083	1	0.999438787320626	0.999996482275524
ENSFCAG00000011327:FAF1	0	0	0	0	0	0	0	0	0	0.807457120583987	0.9272784319857	0.966705473469122	1	0.923899131349337	0.98786254732218	0.997307755288083	1	0.999439481451706	0.999996482275524
ENSFCAG00000023797:SUZ12	0	0	0	0	0	0	0	0	0	0.804445061923409	0.93699923574605	0.966788026414564	1	0.923899131349337	0.98786254732218	0.997307755288083	1	0.99944227328588	0.999996482275524
ENSFCAG00000008744:SEPTIN6	0	0	0	0	0	0	0	0	0	0.803737552101834	0.939689248502015	0.966821584418154	1	0.923899131349337	0.98786254732218	0.997307755288083	1	0.999443406159106	0.999996482275524
ENSFCAG00000015184:ALOX12B	0	0	0	0	0	0	0	0	0	0.804378512078618	0.941322917474174	0.967168498397321	1	0.923899131349337	0.98786254732218	0.997307755288083	1	0.999455049257182	0.999996482275524
ENSFCAG00000030250:CMTR2	0	0	0	0	0	0	0	0	0	0.797894082675477	0.973250376477222	0.967200991043304	1	0.923899131349337	0.98786254732218	0.997307755288083	1	0.999456133398765	0.999996482275524
ENSFCAG00000015711:BAP1	0	0	0	0	0	0	0	0	0	0.802514084806876	0.948631151849842	0.967201120433172	1	0.923899131349337	0.98786254732218	0.997307755288083	1	0.999456137713774	0.999996482275524
ENSFCAG00000006991:SRC	0	0	0	0	0	0	0	0	0	0.806092394157225	0.936185446427216	0.967216711057246	1	0.923899131349337	0.98786254732218	0.997307755288083	1	0.999456657517055	0.999996482275524
ENSFCAG00000018774:TCF7L2	0	0	0	0	0	0	0	0	0	0.808269015700238	0.931252837258441	0.967381199566948	1	0.923899131349337	0.98786254732218	0.997307755288083	1	0.999462126377567	0.999996482275524
ENSFCAG00000024132:TNFRSF11A	0	0	0	0	0	0	0	0	0	0.803010592717495	0.950105980132988	0.967469993623081	1	0.923899131349337	0.98786254732218	0.997307755288083	1	0.999465066949025	0.999996482275524
ENSFCAG00000027069:GATA6	0	0	0	0	0	0	0	0	0	0.800644590888579	0.961444706636374	0.967490483639882	1	0.923899131349337	0.98786254732218	0.997307755288083	1	0.999465744354707	0.999996482275524
ENSFCAG00000011030:PIK3R1	0	0	0	0	0	0	0	0	0	0.807834227947804	0.934541934234969	0.967586255457595	1	0.923899131349337	0.98786254732218	0.997307755288083	1	0.999468904843542	0.999996482275524
ENSFCAG00000002431:RXRA	0	0	0	0	0	0	0	0	0	0.802626277382928	0.95461404886502	0.967677094045342	1	0.923899131349337	0.98786254732218	0.997307755288083	1	0.999471893775156	0.999996482275524
ENSFCAG00000022148:FIP1L1	0	0	0	0	0	0	0	0	0	0.809588520126656	0.930633437115894	0.96771425879808	1	0.923899131349337	0.98786254732218	0.997307755288083	1	0.999473114177372	0.999996482275524
ENSFCAG00000002630:PPM1F	0	0	0	0	0	0	0	0	0	0.80578828794122	0.944331592585787	0.967865691411704	1	0.923899131349337	0.98786254732218	0.997307755288083	1	0.999478072109026	0.999996482275524
ENSFCAG00000015395:BTK	0	0	0	0	0	0	0	0	0	0.813891460648755	0.921163762586301	0.967920301937299	1	0.923899131349337	0.98786254732218	0.997307755288083	1	0.999479854254642	0.999996482275524
ENSFCAG00000042862:SFPQ	0	0	0	0	0	0	0	0	0	0.806640474742309	0.942270343092759	0.96794876384015	1	0.923899131349337	0.98786254732218	0.997307755288083	1	0.999480781851546	0.999996482275524
ENSFCAG00000008554:HGF	0	0	0	0	0	0	0	0	0	0.811399948902536	0.928877558077696	0.968068051280158	1	0.923899131349337	0.98786254732218	0.997307755288083	1	0.999484660423835	0.999996482275524
ENSFCAG00000015112:MPL	0	0	0	0	0	0	0	0	0	0.808174734566809	0.9393295030267	0.96815053444827	1	0.923899131349337	0.98786254732218	0.997307755288083	1	0.999487333727442	0.999996482275524
ENSFCAG00000007271:FLYWCH1	0	0	0	0	0	0	0	0	0	0.805427572070591	0.950471004660916	0.968247106158275	1	0.923899131349337	0.98786254732218	0.997307755288083	1	0.999490454714616	0.999996482275524
ENSFCAG00000004020:DAXX	0	0	0	0	0	0	0	0	0	0.804604697496206	0.954921014397997	0.968313854797976	1	0.923899131349337	0.98786254732218	0.997307755288083	1	0.999492606255646	0.999996482275524
ENSFCAG00000009752:CRTC1	0	0	0	0	0	0	0	0	0	0.807217388198695	0.945363720105849	0.968390189140767	1	0.923899131349337	0.98786254732218	0.997307755288083	1	0.999495061137501	0.999996482275524
ENSFCAG00000004303:WDCP	0	0	0	0	0	0	0	0	0	0.802295683006419	0.969888546969538	0.968451621830989	1	0.923899131349337	0.98786254732218	0.997307755288083	1	0.999497032418334	0.999996482275524
ENSFCAG00000012518:KEAP1	0	0	0	0	0	0	0	0	0	0.804468499747132	0.958615925914373	0.968515114095529	1	0.923899131349337	0.98786254732218	0.997307755288083	1	0.999499065692673	0.999996482275524
ENSFCAG00000014214:SYK	0	0	0	0	0	0	0	0	0	0.810802639975273	0.934962985999311	0.96852294255595	1	0.923899131349337	0.98786254732218	0.997307755288083	1	0.999499316102804	0.999996482275524
ENSFCAG00000042003:ASPSCR1	0	0	0	0	0	0	0	0	0	0.80868775107366	0.941994299683625	0.968547376353945	1	0.923899131349337	0.98786254732218	0.997307755288083	1	0.999500097263392	0.999996482275524
ENSFCAG00000005955:PAK5	0	0	0	0	0	0	0	0	0	0.80476615045629	0.958147149997543	0.968577538815144	1	0.923899131349337	0.98786254732218	0.997307755288083	1	0.999501060722056	0.999996482275524
ENSFCAG00000009638:HNF1A	0	0	0	0	0	0	0	0	0	0.808326652341616	0.943609380765215	0.968578995369422	1	0.923899131349337	0.98786254732218	0.997307755288083	1	0.999501107223988	0.999996482275524
ENSFCAG00000026299:RAF1	0	0	0	0	0	0	0	0	0	0.812192402754477	0.931587859385155	0.968592695204391	1	0.923899131349337	0.98786254732218	0.997307755288083	1	0.99950154449755	0.999996482275524
ENSFCAG00000004243:EWSR1	0	0	0	0	0	0	0	0	0	0.812753210142463	0.930222942732757	0.968614618059322	1	0.923899131349337	0.98786254732218	0.997307755288083	1	0.999502243831665	0.999996482275524
ENSFCAG00000012781:SHQ1	0	0	0	0	0	0	0	0	0	0.809179490906657	0.941785537893879	0.968677482127035	1	0.923899131349337	0.98786254732218	0.997307755288083	1	0.99950424642987	0.999996482275524
ENSFCAG00000014348:TEC	0	0	0	0	0	0	0	0	0	0.813769367710443	0.928203560406936	0.968695644325252	1	0.923899131349337	0.98786254732218	0.997307755288083	1	0.999504824245378	0.999996482275524
ENSFCAG00000029965:SLC34A2	0	0	0	0	0	0	0	0	0	0.809395675328588	0.94186511382375	0.968749768006448	1	0.923899131349337	0.98786254732218	0.997307755288083	1	0.999506544126729	0.999996482275524
ENSFCAG00000012383:MPEG1	0	0	0	0	0	0	0	0	0	0.803589249038057	0.969247819482398	0.968826199910484	1	0.923899131349337	0.98786254732218	0.997307755288083	1	0.999508967743433	0.999996482275524
ENSFCAG00000041774:BIRC3	0	0	0	0	0	0	0	0	0	0.807873349651019	0.948658532212449	0.968856406457744	1	0.923899131349337	0.98786254732218	0.997307755288083	1	0.999509923915204	0.999996482275524
ENSFCAG00000011053:PLK2	0	0	0	0	0	0	0	0	0	0.810581250414969	0.939207323368458	0.968864662495527	1	0.923899131349337	0.98786254732218	0.997307755288083	1	0.999510185091696	0.999996482275524
ENSFCAG00000009399:SEPTIN9	0	0	0	0	0	0	0	0	0	0.808515232828078	0.946564298332499	0.968883837946844	1	0.923899131349337	0.98786254732218	0.997307755288083	1	0.999510791428062	0.999996482275524
ENSFCAG00000006344:CD276	0	0	0	0	0	0	0	0	0	0.806249546429963	0.957074703388156	0.96896536103112	1	0.923899131349337	0.98786254732218	0.997307755288083	1	0.999513364988172	0.999996482275524
ENSFCAG00000045801:ZBTB7A	0	0	0	0	0	0	0	0	0	0.802841243832452	0.979179040029293	0.968982718379359	1	0.923899131349337	0.98786254732218	0.997307755288083	1	0.999513912047671	0.999996482275524
ENSFCAG00000030227:FOXO3	0	0	0	0	0	0	0	0	0	0.804078131177835	0.971468712970296	0.969078566850119	1	0.923899131349337	0.98786254732218	0.997307755288083	1	0.999516927349032	0.999996482275524
ENSFCAG00000001108:SETD3	0	0	0	0	0	0	0	0	0	0.811370580827093	0.940740950569007	0.969241239307413	1	0.923899131349337	0.98786254732218	0.997307755288083	1	0.999522023171645	0.999996482275524
ENSFCAG00000014304:ASMTL	0	0	0	0	0	0	0	0	0	0.809689377382566	0.947681972304538	0.969328783370725	1	0.923899131349337	0.98786254732218	0.997307755288083	1	0.999524754247136	0.999996482275524
ENSFCAG00000002807:SOX10	0	0	0	0	0	0	0	0	0	0.806366538019969	0.962866570177454	0.9693547782327	1	0.923899131349337	0.98786254732218	0.997307755288083	1	0.999525563675521	0.999996482275524
ENSFCAG00000013314:TIPARP	0	0	0	0	0	0	0	0	0	0.808860533098898	0.951497153504288	0.969372157838882	1	0.923899131349337	0.98786254732218	0.997307755288083	1	0.999526104453115	0.999996482275524
ENSFCAG00000035160:FNBP1	0	0	0	0	0	0	0	0	0	0.814915348692156	0.932655080853503	0.969505430835767	1	0.923899131349337	0.98786254732218	0.997307755288083	1	0.999530240972162	0.999996482275524
ENSFCAG00000023085:CRTC3	0	0	0	0	0	0	0	0	0	0.810842169139139	0.94707673822765	0.969626265050909	1	0.923899131349337	0.98786254732218	0.997307755288083	1	0.999533975581688	0.999996482275524
ENSFCAG00000029143:MAPKAP1	0	0	0	0	0	0	0	0	0	0.815119108834926	0.93382315994559	0.96968428373554	1	0.923899131349337	0.98786254732218	0.997307755288083	1	0.999535763407614	0.999996482275524
ENSFCAG00000000765:FOXO1	0	0	0	0	0	0	0	0	0	0.806990068989593	0.966642621345177	0.969748763574652	1	0.923899131349337	0.98786254732218	0.997307755288083	1	0.999537746259001	0.999996482275524
ENSFCAG00000010997:PRKAR1A	0	0	0	0	0	0	0	0	0	0.809391583546185	0.95479415628688	0.969768442124423	1	0.923899131349337	0.98786254732218	0.997307755288083	1	0.999538350549905	0.999996482275524
ENSFCAG00000006633:CLP1	0	0	0	0	0	0	0	0	0	0.807986847539055	0.96597959112991	0.970018832257006	1	0.923899131349337	0.98786254732218	0.997307755288083	1	0.999546004692981	0.999996482275524
ENSFCAG00000009952:ITK	0	0	0	0	0	0	0	0	0	0.817832964500138	0.930131025443963	0.970086323656512	1	0.923899131349337	0.98786254732218	0.997307755288083	1	0.999548056769325	0.999996482275524
ENSFCAG00000003915:PPP2R1A	0	0	0	0	0	0	0	0	0	0.816503339728706	0.933987814497417	0.970103661562364	1	0.923899131349337	0.98786254732218	0.997307755288083	1	0.99954858317037	0.999996482275524
ENSFCAG00000009580:PAX8	0	0	0	0	0	0	0	0	0	0.813026878561942	0.945359626710642	0.970135157909572	1	0.923899131349337	0.98786254732218	0.997307755288083	1	0.999549538647096	0.999996482275524
ENSFCAG00000030253:PATZ1	0	0	0	0	0	0	0	0	0	0.807276920172981	0.97388163566325	0.970164735472309	1	0.923899131349337	0.98786254732218	0.997307755288083	1	0.999550434984346	0.999996482275524
ENSFCAG00000028670:ETV5	0	0	0	0	0	0	0	0	0	0.815295635282022	0.938665940781937	0.970208210068943	1	0.923899131349337	0.98786254732218	0.997307755288083	1	0.999551750829357	0.999996482275524
ENSFCAG00000003177:SH2B3	0	0	0	0	0	0	0	0	0	0.809826057298438	0.960132526689244	0.970246067942982	1	0.923899131349337	0.98786254732218	0.997307755288083	1	0.999552895086289	0.999996482275524
ENSFCAG00000009695:PTPN11	0	0	0	0	0	0	0	0	0	0.8177750384385	0.932271657604549	0.970295199201971	1	0.923899131349337	0.98786254732218	0.997307755288083	1	0.999554377879616	0.999996482275524
ENSFCAG00000004287:PTPN6	0	0	0	0	0	0	0	0	0	0.8162617721815	0.937412647417135	0.970370639499508	1	0.923899131349337	0.98786254732218	0.997307755288083	1	0.999556649843448	0.999996482275524
ENSFCAG00000012180:AKT2	0	0	0	0	0	0	0	0	0	0.816967874070726	0.936420152627956	0.970479390506641	1	0.923899131349337	0.98786254732218	0.997307755288083	1	0.999559914673113	0.999996482275524
ENSFCAG00000030907:MAP3K7	0	0	0	0	0	0	0	0	0	0.819476118040938	0.930234833734514	0.97056777937621	1	0.923899131349337	0.98786254732218	0.997307755288083	1	0.99956255923054	0.999996482275524
ENSFCAG00000010330:FUBP1	0	0	0	0	0	0	0	0	0	0.825444310207056	0.9176290755637	0.970767552098341	1	0.923899131349337	0.98786254732218	0.997307755288083	1	0.999568506690388	0.999996482275524
ENSFCAG00000012963:SAMHD1	0	0	0	0	0	0	0	0	0	0.815702058976532	0.946591163208645	0.971022329231048	1	0.923899131349337	0.98786254732218	0.997307755288083	1	0.999576032046751	0.999996482275524
ENSFCAG00000029098:RAP1GDS1	0	0	0	0	0	0	0	0	0	0.820156616503708	0.932762191137941	0.971026618292128	1	0.923899131349337	0.98786254732218	0.997307755288083	1	0.999576158160615	0.999996482275524
ENSFCAG00000008071:TMPRSS2	0	0	0	0	0	0	0	0	0	0.821892225699579	0.928184467982147	0.971028955112086	1	0.923899131349337	0.98786254732218	0.997307755288083	1	0.999576226863576	0.999996482275524
ENSFCAG00000010003:TRAF3	0	0	0	0	0	0	0	0	0	0.814308453929699	0.952548345981312	0.971073912899885	1	0.923899131349337	0.98786254732218	0.997307755288083	1	0.999577547536449	0.999996482275524
ENSFCAG00000041932:RUNX2	0	0	0	0	0	0	0	0	0	0.816001016916278	0.947178910136761	0.971157150593375	1	0.923899131349337	0.98786254732218	0.997307755288083	1	0.999579987219581	0.999996482275524
ENSFCAG00000009978:WIF1	0	0	0	0	0	0	0	0	0	0.817234210143909	0.943899504986208	0.971241439410334	1	0.923899131349337	0.98786254732218	0.997307755288083	1	0.999582450440979	0.999996482275524
ENSFCAG00000030862:NR4A3	0	0	0	0	0	0	0	0	0	0.81450404590635	0.954248234936733	0.971252470687032	1	0.923899131349337	0.98786254732218	0.997307755288083	1	0.999582772273098	0.999996482275524
ENSFCAG00000011854:ALB	0	0	0	0	0	0	0	0	0	0.82127059197039	0.932430244922821	0.971307600591192	1	0.923899131349337	0.98786254732218	0.997307755288083	1	0.999584378783489	0.999996482275524
ENSFCAG00000008547:EBF1	0	0	0	0	0	0	0	0	0	0.819486939591938	0.937700748376537	0.971326148952973	1	0.923899131349337	0.98786254732218	0.997307755288083	1	0.999584918587658	0.999996482275524
ENSFCAG00000027549:NCOA4	0	0	0	0	0	0	0	0	0	0.815448352156244	0.951515330756092	0.971332036413053	1	0.923899131349337	0.98786254732218	0.997307755288083	1	0.999585089853558	0.999996482275524
ENSFCAG00000003512:DDX5	0	0	0	0	0	0	0	0	0	0.824517907529437	0.924711753712449	0.971369210406895	1	0.923899131349337	0.98786254732218	0.997307755288083	1	0.999586170419061	0.999996482275524
ENSFCAG00000026908:PRKCI	0	0	0	0	0	0	0	0	0	0.822839114229531	0.928920864286571	0.971375001689644	1	0.923899131349337	0.98786254732218	0.997307755288083	1	0.999586338630718	0.999996482275524
ENSFCAG00000013705:NT5C2	0	0	0	0	0	0	0	0	0	0.823251743106185	0.927950068032027	0.971383615746146	1	0.923899131349337	0.98786254732218	0.997307755288083	1	0.999586588767842	0.999996482275524
ENSFCAG00000014426:ESCO2	0	0	0	0	0	0	0	0	0	0.818430471775981	0.944130667508616	0.971605734940903	1	0.923899131349337	0.98786254732218	0.997307755288083	1	0.999593012342389	0.999996482275524
ENSFCAG00000008222:RPN1	0	0	0	0	0	0	0	0	0	0.820185367797978	0.939063473780189	0.971653555364737	1	0.923899131349337	0.98786254732218	0.997307755288083	1	0.99959438864148	0.999996482275524
ENSFCAG00000043801:ZNF703	0	0	0	0	0	0	0	0	0	0.812399401158388	0.973414053061389	0.971689982890786	1	0.923899131349337	0.98786254732218	0.997307755288083	1	0.999595435467226	0.999996482275524
ENSFCAG00000013473:RAD21	0	0	0	0	0	0	0	0	0	0.818691813526298	0.944932967329035	0.971748827407168	1	0.923899131349337	0.98786254732218	0.997307755288083	1	0.999597123610138	0.999996482275524
ENSFCAG00000009739:ELL	0	0	0	0	0	0	0	0	0	0.816677443257112	0.952377975165743	0.971753116986099	1	0.923899131349337	0.98786254732218	0.997307755288083	1	0.999597246531063	0.999996482275524
ENSFCAG00000042921:IKZF1	0	0	0	0	0	0	0	0	0	0.815183674710671	0.959413753219689	0.971792584586433	1	0.923899131349337	0.98786254732218	0.997307755288083	1	0.99959837661454	0.999996482275524
ENSFCAG00000023460:ELF4	0	0	0	0	0	0	0	0	0	0.818025232250502	0.9484377695524	0.971843458425977	1	0.923899131349337	0.98786254732218	0.997307755288083	1	0.999599830930382	0.999996482275524
ENSFCAG00000012147:NFE2L2	0	0	0	0	0	0	0	0	0	0.815363062732093	0.964328715652319	0.972131579195653	1	0.923899131349337	0.98786254732218	0.997307755288083	1	0.999608017109599	0.999996482275524
ENSFCAG00000009216:ATIC	0	0	0	0	0	0	0	0	0	0.821637012914572	0.94041698540165	0.972189217559079	1	0.923899131349337	0.98786254732218	0.997307755288083	1	0.999609644498206	0.999996482275524
ENSFCAG00000004384:TGFBR2	0	0	0	0	0	0	0	0	0	0.818723264616324	0.951575258844001	0.972284071637974	1	0.923899131349337	0.98786254732218	0.997307755288083	1	0.999612315213733	0.999996482275524
ENSFCAG00000023350:FYN	0	0	0	0	0	0	0	0	0	0.819074656173453	0.950317834237078	0.972290282708067	1	0.923899131349337	0.98786254732218	0.997307755288083	1	0.999612489770072	0.999996482275524
ENSFCAG00000018167:TAF15	0	0	0	0	0	0	0	0	0	0.825363404949425	0.930966163152371	0.97229533938372	1	0.923899131349337	0.98786254732218	0.997307755288083	1	0.999612631853929	0.999996482275524
ENSFCAG00000011506:PAK3	0	0	0	0	0	0	0	0	0	0.826049723149697	0.930459677574205	0.972430175292955	1	0.923899131349337	0.98786254732218	0.997307755288083	1	0.99961641081067	0.999996482275524
ENSFCAG00000038609:FCRL4	0	0	0	0	0	0	0	0	0	0.819902989338917	0.949261487923716	0.972445503362625	1	0.923899131349337	0.98786254732218	0.997307755288083	1	0.99961683921679	0.999996482275524
ENSFCAG00000031492:ESR1	0	0	0	0	0	0	0	0	0	0.818388610379458	0.956538783084528	0.972537078616938	1	0.923899131349337	0.98786254732218	0.997307755288083	1	0.999619393631511	0.999996482275524
ENSFCAG00000028662:PSIP1	0	0	0	0	0	0	0	0	0	0.827400286496488	0.929644438839686	0.972711721703689	1	0.923899131349337	0.98786254732218	0.997307755288083	1	0.999624241251209	0.999996482275524
ENSFCAG00000013654:PHF1	0	0	0	0	0	0	0	0	0	0.82276310699593	0.944077589624924	0.972829594893744	1	0.923899131349337	0.98786254732218	0.997307755288083	1	0.999627495368227	0.999996482275524
ENSFCAG00000009182:LCP1	0	0	0	0	0	0	0	0	0	0.822365262804065	0.946074023228587	0.972886129442096	1	0.923899131349337	0.98786254732218	0.997307755288083	1	0.99962905104577	0.999996482275524
ENSFCAG00000028455:PRF1	0	0	0	0	0	0	0	0	0	0.816976973801235	0.970874558787842	0.97292572589274	1	0.923899131349337	0.98786254732218	0.997307755288083	1	0.999630138676495	0.999996482275524
ENSFCAG00000014365:CHEK2	0	0	0	0	0	0	0	0	0	0.823687737717624	0.942816948238979	0.972978518922633	1	0.923899131349337	0.98786254732218	0.997307755288083	1	0.999631586282718	0.999996482275524
ENSFCAG00000008018:REL	0	0	0	0	0	0	0	0	0	0.82405934085309	0.941668204504827	0.972980151977707	1	0.923899131349337	0.98786254732218	0.997307755288083	1	0.999631631016073	0.999996482275524
ENSFCAG00000009924:IL21R	0	0	0	0	0	0	0	0	0	0.823768113350482	0.943113297564316	0.973026819988154	1	0.923899131349337	0.98786254732218	0.997307755288083	1	0.999632908208178	0.999996482275524
ENSFCAG00000001964:PDPK1	0	0	0	0	0	0	0	0	0	0.828145686828535	0.931004419533902	0.973059728993108	1	0.923899131349337	0.98786254732218	0.997307755288083	1	0.999633807503424	0.999996482275524
ENSFCAG00000003395:RPS6KB2	0	0	0	0	0	0	0	0	0	0.824038874603767	0.943145882708827	0.973104983724143	1	0.923899131349337	0.98786254732218	0.997307755288083	1	0.999635042349303	0.999996482275524
ENSFCAG00000030412:RUNX1T1	0	0	0	0	0	0	0	0	0	0.821637317556496	0.95179385218766	0.973128918219696	1	0.923899131349337	0.98786254732218	0.997307755288083	1	0.999635694588427	0.999996482275524
ENSFCAG00000006864:GPC3	0	0	0	0	0	0	0	0	0	0.822019491745411	0.950814317452287	0.973163491622885	1	0.923899131349337	0.98786254732218	0.997307755288083	1	0.999636635709173	0.999996482275524
ENSFCAG00000002126:TRAF5	0	0	0	0	0	0	0	0	0	0.821194428264418	0.954616953886755	0.973206230831329	1	0.923899131349337	0.98786254732218	0.997307755288083	1	0.999637797413169	0.999996482275524
ENSFCAG00000030888:RECQL	0	0	0	0	0	0	0	0	0	0.822707883133791	0.949261803344052	0.973237930439906	1	0.923899131349337	0.98786254732218	0.997307755288083	1	0.999638657835	0.999996482275524
ENSFCAG00000000308:WT1	0	0	0	0	0	0	0	0	0	0.822802147190822	0.949293922877044	0.973266838208195	1	0.923899131349337	0.98786254732218	0.997307755288083	1	0.999639441577866	0.999996482275524
ENSFCAG00000006814:LPP	0	0	0	0	0	0	0	0	0	0.823256144180067	0.949244658087772	0.973390006389759	1	0.923899131349337	0.98786254732218	0.997307755288083	1	0.999642771271833	0.999996482275524
ENSFCAG00000015088:KLHL6	0	0	0	0	0	0	0	0	0	0.822560810991884	0.953700590461143	0.973526766404709	1	0.923899131349337	0.98786254732218	0.997307755288083	1	0.9996464501439	0.999996482275524
ENSFCAG00000023614:LYN	0	0	0	0	0	0	0	0	0	0.828992522480352	0.933311730045109	0.973529171613283	1	0.923899131349337	0.98786254732218	0.997307755288083	1	0.999646514672578	0.999996482275524
ENSFCAG00000010770:CSF1	1	0	0	0	0	0	0	0	0	0.822269646690986	0.955314781597288	0.973557528576582	1	0.923899131349337	0.98786254732218	0.997307755288083	1	0.99964727500571	0.999996482275524
ENSFCAG00000002574:TFE3	0	0	0	0	0	0	0	0	0	0.825080570921376	0.94517398520565	0.973567398850743	1	0.923899131349337	0.98786254732218	0.997307755288083	1	0.999647539462849	0.999996482275524
ENSFCAG00000002222:MUTYH	0	0	0	0	0	0	0	0	0	0.827567975318386	0.938387196975927	0.973643214148866	1	0.923899131349337	0.98786254732218	0.997307755288083	1	0.999649567468032	0.999996482275524
ENSFCAG00000034591:FRS2	0	0	0	0	0	0	0	0	0	0.823730364740854	0.952359718349269	0.973757271336616	1	0.923899131349337	0.98786254732218	0.997307755288083	1	0.999652607295366	0.999996482275524
ENSFCAG00000004957:AKT1	0	0	0	0	0	0	0	0	0	0.826008876708162	0.944840313856947	0.973795084451686	1	0.923899131349337	0.98786254732218	0.997307755288083	1	0.999653612133471	0.999996482275524
ENSFCAG00000008473:NFIB	0	0	0	0	0	0	0	0	0	0.826322072521519	0.944530144970648	0.973854758519117	1	0.923899131349337	0.98786254732218	0.997307755288083	1	0.999655194913143	0.999996482275524
ENSFCAG00000030101:ERF	0	0	0	0	0	0	0	0	0	0.821482699481513	0.96488345049655	0.973920683946592	1	0.923899131349337	0.98786254732218	0.997307755288083	1	0.999656939251045	0.999996482275524
ENSFCAG00000001436:PRDM14	0	0	0	0	0	0	0	0	0	0.822466227945232	0.960960341918283	0.973974900178965	1	0.923899131349337	0.98786254732218	0.997307755288083	1	0.999658370428294	0.999996482275524
ENSFCAG00000000389:TRAF2	0	0	0	0	0	0	0	0	0	0.826167869854606	0.946969107017664	0.974015463607887	1	0.923899131349337	0.98786254732218	0.997307755288083	1	0.999659439230925	0.999996482275524
ENSFCAG00000013821:MSN	0	0	0	0	0	0	0	0	0	0.826854693209517	0.944717254509296	0.974016550663736	1	0.923899131349337	0.98786254732218	0.997307755288083	1	0.999659467850432	0.999996482275524
ENSFCAG00000001249:SUFU	0	0	0	0	0	0	0	0	0	0.828960176135652	0.938566401695932	0.974037526900572	1	0.923899131349337	0.98786254732218	0.997307755288083	1	0.999660019865594	0.999996482275524
ENSFCAG00000018598:ETS1	0	0	0	0	0	0	0	0	0	0.825658283426649	0.949203991574234	0.97405328977657	1	0.923899131349337	0.98786254732218	0.997307755288083	1	0.999660434387556	0.999996482275524
ENSFCAG00000004913:EPOR	0	0	0	0	0	0	0	0	0	0.825121824125065	0.952346339087289	0.974142503960723	1	0.923899131349337	0.98786254732218	0.997307755288083	1	0.999662775677375	0.999996482275524
ENSFCAG00000022796:PGBD5	1	0	0	0	0	0	0	0	0	0.822650961331598	0.964555223529839	0.974231900702002	1	0.923899131349337	0.98786254732218	0.997307755288083	1	0.999665113562595	0.999996482275524
ENSFCAG00000027928:FUS	0	0	0	0	0	0	0	0	0	0.831494188206573	0.934306649356805	0.974300243352225	1	0.923899131349337	0.98786254732218	0.997307755288083	1	0.999666895312777	0.999996482275524
ENSFCAG00000013874:SGK1	0	0	0	0	0	0	0	0	0	0.831518756827759	0.935209014370303	0.974397273896553	1	0.923899131349337	0.98786254732218	0.997307755288083	1	0.99966941674573	0.999996482275524
ENSFCAG00000009146:PARP3	0	0	0	0	0	0	0	0	0	0.82763965058115	0.94675194280943	0.974400222877501	1	0.923899131349337	0.98786254732218	0.997307755288083	1	0.999669493226568	0.999996482275524
ENSFCAG00000024950:ARID5A	0	0	0	0	0	0	0	0	0	0.82316103088533	0.965270909268157	0.974413316350662	1	0.923899131349337	0.98786254732218	0.997307755288083	1	0.999669832693643	0.999996482275524
ENSFCAG00000000348:CDC73	0	0	0	0	0	0	0	0	0	0.835137501879922	0.926897679285324	0.974466644556294	1	0.923899131349337	0.98786254732218	0.997307755288083	1	0.999671213486323	0.999996482275524
ENSFCAG00000006761:RUNX1	0	0	0	0	0	0	0	0	0	0.824857277677479	0.958916987339904	0.974516367590721	1	0.923899131349337	0.98786254732218	0.997307755288083	1	0.999672498303496	0.999996482275524
ENSFCAG00000012902:FANCE	0	0	0	0	0	0	0	0	0	0.825236592840302	0.957624394671838	0.974538601532315	1	0.923899131349337	0.98786254732218	0.997307755288083	1	0.999673071996035	0.999996482275524
ENSFCAG00000006925:PARP2	0	0	0	0	0	0	0	0	0	0.831712952950371	0.936168726265309	0.974543735441511	1	0.923899131349337	0.98786254732218	0.997307755288083	1	0.99967320439193	0.999996482275524
ENSFCAG00000041799:E2F3	0	0	0	0	0	0	0	0	0	0.824532309255047	0.961338996331794	0.974574328110162	1	0.923899131349337	0.98786254732218	0.997307755288083	1	0.999673992770674	0.999996482275524
ENSFCAG00000011007:MSI1	0	0	0	0	0	0	0	0	0	0.828387577071853	0.946803016798182	0.974607588450956	1	0.923899131349337	0.98786254732218	0.997307755288083	1	0.999674848806235	0.999996482275524
ENSFCAG00000000648:CREB3L2	0	0	0	0	0	0	0	0	0	0.828890069698407	0.945356049273081	0.974623790658816	1	0.923899131349337	0.98786254732218	0.997307755288083	1	0.999675265398218	0.999996482275524
ENSFCAG00000001845:GAS7	0	0	0	0	0	0	0	0	0	0.83291637185226	0.933819233523604	0.974627186749486	1	0.923899131349337	0.98786254732218	0.997307755288083	1	0.999675352684526	0.999996482275524
ENSFCAG00000031995:SESN1	0	0	0	0	0	0	0	0	0	0.827186076658163	0.951672139486741	0.974660069291266	1	0.923899131349337	0.98786254732218	0.997307755288083	1	0.999676197219492	0.999996482275524
ENSFCAG00000004249:NF2	0	0	0	0	0	0	0	0	0	0.830944687198101	0.939671220285808	0.974673466849859	1	0.923899131349337	0.98786254732218	0.997307755288083	1	0.99967654099606	0.999996482275524
ENSFCAG00000029939:SPRTN	0	0	0	0	0	0	0	0	0	0.824444298792597	0.963595740834128	0.974679746684619	1	0.923899131349337	0.98786254732218	0.997307755288083	1	0.999676702070985	0.999996482275524
ENSFCAG00000005890:SLC1A2	0	0	0	0	0	0	0	0	0	0.827022747953611	0.952628057469381	0.974685631833878	1	0.923899131349337	0.98786254732218	0.997307755288083	1	0.999676852985679	0.999996482275524
ENSFCAG00000043374:MYCN	0	0	0	0	0	0	0	0	0	0.822502606324311	0.97588027124678	0.974706973743595	1	0.923899131349337	0.98786254732218	0.997307755288083	1	0.999677399964758	0.999996482275524
ENSFCAG00000032199:EGR1	0	0	0	0	0	0	0	0	0	0.82232901652217	0.978506334659847	0.97474990727334	1	0.923899131349337	0.98786254732218	0.997307755288083	1	0.999678498907245	0.999996482275524
ENSFCAG00000028305:FOXA1	1	0	0	0	0	0	0	0	0	0.823020963903189	0.97402897971318	0.974781389318241	1	0.923899131349337	0.98786254732218	0.997307755288083	1	0.999679303531571	0.999996482275524
ENSFCAG00000005262:STK40	0	0	0	0	0	0	0	0	0	0.829988532091762	0.943748724612795	0.974782763509202	1	0.923899131349337	0.98786254732218	0.997307755288083	1	0.999679338630256	0.999996482275524
ENSFCAG00000018794:CREB3L1	0	0	0	0	0	0	0	0	0	0.830981978341634	0.940767860006634	0.974784160465459	1	0.923899131349337	0.98786254732218	0.997307755288083	1	0.999679374308411	0.999996482275524
ENSFCAG00000009909:ETV4	0	0	0	0	0	0	0	0	0	0.828167885629023	0.950537054036083	0.974842239929709	1	0.923899131349337	0.98786254732218	0.997307755288083	1	0.999680855881627	0.999996482275524
ENSFCAG00000002457:TBL1XR1	0	0	0	0	0	0	0	0	0	0.831200213776452	0.942267385106481	0.974977109788551	1	0.923899131349337	0.98786254732218	0.997307755288083	1	0.999684282986004	0.999996482275524
ENSFCAG00000026462:VEGFA	0	0	0	0	0	0	0	0	0	0.83029991938375	0.945213222451922	0.974991182591109	1	0.923899131349337	0.98786254732218	0.997307755288083	1	0.999684639507347	0.999996482275524
ENSFCAG00000030898:NADK	0	0	0	0	0	0	0	0	0	0.829995835188633	0.94652328339478	0.975018554369242	1	0.923899131349337	0.98786254732218	0.997307755288083	1	0.999685332364096	0.999996482275524
ENSFCAG00000026440:TRIM27	0	0	0	0	0	0	0	0	0	0.826575071053056	0.960571751944756	0.975092001399997	1	0.923899131349337	0.98786254732218	0.997307755288083	1	0.999687187717954	0.999996482275524
ENSFCAG00000012482:LCK	0	0	0	0	0	0	0	0	0	0.832597155919831	0.939631722573138	0.975108497521675	1	0.923899131349337	0.98786254732218	0.997307755288083	1	0.999687603667552	0.999996482275524
ENSFCAG00000012483:HDAC1	0	0	0	0	0	0	0	0	0	0.833170155832975	0.938117269571485	0.975117244845123	1	0.923899131349337	0.98786254732218	0.997307755288083	1	0.999687824118029	0.999996482275524
ENSFCAG00000029740:SHOC2	0	0	0	0	0	0	0	0	0	0.825358051762437	0.967261631750066	0.975127188791492	1	0.923899131349337	0.98786254732218	0.997307755288083	1	0.999688074630552	0.999996482275524
ENSFCAG00000022556:HLF	0	0	0	0	0	0	0	0	0	0.825014855805067	0.96956606343633	0.975143856554847	1	0.923899131349337	0.98786254732218	0.997307755288083	1	0.999688494305166	0.999996482275524
ENSFCAG00000008765:PAX7	0	0	0	0	0	0	0	0	0	0.829884732081681	0.948800518435909	0.97517177785417	1	0.923899131349337	0.98786254732218	0.997307755288083	1	0.99968919669218	0.999996482275524
ENSFCAG00000007485:ERG	0	0	0	0	0	0	0	0	0	0.827731362448295	0.957139229513416	0.975191320529767	1	0.923899131349337	0.98786254732218	0.997307755288083	1	0.999689687831298	0.999996482275524
ENSFCAG00000003706:FANCC	0	0	0	0	0	0	0	0	0	0.829957973811891	0.94959375465635	0.975253350063669	1	0.923899131349337	0.98786254732218	0.997307755288083	1	0.99969124413977	0.999996482275524
ENSFCAG00000040324:ZNF331	0	0	0	0	0	0	0	0	0	0.827164843161184	0.961762690709904	0.975324429586227	1	0.923899131349337	0.98786254732218	0.997307755288083	1	0.999693022659941	0.999996482275524
ENSFCAG00000039893:CHN1	0	0	0	0	0	0	0	0	0	0.836757942011433	0.930938365341419	0.975327678720021	1	0.923899131349337	0.98786254732218	0.997307755288083	1	0.999693103834511	0.999996482275524
ENSFCAG00000044117:FANCG	0	0	0	0	0	0	0	0	0	0.830527181408971	0.948729608151897	0.975338503130852	1	0.923899131349337	0.98786254732218	0.997307755288083	1	0.999693374187536	0.999996482275524
ENSFCAG00000009623:TP53	1	0	0	0	0	0	0	0	0	0.832188482613832	0.943561853743491	0.975353244669043	1	0.923899131349337	0.98786254732218	0.997307755288083	1	0.999693742182447	0.999996482275524
ENSFCAG00000026512:CRBN	0	0	0	0	0	0	0	0	0	0.834916183246809	0.936066569590416	0.975375875071702	1	0.923899131349337	0.98786254732218	0.997307755288083	1	0.999694306674539	0.999996482275524
ENSFCAG00000015036:GATA4	0	0	0	0	0	0	0	0	0	0.829817390181709	0.952236309684422	0.975414777047039	1	0.923899131349337	0.98786254732218	0.997307755288083	1	0.999695275817184	0.999996482275524
ENSFCAG00000028288:PRCC	0	0	0	0	0	0	0	0	0	0.83222947901847	0.944920433317832	0.975480542388828	1	0.923899131349337	0.98786254732218	0.997307755288083	1	0.999696910663042	0.999996482275524
ENSFCAG00000009461:SMARCD1	0	0	0	0	0	0	0	0	0	0.83582730287632	0.935440097853302	0.975550478652105	1	0.923899131349337	0.98786254732218	0.997307755288083	1	0.999698644328402	0.999996482275524
ENSFCAG00000008618:EZH2	0	0	0	0	0	0	0	0	0	0.832315442163954	0.945675413266019	0.975566785049829	1	0.923899131349337	0.98786254732218	0.997307755288083	1	0.99969904783048	0.999996482275524
ENSFCAG00000006724:SLC45A3	0	0	0	0	0	0	0	0	0	0.827929369065415	0.964712285856146	0.975699327937535	1	0.923899131349337	0.98786254732218	0.997307755288083	1	0.999702317495288	0.999996482275524
ENSFCAG00000030732:IKZF3	0	0	0	0	0	0	0	0	0	0.830347266888375	0.954364698275353	0.975709696227384	1	0.923899131349337	0.98786254732218	0.997307755288083	1	0.999702572508482	0.999996482275524
ENSFCAG00000044523:SOX9	0	0	0	0	0	0	0	0	0	0.82790558222756	0.965069793137457	0.975712114379766	1	0.923899131349337	0.98786254732218	0.997307755288083	1	0.999702631968286	0.999996482275524
ENSFCAG00000005257:SMAD4	0	0	0	0	0	0	0	0	0	0.834600042648518	0.940701547207692	0.975732822242802	1	0.923899131349337	0.98786254732218	0.997307755288083	1	0.999703140907285	0.999996482275524
ENSFCAG00000042373:FLI1	0	0	0	0	0	0	0	0	0	0.834147132683143	0.943065723019595	0.975825776059197	1	0.923899131349337	0.98786254732218	0.997307755288083	1	0.999705420027635	0.999996482275524
ENSFCAG00000013396:SESN2	0	0	0	0	0	0	0	0	0	0.83072745557974	0.954870096471258	0.975846735642177	1	0.923899131349337	0.98786254732218	0.997307755288083	1	0.999705932709038	0.999996482275524
ENSFCAG00000022519:NAB2	0	0	0	0	0	0	0	0	0	0.83074732809976	0.955148049231545	0.975871259494734	1	0.923899131349337	0.98786254732218	0.997307755288083	1	0.99970653200266	0.999996482275524
ENSFCAG00000044486:MNX1	0	0	0	0	0	0	0	0	0	0.827117480588529	0.973413928422521	0.975890811340872	1	0.923899131349337	0.98786254732218	0.997307755288083	1	0.999707009352966	0.999996482275524
ENSFCAG00000009522:TNFRSF14	0	0	0	0	0	0	0	0	0	0.828918719905608	0.963706939861053	0.975912564015444	1	0.923899131349337	0.98786254732218	0.997307755288083	1	0.999707539975256	0.999996482275524
ENSFCAG00000022789:CCT6B	0	0	0	0	0	0	0	0	0	0.832310026553541	0.950327564880941	0.975937148075715	1	0.923899131349337	0.98786254732218	0.997307755288083	1	0.999708139081118	0.999996482275524
ENSFCAG00000027801:BCL3	0	0	0	0	0	0	0	0	0	0.831004654581936	0.955154712963518	0.975940490677156	1	0.923899131349337	0.98786254732218	0.997307755288083	1	0.999708220491445	0.999996482275524
ENSFCAG00000036602:IKZF2	0	0	0	0	0	0	0	0	0	0.833163748561705	0.948452762409543	0.976016821335225	1	0.923899131349337	0.98786254732218	0.997307755288083	1	0.999710076437956	0.999996482275524
ENSFCAG00000035050:YAP1	0	0	0	0	0	0	0	0	0	0.833066359390673	0.949129149915617	0.97604440178019	1	0.923899131349337	0.98786254732218	0.997307755288083	1	0.999710745576199	0.999996482275524
ENSFCAG00000004158:PAK1	0	0	0	0	0	0	0	0	0	0.840806020390782	0.92829072762246	0.976068779136118	1	0.923899131349337	0.98786254732218	0.997307755288083	1	0.999711336354406	0.999996482275524
ENSFCAG00000028016:KLF4	0	0	0	0	0	0	0	0	0	0.830539546697149	0.961666786432245	0.976232059395581	1	0.923899131349337	0.98786254732218	0.997307755288083	1	0.999715277709237	0.999996482275524
ENSFCAG00000005528:NUF2	0	0	0	0	0	0	0	0	0	0.837756052253242	0.937478959563053	0.976246282707071	1	0.923899131349337	0.98786254732218	0.997307755288083	1	0.999715619746743	0.999996482275524
ENSFCAG00000018126:WAS	0	0	0	0	0	0	0	0	0	0.83668493530598	0.94062909959205	0.976266829213845	1	0.923899131349337	0.98786254732218	0.997307755288083	1	0.999716113476473	0.999996482275524
ENSFCAG00000011595:MEF2C	0	0	0	0	0	0	0	0	0	0.833925200115456	0.950144591005949	0.97634885262867	1	0.923899131349337	0.98786254732218	0.997307755288083	1	0.999718080179107	0.999996482275524
ENSFCAG00000031216:CA5B	0	0	0	0	0	0	0	0	0	0.834594689261169	0.948243538020517	0.976375545717665	1	0.923899131349337	0.98786254732218	0.997307755288083	1	0.999718718721993	0.999996482275524
ENSFCAG00000029513:ABI1	0	0	0	0	0	0	0	0	0	0.83758812661855	0.939319246880402	0.976377827911516	1	0.923899131349337	0.98786254732218	0.997307755288083	1	0.999718773281984	0.999996482275524
ENSFCAG00000026263:ACVR1B	0	0	0	0	0	0	0	0	0	0.832587247031953	0.955718013300601	0.976399690182338	1	0.923899131349337	0.98786254732218	0.997307755288083	1	0.999719295668992	0.999996482275524
ENSFCAG00000004785:CBLC	0	0	0	0	0	0	0	0	0	0.835595528241545	0.945787660211265	0.976435941733086	1	0.923899131349337	0.98786254732218	0.997307755288083	1	0.999720160801161	0.999996482275524
ENSFCAG00000014980:PLAG1	0	0	0	0	0	0	0	0	0	0.828511466449107	0.978049236104882	0.976443221737176	1	0.923899131349337	0.98786254732218	0.997307755288083	1	0.999720334373951	0.999996482275524
ENSFCAG00000006154:GATA2	0	0	0	0	0	0	0	0	0	0.831015124857007	0.963482183421685	0.976463641570803	1	0.923899131349337	0.98786254732218	0.997307755288083	1	0.999720820942216	0.999996482275524
ENSFCAG00000002211:NTHL1	0	0	0	0	0	0	0	0	0	0.831407145943269	0.963979912648155	0.976595985123499	1	0.923899131349337	0.98786254732218	0.997307755288083	1	0.99972396410147	0.999996482275524
ENSFCAG00000027895:BMPR1A	0	0	0	0	0	0	0	0	0	0.836150758588429	0.947387307556121	0.97671123624192	1	0.923899131349337	0.98786254732218	0.997307755288083	1	0.999726686705634	0.999996482275524
ENSFCAG00000042273:MAF	0	0	0	0	0	0	0	0	0	0.831086809263743	0.968030951527617	0.976722017985737	1	0.923899131349337	0.98786254732218	0.997307755288083	1	0.999726940709641	0.999996482275524
ENSFCAG00000013380:ATP6V1B2	0	0	0	0	0	0	0	0	0	0.839021592395812	0.939536874564346	0.976763680279406	1	0.923899131349337	0.98786254732218	0.997307755288083	1	0.999727921101162	0.999996482275524
ENSFCAG00000024419:MITF	0	0	0	0	0	0	0	0	0	0.837481756064482	0.944041754119618	0.976774534658236	1	0.923899131349337	0.98786254732218	0.997307755288083	1	0.999728176233152	0.999996482275524
ENSFCAG00000006231:PPARG	0	0	0	0	0	0	0	0	0	0.835004128053246	0.954269630052203	0.97693408154762	1	0.923899131349337	0.98786254732218	0.997307755288083	1	0.999731912464054	0.999996482275524
ENSFCAG00000005490:FH	0	0	0	0	0	0	0	0	0	0.834521169010464	0.956336554641409	0.976950076014519	1	0.923899131349337	0.98786254732218	0.997307755288083	1	0.999732285581594	0.999996482275524
ENSFCAG00000008054:ACVR1	0	0	0	0	0	0	0	0	0	0.836852164990194	0.949679714045577	0.97707380865967	1	0.923899131349337	0.98786254732218	0.997307755288083	1	0.999735163158003	0.999996482275524
ENSFCAG00000038251:MAP2K4	0	0	0	0	0	0	0	0	0	0.842218986039981	0.934746058555418	0.977103027295677	1	0.923899131349337	0.98786254732218	0.997307755288083	1	0.999735840391394	0.999996482275524
ENSFCAG00000038081:PRKN	0	0	0	0	0	0	0	0	0	0.841894845246523	0.935767180261486	0.977124254882797	1	0.923899131349337	0.98786254732218	0.997307755288083	1	0.999736331859228	0.999996482275524
ENSFCAG00000029278:ETV1	0	0	0	0	0	0	0	0	0	0.837936426223711	0.947266063423175	0.977160706186422	1	0.923899131349337	0.98786254732218	0.997307755288083	1	0.999737174715537	0.999996482275524
ENSFCAG00000040498:YY1	0	0	0	0	0	0	0	0	0	0.834581977990215	0.961003050104124	0.977262503141369	1	0.923899131349337	0.98786254732218	0.997307755288083	1	0.999739521345528	0.999996482275524
ENSFCAG00000003212:NDRG1	0	0	0	0	0	0	0	0	0	0.845842858497554	0.928122187188779	0.977292716288108	1	0.923899131349337	0.98786254732218	0.997307755288083	1	0.999740215780273	0.999996482275524
ENSFCAG00000009235:YES1	0	0	0	0	0	0	0	0	0	0.837378247829662	0.951137839464482	0.977320371135743	1	0.923899131349337	0.98786254732218	0.997307755288083	1	0.999740850594977	0.999996482275524
ENSFCAG00000027765:HNRNPA2B1	0	0	0	0	0	0	0	0	0	0.838154077081259	0.948634700302051	0.977325998897469	1	0.923899131349337	0.98786254732218	0.997307755288083	1	0.999740979683947	0.999996482275524
ENSFCAG00000005081:SESN3	0	0	0	0	0	0	0	0	0	0.837608424142656	0.95054304800736	0.977334427556621	1	0.923899131349337	0.98786254732218	0.997307755288083	1	0.999741172958978	0.999996482275524
ENSFCAG00000007838:FSTL3	0	0	0	0	0	0	0	0	0	0.832995350790491	0.970535674593112	0.977347131844636	1	0.923899131349337	0.98786254732218	0.997307755288083	1	0.999741464139806	0.999996482275524
ENSFCAG00000041254:CCDC6	0	0	0	0	0	0	0	0	0	0.840500512799865	0.942303810394412	0.977389230349222	1	0.923899131349337	0.98786254732218	0.997307755288083	1	0.999742427852432	0.999996482275524
ENSFCAG00000027219:IDH2	0	0	0	0	0	0	0	0	0	0.841000634728184	0.941123377405292	0.97740883680089	1	0.923899131349337	0.98786254732218	0.997307755288083	1	0.999742876061465	0.999996482275524
ENSFCAG00000003665:EIF3E	0	0	0	0	0	0	0	0	0	0.846174829011968	0.928822382424178	0.977450495299409	1	0.923899131349337	0.98786254732218	0.997307755288083	1	0.999743827080939	0.999996482275524
ENSFCAG00000030336:IFNGR1	0	0	0	0	0	0	0	0	0	0.837479717510539	0.952737266910258	0.977464716560967	1	0.923899131349337	0.98786254732218	0.997307755288083	1	0.999744151330794	0.999996482275524
ENSFCAG00000031608:KLF5	0	0	0	0	0	0	0	0	0	0.83316340073733	0.972392473080863	0.977472904970466	1	0.923899131349337	0.98786254732218	0.997307755288083	1	0.999744337935596	0.999996482275524
ENSFCAG00000003700:AKT3	0	0	0	0	0	0	0	0	0	0.841934056664473	0.939314344396846	0.977475515128594	1	0.923899131349337	0.98786254732218	0.997307755288083	1	0.999744397403797	0.999996482275524
ENSFCAG00000003944:PTPN1	0	0	0	0	0	0	0	0	0	0.841917876953291	0.939815201116056	0.97751813514973	1	0.923899131349337	0.98786254732218	0.997307755288083	1	0.9997453674455	0.999996482275524
ENSFCAG00000027261:TGFBR1	0	0	0	0	0	0	0	0	0	0.837548764186692	0.953257763941417	0.977520080746688	1	0.923899131349337	0.98786254732218	0.997307755288083	1	0.999745411683393	0.999996482275524
ENSFCAG00000043511:NONO	0	0	0	0	0	0	0	0	0	0.840275826259335	0.945711196444786	0.977626551457017	1	0.923899131349337	0.98786254732218	0.997307755288083	1	0.999747826650634	0.999996482275524
ENSFCAG00000030557:FOXF1	0	0	0	0	0	0	0	0	0	0.833879548650272	0.972915724724063	0.977683437039745	1	0.923899131349337	0.98786254732218	0.997307755288083	1	0.999749112175945	0.999996482275524
ENSFCAG00000027073:CDK8	0	0	0	0	0	0	0	0	0	0.845424482703474	0.932850462968714	0.977698225555554	1	0.923899131349337	0.98786254732218	0.997307755288083	1	0.99974944583122	0.999996482275524
ENSFCAG00000013972:RASGEF1A	0	0	0	0	0	0	0	0	0	0.840309095458224	0.947212153622117	0.977758709945429	1	0.923899131349337	0.98786254732218	0.997307755288083	1	0.999750808138552	0.999996482275524
ENSFCAG00000011521:TFEB	0	0	0	0	0	0	0	0	0	0.8400048132084	0.948728293317335	0.97780345087721	1	0.923899131349337	0.98786254732218	0.997307755288083	1	0.999751813443946	0.999996482275524
ENSFCAG00000010727:PIGA	0	0	0	0	0	0	0	0	0	0.835421402670366	0.967845335524971	0.977855674311281	1	0.923899131349337	0.98786254732218	0.997307755288083	1	0.999752984287887	0.999996482275524
ENSFCAG00000013722:STK11	0	0	0	0	0	0	0	0	0	0.840618605098251	0.947664839868134	0.97787327661592	1	0.923899131349337	0.98786254732218	0.997307755288083	1	0.999753378301249	0.999996482275524
ENSFCAG00000029360:DDX6	0	0	0	0	0	0	0	0	0	0.843595175926344	0.939170183687165	0.977873774222486	1	0.923899131349337	0.98786254732218	0.997307755288083	1	0.999753389435164	0.999996482275524
ENSFCAG00000029721:PPP2R2A	0	0	0	0	0	0	0	0	0	0.84308026238302	0.941078458740795	0.977922758642142	1	0.923899131349337	0.98786254732218	0.997307755288083	1	0.999754484219138	0.999996482275524
ENSFCAG00000018967:PAX3	0	0	0	0	0	0	0	0	0	0.839778331852473	0.951085383593864	0.977928048106942	1	0.923899131349337	0.98786254732218	0.997307755288083	1	0.999754602289971	0.999996482275524
ENSFCAG00000024268:CD36	0	0	0	0	0	0	0	0	0	0.845571730708167	0.935034093427312	0.977956623936212	1	0.923899131349337	0.98786254732218	0.997307755288083	1	0.999755239661608	0.999996482275524
ENSFCAG00000015103:CHEK1	0	0	0	0	0	0	0	0	0	0.838922622925695	0.954662320657373	0.977970546133187	1	0.923899131349337	0.98786254732218	0.997307755288083	1	0.999755549887749	0.999996482275524
ENSFCAG00000046322:IRF8	0	0	0	0	0	0	0	0	0	0.838768600776473	0.956866340140256	0.978081427600677	1	0.923899131349337	0.98786254732218	0.997307755288083	1	0.999758013567332	0.999996482275524
ENSFCAG00000031493:FOXO4	0	0	0	0	0	0	0	0	0	0.835300779362679	0.973621008768865	0.97808416422113	1	0.923899131349337	0.98786254732218	0.997307755288083	1	0.999758074213453	0.999996482275524
ENSFCAG00000015151:PAG1	0	0	0	0	0	0	0	0	0	0.839853835175879	0.953187099714328	0.97810204421826	1	0.923899131349337	0.98786254732218	0.997307755288083	1	0.999758470262807	0.999996482275524
ENSFCAG00000023859:CYP19A1	0	0	0	0	0	0	0	0	0	0.840463642004652	0.951320885336083	0.978118695547617	1	0.923899131349337	0.98786254732218	0.997307755288083	1	0.999758838802729	0.999996482275524
ENSFCAG00000012379:SPRED1	0	0	0	0	0	0	0	0	0	0.84033457947111	0.951859818612558	0.978126361603628	1	0.923899131349337	0.98786254732218	0.997307755288083	1	0.999759008378432	0.999996482275524
ENSFCAG00000014851:MDM4	0	0	0	0	0	0	0	0	0	0.837723652516271	0.963970338772513	0.978247142863723	1	0.923899131349337	0.98786254732218	0.997307755288083	1	0.999761672169822	0.999996482275524
ENSFCAG00000009499:KBTBD4	0	0	0	0	0	0	0	0	0	0.838184150812593	0.963589992440806	0.978343856962712	1	0.923899131349337	0.98786254732218	0.997307755288083	1	0.999763794416412	0.999996482275524
ENSFCAG00000045851:SOX17	0	0	0	0	0	0	0	0	0	0.83647156117294	0.972947890906357	0.978360317897996	1	0.923899131349337	0.98786254732218	0.997307755288083	1	0.999764154674946	0.999996482275524
ENSFCAG00000004375:ERRFI1	0	0	0	0	0	0	0	0	0	0.838510119007241	0.963344261176746	0.978413299964748	1	0.923899131349337	0.98786254732218	0.997307755288083	1	0.999765312342488	0.999996482275524
ENSFCAG00000041347:HOXA13	0	0	0	0	0	0	0	0	0	0.836031460616179	0.978104665261595	0.97844043563883	1	0.923899131349337	0.98786254732218	0.997307755288083	1	0.999765904150756	0.999996482275524
ENSFCAG00000001254:CYP17A1	0	0	0	0	0	0	0	0	0	0.84243616489039	0.949808904653073	0.978497128627212	1	0.923899131349337	0.98786254732218	0.997307755288083	1	0.999767138152825	0.999996482275524
ENSFCAG00000043446:GNA12	0	0	0	0	0	0	0	0	0	0.838669879264622	0.964645647031971	0.978526154874526	1	0.923899131349337	0.98786254732218	0.997307755288083	1	0.999767768678231	0.999996482275524
ENSFCAG00000018839:SS18L1	0	0	0	0	0	0	0	0	0	0.843434873049865	0.948720176450746	0.978659504658438	1	0.923899131349337	0.98786254732218	0.997307755288083	1	0.999770654317943	0.999996482275524
ENSFCAG00000045414:TAL1	0	0	0	0	0	0	0	0	0	0.839468828656216	0.965191969655745	0.978758811092703	1	0.923899131349337	0.98786254732218	0.997307755288083	1	0.999772791468064	0.999996482275524
ENSFCAG00000042993:GATA3	0	0	0	0	0	0	0	0	0	0.841547484660841	0.956682606728624	0.978770617850834	1	0.923899131349337	0.98786254732218	0.997307755288083	1	0.999773044888295	0.999996482275524
ENSFCAG00000027081:SMAD3	0	0	0	0	0	0	0	0	0	0.839229621930497	0.967396097729192	0.978812438923717	1	0.923899131349337	0.98786254732218	0.997307755288083	1	0.999773941390016	0.999996482275524
ENSFCAG00000031620:PDK1	0	0	0	0	0	0	0	0	0	0.84280724471729	0.953198242113169	0.978842588621675	1	0.923899131349337	0.98786254732218	0.997307755288083	1	0.999774586588673	0.999996482275524
ENSFCAG00000038120:SMYD3	0	0	0	0	0	0	0	0	0	0.848535465638364	0.937099140015732	0.978874531777452	1	0.923899131349337	0.98786254732218	0.997307755288083	1	0.99977526915388	0.999996482275524
ENSFCAG00000010866:INHBA	0	0	0	0	0	0	0	0	0	0.838547803600295	0.972786864938214	0.978886943254786	1	0.923899131349337	0.98786254732218	0.997307755288083	1	0.999775534082631	0.999996482275524
ENSFCAG00000038026:NKX2-1	0	0	0	0	0	0	0	0	0	0.840588109537772	0.963388573793772	0.978942549778863	1	0.923899131349337	0.98786254732218	0.997307755288083	1	0.999776719097839	0.999996482275524
ENSFCAG00000006604:SETD6	0	0	0	0	0	0	0	0	0	0.84621908000342	0.944383807178815	0.978983535184032	1	0.923899131349337	0.98786254732218	0.997307755288083	1	0.999777590504421	0.999996482275524
ENSFCAG00000023845:ACVR2A	0	0	0	0	0	0	0	0	0	0.844490445641147	0.950071915518734	0.979024824997594	1	0.923899131349337	0.98786254732218	0.997307755288083	1	0.999778466648119	0.999996482275524
ENSFCAG00000001593:EED	0	0	0	0	0	0	0	0	0	0.848153028911953	0.94079363101557	0.979131353639992	1	0.923899131349337	0.98786254732218	0.997307755288083	1	0.999780719076498	0.999996482275524
ENSFCAG00000007999:MKNK1	0	0	0	0	0	0	0	0	0	0.847712530467703	0.942349126537019	0.979166051864219	1	0.923899131349337	0.98786254732218	0.997307755288083	1	0.999781450228997	0.999996482275524
ENSFCAG00000010809:GABRA6	0	0	0	0	0	0	0	0	0	0.843666023859779	0.954852227134756	0.979172272100353	1	0.923899131349337	0.98786254732218	0.997307755288083	1	0.999781581170322	0.999996482275524
ENSFCAG00000033150:PTK6	0	0	0	0	0	0	0	0	0	0.844899217729306	0.950760231123927	0.979177611897586	1	0.923899131349337	0.98786254732218	0.997307755288083	1	0.99978169354613	0.999996482275524
ENSFCAG00000009292:SETD4	0	0	0	0	0	0	0	0	0	0.84769792290059	0.942641554676427	0.979188497814012	1	0.923899131349337	0.98786254732218	0.997307755288083	1	0.999781922549588	0.999996482275524
ENSFCAG00000041539:MYC	0	0	0	0	0	0	0	0	0	0.839751684720818	0.97358652680543	0.97922603369567	1	0.923899131349337	0.98786254732218	0.997307755288083	1	0.999782711251552	0.999996482275524
ENSFCAG00000005533:PBX1	0	0	0	0	0	0	0	0	0	0.843292061807761	0.957609325320486	0.979265850835191	1	0.923899131349337	0.98786254732218	0.997307755288083	1	0.999783546314529	0.999996482275524
ENSFCAG00000037388:RAD52	0	0	0	0	0	0	0	0	0	0.846373293066839	0.950699043813699	0.979531958801874	1	0.923899131349337	0.98786254732218	0.997307755288083	1	0.99978908568742	0.999996482275524
ENSFCAG00000043468:KLF2	0	0	0	0	0	0	0	0	0	0.84132917092453	0.972051541357538	0.979559363804939	1	0.923899131349337	0.98786254732218	0.997307755288083	1	0.999789652050881	0.999996482275524
ENSFCAG00000012037:XIAP	0	0	0	0	0	0	0	0	0	0.84352241920404	0.96288776419387	0.979646149391024	1	0.923899131349337	0.98786254732218	0.997307755288083	1	0.999791440540409	0.999996482275524
ENSFCAG00000009538:TRIP13	0	0	0	0	0	0	0	0	0	0.848405913650316	0.946167101397956	0.97966061186444	1	0.923899131349337	0.98786254732218	0.997307755288083	1	0.999791737837711	0.999996482275524
ENSFCAG00000011397:ATP6AP1	0	0	0	0	0	0	0	0	0	0.846313592073831	0.953639500000489	0.979734415798703	1	0.923899131349337	0.98786254732218	0.997307755288083	1	0.999793251660802	0.999996482275524
ENSFCAG00000010347:MAX	0	0	0	0	0	0	0	0	0	0.844101087483656	0.962005177913172	0.979737802324912	1	0.923899131349337	0.98786254732218	0.997307755288083	1	0.999793320989835	0.999996482275524
ENSFCAG00000030830:PTPN2	0	0	0	0	0	0	0	0	0	0.848019798862445	0.949806962718717	0.979860362594306	1	0.923899131349337	0.98786254732218	0.997307755288083	1	0.999795822168791	0.999996482275524
ENSFCAG00000028649:DUSP4	0	0	0	0	0	0	0	0	0	0.842444108656396	0.975492681878839	0.979976953690542	1	0.923899131349337	0.98786254732218	0.997307755288083	1	0.999798187302336	0.999996482275524
ENSFCAG00000029481:PPP4R2	0	0	0	0	0	0	0	0	0	0.84786068748958	0.951901965138224	0.979981072122058	1	0.923899131349337	0.98786254732218	0.997307755288083	1	0.999798270594002	0.999996482275524
ENSFCAG00000024841:ETV6	0	0	0	0	0	0	0	0	0	0.845222050125136	0.961914826893701	0.980007462378816	1	0.923899131349337	0.98786254732218	0.997307755288083	1	0.999798803903012	0.999996482275524
ENSFCAG00000004033:CCNQ	0	0	0	0	0	0	0	0	0	0.843775020508943	0.969474532737501	0.980051780899095	1	0.923899131349337	0.98786254732218	0.997307755288083	1	0.999799697917552	0.999996482275524
ENSFCAG00000033222:TUSC3	0	0	0	0	0	0	0	0	0	0.84949711783966	0.948187026084451	0.980085210773805	1	0.923899131349337	0.98786254732218	0.997307755288083	1	0.999800370955071	0.999996482275524
ENSFCAG00000030594:HOXD11	0	0	0	0	0	0	0	0	0	0.84301571481328	0.974773968463829	0.980091491772519	1	0.923899131349337	0.98786254732218	0.997307755288083	1	0.999800497282016	0.999996482275524
ENSFCAG00000031618:FANCL	0	0	0	0	0	0	0	0	0	0.85362693175797	0.938608300800995	0.980213774717672	1	0.923899131349337	0.98786254732218	0.997307755288083	1	0.99980294868478	0.999996482275524
ENSFCAG00000025247:SFRP4	0	0	0	0	0	0	0	0	0	0.848506632560686	0.95317121024106	0.980228738640652	1	0.923899131349337	0.98786254732218	0.997307755288083	1	0.999803247618481	0.999996482275524
ENSFCAG00000009646:SMARCE1	0	0	0	0	0	0	0	0	0	0.850970972989023	0.947051784465692	0.980341427960069	1	0.923899131349337	0.98786254732218	0.997307755288083	1	0.999805491471175	0.999996482275524
ENSFCAG00000045474:CRLF2	0	0	0	0	0	0	0	0	0	0.851803481631155	0.944784447688544	0.980347058361618	1	0.923899131349337	0.98786254732218	0.997307755288083	1	0.999805603243094	0.999996482275524
ENSFCAG00000018503:ABRAXAS1	0	0	0	0	0	0	0	0	0	0.849942945971977	0.950860557386343	0.980399204240072	1	0.923899131349337	0.98786254732218	0.997307755288083	1	0.999806636880453	0.999996482275524
ENSFCAG00000041373:CEBPA	0	0	0	0	0	0	0	0	0	0.843603338541611	0.982815409623515	0.980499699481861	1	0.923899131349337	0.98786254732218	0.997307755288083	1	0.999808621077455	0.999996482275524
ENSFCAG00000001628:PAX5	0	0	0	0	0	0	0	0	0	0.849073879851024	0.955866876956635	0.980553271258599	1	0.923899131349337	0.98786254732218	0.997307755288083	1	0.999809674599751	0.999996482275524
ENSFCAG00000001624:CCNE1	0	0	0	0	0	0	0	0	0	0.853016285583799	0.944408311888604	0.980596969577346	1	0.923899131349337	0.98786254732218	0.997307755288083	1	0.999810531786932	0.999996482275524
ENSFCAG00000002637:SPOP	0	0	0	0	0	0	0	0	0	0.850934740677672	0.950680594654062	0.980619461415114	1	0.923899131349337	0.98786254732218	0.997307755288083	1	0.999810972228212	0.999996482275524
ENSFCAG00000022941:IRF4	0	0	0	0	0	0	0	0	0	0.849964310027713	0.954249964684716	0.980652511915441	1	0.923899131349337	0.98786254732218	0.997307755288083	1	0.999811618496105	0.999996482275524
ENSFCAG00000000479:CALR	0	0	0	0	0	0	0	0	0	0.84884537862826	0.958578634436748	0.980677824704887	1	0.923899131349337	0.98786254732218	0.997307755288083	1	0.999812112707927	0.999996482275524
ENSFCAG00000004268:DEK	0	0	0	0	0	0	0	0	0	0.851503745873227	0.950591319192785	0.980746157860283	1	0.923899131349337	0.98786254732218	0.997307755288083	1	0.999813443595183	0.999996482275524
ENSFCAG00000028312:AURKB	0	0	0	0	0	0	0	0	0	0.84908196993973	0.95892520564818	0.980756279278528	1	0.923899131349337	0.98786254732218	0.997307755288083	1	0.999813640319637	0.999996482275524
ENSFCAG00000046742:TLX1	0	0	0	0	0	0	0	0	0	0.84719485165899	0.967236781830183	0.980777251133644	1	0.923899131349337	0.98786254732218	0.997307755288083	1	0.999814047605642	0.999996482275524
ENSFCAG00000025659:TFG	0	0	0	0	0	0	0	0	0	0.849220642326955	0.958880803797098	0.980786476234978	1	0.923899131349337	0.98786254732218	0.997307755288083	1	0.999814226620628	0.999996482275524
ENSFCAG00000045118:CDK6	0	0	0	0	0	0	0	0	0	0.852266626740279	0.949598345430723	0.980847789193094	1	0.923899131349337	0.98786254732218	0.997307755288083	1	0.999815414206397	0.999996482275524
ENSFCAG00000023383:GNA13	0	0	0	0	0	0	0	0	0	0.848209882048001	0.964833365318256	0.980895432198983	1	0.923899131349337	0.98786254732218	0.997307755288083	1	0.999816334369312	0.999996482275524
ENSFCAG00000027039:LEF1	0	0	0	0	0	0	0	0	0	0.854361868610599	0.945050116303293	0.98096204494792	1	0.923899131349337	0.98786254732218	0.997307755288083	1	0.999817617028692	0.999996482275524
ENSFCAG00000019200:PTEN	0	0	0	0	0	0	0	0	0	0.852250400820922	0.951414091532687	0.980982827950491	1	0.923899131349337	0.98786254732218	0.997307755288083	1	0.999818016289234	0.999996482275524
ENSFCAG00000022640:MYCL	0	0	0	0	0	0	0	0	0	0.846988779828514	0.973281131444894	0.981004704656362	1	0.923899131349337	0.98786254732218	0.997307755288083	1	0.999818436085147	0.999996482275524
ENSFCAG00000040420:GSK3B	0	0	0	0	0	0	0	0	0	0.853748892877325	0.947370815707125	0.981013977910967	1	0.923899131349337	0.98786254732218	0.997307755288083	1	0.999818613884015	0.999996482275524
ENSFCAG00000003156:ARID3C	0	0	0	0	0	0	0	0	0	0.849895808971555	0.960008100045839	0.981017336127315	1	0.923899131349337	0.98786254732218	0.997307755288083	1	0.999818678250475	0.999996482275524
ENSFCAG00000030144:IRF2	0	0	0	0	0	0	0	0	0	0.849984093782882	0.959701052598486	0.981019217743259	1	0.923899131349337	0.98786254732218	0.997307755288083	1	0.999818714310118	0.999996482275524
ENSFCAG00000009774:MEF2B	0	0	0	0	0	0	0	0	0	0.854369593501558	0.947224268643079	0.981144822493231	1	0.923899131349337	0.98786254732218	0.997307755288083	1	0.999821113262231	0.999996482275524
ENSFCAG00000012557:ACKR3	0	0	0	0	0	0	0	0	0	0.847621906303461	0.974878636342925	0.981221274882212	1	0.923899131349337	0.98786254732218	0.997307755288083	1	0.999822565570398	0.999996482275524
ENSFCAG00000028389:MAP2K1	0	0	0	0	0	0	0	0	0	0.856250443689833	0.944486889293196	0.981344537107133	1	0.923899131349337	0.98786254732218	0.997307755288083	1	0.99982489454559	0.999996482275524
ENSFCAG00000025016:DDB2	0	0	0	0	0	0	0	0	0	0.854295760026779	0.951172505043088	0.981437860787118	1	0.923899131349337	0.98786254732218	0.997307755288083	1	0.999826647549129	0.999996482275524
ENSFCAG00000003976:IDH1	0	0	0	0	0	0	0	0	0	0.855208451671646	0.949148128675909	0.981490905338381	1	0.923899131349337	0.98786254732218	0.997307755288083	1	0.999827639989042	0.999996482275524
ENSFCAG00000028366:XBP1	0	0	0	0	0	0	0	0	0	0.851628953721964	0.961366701390627	0.981507976979295	1	0.923899131349337	0.98786254732218	0.997307755288083	1	0.999827958782042	0.999996482275524
ENSFCAG00000030694:HOXD13	0	0	0	0	0	0	0	0	0	0.848901875733714	0.974508659409084	0.981513621114071	1	0.923899131349337	0.98786254732218	0.997307755288083	1	0.999828064114368	0.999996482275524
ENSFCAG00000025854:CASP8	0	0	0	0	0	0	0	0	0	0.851332634480153	0.963779243101345	0.981577933150721	1	0.923899131349337	0.98786254732218	0.997307755288083	1	0.999829262030658	0.999996482275524
ENSFCAG00000004034:DUSP9	0	0	0	0	0	0	0	0	0	0.850778205579618	0.966974125572668	0.981618343856524	1	0.923899131349337	0.98786254732218	0.997307755288083	1	0.999830012590095	0.999996482275524
ENSFCAG00000035352:KCNJ5	0	0	0	0	0	0	0	0	0	0.84967927051038	0.973210227382971	0.981646297335043	1	0.923899131349337	0.98786254732218	0.997307755288083	1	0.99983053080453	0.999996482275524
ENSFCAG00000045890:FOXL2	0	0	0	0	0	0	0	0	0	0.848219898355735	0.98450135780432	0.981666368436933	1	0.923899131349337	0.98786254732218	0.997307755288083	1	0.999830902400879	0.999996482275524
ENSFCAG00000002791:P2RY8	0	0	0	0	0	0	0	0	0	0.848638198841674	0.982764324212191	0.981722695416199	1	0.923899131349337	0.98786254732218	0.997307755288083	1	0.99983194304669	0.999996482275524
ENSFCAG00000036087:LMO2	0	0	0	0	0	0	0	0	0	0.851571835821003	0.966675485615715	0.981789506433099	1	0.923899131349337	0.98786254732218	0.997307755288083	1	0.999833173195946	0.999996482275524
ENSFCAG00000025662:SH3GL1	0	0	0	0	0	0	0	0	0	0.854594036045508	0.955548931118068	0.981821756130888	1	0.923899131349337	0.98786254732218	0.997307755288083	1	0.999833765362374	0.999996482275524
ENSFCAG00000032144:ACTG1	0	0	0	0	0	0	0	0	0	0.851390312142194	0.96995018349912	0.981907140615424	1	0.923899131349337	0.98786254732218	0.997307755288083	1	0.99983532807064	0.999996482275524
ENSFCAG00000004068:SMARCB1	0	0	0	0	0	0	0	0	0	0.853952411442211	0.959206808895581	0.981915172219289	1	0.923899131349337	0.98786254732218	0.997307755288083	1	0.999835474683125	0.999996482275524
ENSFCAG00000038036:ZNF24	0	0	0	0	0	0	0	0	0	0.853132042014033	0.962579967323495	0.981929376401352	1	0.923899131349337	0.98786254732218	0.997307755288083	1	0.999835733811782	0.999996482275524
ENSFCAG00000007945:HOXA11	0	0	0	0	0	0	0	0	0	0.851202349005839	0.97187527139111	0.981949447523544	1	0.923899131349337	0.98786254732218	0.997307755288083	1	0.999836099621455	0.999996482275524
ENSFCAG00000035960:TLX3	0	0	0	0	0	0	0	0	0	0.850801665817404	0.975020761818304	0.981984083829035	1	0.923899131349337	0.98786254732218	0.997307755288083	1	0.999836729926527	0.999996482275524
ENSFCAG00000030098:SS18	0	0	0	0	0	0	0	0	0	0.857188761075582	0.949911102722835	0.981999308621495	1	0.923899131349337	0.98786254732218	0.997307755288083	1	0.999837006597951	0.999996482275524
ENSFCAG00000000449:ELF3	0	0	0	0	0	0	0	0	0	0.855645207642952	0.954883559832054	0.982015874732989	1	0.923899131349337	0.98786254732218	0.997307755288083	1	0.999837307376244	0.999996482275524
ENSFCAG00000024493:AURKA	0	0	0	0	0	0	0	0	0	0.856543585075033	0.95273749161363	0.982066475508722	1	0.923899131349337	0.98786254732218	0.997307755288083	1	0.999838224365615	0.999996482275524
ENSFCAG00000048115:FANCF	0	0	0	0	0	0	0	0	0	0.851236814407232	0.975030406223573	0.98208683709999	1	0.923899131349337	0.98786254732218	0.997307755288083	1	0.999838592623569	0.999996482275524
ENSFCAG00000024503:GNAQ	0	0	0	0	0	0	0	0	0	0.857816079911427	0.95000216644027	0.982147248692364	1	0.923899131349337	0.98786254732218	0.997307755288083	1	0.999839682738043	0.999996482275524
ENSFCAG00000045245:PHF6	0	0	0	0	0	0	0	0	0	0.857587690854536	0.951001143953934	0.982172503155424	1	0.923899131349337	0.98786254732218	0.997307755288083	1	0.999840137348114	0.999996482275524
ENSFCAG00000039437:WWTR1	0	0	0	0	0	0	0	0	0	0.856247800373921	0.95625114493606	0.982246698318383	1	0.923899131349337	0.98786254732218	0.997307755288083	1	0.999841469192166	0.999996482275524
ENSFCAG00000004973:MYOD1	0	0	0	0	0	0	0	0	0	0.852262859032159	0.9747935711489	0.982317872785426	1	0.923899131349337	0.98786254732218	0.997307755288083	1	0.99984274154625	0.999996482275524
ENSFCAG00000008220:CREB1	0	0	0	0	0	0	0	0	0	0.858905710285789	0.949593980768583	0.982358780728443	1	0.923899131349337	0.98786254732218	0.997307755288083	1	0.999843470505413	0.999996482275524
ENSFCAG00000010904:GATA1	0	0	0	0	0	0	0	0	0	0.854459220333702	0.96544105687448	0.982394650892801	1	0.923899131349337	0.98786254732218	0.997307755288083	1	0.999844108292118	0.999996482275524
ENSFCAG00000009681:RRAGC	0	0	0	0	0	0	0	0	0	0.858201371944301	0.953139975822267	0.982468524645367	1	0.923899131349337	0.98786254732218	0.997307755288083	1	0.999845417672518	0.999996482275524
ENSFCAG00000023667:HERPUD1	0	0	0	0	0	0	0	0	0	0.85736526555094	0.956391354724782	0.98250850072307	1	0.923899131349337	0.98786254732218	0.997307755288083	1	0.999846123914984	0.999996482275524
ENSFCAG00000025137:PRKACA	0	0	0	0	0	0	0	0	0	0.859755055265047	0.950391166258382	0.982608747505552	1	0.923899131349337	0.98786254732218	0.997307755288083	1	0.999847887784102	0.999996482275524
ENSFCAG00000014173:MAPK3	0	0	0	0	0	0	0	0	0	0.855896187699693	0.965992297052238	0.982752255285793	1	0.923899131349337	0.98786254732218	0.997307755288083	1	0.99985039504248	0.999996482275524
ENSFCAG00000008090:TTL	0	0	0	0	0	0	0	0	0	0.859013099178767	0.954737616288265	0.982763290884578	1	0.923899131349337	0.98786254732218	0.997307755288083	1	0.999850586980293	0.999996482275524
ENSFCAG00000041686:MSI2	0	0	0	0	0	0	0	0	0	0.86319925350976	0.945907032208442	0.983000443726546	1	0.923899131349337	0.98786254732218	0.997307755288083	1	0.999854681742882	0.999996482275524
ENSFCAG00000010694:DUSP2	0	0	0	0	0	0	0	0	0	0.85611167887162	0.97149782124534	0.983067161461865	1	0.923899131349337	0.98786254732218	0.997307755288083	1	0.999855823401586	0.999996482275524
ENSFCAG00000030278:MCL1	0	0	0	0	0	0	0	0	0	0.856170791232093	0.9723409420375	0.983117172730111	1	0.923899131349337	0.98786254732218	0.997307755288083	1	0.999856676213852	0.999996482275524
ENSFCAG00000022485:TMEM30A	0	0	0	0	0	0	0	0	0	0.859934306410882	0.957188267930422	0.983134346484975	1	0.923899131349337	0.98786254732218	0.997307755288083	1	0.999856968480806	0.999996482275524
ENSFCAG00000015075:SETD7	0	0	0	0	0	0	0	0	0	0.861697034430213	0.952185883590609	0.983170282300208	1	0.923899131349337	0.98786254732218	0.997307755288083	1	0.999857579074234	0.999996482275524
ENSFCAG00000025160:HSD3B2	0	0	0	0	0	0	0	0	0	0.859895346870242	0.959997844968297	0.98330572889425	1	0.923899131349337	0.98786254732218	0.997307755288083	1	0.999859868672571	0.999996482275524
ENSFCAG00000029868:SOCS2	0	0	0	0	0	0	0	0	0	0.857749982823625	0.969036430909236	0.983323954300771	1	0.923899131349337	0.98786254732218	0.997307755288083	1	0.99986017533187	0.999996482275524
ENSFCAG00000033551:DNAJB1	0	0	0	0	0	0	0	0	0	0.857019975556738	0.974967308312406	0.98341633877664	1	0.923899131349337	0.98786254732218	0.997307755288083	1	0.999861724590173	0.999996482275524
ENSFCAG00000008160:FCGR2B	0	0	0	0	0	0	0	0	0	0.86214075238663	0.955201604977156	0.983483019811614	1	0.923899131349337	0.98786254732218	0.997307755288083	1	0.999862837417134	0.999996482275524
ENSFCAG00000045230:PHOX2B	0	0	0	0	0	0	0	0	0	0.857315119747745	0.975495773220501	0.983503115454119	1	0.923899131349337	0.98786254732218	0.997307755288083	1	0.999863171902872	0.999996482275524
ENSFCAG00000022444:TENT5C	0	0	0	0	0	0	0	0	0	0.858176753392657	0.971255495709288	0.983522040084296	1	0.923899131349337	0.98786254732218	0.997307755288083	1	0.999863486522056	0.999996482275524
ENSFCAG00000030268:NPM1	0	0	0	0	0	0	0	0	0	0.870515173639112	0.93536319962076	0.98356302770406	1	0.923899131349337	0.98786254732218	0.997307755288083	1	0.999864166686796	0.999996482275524
ENSFCAG00000024636:RAD51C	0	0	0	0	0	0	0	0	0	0.864324906342494	0.950595154702761	0.983617766885822	1	0.923899131349337	0.98786254732218	0.997307755288083	1	0.999865072386607	0.999996482275524
ENSFCAG00000009769:NFKBIE	0	0	0	0	0	0	0	0	0	0.86114562853348	0.961080154809924	0.9836468134463	1	0.923899131349337	0.98786254732218	0.997307755288083	1	0.99986555174608	0.999996482275524
ENSFCAG00000026699:CDX2	0	0	0	0	0	0	0	0	0	0.858661021646207	0.971897186305856	0.983658443843646	1	0.923899131349337	0.98786254732218	0.997307755288083	1	0.999865743443685	0.999996482275524
ENSFCAG00000001078:POU5F1	0	0	0	0	0	0	0	0	0	0.862466249218828	0.957766588259264	0.983726458345221	1	0.923899131349337	0.98786254732218	0.997307755288083	1	0.999866861736806	0.999996482275524
ENSFCAG00000025666:NFE2	0	0	0	0	0	0	0	0	0	0.858635705768381	0.975210169413605	0.983788275947056	1	0.923899131349337	0.98786254732218	0.997307755288083	1	0.999867874061273	0.999996482275524
ENSFCAG00000024972:JUN	0	0	0	0	0	0	0	0	0	0.858013821881388	0.979316356439843	0.983793547574855	1	0.923899131349337	0.98786254732218	0.997307755288083	1	0.999867960209648	0.999996482275524
ENSFCAG00000013883:EIF4A2	0	0	0	0	0	0	0	0	0	0.863792382534562	0.954541457770242	0.983793601719587	1	0.923899131349337	0.98786254732218	0.997307755288083	1	0.999867961094329	0.999996482275524
ENSFCAG00000010841:MAFB	0	0	0	0	0	0	0	0	0	0.858339461431247	0.981295091240936	0.983926703010095	1	0.923899131349337	0.98786254732218	0.997307755288083	1	0.99987012685389	0.999996482275524
ENSFCAG00000007657:RAD51B	0	0	0	0	0	0	0	0	0	0.863656633258889	0.95752662836672	0.983967684333615	1	0.923899131349337	0.98786254732218	0.997307755288083	1	0.999870790056633	0.999996482275524
ENSFCAG00000022238:PCBP1	0	0	0	0	0	0	0	0	0	0.858515691084895	0.982149628093063	0.983990238540697	1	0.923899131349337	0.98786254732218	0.997307755288083	1	0.999871154324282	0.999996482275524
ENSFCAG00000022622:ETNK1	0	0	0	0	0	0	0	0	0	0.863232495515893	0.959657373366558	0.984012992552592	1	0.923899131349337	0.98786254732218	0.997307755288083	1	0.999871521295073	0.999996482275524
ENSFCAG00000003608:TFPT	0	0	0	0	0	0	0	0	0	0.862097724200985	0.964876815425638	0.984072114971242	1	0.923899131349337	0.98786254732218	0.997307755288083	1	0.999872472346419	0.999996482275524
ENSFCAG00000025542:HEY1	0	0	0	0	0	0	0	0	0	0.864071074327041	0.958409214475112	0.984114065009492	1	0.923899131349337	0.98786254732218	0.997307755288083	1	0.999873145006172	0.999996482275524
ENSFCAG00000009155:RSPO3	0	0	0	0	0	0	0	0	0	0.86880640849974	0.946383253067084	0.984223289669626	1	0.923899131349337	0.98786254732218	0.997307755288083	1	0.999874888010794	0.999996482275524
ENSFCAG00000033201:NEGR1	0	0	0	0	0	0	0	0	0	0.867455097417584	0.950356374946392	0.984260703797637	1	0.923899131349337	0.98786254732218	0.997307755288083	1	0.99987548227737	0.999996482275524
ENSFCAG00000015575:CXCR4	0	0	0	0	0	0	0	0	0	0.862278481726582	0.967751616448401	0.984261284071636	1	0.923899131349337	0.98786254732218	0.997307755288083	1	0.999875491482941	0.999996482275524
ENSFCAG00000040513:TPM3	0	0	0	0	0	0	0	0	0	0.870741849475031	0.944676432600699	0.984475850005257	1	0.923899131349337	0.98786254732218	0.997307755288083	1	0.99987887194649	0.999996482275524
ENSFCAG00000006305:CCN6	0	0	0	0	0	0	0	0	0	0.864988778280157	0.961796530572311	0.984519344082657	1	0.923899131349337	0.98786254732218	0.997307755288083	1	0.999879551490203	0.999996482275524
ENSFCAG00000019399:QKI	0	0	0	0	0	0	0	0	0	0.871085789116523	0.944383117100748	0.984520485809678	1	0.923899131349337	0.98786254732218	0.997307755288083	1	0.999879569302461	0.999996482275524
ENSFCAG00000023627:GID4	0	0	0	0	0	0	0	0	0	0.863176559329732	0.969701937825261	0.984550154610478	1	0.923899131349337	0.98786254732218	0.997307755288083	1	0.999880031705713	0.999996482275524
ENSFCAG00000022323:PPP1CB	0	0	0	0	0	0	0	0	0	0.866799307099663	0.957044520882252	0.984603322866322	1	0.923899131349337	0.98786254732218	0.997307755288083	1	0.999880858123156	0.999996482275524
ENSFCAG00000022176:MLF1	0	0	0	0	0	0	0	0	0	0.871530770249207	0.944752703340154	0.984642398385192	1	0.923899131349337	0.98786254732218	0.997307755288083	1	0.999881463660599	0.999996482275524
ENSFCAG00000013003:S1PR2	0	0	0	0	0	0	0	0	0	0.86244845318823	0.978173642618476	0.984734282497376	1	0.923899131349337	0.98786254732218	0.997307755288083	1	0.999882881441077	0.999996482275524
ENSFCAG00000046021:EXOSC6	0	0	0	0	0	0	0	0	0	0.862271071186956	0.981419511591385	0.984797230469266	1	0.923899131349337	0.98786254732218	0.997307755288083	1	0.999883847785415	0.999996482275524
ENSFCAG00000033716:FGF14	0	0	0	0	0	0	0	0	0	0.87208745751284	0.945863037348965	0.984848940171766	1	0.923899131349337	0.98786254732218	0.997307755288083	1	0.999884638595489	0.999996482275524
ENSFCAG00000006671:NFKBIA	0	0	0	0	0	0	0	0	0	0.867812502941904	0.958047414984426	0.984881171113926	1	0.923899131349337	0.98786254732218	0.997307755288083	1	0.999885130138197	0.999996482275524
ENSFCAG00000030589:APH1A	0	0	0	0	0	0	0	0	0	0.868760431532077	0.955986491006337	0.984940596576804	1	0.923899131349337	0.98786254732218	0.997307755288083	1	0.999886033649786	0.999996482275524
ENSFCAG00000039431:PNRC1	0	0	0	0	0	0	0	0	0	0.863224836826957	0.980238307109116	0.984968777730158	1	0.923899131349337	0.98786254732218	0.997307755288083	1	0.999886460865977	0.999996482275524
ENSFCAG00000042983:CRKL	0	0	0	0	0	0	0	0	0	0.865262768150393	0.969964296989896	0.985009211182764	1	0.923899131349337	0.98786254732218	0.997307755288083	1	0.999887072414309	0.999996482275524
ENSFCAG00000032546:IGF2	0	0	0	0	0	0	0	0	0	0.864958166056104	0.971627805977045	0.985019634980272	1	0.923899131349337	0.98786254732218	0.997307755288083	1	0.999887229803177	0.999996482275524
ENSFCAG00000038352:HOXC11	0	0	0	0	0	0	0	0	0	0.864416984252411	0.974706689630862	0.985032035215012	1	0.923899131349337	0.98786254732218	0.997307755288083	1	0.999887416890598	0.999996482275524
ENSFCAG00000034951:MYD88	0	0	0	0	0	0	0	0	0	0.864981639529414	0.972367327345904	0.985056701536502	1	0.923899131349337	0.98786254732218	0.997307755288083	1	0.999887788577402	0.999996482275524
ENSFCAG00000026744:GNB1	0	0	0	0	0	0	0	0	0	0.869455267994582	0.958143135669307	0.98522744738062	1	0.923899131349337	0.98786254732218	0.997307755288083	1	0.999890344542194	0.999996482275524
ENSFCAG00000006667:INHA	0	0	0	0	0	0	0	0	0	0.865017947974894	0.97791394446111	0.98527794134347	1	0.923899131349337	0.98786254732218	0.997307755288083	1	0.999891094737479	0.999996482275524
ENSFCAG00000033129:FAS	0	0	0	0	0	0	0	0	0	0.869503238589405	0.959353427457862	0.985314717389968	1	0.923899131349337	0.98786254732218	0.997307755288083	1	0.999891639495213	0.999996482275524
ENSFCAG00000013445:EPCAM	0	0	0	0	0	0	0	0	0	0.877042290435079	0.940088019471408	0.985315446458342	1	0.923899131349337	0.98786254732218	0.997307755288083	1	0.999891650280911	0.999996482275524
ENSFCAG00000037922:PPP6C	0	0	0	0	0	0	0	0	0	0.872107609004056	0.952101495843764	0.9853468182661	1	0.923899131349337	0.98786254732218	0.997307755288083	1	0.999892113878407	0.999996482275524
ENSFCAG00000012089:MOB3B	0	0	0	0	0	0	0	0	0	0.867665888330524	0.96687164029991	0.985363958886695	1	0.923899131349337	0.98786254732218	0.997307755288083	1	0.999892366752309	0.999996482275524
ENSFCAG00000014287:PDCD1	0	0	0	0	0	0	0	0	0	0.868113539242322	0.965344579247204	0.985376998631063	1	0.923899131349337	0.98786254732218	0.997307755288083	1	0.999892558926688	0.999996482275524
ENSFCAG00000023702:PIM1	0	0	0	0	0	0	0	0	0	0.869152145426407	0.961746345596912	0.985388760516806	1	0.923899131349337	0.98786254732218	0.997307755288083	1	0.999892732120493	0.999996482275524
ENSFCAG00000009419:SCG5	0	0	0	0	0	0	0	0	0	0.870429072183084	0.95933033921232	0.98550296714373	1	0.923899131349337	0.98786254732218	0.997307755288083	1	0.999894406513803	0.999996482275524
ENSFCAG00000040786:LASP1	0	0	0	0	0	0	0	0	0	0.87396215804509	0.949951584046154	0.985554170835083	1	0.923899131349337	0.98786254732218	0.997307755288083	1	0.999895152918388	0.999996482275524
ENSFCAG00000032259:DCUN1D1	0	0	0	0	0	0	0	0	0	0.872360442977667	0.954548491163508	0.985574886652647	1	0.923899131349337	0.98786254732218	0.997307755288083	1	0.999895454140387	0.999996482275524
ENSFCAG00000002120:HOXB13	0	0	0	0	0	0	0	0	0	0.866305499591189	0.979182301764232	0.985592970625677	1	0.923899131349337	0.98786254732218	0.997307755288083	1	0.999895716737624	0.999996482275524
ENSFCAG00000009048:PDCD1LG2	0	0	0	0	0	0	0	0	0	0.870973599608009	0.959221321682569	0.98560702033713	1	0.923899131349337	0.98786254732218	0.997307755288083	1	0.999895920524345	0.999996482275524
ENSFCAG00000014436:TCEA1	0	0	0	0	0	0	0	0	0	0.873378379194605	0.955399233356821	0.985838140354135	1	0.923899131349337	0.98786254732218	0.997307755288083	1	0.999899244105288	0.999996482275524
ENSFCAG00000013892:ATF1	0	0	0	0	0	0	0	0	0	0.87479884441876	0.952497877126891	0.985912421247958	1	0.923899131349337	0.98786254732218	0.997307755288083	1	0.9999003007824	0.999996482275524
ENSFCAG00000002606:PRSS8	0	0	0	0	0	0	0	0	0	0.871890494892164	0.961621881851256	0.985940124271553	1	0.923899131349337	0.98786254732218	0.997307755288083	1	0.999900693436781	0.999996482275524
ENSFCAG00000008358:CCND1	0	0	0	0	0	0	0	0	0	0.86895503213779	0.973908393685014	0.985954543363298	1	0.923899131349337	0.98786254732218	0.997307755288083	1	0.999900897500667	0.999996482275524
ENSFCAG00000043034:FGF3	0	0	0	0	0	0	0	0	0	0.871466508244353	0.96502622600049	0.986048025907176	1	0.923899131349337	0.98786254732218	0.997307755288083	1	0.999902215382223	0.999996482275524
ENSFCAG00000006857:XRCC2	0	0	0	0	0	0	0	0	0	0.868643964864756	0.979303327359934	0.986085755492463	1	0.923899131349337	0.98786254732218	0.997307755288083	1	0.999902744769289	0.999996482275524
ENSFCAG00000006923:CCNB1IP1	0	0	0	0	0	0	0	0	0	0.870127294254516	0.972545418620561	0.986139152235439	1	0.923899131349337	0.98786254732218	0.997307755288083	1	0.999903491516355	0.999996482275524
ENSFCAG00000009373:BTLA	0	0	0	0	0	0	0	0	0	0.874216078182797	0.957627676260562	0.986155036474034	1	0.923899131349337	0.98786254732218	0.997307755288083	1	0.999903713097554	0.999996482275524
ENSFCAG00000036921:SDHB	0	0	0	0	0	0	0	0	0	0.871821681087721	0.967332642525053	0.986240854079067	1	0.923899131349337	0.98786254732218	0.997307755288083	1	0.999904905806847	0.999996482275524
ENSFCAG00000013318:IRF1	0	0	0	0	0	0	0	0	0	0.876418371107959	0.952986557083223	0.986265453599302	1	0.923899131349337	0.98786254732218	0.997307755288083	1	0.999905246318548	0.999996482275524
ENSFCAG00000011605:EGFL7	0	0	0	0	0	0	0	0	0	0.875176797033267	0.957429528915528	0.986331583939782	1	0.923899131349337	0.98786254732218	0.997307755288083	1	0.999906158666812	0.999996482275524
ENSFCAG00000045613:FEV	0	0	0	0	0	0	0	0	0	0.870506412335742	0.978679544341494	0.986448587944758	1	0.923899131349337	0.98786254732218	0.997307755288083	1	0.99990776201698	0.999996482275524
ENSFCAG00000027426:RAD51D	0	0	0	0	0	0	0	0	0	0.873710397501441	0.965717446246972	0.986535739996714	1	0.923899131349337	0.98786254732218	0.997307755288083	1	0.999908947275922	0.999996482275524
ENSFCAG00000031745:KLF6	0	0	0	0	0	0	0	0	0	0.873675206469438	0.969042315175275	0.986697000225604	1	0.923899131349337	0.98786254732218	0.997307755288083	1	0.999911120096083	0.999996482275524
ENSFCAG00000022142:SBDS	0	0	0	0	0	0	0	0	0	0.876026638304414	0.96191988123461	0.986779187215355	1	0.923899131349337	0.98786254732218	0.997307755288083	1	0.999912217344252	0.999996482275524
ENSFCAG00000009047:CD274	0	0	0	0	0	0	0	0	0	0.872736764135435	0.975879539558608	0.986801483899015	1	0.923899131349337	0.98786254732218	0.997307755288083	1	0.999912513838597	0.999996482275524
ENSFCAG00000014712:RAD51	0	0	0	0	0	0	0	0	0	0.874976044795495	0.966444012168079	0.986824609774029	1	0.923899131349337	0.98786254732218	0.997307755288083	1	0.999912820827028	0.999996482275524
ENSFCAG00000036644:CCND3	0	0	0	0	0	0	0	0	0	0.876106572865979	0.966058788177693	0.987026154174736	1	0.923899131349337	0.98786254732218	0.997307755288083	1	0.999915473321642	0.999996482275524
ENSFCAG00000036433:POU2AF1	0	0	0	0	0	0	0	0	0	0.876631404180866	0.964272872884032	0.987031817302095	1	0.923899131349337	0.98786254732218	0.997307755288083	1	0.999915547258711	0.999996482275524
ENSFCAG00000004500:LTB	0	0	0	0	0	0	0	0	0	0.875057639336299	0.970936150020309	0.987058943778804	1	0.923899131349337	0.98786254732218	0.997307755288083	1	0.999915900967958	0.999996482275524
ENSFCAG00000008999:TPM4	0	0	0	0	0	0	0	0	0	0.881600296037964	0.951691501615633	0.987156432318658	1	0.923899131349337	0.98786254732218	0.997307755288083	1	0.999917165992848	0.999996482275524
ENSFCAG00000031909:ATG5	0	0	0	0	0	0	0	0	0	0.879403034511003	0.959012951370901	0.987251040483357	1	0.923899131349337	0.98786254732218	0.997307755288083	1	0.999918384436394	0.999996482275524
ENSFCAG00000028964:SIX1	0	0	0	0	0	0	0	0	0	0.874871196925436	0.976904478380985	0.987263717516981	1	0.923899131349337	0.98786254732218	0.997307755288083	1	0.99991854701307	0.999996482275524
ENSFCAG00000015580:PDGFB	0	0	0	0	0	0	0	0	0	0.877007916211315	0.96764046104799	0.98728287299823	1	0.923899131349337	0.98786254732218	0.997307755288083	1	0.99991879236381	0.999996482275524
ENSFCAG00000029552:BCL2	0	0	0	0	0	0	0	0	0	0.874677365119897	0.980000279341526	0.987328944774085	1	0.923899131349337	0.98786254732218	0.997307755288083	1	0.999919380946852	0.999996482275524
ENSFCAG00000040666:CYSLTR2	0	0	0	0	0	0	0	0	0	0.875423739882575	0.978866502927037	0.987439810517068	1	0.923899131349337	0.98786254732218	0.997307755288083	1	0.999920788484524	0.999996482275524
ENSFCAG00000013046:GADD45B	0	0	0	0	0	0	0	0	0	0.881990229315325	0.954875049730333	0.987460147312461	1	0.923899131349337	0.98786254732218	0.997307755288083	1	0.999921045326816	0.999996482275524
ENSFCAG00000045844:XPA	0	0	0	0	0	0	0	0	0	0.878893767996711	0.964687185971719	0.987490345133786	1	0.923899131349337	0.98786254732218	0.997307755288083	1	0.999921425935617	0.999996482275524
ENSFCAG00000027163:FGF19	0	0	0	0	0	0	0	0	0	0.878856561989736	0.965202128067928	0.987511281482539	1	0.923899131349337	0.98786254732218	0.997307755288083	1	0.999921689272145	0.999996482275524
ENSFCAG00000027677:SOCS3	0	0	0	0	0	0	0	0	0	0.875388386037967	0.986455674749565	0.987637045989095	1	0.923899131349337	0.98786254732218	0.997307755288083	1	0.999923261791691	0.999996482275524
ENSFCAG00000036639:FGF4	0	0	0	0	0	0	0	0	0	0.880610576899332	0.964905283310052	0.987827470404078	1	0.923899131349337	0.98786254732218	0.997307755288083	1	0.99992561231702	0.999996482275524
ENSFCAG00000025748:BCL2L1	0	0	0	0	0	0	0	0	0	0.878996195898259	0.973525956911203	0.987933949838245	1	0.923899131349337	0.98786254732218	0.997307755288083	1	0.99992691065566	0.999996482275524
ENSFCAG00000038221:MTAP	0	0	0	0	0	0	0	0	0	0.881342672923815	0.964873069822003	0.987962964988881	1	0.923899131349337	0.98786254732218	0.997307755288083	1	0.999927262457144	0.999996482275524
ENSFCAG00000040177:CD79B	0	0	0	0	0	0	0	0	0	0.878834798481832	0.975579137103493	0.987984284266666	1	0.923899131349337	0.98786254732218	0.997307755288083	1	0.999927520404998	0.999996482275524
ENSFCAG00000025024:PRRX1	0	0	0	0	0	0	0	0	0	0.881359863130002	0.965471218771555	0.987998547450188	1	0.923899131349337	0.98786254732218	0.997307755288083	1	0.999927692722365	0.999996482275524
ENSFCAG00000045399:FGF23	0	0	0	0	0	0	0	0	0	0.881731853741522	0.965077520845148	0.988046709126712	1	0.923899131349337	0.98786254732218	0.997307755288083	1	0.999928273055081	0.999996482275524
ENSFCAG00000008129:CD79A	0	0	0	0	0	0	0	0	0	0.882646687200831	0.962484655393526	0.988070500514671	1	0.923899131349337	0.98786254732218	0.997307755288083	1	0.999928558867363	0.999996482275524
ENSFCAG00000024840:RRAS	0	0	0	0	0	0	0	0	0	0.88419867502138	0.958610812839472	0.988117778090489	1	0.923899131349337	0.98786254732218	0.997307755288083	1	0.999929125125222	0.999996482275524
ENSFCAG00000043691:RYBP	0	0	0	0	0	0	0	0	0	0.881577426100331	0.967653343557445	0.988152545135984	1	0.923899131349337	0.98786254732218	0.997307755288083	1	0.999929540097285	0.999996482275524
ENSFCAG00000023035:JAZF1	0	0	0	0	0	0	0	0	0	0.881820492437998	0.967293678181368	0.988179664146681	1	0.923899131349337	0.98786254732218	0.997307755288083	1	0.999929862934823	0.999996482275524
ENSFCAG00000014272:CTLA4	0	0	0	0	0	0	0	0	0	0.884192793082192	0.96086376756635	0.988257744379547	1	0.923899131349337	0.98786254732218	0.997307755288083	1	0.999930788282824	0.999996482275524
ENSFCAG00000005782:RSPO2	0	0	0	0	0	0	0	0	0	0.884771647243889	0.960924743044454	0.988366730519594	1	0.923899131349337	0.98786254732218	0.997307755288083	1	0.999932069589481	0.999996482275524
ENSFCAG00000014271:CD28	0	0	0	0	0	0	0	0	0	0.881775270459816	0.974297357619259	0.988489059756501	1	0.923899131349337	0.98786254732218	0.997307755288083	1	0.999933493450834	0.999996482275524
ENSFCAG00000009689:VTCN1	0	0	0	0	0	0	0	0	0	0.88296717482957	0.971585268297315	0.988595928385646	1	0.923899131349337	0.98786254732218	0.997307755288083	1	0.999934724967443	0.999996482275524
ENSFCAG00000025224:FGF12	0	0	0	0	0	0	0	0	0	0.887363221334577	0.957854778781532	0.988637601677437	1	0.923899131349337	0.98786254732218	0.997307755288083	1	0.999935202064956	0.999996482275524
ENSFCAG00000041934:SOCS1	0	0	0	0	0	0	0	0	0	0.88271458925328	0.980197701953521	0.988871963914982	1	0.923899131349337	0.98786254732218	0.997307755288083	1	0.999937852449932	0.999996482275524
ENSFCAG00000036364:BCL10	0	0	0	0	0	0	0	0	0	0.883913284422895	0.974306444292465	0.988884095803818	1	0.923899131349337	0.98786254732218	0.997307755288083	1	0.999937988136394	0.999996482275524
ENSFCAG00000039688:NKX3-1	0	0	0	0	0	0	0	0	0	0.883233822367097	0.978761740280023	0.988921933962604	1	0.923899131349337	0.98786254732218	0.997307755288083	1	0.999938410373015	0.999996482275524
ENSFCAG00000022826:CDKN2A	0	0	0	0	0	0	0	0	0	0.884094817838084	0.974554113294484	0.988927116179917	1	0.923899131349337	0.98786254732218	0.997307755288083	1	0.999938468088741	0.999996482275524
ENSFCAG00000030239:TMEM127	0	0	0	0	0	0	0	0	0	0.885230952340184	0.969944053879137	0.988934659365244	1	0.923899131349337	0.98786254732218	0.997307755288083	1	0.99993855205066	0.999996482275524
ENSFCAG00000044777:ARFRP1	0	0	0	0	0	0	0	0	0	0.89011987312388	0.955887620106358	0.988988199013235	1	0.923899131349337	0.98786254732218	0.997307755288083	1	0.999939146337971	0.999996482275524
ENSFCAG00000040792:BBC3	0	0	0	0	0	0	0	0	0	0.886590350806355	0.967106499124903	0.989040039153555	1	0.923899131349337	0.98786254732218	0.997307755288083	1	0.99993971899897	0.999996482275524
ENSFCAG00000040323:BCL7A	0	0	0	0	0	0	0	0	0	0.887148172155026	0.966502897280289	0.989108250413419	1	0.923899131349337	0.98786254732218	0.997307755288083	1	0.999940468366569	0.999996482275524
ENSFCAG00000002990:HRAS	0	0	0	0	0	0	0	0	0	0.885226470309967	0.978183013548642	0.989266081665736	1	0.923899131349337	0.98786254732218	0.997307755288083	1	0.999942184263524	0.999996482275524
ENSFCAG00000037118:DUSP22	0	0	0	0	0	0	0	0	0	0.888255137155813	0.966394969482601	0.98929835899676	1	0.923899131349337	0.98786254732218	0.997307755288083	1	0.999942532072063	0.999996482275524
ENSFCAG00000000142:FGF6	0	0	0	0	0	0	0	0	0	0.889324793973823	0.963633515289208	0.989335319589271	1	0.923899131349337	0.98786254732218	0.997307755288083	1	0.999942929052313	0.999996482275524
ENSFCAG00000012862:RHEB	0	0	0	0	0	0	0	0	0	0.899917624479884	0.941517901157363	0.989456570721734	1	0.923899131349337	0.98786254732218	0.997307755288083	1	0.999944221671727	0.999996482275524
ENSFCAG00000000062:MAD2L2	0	0	0	0	0	0	0	0	0	0.890798347548036	0.967066218099315	0.989775469623741	1	0.923899131349337	0.98786254732218	0.997307755288083	1	0.99994755042579	0.999996482275524
ENSFCAG00000024009:IGF1	0	0	0	0	0	0	0	0	0	0.891745677636723	0.966103466383454	0.989887548380729	1	0.923899131349337	0.98786254732218	0.997307755288083	1	0.999948695931635	0.999996482275524
ENSFCAG00000043547:CDKN1B	0	0	0	0	0	0	0	0	0	0.889209578905188	0.979732746713505	0.990024553666874	1	0.923899131349337	0.98786254732218	0.997307755288083	1	0.999950078963081	0.999996482275524
ENSFCAG00000045823:CBFB	0	0	0	0	0	0	0	0	0	0.894045407817219	0.961665467022958	0.99002564788729	1	0.923899131349337	0.98786254732218	0.997307755288083	1	0.999950089932621	0.999996482275524
ENSFCAG00000040747:BCL2L2	0	0	0	0	0	0	0	0	0	0.889764389431964	0.97764049892197	0.990051761086722	1	0.923899131349337	0.98786254732218	0.997307755288083	1	0.999950351358159	0.999996482275524
ENSFCAG00000011361:RAC1	0	0	0	0	0	0	0	0	0	0.896983832951596	0.962930413613365	0.99058305786688	1	0.923899131349337	0.98786254732218	0.997307755288083	1	0.999955520760857	0.999996482275524
ENSFCAG00000036606:FGF10	0	0	0	0	0	0	0	0	0	0.89853102618095	0.959011788286434	0.990593574022853	1	0.923899131349337	0.98786254732218	0.997307755288083	1	0.999955620204297	0.999996482275524
ENSFCAG00000000258:BAX	0	0	0	0	0	0	0	0	0	0.897212953466203	0.96509506552566	0.990741541356677	1	0.923899131349337	0.98786254732218	0.997307755288083	1	0.999957007584983	0.999996482275524
ENSFCAG00000028989:CD70	0	0	0	0	0	0	0	0	0	0.894530479342424	0.978879822894347	0.990903317526836	1	0.923899131349337	0.98786254732218	0.997307755288083	1	0.999958499152378	0.999996482275524
ENSFCAG00000000499:SDHC	0	0	0	0	0	0	0	0	0	0.903357568827249	0.955885862619532	0.991138016709447	1	0.923899131349337	0.98786254732218	0.997307755288083	1	0.99996061611375	0.999996482275524
ENSFCAG00000036350:BCL2L11	0	0	0	0	0	0	0	0	0	0.897001817870579	0.980030168439191	0.991345782825579	1	0.923899131349337	0.98786254732218	0.997307755288083	1	0.999962443765712	0.999996482275524
ENSFCAG00000045270:CHIC2	0	0	0	0	0	0	0	0	0	0.907009121909559	0.951600699055303	0.991372911833251	1	0.923899131349337	0.98786254732218	0.997307755288083	1	0.999962679196656	0.999996482275524
ENSFCAG00000042197:CNBP	0	0	0	0	0	0	0	0	0	0.899168370544324	0.9718800657899	0.99138805588472	1	0.923899131349337	0.98786254732218	0.997307755288083	1	0.999962810296877	0.999996482275524
ENSFCAG00000027456:RHOA	0	0	0	0	0	0	0	0	0	0.900872300930623	0.967077105896351	0.991427652400285	1	0.923899131349337	0.98786254732218	0.997307755288083	1	0.999963151985949	0.999996482275524
ENSFCAG00000001199:PTP4A1	0	0	0	0	0	0	0	0	0	0.903129752938549	0.961861585951043	0.991486710700172	1	0.923899131349337	0.98786254732218	0.997307755288083	1	0.999963658677674	0.999996482275524
ENSFCAG00000029945:PAFAH1B2	0	0	0	0	0	0	0	0	0	0.898456074771461	0.977866268658178	0.991508992601088	1	0.923899131349337	0.98786254732218	0.997307755288083	1	0.999963848931637	0.999996482275524
ENSFCAG00000043152:RMI2	0	0	0	0	0	0	0	0	0	0.898666292950931	0.984051603926442	0.99172608658137	1	0.923899131349337	0.98786254732218	0.997307755288083	1	0.999965676383781	0.999996482275524
ENSFCAG00000012394:RHOH	0	0	0	0	0	0	0	0	0	0.898485808342339	0.987172371256397	0.991767222003744	1	0.923899131349337	0.98786254732218	0.997307755288083	1	0.999966017297428	0.999996482275524
ENSFCAG00000013515:IL10	0	0	0	0	0	0	0	0	0	0.90625788083445	0.964325244086111	0.992097479067197	1	0.923899131349337	0.98786254732218	0.997307755288083	1	0.999968692503048	0.999996482275524
ENSFCAG00000037994:NRAS	0	0	0	0	0	0	0	0	0	0.902812670415271	0.977851402809291	0.992189975566228	1	0.923899131349337	0.98786254732218	0.997307755288083	1	0.999969422050329	0.999996482275524
ENSFCAG00000033312:FHIT	0	0	0	0	0	0	0	0	0	0.90698610419454	0.966126368695083	0.992302173592244	1	0.923899131349337	0.98786254732218	0.997307755288083	1	0.999970295415913	0.999996482275524
ENSFCAG00000046660:TNFRSF17	0	0	0	0	0	0	0	0	0	0.906581443307384	0.967377779911906	0.992307764624921	1	0.923899131349337	0.98786254732218	0.997307755288083	1	0.999970338605468	0.999996482275524
ENSFCAG00000043871:BTG1	0	0	0	0	0	0	0	0	0	0.905577016922037	0.980812710178336	0.992702300650019	1	0.923899131349337	0.98786254732218	0.997307755288083	1	0.99997330677982	0.999996482275524
ENSFCAG00000023293:MLLT3	0	0	0	0	0	0	0	0	0	0.907574442557481	0.975357755640628	0.992809473931666	1	0.923899131349337	0.98786254732218	0.997307755288083	1	0.999974085980934	0.999996482275524
ENSFCAG00000002084:DDIT3	0	0	0	0	0	0	0	0	0	0.908111502714673	0.976150467065423	0.99291734933294	1	0.923899131349337	0.98786254732218	0.997307755288083	1	0.999974858603556	0.999996482275524
ENSFCAG00000043254:BTG2	0	0	0	0	0	0	0	0	0	0.907534917270224	0.9819108438292	0.993022196891782	1	0.923899131349337	0.98786254732218	0.997307755288083	1	0.999975598308938	0.999996482275524
ENSFCAG00000013688:IL2	0	0	0	0	0	0	0	0	0	0.911778390175351	0.969167935679779	0.993138838247051	1	0.923899131349337	0.98786254732218	0.997307755288083	1	0.999976408212111	0.999996482275524
ENSFCAG00000024623:LMO1	0	0	0	0	0	0	0	0	0	0.910656303466791	0.973810544486772	0.993188798290483	1	0.923899131349337	0.98786254732218	0.997307755288083	1	0.999976750920801	0.999996482275524
ENSFCAG00000027886:CDKN1A	0	0	0	0	0	0	0	0	0	0.908842511727055	0.981492193684345	0.993199187888264	1	0.923899131349337	0.98786254732218	0.997307755288083	1	0.999976821874205	0.999996482275524
ENSFCAG00000018336:TCL1B	0	0	0	0	0	0	0	0	0	0.914284756707726	0.964906139113616	0.993262204429106	1	0.923899131349337	0.98786254732218	0.997307755288083	1	0.999977249902695	0.999996482275524
ENSFCAG00000019293:CENPA	0	0	0	0	0	0	0	0	0	0.909399374303349	0.982723926784993	0.993313228670358	1	0.923899131349337	0.98786254732218	0.997307755288083	1	0.999977593546482	0.999996482275524
ENSFCAG00000033306:CDKN2C	0	0	0	0	0	0	0	0	0	0.908675810198256	0.98786254732218	0.993327577623334	1	0.923899131349337	0.98786254732218	0.997307755288083	1	0.99997768971324	0.999996482275524
ENSFCAG00000037105:RPL22	0	0	0	0	0	0	0	0	0	0.912907823574121	0.970225794260881	0.993344613553663	1	0.923899131349337	0.98786254732218	0.997307755288083	1	0.999977803619003	0.999996482275524
ENSFCAG00000008354:SH2D1A	0	0	0	0	0	0	0	0	0	0.914797450317419	0.973796099939208	0.99375673995222	1	0.923899131349337	0.98786254732218	0.997307755288083	1	0.999980470166296	0.999996482275524
ENSFCAG00000029629:MTCP1	0	0	0	0	0	0	0	0	0	0.915668404121281	0.975749068359589	0.993949834477118	1	0.923899131349337	0.98786254732218	0.997307755288083	1	0.999981660725958	0.999996482275524
ENSFCAG00000022679:YPEL5	0	0	0	0	0	0	0	0	0	0.913228639148428	0.987493717816493	0.993958566733661	1	0.923899131349337	0.98786254732218	0.997307755288083	1	0.999981713679665	0.999996482275524
ENSFCAG00000012230:B2M	0	0	0	0	0	0	0	0	0	0.92036503680505	0.967875581424014	0.994208505364689	1	0.924483001175542	0.98786254732218	0.997307755288083	1	0.999983196825049	0.999996482275524
ENSFCAG00000035249:EIF1AX	0	0	0	0	0	0	0	0	0	0.919856541766393	0.973066867673055	0.994384265945788	1	0.924483001175542	0.98786254732218	0.997307755288083	1	0.99998420216562	0.999996482275524
ENSFCAG00000044104:HMGA1	0	0	0	0	0	0	0	0	0	0.917856149360401	0.981156043604637	0.994418325786445	1	0.924451905037712	0.98786254732218	0.997307755288083	1	0.999984393392404	0.999996482275524
ENSFCAG00000045832:ID3	0	0	0	0	0	0	0	0	0	0.918275166251269	0.985503357175642	0.994585580150586	1	0.924451905037712	0.98786254732218	0.997307755288083	1	0.999985315502192	0.999996482275524
ENSFCAG00000032943:CHCHD7	0	0	0	0	0	0	0	0	0	0.930746860586719	0.970969139455967	0.99557136746808	1	0.932824420543385	0.98786254732218	0.997307755288083	1	0.999990179098504	0.999996482275524
ENSFCAG00000027874:MLLT11	0	0	0	0	0	0	0	0	0	0.929868993392751	0.983454770668941	0.995920466708048	1	0.932824420543385	0.98786254732218	0.997307755288083	1	0.999991667365254	0.999996482275524
ENSFCAG00000032392:CKS1B	0	0	0	0	0	0	0	0	0	0.933750011940348	0.978742836419067	0.996197167587316	1	0.934790981853325	0.98786254732218	0.997307755288083	1	0.999992760049554	0.999996482275524
ENSFCAG00000042068:PMAIP1	0	0	0	0	0	0	0	0	0	0.943193030065054	0.987847754953181	0.997348730761066	1	0.943193030065054	0.98786254732218	0.997348730761066	1	0.999996482275524	0.999996482275524
