gene_name	n_syn	n_mis	n_non	n_spl	n_ind	wmis_cv	wnon_cv	wspl_cv	wind_cv	pmis_cv	ptrunc_cv	pallsubs_cv	pind_cv	qmis_cv	qtrunc_cv	qallsubs_cv	qind_cv	pglobal_cv	qglobal_cv
ENSFCAG00000023460:ELF4	0	1	0	0	1	33.3851862133515	0	0	116.857207890744	0.0242574368614765	0.950687117291544	0.0788681336135653	0.00852078975025259	0.912782447838188	0.985591316192103	0.996242520810137	1	0.0055812667154852	0.999992931816664
ENSFCAG00000009047:CD274	0	2	0	0	0	130.097990200452	0	0	0	0.000191006371538127	0.96474797607539	0.000946752094734382	1	0.103248223374751	0.985591316192103	0.494500810588286	1	0.00753848825581138	0.999992931816664
ENSFCAG00000002154:STAT3	0	1	0	0	1	24.8737164341245	0	0	99.881841763943	0.0337360844554816	0.926861418924338	0.104535571999153	0.00996167062439887	0.912782447838188	0.985591316192103	0.996242520810137	1	0.00819254029297789	0.999992931816664
ENSFCAG00000001953:JAK1	0	3	0	0	0	52.1046696228168	0	0	0	0.000229951499721048	0.922604771118324	0.00110133810821444	1	0.103248223374751	0.985591316192103	0.494500810588286	1	0.00860280458429419	0.999992931816664
ENSFCAG00000003659:DNMT3A	0	1	0	0	1	16.9589172912293	0	0	72.9942180094787	0.051883553723635	0.923873460369891	0.150419794682051	0.013605913830714	0.912782447838188	0.985591316192103	0.996242520810137	1	0.0147182705648778	0.999992931816664
ENSFCAG00000041416:IRS2	0	0	1	0	0	0	741.496977581639	741.496977581639	0	0.678889781837005	0.000809187763006647	0.0033603543547438	1	0.912782447838188	0.675079809576999	0.996242520810137	1	0.0224999543849574	0.999992931816664
ENSFCAG00000023466:POT1	0	2	0	0	0	54.5954238658334	0	0	0	0.00111072818532154	0.929386710564469	0.00484239563188782	1	0.307245323581237	0.985591316192103	0.996242520810137	1	0.0306540384407982	0.999992931816664
ENSFCAG00000028112:STAT5B	0	2	0	0	0	48.9976399344758	0	0	0	0.0013685760515868	0.925804734850822	0.00586544610975603	1	0.307245323581237	0.985591316192103	0.996242520810137	1	0.0360060775844726	0.999992931816664
ENSFCAG00000025854:CASP8	0	0	0	0	1	0	0	0	160.435208333333	0.833731015657318	0.951799141658809	0.976422480439482	0.00621357986905863	0.912782447838188	0.985591316192103	0.996242520810137	1	0.0370387775129436	0.999992931816664
ENSFCAG00000002457:TBL1XR1	0	0	0	0	1	0	0	0	143.941869158879	0.823560547463626	0.940552728401531	0.972740382716602	0.00692307231551937	0.912782447838188	0.985591316192103	0.996242520810137	1	0.0404097061087402	0.999992931816664
ENSFCAG00000039893:CHN1	0	0	1	0	0	0	333.030883802756	333.030883802756	0	0.814476323208781	0.00192210432412843	0.00791678968964371	1	0.912782447838188	0.675079809576999	0.996242520810137	1	0.0462243101583774	0.999992931816664
ENSFCAG00000000620:FBXW7	0	0	0	1	0	0	254.907010080223	254.907010080223	0	0.792395388560303	0.00257060957808497	0.0102604427470407	1	0.912782447838188	0.675079809576999	0.996242520810137	1	0.0572477225781978	0.999992931816664
ENSFCAG00000011321:INPP5D	0	0	1	0	0	0	196.319133792578	196.319133792578	0	0.726305908921355	0.00341808984594594	0.0129572395502167	1	0.912782447838188	0.675079809576999	0.996242520810137	1	0.0692707062427753	0.999992931816664
ENSFCAG00000013185:SETD1B	0	0	0	0	1	0	0	0	72.1732895970009	0.737574379285895	0.945887024017138	0.943236371882555	0.013759598982602	0.912782447838188	0.985591316192103	0.996242520810137	1	0.0693633244330046	0.999992931816664
ENSFCAG00000005090:AMER1	0	0	0	0	1	0	0	0	67.9690203000883	0.749417004563486	0.936234263170053	0.947232128943954	0.0146044376128804	0.912782447838188	0.985591316192103	0.996242520810137	1	0.0730512912816241	0.999992931816664
ENSFCAG00000034298:CUX1	0	0	1	0	0	0	164.733313462243	164.733313462243	0	0.661886079299908	0.00414130170656646	0.0149055954915168	1	0.912782447838188	0.675079809576999	0.996242520810137	1	0.0775988073756469	0.999992931816664
ENSFCAG00000012814:ARID1A	0	0	1	0	0	0	152.383113311091	152.383113311091	0	0.626341966286008	0.00451055552055901	0.015740987927171	1	0.912782447838188	0.675079809576999	0.996242520810137	1	0.0810894989646073	0.999992931816664
ENSFCAG00000000916:BRD4	0	0	0	0	1	0	0	0	56.5410425844347	0.705834523953186	0.922015301533593	0.926789889610818	0.017530140360681	0.912782447838188	0.985591316192103	0.996242520810137	1	0.0831811525081042	0.999992931816664
ENSFCAG00000014299:GRIN2A	0	2	0	0	0	25.4852940942275	0	0	0	0.00477516884297657	0.929264896230616	0.0184426110805739	1	0.707306986389628	0.985591316192103	0.996242520810137	1	0.0920856441105601	0.999992931816664
ENSFCAG00000035249:EIF1AX	0	1	0	0	0	142.629312316573	0	0	0	0.0048500479091651	0.962544947855252	0.0189043569917268	1	0.707306986389628	0.985591316192103	0.996242520810137	1	0.0939237050719784	0.999992931816664
ENSFCAG00000033312:FHIT	0	1	0	0	0	126.915281351304	0	0	0	0.00551352884713519	0.967227351856635	0.0212320575987297	1	0.707306986389628	0.985591316192103	0.996242520810137	1	0.103023104739548	0.999992931816664
ENSFCAG00000023517:NOTCH1	0	0	0	0	1	0	0	0	30.2707940251572	0.56769430849047	0.890657328291403	0.84136712660537	0.0324932325410352	0.912782447838188	0.985591316192103	0.996242520810137	1	0.125743174032186	0.999992931816664
ENSFCAG00000000864:AFDN	0	2	0	0	0	18.9769464141728	0	0	0	0.00818608912964558	0.90795695646673	0.0297676553825771	1	0.912782447838188	0.985591316192103	0.996242520810137	1	0.134381105000993	0.999992931816664
ENSFCAG00000010165:SPEN	0	0	0	0	1	0	0	0	20.9320195705355	0.535219282448926	0.887359145862352	0.816875857823442	0.0466459408945838	0.912782447838188	0.985591316192103	0.996242520810137	1	0.162606195632077	0.999992931816664
ENSFCAG00000001819:LRRK2	0	2	0	0	0	16.1667917202357	0	0	0	0.0113477783610916	0.871817525262384	0.0391740274324787	1	0.912782447838188	0.985591316192103	0.996242520810137	1	0.166087742669632	0.999992931816664
ENSFCAG00000031745:KLF6	0	1	0	0	0	66.7496113909409	0	0	0	0.0112091156354096	0.967874842577993	0.0400854912058479	1	0.912782447838188	0.985591316192103	0.996242520810137	1	0.16903012727616	0.999992931816664
ENSFCAG00000041934:SOCS1	0	1	0	0	0	62.9491391396749	0	0	0	0.0119624510281144	0.976374162962246	0.042482993005824	1	0.912782447838188	0.985591316192103	0.996242520810137	1	0.176671960366631	0.999992931816664
ENSFCAG00000023702:PIM1	0	1	0	0	0	57.4875320922196	0	0	0	0.0132312388593463	0.959291876159122	0.0464088167563991	1	0.912782447838188	0.985591316192103	0.996242520810137	1	0.188896220659783	0.999992931816664
ENSFCAG00000033201:NEGR1	0	1	0	0	0	53.7894888716187	0	0	0	0.0142465029091369	0.954278672608451	0.0495232662823435	1	0.912782447838188	0.985591316192103	0.996242520810137	1	0.198356167085503	0.999992931816664
ENSFCAG00000003944:PTPN1	0	1	0	0	0	45.6528951029123	0	0	0	0.017101347746711	0.946870757851255	0.0581231246535837	1	0.912782447838188	0.985591316192103	0.996242520810137	1	0.223494555311446	0.999992931816664
ENSFCAG00000006788:ACTB	0	1	0	0	0	42.7104098721795	0	0	0	0.0184204754103154	0.966019496654756	0.0621152589016308	1	0.912782447838188	0.985591316192103	0.996242520810137	1	0.234718879666523	0.999992931816664
ENSFCAG00000006154:GATA2	0	1	0	0	0	37.0898725164994	0	0	0	0.0215641794995745	0.962781930485846	0.0712618467505313	1	0.912782447838188	0.985591316192103	0.996242520810137	1	0.259492475686083	0.999992931816664
ENSFCAG00000009623:TP53	0	1	0	0	0	35.5537839517184	0	0	0	0.0226083910342926	0.944814581065687	0.0741571573509526	1	0.912782447838188	0.985591316192103	0.996242520810137	1	0.267082096036577	0.999992931816664
ENSFCAG00000041932:RUNX2	0	1	0	0	0	32.7826128711212	0	0	0	0.0247569899848352	0.946433071438268	0.080245926305618	1	0.912782447838188	0.985591316192103	0.996242520810137	1	0.282679057047463	0.999992931816664
ENSFCAG00000009739:ELL	0	1	0	0	0	28.5963561434658	0	0	0	0.0288507425893619	0.938900220156402	0.0915210230068603	1	0.912782447838188	0.985591316192103	0.996242520810137	1	0.310364864409598	0.999992931816664
ENSFCAG00000008554:HGF	0	1	0	0	0	28.422454930731	0	0	0	0.029048684410569	0.923739249753935	0.0919100815386499	1	0.912782447838188	0.985591316192103	0.996242520810137	1	0.311294350166842	0.999992931816664
ENSFCAG00000000765:FOXO1	0	1	0	0	0	26.8850000086701	0	0	0	0.0309176745874394	0.959978913853778	0.0972935101742262	1	0.912782447838188	0.985591316192103	0.996242520810137	1	0.323989625769765	0.999992931816664
ENSFCAG00000014937:KEL	0	1	0	0	0	25.6714396040912	0	0	0	0.0325619170714595	0.926082604542142	0.101404639354567	1	0.912782447838188	0.985591316192103	0.996242520810137	1	0.333482991747491	0.999992931816664
ENSFCAG00000003320:CDH11	0	1	0	0	0	25.0003355004212	0	0	0	0.0335443814048824	0.942741717532308	0.104197402860473	1	0.912782447838188	0.985591316192103	0.996242520810137	1	0.339836502879111	0.999992931816664
ENSFCAG00000045801:ZBTB7A	0	1	0	0	0	24.9661040100136	0	0	0	0.0335960040422669	0.968450817831225	0.104522227487826	1	0.912782447838188	0.985591316192103	0.996242520810137	1	0.340570577625401	0.999992931816664
ENSFCAG00000013487:GPHN	0	1	0	0	0	24.209116453221	0	0	0	0.0347773803369829	0.919175294647055	0.107186563967865	1	0.912782447838188	0.985591316192103	0.996242520810137	1	0.346553923758094	0.999992931816664
ENSFCAG00000008898:CD22	0	1	0	0	0	23.8343168957759	0	0	0	0.0353919348369374	0.935375422566616	0.109004074277826	1	0.912782447838188	0.985591316192103	0.996242520810137	1	0.350597436429443	0.999992931816664
ENSFCAG00000026102:AXIN2	0	1	0	0	0	21.588239108918	0	0	0	0.0395533864678269	0.9444794886622	0.119924233232553	1	0.912782447838188	0.985591316192103	0.996242520810137	1	0.374270954905521	0.999992931816664
ENSFCAG00000045383:CDH1	0	1	0	0	0	21.3717970021885	0	0	0	0.0400037487347749	0.932351236322406	0.120939399026343	1	0.912782447838188	0.985591316192103	0.996242520810137	1	0.376419730442397	0.999992931816664
ENSFCAG00000024008:EPHA3	0	1	0	0	0	21.0695764166828	0	0	0	0.0406490957316685	0.92363000296892	0.122470302708998	1	0.912782447838188	0.985591316192103	0.996242520810137	1	0.379644063155911	0.999992931816664
ENSFCAG00000027154:BCL11A	0	1	0	0	0	20.7381350607584	0	0	0	0.0413798935487653	0.955019850916409	0.124707368703792	1	0.912782447838188	0.985591316192103	0.996242520810137	1	0.384321340236339	0.999992931816664
ENSFCAG00000001242:NFKB2	0	1	0	0	0	20.5794162750056	0	0	0	0.0417387367198615	0.930652293841668	0.125346896514748	1	0.912782447838188	0.985591316192103	0.996242520810137	1	0.385651062829301	0.999992931816664
ENSFCAG00000000544:EPHB1	0	1	0	0	0	19.0177054913594	0	0	0	0.0456109253565216	0.932995613618881	0.135134132389943	1	0.912782447838188	0.985591316192103	0.996242520810137	1	0.405603398455632	0.999992931816664
ENSFCAG00000028588:JAK2	0	1	0	0	0	18.8043671157764	0	0	0	0.0461931635163162	0.919519712488329	0.136371474687497	1	0.912782447838188	0.985591316192103	0.996242520810137	1	0.408074275909018	0.999992931816664
ENSFCAG00000012942:PALB2	0	1	0	0	0	18.3002904668575	0	0	0	0.047626364136081	0.92460190682908	0.14001032573803	1	0.912782447838188	0.985591316192103	0.996242520810137	1	0.415276101077709	0.999992931816664
ENSFCAG00000009141:PDGFRA	0	1	0	0	0	17.206662517847	0	0	0	0.0510440489845162	0.92403033092667	0.148382737546341	1	0.912782447838188	0.985591316192103	0.996242520810137	1	0.431491106848329	0.999992931816664
ENSFCAG00000012003:EMSY	0	1	0	0	0	16.1246952262699	0	0	0	0.0549126220454681	0.914714984081374	0.157535709036984	1	0.912782447838188	0.985591316192103	0.996242520810137	1	0.448677944793025	0.999992931816664
ENSFCAG00000011119:LATS2	0	1	0	0	0	16.1453183164992	0	0	0	0.0548337226949338	0.942901469230853	0.157846450825242	1	0.912782447838188	0.985591316192103	0.996242520810137	1	0.449251921391808	0.999992931816664
ENSFCAG00000035450:ARID5B	0	1	0	0	0	16.0981915626034	0	0	0	0.0550143347898373	0.935921835186223	0.158174325954544	1	0.912782447838188	0.985591316192103	0.996242520810137	1	0.449856882048004	0.999992931816664
ENSFCAG00000007517:JAK3	0	1	0	0	0	15.275597286076	0	0	0	0.0583581508124185	0.920003253345987	0.165834736515837	1	0.912782447838188	0.985591316192103	0.996242520810137	1	0.46380054635917	0.999992931816664
ENSFCAG00000030412:RUNX1T1	1	1	0	0	0	29.1982481097139	0	0	0	0.0661480373698072	0.938636284937713	0.182970578961088	1	0.912782447838188	0.985591316192103	0.996242520810137	1	0.493733282876561	0.999992931816664
ENSFCAG00000008986:PREX2	0	1	0	0	0	12.6114295830678	0	0	0	0.0723981819488209	0.900195970618261	0.197550511320733	1	0.912782447838188	0.985591316192103	0.996242520810137	1	0.517930220938413	0.999992931816664
ENSFCAG00000024457:PTPRD	0	1	0	0	0	10.8306780048825	0	0	0	0.0859080672328573	0.894191156004738	0.226829224270421	1	0.912782447838188	0.985591316192103	0.996242520810137	1	0.563343502955538	0.999992931816664
ENSFCAG00000003535:DICER1	0	1	0	0	0	9.97162474055401	0	0	0	0.0942610035325724	0.906908300012855	0.244909757699927	1	0.912782447838188	0.985591316192103	0.996242520810137	1	0.589464839614883	0.999992931816664
ENSFCAG00000022076:NIN	0	1	0	0	0	9.49909582515766	0	0	0	0.0995374195030686	0.892332422118325	0.255219817891782	1	0.912782447838188	0.985591316192103	0.996242520810137	1	0.603755676739414	0.999992931816664
ENSFCAG00000018332:PTPN13	0	1	0	0	0	8.6760633796949	0	0	0	0.110178780794108	0.878964594025399	0.275981226767338	1	0.912782447838188	0.985591316192103	0.996242520810137	1	0.631285649618735	0.999992931816664
ENSFCAG00000014803:MED12	0	1	0	0	0	8.45054087960884	0	0	0	0.113475966519009	0.885657695411616	0.282831088984272	1	0.912782447838188	0.985591316192103	0.996242520810137	1	0.640020003710018	0.999992931816664
ENSFCAG00000011214:UBR5	0	1	0	0	0	7.15047906641271	0	0	0	0.136758315213882	0.860386713911629	0.32546597631837	1	0.912782447838188	0.985591316192103	0.996242520810137	1	0.690800672327912	0.999992931816664
ENSFCAG00000010626:SMG1	0	1	0	0	0	5.56383622642231	0	0	0	0.180677820177551	0.852561736691381	0.401202010568105	1	0.912782447838188	0.985591316192103	0.996242520810137	1	0.767615879662423	0.999992931816664
ENSFCAG00000023839:ZFHX3	0	1	0	0	0	5.36088622724231	0	0	0	0.188240974040053	0.899879048790887	0.417454291008901	1	0.912782447838188	0.985591316192103	0.996242520810137	1	0.782134103765289	0.999992931816664
ENSFCAG00000011374:PRKDC	0	1	0	0	0	5.06171340468768	0	0	0	0.200526836613177	0.844850683784296	0.432395576104813	1	0.912782447838188	0.985591316192103	0.996242520810137	1	0.794922264112161	0.999992931816664
ENSFCAG00000007234:PTPRS	1	1	0	0	0	7.97984378222592	0	0	0	0.218848744671185	0.898484344430867	0.459880628113612	1	0.912782447838188	0.985591316192103	0.996242520810137	1	0.817110531973014	0.999992931816664
ENSFCAG00000026584:LRP1B	0	1	0	0	0	4.5762825420956	0	0	0	0.223960810209365	0.829885753178417	0.466505800365789	1	0.912782447838188	0.985591316192103	0.996242520810137	1	0.822209393908049	0.999992931816664
ENSFCAG00000029544:FAT4	0	1	0	0	0	4.15519797588291	0	0	0	0.248797214286245	0.881705707003765	0.508599556605835	1	0.912782447838188	0.985591316192103	0.996242520810137	1	0.852460816684535	0.999992931816664
ENSFCAG00000002901:PCLO	0	1	0	0	0	4.12477599521004	0	0	0	0.25078987721052	0.863508001607766	0.509550809078599	1	0.912782447838188	0.985591316192103	0.996242520810137	1	0.853103064029957	0.999992931816664
ENSFCAG00000000945:RNF213	0	0	0	0	0	0	0	0	0	0.440724857000944	0.852064328955057	0.730091406441007	1	0.912782447838188	0.985591316192103	0.996242520810137	1	0.959767604599655	0.999992931816664
ENSFCAG00000000093:KMT2D	0	0	0	0	0	0	0	0	0	0.470520750831151	0.859103687060395	0.758712611585308	1	0.912782447838188	0.985591316192103	0.996242520810137	1	0.968217604927125	0.999992931816664
ENSFCAG00000008632:KMT2C	0	0	0	0	0	0	0	0	0	0.475856658416213	0.846693257256192	0.76119784084442	1	0.912782447838188	0.985591316192103	0.996242520810137	1	0.968899790929576	0.999992931816664
ENSFCAG00000015061:TRRAP	0	0	0	0	0	0	0	0	0	0.518836915282694	0.856003646077571	0.798862136839353	1	0.912782447838188	0.985591316192103	0.996242520810137	1	0.978260124633007	0.999992931816664
ENSFCAG00000000639:RELN	0	0	0	0	0	0	0	0	0	0.557980354582511	0.85310992180016	0.827995796757792	1	0.912782447838188	0.985591316192103	0.996242520810137	1	0.984277685826681	0.999992931816664
ENSFCAG00000025587:BRCA2	0	0	0	0	0	0	0	0	0	0.571482544173939	0.880659295236097	0.842506300145567	1	0.912782447838188	0.985591316192103	0.996242520810137	1	0.986890091822187	0.999992931816664
ENSFCAG00000043012:ANKRD11	0	0	0	0	0	0	0	0	0	0.568037346709616	0.91785689621936	0.845094336343498	1	0.912782447838188	0.985591316192103	0.996242520810137	1	0.987329643357176	0.999992931816664
ENSFCAG00000012430:ATM	0	0	0	0	0	0	0	0	0	0.583556022208892	0.861122915868214	0.847416192844953	1	0.912782447838188	0.985591316192103	0.996242520810137	1	0.987717241421252	0.999992931816664
ENSFCAG00000006065:NF1	0	0	0	0	0	0	0	0	0	0.591911341792248	0.870065857199751	0.854650232180115	1	0.912782447838188	0.985591316192103	0.996242520810137	1	0.988884143575009	0.999992931816664
ENSFCAG00000007347:MGA	0	0	0	0	0	0	0	0	0	0.590371933213896	0.890384361112814	0.856947363220684	1	0.912782447838188	0.985591316192103	0.996242520810137	1	0.989241853464047	0.999992931816664
ENSFCAG00000043897:RANBP2	0	0	0	0	0	0	0	0	0	0.593192357721873	0.879669783560692	0.857141462122772	1	0.912782447838188	0.985591316192103	0.996242520810137	1	0.989271796236077	0.999992931816664
ENSFCAG00000031193:NCOR2	0	0	0	0	0	0	0	0	0	0.592893262540042	0.892169536908339	0.858891696020793	1	0.912782447838188	0.985591316192103	0.996242520810137	1	0.989539813106083	0.999992931816664
ENSFCAG00000000914:NOTCH3	0	0	0	0	0	0	0	0	0	0.592865794694811	0.89399941794644	0.859140641144828	1	0.912782447838188	0.985591316192103	0.996242520810137	1	0.989577644683707	0.999992931816664
ENSFCAG00000000053:MTOR	0	0	0	0	0	0	0	0	0	0.598586990651462	0.874142649376554	0.859752064902669	1	0.912782447838188	0.985591316192103	0.996242520810137	1	0.989670255141035	0.999992931816664
ENSFCAG00000000787:APC	0	0	0	0	0	0	0	0	0	0.605829833617522	0.87738695206597	0.864981023416151	1	0.912782447838188	0.985591316192103	0.996242520810137	1	0.990444540521591	0.999992931816664
ENSFCAG00000006262:CREBBP	0	0	0	0	0	0	0	0	0	0.603210072271631	0.892114514147201	0.865638101246653	1	0.912782447838188	0.985591316192103	0.996242520810137	1	0.990539598647036	0.999992931816664
ENSFCAG00000024379:MGAM	0	0	0	0	0	0	0	0	0	0.609933413696587	0.869268470382622	0.866164428550886	1	0.912782447838188	0.985591316192103	0.996242520810137	1	0.990615381570842	0.999992931816664
ENSFCAG00000009998:NCOR1	0	0	0	0	0	0	0	0	0	0.610741943598773	0.877088110125108	0.868048170718651	1	0.912782447838188	0.985591316192103	0.996242520810137	1	0.990883991713318	0.999992931816664
ENSFCAG00000009649:NOTCH2	0	0	0	0	0	0	0	0	0	0.609518283864886	0.890634106086377	0.869452232668243	1	0.912782447838188	0.985591316192103	0.996242520810137	1	0.991081542890929	0.999992931816664
ENSFCAG00000012737:CIC	0	0	0	0	0	0	0	0	0	0.607032150505666	0.909346521648806	0.870452526151369	1	0.912782447838188	0.985591316192103	0.996242520810137	1	0.991220900638306	0.999992931816664
ENSFCAG00000001531:NSD1	0	0	0	0	0	0	0	0	0	0.612973275244024	0.889683177602574	0.871487716214346	1	0.912782447838188	0.985591316192103	0.996242520810137	1	0.991363909728975	0.999992931816664
ENSFCAG00000018078:ATR	0	0	0	0	0	0	0	0	0	0.616049494223694	0.878572597675776	0.871621252404708	1	0.912782447838188	0.985591316192103	0.996242520810137	1	0.991382267870344	0.999992931816664
ENSFCAG00000006278:ARID1B	0	0	0	0	0	0	0	0	0	0.612866178885504	0.90425699151775	0.873501500076917	1	0.912782447838188	0.985591316192103	0.996242520810137	1	0.991638587887749	0.999992931816664
ENSFCAG00000030516:TPR	0	0	0	0	0	0	0	0	0	0.620741896298541	0.874750474052199	0.873858958376926	1	0.912782447838188	0.985591316192103	0.996242520810137	1	0.991686859359599	0.999992931816664
ENSFCAG00000002498:POLE	0	0	0	0	0	0	0	0	0	0.618602809943728	0.8829087794562	0.873921941306154	1	0.912782447838188	0.985591316192103	0.996242520810137	1	0.991695349474509	0.999992931816664
ENSFCAG00000005002:EP300	0	0	0	0	0	0	0	0	0	0.619599882549295	0.889636302737623	0.875602595238314	1	0.912782447838188	0.985591316192103	0.996242520810137	1	0.991920226477709	0.999992931816664
ENSFCAG00000023397:POLQ	0	0	0	0	0	0	0	0	0	0.621236944285921	0.886564286742431	0.876129502293191	1	0.912782447838188	0.985591316192103	0.996242520810137	1	0.991990063859591	0.999992931816664
ENSFCAG00000019287:SETD2	0	0	0	0	0	0	0	0	0	0.621693650787534	0.888347421311302	0.876689303618823	1	0.912782447838188	0.985591316192103	0.996242520810137	1	0.992063913947259	0.999992931816664
ENSFCAG00000030040:ATRX	0	0	0	0	0	0	0	0	0	0.628098989755709	0.881392644129008	0.879453428769716	1	0.912782447838188	0.985591316192103	0.996242520810137	1	0.99242332711171	0.999992931816664
ENSFCAG00000015145:CAD	0	0	0	0	0	0	0	0	0	0.626221106984617	0.892156673794125	0.880028949447947	1	0.912782447838188	0.985591316192103	0.996242520810137	1	0.992497067158062	0.999992931816664
ENSFCAG00000005621:CACNA1D	0	0	0	0	0	0	0	0	0	0.628350717303005	0.883990115523504	0.88003177200129	1	0.912782447838188	0.985591316192103	0.996242520810137	1	0.992497427877193	0.999992931816664
ENSFCAG00000006381:KMT2B	0	0	0	0	0	0	0	0	0	0.627600138768148	0.90048296642464	0.882070300228006	1	0.912782447838188	0.985591316192103	0.996242520810137	1	0.992755586985877	0.999992931816664
ENSFCAG00000053177:CNTRL	0	0	0	0	0	0	0	0	0	0.631876157896387	0.886767872368709	0.882584485648091	1	0.912782447838188	0.985591316192103	0.996242520810137	1	0.992819958944677	0.999992931816664
ENSFCAG00000006448:ROS1	0	0	0	0	0	0	0	0	0	0.639157159741748	0.884104178028599	0.886435155538938	1	0.912782447838188	0.985591316192103	0.996242520810137	1	0.993292522596083	0.999992931816664
ENSFCAG00000007047:MYO18A	0	0	0	0	0	0	0	0	0	0.636572723110707	0.895054553720948	0.8866308497336	1	0.912782447838188	0.985591316192103	0.996242520810137	1	0.99331609140375	0.999992931816664
ENSFCAG00000001124:MYH9	0	0	0	0	0	0	0	0	0	0.638615011891353	0.896712407229014	0.888069676272176	1	0.912782447838188	0.985591316192103	0.996242520810137	1	0.993488053619597	0.999992931816664
ENSFCAG00000005317:NUMA1	0	0	0	0	0	0	0	0	0	0.638515862256451	0.904029573066385	0.889039959719647	1	0.912782447838188	0.985591316192103	0.996242520810137	1	0.993602701327627	0.999992931816664
ENSFCAG00000051264:WDR90	0	0	0	0	0	0	0	0	0	0.641988721124237	0.891981691758915	0.889322141599836	1	0.912782447838188	0.985591316192103	0.996242520810137	1	0.993635844834404	0.999992931816664
ENSFCAG00000013232:MYH11	0	0	0	0	0	0	0	0	0	0.640798047919906	0.900158816246426	0.8898341536747	1	0.912782447838188	0.985591316192103	0.996242520810137	1	0.993695754309389	0.999992931816664
ENSFCAG00000009906:PTPRB	0	0	0	0	0	0	0	0	0	0.644810738271049	0.895212370346488	0.89143149827995	1	0.912782447838188	0.985591316192103	0.996242520810137	1	0.993880763813215	0.999992931816664
ENSFCAG00000008606:DOT1L	0	0	0	0	0	0	0	0	0	0.644556413986665	0.915414708567085	0.893993647498165	1	0.912782447838188	0.985591316192103	0.996242520810137	1	0.994171544587661	0.999992931816664
ENSFCAG00000000496:PCM1	0	0	0	0	0	0	0	0	0	0.651294336991005	0.889210994988368	0.894188472251345	1	0.912782447838188	0.985591316192103	0.996242520810137	1	0.994193354761777	0.999992931816664
ENSFCAG00000011746:TSC2	0	0	0	0	0	0	0	0	0	0.652075869245883	0.897849054214933	0.895935301924806	1	0.912782447838188	0.985591316192103	0.996242520810137	1	0.994387012796094	0.999992931816664
ENSFCAG00000029985:KAT6A	0	0	0	0	0	0	0	0	0	0.653096900614659	0.907035803722692	0.897782392647075	1	0.912782447838188	0.985591316192103	0.996242520810137	1	0.994588081489753	0.999992931816664
ENSFCAG00000005552:KAT6B	0	0	0	0	0	0	0	0	0	0.653998404817218	0.905237503139979	0.898045716987844	1	0.912782447838188	0.985591316192103	0.996242520810137	1	0.994616436498651	0.999992931816664
ENSFCAG00000012673:TET1	0	0	0	0	0	0	0	0	0	0.655248229566406	0.903739697618508	0.898537621931937	1	0.912782447838188	0.985591316192103	0.996242520810137	1	0.994669198457572	0.999992931816664
ENSFCAG00000006877:CHD4	0	0	0	0	0	0	0	0	0	0.661155108068253	0.891595432484459	0.900010691931776	1	0.912782447838188	0.985591316192103	0.996242520810137	1	0.99482559053598	0.999992931816664
ENSFCAG00000025470:KNL1	0	0	0	0	0	0	0	0	0	0.657799259688627	0.909804272830558	0.900756095556537	1	0.912782447838188	0.985591316192103	0.996242520810137	1	0.994903809198396	0.999992931816664
ENSFCAG00000004858:BCOR	0	0	0	0	0	0	0	0	0	0.654692382112246	0.924711791905254	0.900790308439442	1	0.912782447838188	0.985591316192103	0.996242520810137	1	0.994907384505258	0.999992931816664
ENSFCAG00000022277:TRIP11	0	0	0	0	0	0	0	0	0	0.660672004622819	0.901119843491999	0.901159694817605	1	0.912782447838188	0.985591316192103	0.996242520810137	1	0.994945903294483	0.999992931816664
ENSFCAG00000012246:DNMT1	0	0	0	0	0	0	0	0	0	0.664006402056978	0.895651397609678	0.902174170825134	1	0.912782447838188	0.985591316192103	0.996242520810137	1	0.995050911841895	0.999992931816664
ENSFCAG00000004894:SMARCA4	0	0	0	0	0	0	0	0	0	0.663051067160022	0.905891526244937	0.903113081287118	1	0.912782447838188	0.985591316192103	0.996242520810137	1	0.995147082097066	0.999992931816664
ENSFCAG00000022265:TP53BP1	0	0	0	0	0	0	0	0	0	0.66447138169907	0.90161661963344	0.90329184566158	1	0.912782447838188	0.985591316192103	0.996242520810137	1	0.995165281837085	0.999992931816664
ENSFCAG00000012577:MYO5A	0	0	0	0	0	0	0	0	0	0.669340012139293	0.892602416442813	0.904564501161181	1	0.912782447838188	0.985591316192103	0.996242520810137	1	0.995293826989373	0.999992931816664
ENSFCAG00000002384:PDCD11	0	0	0	0	0	0	0	0	0	0.666261805288765	0.90391914381254	0.90457624250493	1	0.912782447838188	0.985591316192103	0.996242520810137	1	0.995295004589502	0.999992931816664
ENSFCAG00000012280:SLX4	0	0	0	0	0	0	0	0	0	0.664712180100726	0.920072671996928	0.9057796368679	1	0.912782447838188	0.985591316192103	0.996242520810137	1	0.995414891320651	0.999992931816664
ENSFCAG00000012831:ARID2	0	0	0	0	0	0	0	0	0	0.671081464288419	0.903784781995153	0.90712407665445	1	0.912782447838188	0.985591316192103	0.996242520810137	1	0.995546938769215	0.999992931816664
ENSFCAG00000013146:BRCA1	0	0	0	0	0	0	0	0	0	0.670818138190163	0.907412687061862	0.907477542034758	1	0.912782447838188	0.985591316192103	0.996242520810137	1	0.995581324318682	0.999992931816664
ENSFCAG00000025265:CAMTA1	0	0	0	0	0	0	0	0	0	0.669308899694029	0.916266916236636	0.907798616985923	1	0.912782447838188	0.985591316192103	0.996242520810137	1	0.995612439556031	0.999992931816664
ENSFCAG00000024678:TET3	0	0	0	0	0	0	0	0	0	0.668715739058929	0.923812943589899	0.908348879531004	1	0.912782447838188	0.985591316192103	0.996242520810137	1	0.995665501207311	0.999992931816664
ENSFCAG00000031869:BCORL1	0	0	0	0	0	0	0	0	0	0.670962185325048	0.917993389033261	0.908882098765012	1	0.912782447838188	0.985591316192103	0.996242520810137	1	0.995716601362335	0.999992931816664
ENSFCAG00000007696:MDC1	0	0	0	0	0	0	0	0	0	0.673122409889298	0.913460256046476	0.909472213695561	1	0.912782447838188	0.985591316192103	0.996242520810137	1	0.995772789350187	0.999992931816664
ENSFCAG00000013540:ARHGEF28	0	0	0	0	0	0	0	0	0	0.677856757875809	0.90007454245059	0.910139134354352	1	0.912782447838188	0.985591316192103	0.996242520810137	1	0.995835829538402	0.999992931816664
ENSFCAG00000008083:RICTOR	0	0	0	0	0	0	0	0	0	0.682328528866831	0.886312617845344	0.910302192129571	1	0.912782447838188	0.985591316192103	0.996242520810137	1	0.995851168093584	0.999992931816664
ENSFCAG00000003208:CHD2	0	0	0	0	0	0	0	0	0	0.680955366679189	0.893352513905926	0.910726474922707	1	0.912782447838188	0.985591316192103	0.996242520810137	1	0.995890942758328	0.999992931816664
ENSFCAG00000014850:PIK3C2B	0	0	0	0	0	0	0	0	0	0.678830238577195	0.900852509356378	0.910753091957054	1	0.912782447838188	0.985591316192103	0.996242520810137	1	0.995893431399428	0.999992931816664
ENSFCAG00000003741:NUP98	0	0	0	0	0	0	0	0	0	0.680117591841664	0.900445850469689	0.91135614551351	1	0.912782447838188	0.985591316192103	0.996242520810137	1	0.995949607313927	0.999992931816664
ENSFCAG00000027260:CLTC	0	0	0	0	0	0	0	0	0	0.679894515570655	0.904937550033302	0.911873839907651	1	0.912782447838188	0.985591316192103	0.996242520810137	1	0.995997513484082	0.999992931816664
ENSFCAG00000002588:SETD1A	1	0	0	0	0	0	0	0	0	0.678180147416096	0.911648792331626	0.911880087903764	1	0.912782447838188	0.985591316192103	0.996242520810137	1	0.99599808986301	0.999992931816664
ENSFCAG00000001568:SMARCA2	0	0	0	0	0	0	0	0	0	0.681987025320381	0.901528281845379	0.912466865413598	1	0.912782447838188	0.985591316192103	0.996242520810137	1	0.996052029449328	0.999992931816664
ENSFCAG00000002747:CLTCL1	0	0	0	0	0	0	0	0	0	0.681448158605082	0.909552315069539	0.913288952675247	1	0.912782447838188	0.985591316192103	0.996242520810137	1	0.996126965306082	0.999992931816664
ENSFCAG00000005120:NUP214	0	0	0	0	0	0	0	0	0	0.679745700427363	0.920047019577096	0.913708544767931	1	0.912782447838188	0.985591316192103	0.996242520810137	1	0.99616492717969	0.999992931816664
ENSFCAG00000024512:ZNF521	0	0	0	0	0	0	0	0	0	0.677485409274801	0.931783333634447	0.913795081441049	1	0.912782447838188	0.985591316192103	0.996242520810137	1	0.996172732466039	0.999992931816664
ENSFCAG00000014340:KDM5A	0	0	0	0	0	0	0	0	0	0.684308308316314	0.906439188927301	0.914328870628256	1	0.912782447838188	0.985591316192103	0.996242520810137	1	0.996220697116494	0.999992931816664
ENSFCAG00000003795:FANCA	0	0	0	0	0	0	0	0	0	0.687179862151271	0.896928385030332	0.914417255819307	1	0.912782447838188	0.985591316192103	0.996242520810137	1	0.996228609060562	0.999992931816664
ENSFCAG00000004031:ATP2B3	0	0	0	0	0	0	0	0	0	0.683054454027546	0.922876624124859	0.915724202249979	1	0.912782447838188	0.985591316192103	0.996242520810137	1	0.996344605786943	0.999992931816664
ENSFCAG00000004770:PTPRT	0	0	0	0	0	0	0	0	0	0.687558912177167	0.907432042141001	0.916099156166403	1	0.912782447838188	0.985591316192103	0.996242520810137	1	0.996377539993933	0.999992931816664
ENSFCAG00000000959:PASK	0	0	0	0	0	0	0	0	0	0.685464555451268	0.916910152696866	0.916253999911342	1	0.912782447838188	0.985591316192103	0.996242520810137	1	0.996391095969712	0.999992931816664
ENSFCAG00000015718:PBRM1	0	0	0	0	0	0	0	0	0	0.688335377204313	0.905717266581362	0.916254654032524	1	0.912782447838188	0.985591316192103	0.996242520810137	1	0.996391153180003	0.999992931816664
ENSFCAG00000009679:KDR	0	0	0	0	0	0	0	0	0	0.688070636215504	0.906946982424273	0.916289741487885	1	0.912782447838188	0.985591316192103	0.996242520810137	1	0.996394221290235	0.999992931816664
ENSFCAG00000007256:KDM5C	0	0	0	0	0	0	0	0	0	0.688784107718852	0.909672306146637	0.917008936604658	1	0.912782447838188	0.985591316192103	0.996242520810137	1	0.996456813061089	0.999992931816664
ENSFCAG00000009543:TERT	0	0	0	0	0	0	0	0	0	0.68551411444476	0.930246655964924	0.917756220177723	1	0.912782447838188	0.985591316192103	0.996242520810137	1	0.996521251857787	0.999992931816664
ENSFCAG00000001908:ASXL1	0	0	0	0	0	0	0	0	0	0.686934727281747	0.924956776095835	0.917917332300125	1	0.912782447838188	0.985591316192103	0.996242520810137	1	0.996535064919849	0.999992931816664
ENSFCAG00000014501:ROBO1	0	0	0	0	0	0	0	0	0	0.695475550693668	0.897345460775413	0.918573588480619	1	0.912782447838188	0.985591316192103	0.996242520810137	1	0.996591037376553	0.999992931816664
ENSFCAG00000004564:COL1A1	0	0	0	0	0	0	0	0	0	0.698823529838228	0.887384445168617	0.918625582708481	1	0.912782447838188	0.985591316192103	0.996242520810137	1	0.996595451944304	0.999992931816664
ENSFCAG00000026560:ARHGEF12	0	0	0	0	0	0	0	0	0	0.696439550886224	0.895306018906611	0.918733158227143	1	0.912782447838188	0.985591316192103	0.996242520810137	1	0.996604576296227	0.999992931816664
ENSFCAG00000037938:NSD2	0	0	0	0	0	0	0	0	0	0.692289190781354	0.916727056928842	0.919637876662113	1	0.912782447838188	0.985591316192103	0.996242520810137	1	0.996680814519923	0.999992931816664
ENSFCAG00000011453:RPTOR	0	0	0	0	0	0	0	0	0	0.695344823389304	0.907000475263219	0.919887578367419	1	0.912782447838188	0.985591316192103	0.996242520810137	1	0.996701699458226	0.999992931816664
ENSFCAG00000013481:PRDM16	0	0	0	0	0	0	0	0	0	0.690447386036605	0.934538630380872	0.920651332019517	1	0.912782447838188	0.985591316192103	0.996242520810137	1	0.996765158828429	0.999992931816664
ENSFCAG00000015536:ADGRA2	0	0	0	0	0	0	0	0	0	0.692901057928219	0.922913331546474	0.920661298826554	1	0.912782447838188	0.985591316192103	0.996242520810137	1	0.996765982769186	0.999992931816664
ENSFCAG00000011205:PTCH1	0	0	0	0	0	0	0	0	0	0.694141604792816	0.917999695019008	0.920701945005571	1	0.912782447838188	0.985591316192103	0.996242520810137	1	0.996769341809658	0.999992931816664
ENSFCAG00000003030:INSR	0	0	0	0	0	0	0	0	0	0.693460782268031	0.921522743458379	0.920779328752081	1	0.912782447838188	0.985591316192103	0.996242520810137	1	0.996775731919015	0.999992931816664
ENSFCAG00000014002:COL2A1	0	0	0	0	0	0	0	0	0	0.7035752507007	0.887580127767012	0.920920163245182	1	0.912782447838188	0.985591316192103	0.996242520810137	1	0.996787344905876	0.999992931816664
ENSFCAG00000018164:IGF1R	1	0	0	0	0	0	0	0	0	0.693862119935165	0.922299068971369	0.921064766107653	1	0.912782447838188	0.985591316192103	0.996242520810137	1	0.996799246216789	0.999992931816664
ENSFCAG00000009873:PTPRK	0	0	0	0	0	0	0	0	0	0.701297338957849	0.896500031216892	0.921250030085762	1	0.912782447838188	0.985591316192103	0.996242520810137	1	0.996814460902401	0.999992931816664
ENSFCAG00000001882:FLT4	0	0	0	0	0	0	0	0	0	0.697571635192646	0.912443320511713	0.921686164157051	1	0.912782447838188	0.985591316192103	0.996242520810137	1	0.996850131057434	0.999992931816664
ENSFCAG00000014104:MAP3K1	1	0	0	0	0	0	0	0	0	0.697142260660969	0.914662711096828	0.921758088297448	1	0.912782447838188	0.985591316192103	0.996242520810137	1	0.996855993700755	0.999992931816664
ENSFCAG00000009032:PLCG1	0	0	0	0	0	0	0	0	0	0.700627949361129	0.903687682445382	0.921980935977623	1	0.912782447838188	0.985591316192103	0.996242520810137	1	0.996874122714944	0.999992931816664
ENSFCAG00000027460:CPS1	0	0	0	0	0	0	0	0	0	0.701063017992015	0.90438261953571	0.922286442567982	1	0.912782447838188	0.985591316192103	0.996242520810137	1	0.996898888628474	0.999992931816664
ENSFCAG00000004831:ARHGAP35	0	0	0	0	0	0	0	0	0	0.694740954747026	0.934230548906469	0.922742121523101	1	0.912782447838188	0.985591316192103	0.996242520810137	1	0.99693564024417	0.999992931816664
ENSFCAG00000007864:MAP3K6	0	0	0	0	0	0	0	0	0	0.700694099788251	0.910791680813365	0.922976148324949	1	0.912782447838188	0.985591316192103	0.996242520810137	1	0.99695442760582	0.999992931816664
ENSFCAG00000001147:BCL9L	0	0	0	0	0	0	0	0	0	0.696711960626063	0.930352312664137	0.923322192200593	1	0.912782447838188	0.985591316192103	0.996242520810137	1	0.996982098813599	0.999992931816664
ENSFCAG00000004987:PLCG2	0	0	0	0	0	0	0	0	0	0.704454390355	0.90475034345856	0.923948174078562	1	0.912782447838188	0.985591316192103	0.996242520810137	1	0.997031825642074	0.999992931816664
ENSFCAG00000007346:SETBP1	0	0	0	0	0	0	0	0	0	0.696529388255549	0.93972232650694	0.924120428371741	1	0.912782447838188	0.985591316192103	0.996242520810137	1	0.997045434779737	0.999992931816664
ENSFCAG00000005610:SETD5	0	0	0	0	0	0	0	0	0	0.704436418290861	0.906919817090799	0.924239005816053	1	0.912782447838188	0.985591316192103	0.996242520810137	1	0.997054784460381	0.999992931816664
ENSFCAG00000015191:PER1	0	0	0	0	0	0	0	0	0	0.70154167406113	0.918022168306513	0.924286356552144	1	0.912782447838188	0.985591316192103	0.996242520810137	1	0.997058513755151	0.999992931816664
ENSFCAG00000009445:KDM6A	0	0	0	0	0	0	0	0	0	0.707241956808325	0.901139246186521	0.924743110562991	1	0.912782447838188	0.985591316192103	0.996242520810137	1	0.997094362688234	0.999992931816664
ENSFCAG00000025791:NCOA1	0	0	0	0	0	0	0	0	0	0.70587547122482	0.909608346657184	0.925278360377608	1	0.912782447838188	0.985591316192103	0.996242520810137	1	0.997136085384293	0.999992931816664
ENSFCAG00000013609:NSD3	0	0	0	0	0	0	0	0	0	0.706261633221106	0.909437386094785	0.925437037426226	1	0.912782447838188	0.985591316192103	0.996242520810137	1	0.997148394743	0.999992931816664
ENSFCAG00000032000:NCOA2	0	0	0	0	0	0	0	0	0	0.705061711513169	0.913823384126476	0.925440604675259	1	0.912782447838188	0.985591316192103	0.996242520810137	1	0.997148671159327	0.999992931816664
ENSFCAG00000000360:DROSHA	0	0	0	0	0	0	0	0	0	0.710630913319449	0.898677502100074	0.92595417087463	1	0.912782447838188	0.985591316192103	0.996242520810137	1	0.997188322529983	0.999992931816664
ENSFCAG00000000247:PIK3C2G	0	0	0	0	0	0	0	0	0	0.709249370940524	0.903299384992758	0.925987647509883	1	0.912782447838188	0.985591316192103	0.996242520810137	1	0.997190897300367	0.999992931816664
ENSFCAG00000011228:FANCD2	0	0	0	0	0	0	0	0	0	0.711753613310554	0.895799826812001	0.926035888208049	1	0.912782447838188	0.985591316192103	0.996242520810137	1	0.997194605482575	0.999992931816664
ENSFCAG00000010606:CLIP1	0	0	0	0	0	0	0	0	0	0.70510578267851	0.919415991517805	0.926144500495873	1	0.912782447838188	0.985591316192103	0.996242520810137	1	0.997202945130203	0.999992931816664
ENSFCAG00000006087:BLM	0	0	0	0	0	0	0	0	0	0.707542162031332	0.913894011427998	0.926614164922584	1	0.912782447838188	0.985591316192103	0.996242520810137	1	0.997238861069828	0.999992931816664
ENSFCAG00000015033:NCOA3	0	0	0	0	0	0	0	0	0	0.707498812525538	0.915821203979223	0.926834582843623	1	0.912782447838188	0.985591316192103	0.996242520810137	1	0.997255634673322	0.999992931816664
ENSFCAG00000018200:PDS5B	0	0	0	0	0	0	0	0	0	0.711528796601269	0.901880715468262	0.926837454744191	1	0.912782447838188	0.985591316192103	0.996242520810137	1	0.997255852876375	0.999992931816664
ENSFCAG00000012455:KDM2B	0	0	0	0	0	0	0	0	0	0.707225921970692	0.917798520798406	0.926948131233634	1	0.912782447838188	0.985591316192103	0.996242520810137	1	0.997264255144387	0.999992931816664
ENSFCAG00000014806:ZMYM3	0	0	0	0	0	0	0	0	0	0.708380903131992	0.914905161019347	0.927132665281955	1	0.912782447838188	0.985591316192103	0.996242520810137	1	0.9972782351	0.999992931816664
ENSFCAG00000002050:BCR	0	0	0	0	0	0	0	0	0	0.70647561920231	0.923622744978983	0.927273201528255	1	0.912782447838188	0.985591316192103	0.996242520810137	1	0.997288857226397	0.999992931816664
ENSFCAG00000011110:JARID2	0	0	0	0	0	0	0	0	0	0.707845226690586	0.922407783844921	0.927777932466578	1	0.912782447838188	0.985591316192103	0.996242520810137	1	0.99732683062408	0.999992931816664
ENSFCAG00000013299:FLT1	0	0	0	0	0	0	0	0	0	0.712860701896354	0.909342841084851	0.928484968522392	1	0.912782447838188	0.985591316192103	0.996242520810137	1	0.997379562738527	0.999992931816664
ENSFCAG00000030408:ZMYM2	0	0	0	0	0	0	0	0	0	0.713620458196477	0.907734315327437	0.928616134976397	1	0.912782447838188	0.985591316192103	0.996242520810137	1	0.99738928616757	0.999992931816664
ENSFCAG00000009897:CDK12	0	0	0	0	0	0	0	0	0	0.710379878206485	0.920152379294846	0.928696662487177	1	0.912782447838188	0.985591316192103	0.996242520810137	1	0.997395246529683	0.999992931816664
ENSFCAG00000024759:WRN	0	0	0	0	0	0	0	0	0	0.715039919593625	0.904304513345924	0.928788206552121	1	0.912782447838188	0.985591316192103	0.996242520810137	1	0.99740201381751	0.999992931816664
ENSFCAG00000014859:ERBB3	0	0	0	0	0	0	0	0	0	0.712408727469255	0.913490636069905	0.928818029413858	1	0.912782447838188	0.985591316192103	0.996242520810137	1	0.997404216489094	0.999992931816664
ENSFCAG00000009903:ERBB2	0	0	0	0	0	0	0	0	0	0.71396506436751	0.911987824266552	0.929337811969203	1	0.912782447838188	0.985591316192103	0.996242520810137	1	0.997442453087323	0.999992931816664
ENSFCAG00000004091:TRIM24	0	0	0	0	0	0	0	0	0	0.712743485407252	0.919125777683558	0.929665225647152	1	0.912782447838188	0.985591316192103	0.996242520810137	1	0.997466389267669	0.999992931816664
ENSFCAG00000003009:IRS1	0	0	0	0	0	0	0	0	0	0.705606959497814	0.956835848415174	0.92977093454903	1	0.912782447838188	0.985591316192103	0.996242520810137	1	0.997474092685394	0.999992931816664
ENSFCAG00000003836:ASXL2	0	0	0	0	0	0	0	0	0	0.713665085314449	0.917344461852865	0.929873324460246	1	0.912782447838188	0.985591316192103	0.996242520810137	1	0.997481542777066	0.999992931816664
ENSFCAG00000000760:IRS4	0	0	0	0	0	0	0	0	0	0.709073926542211	0.942568745284027	0.930347736623861	1	0.912782447838188	0.985591316192103	0.996242520810137	1	0.997515914821055	0.999992931816664
ENSFCAG00000000349:BCL9	0	0	0	0	0	0	0	0	0	0.711739542707118	0.937504804487167	0.931139098581475	1	0.912782447838188	0.985591316192103	0.996242520810137	1	0.997572712189155	0.999992931816664
ENSFCAG00000005323:INPPL1	1	0	0	0	0	0	0	0	0	0.716383448564286	0.91834231715153	0.931231348269313	1	0.912782447838188	0.985591316192103	0.996242520810137	1	0.997579289321685	0.999992931816664
ENSFCAG00000007089:MSH6	0	0	0	0	0	0	0	0	0	0.717593580540615	0.917463477396888	0.93167189509417	1	0.912782447838188	0.985591316192103	0.996242520810137	1	0.997610573007922	0.999992931816664
ENSFCAG00000009534:MET	1	0	0	0	0	0	0	0	0	0.718875185270437	0.914007649995865	0.931818832601641	1	0.912782447838188	0.985591316192103	0.996242520810137	1	0.997620960860429	0.999992931816664
ENSFCAG00000009436:TYK2	0	0	0	0	0	0	0	0	0	0.717921909451458	0.918484544248706	0.93194330654899	1	0.912782447838188	0.985591316192103	0.996242520810137	1	0.997629742507488	0.999992931816664
ENSFCAG00000024874:SOS1	0	0	0	0	0	0	0	0	0	0.721822765040669	0.905757566836638	0.932035178647591	1	0.912782447838188	0.985591316192103	0.996242520810137	1	0.997636213427528	0.999992931816664
ENSFCAG00000027902:ERBB4	0	0	0	0	0	0	0	0	0	0.720220062479033	0.911134827821737	0.932049769762264	1	0.912782447838188	0.985591316192103	0.996242520810137	1	0.997637240304832	0.999992931816664
ENSFCAG00000013897:SMC1A	0	0	0	0	0	0	0	0	0	0.718695427117123	0.916639606772402	0.932066883760741	1	0.912782447838188	0.985591316192103	0.996242520810137	1	0.997638444443778	0.999992931816664
ENSFCAG00000009655:SETDB1	0	0	0	0	0	0	0	0	0	0.718959787575298	0.916911752095702	0.932218925756365	1	0.912782447838188	0.985591316192103	0.996242520810137	1	0.997649128304947	0.999992931816664
ENSFCAG00000008561:CARD11	0	0	0	0	0	0	0	0	0	0.718584826977573	0.919841345144404	0.932403235797519	1	0.912782447838188	0.985591316192103	0.996242520810137	1	0.997662046364231	0.999992931816664
ENSFCAG00000015468:EGFR	0	0	0	0	0	0	0	0	0	0.720894984651048	0.912898571866854	0.932579628974798	1	0.912782447838188	0.985591316192103	0.996242520810137	1	0.997674375421236	0.999992931816664
ENSFCAG00000000325:POLD1	0	0	0	0	0	0	0	0	0	0.718051213995046	0.923817662469585	0.932621393933255	1	0.912782447838188	0.985591316192103	0.996242520810137	1	0.997677289710969	0.999992931816664
ENSFCAG00000029975:AFF3	0	0	0	0	0	0	0	0	0	0.720179245318927	0.916536953583753	0.932718618570176	1	0.912782447838188	0.985591316192103	0.996242520810137	1	0.997684066640747	0.999992931816664
ENSFCAG00000009757:UPF1	0	0	0	0	0	0	0	0	0	0.719800491239102	0.921813782249743	0.933178656989807	1	0.912782447838188	0.985591316192103	0.996242520810137	1	0.997715995671847	0.999992931816664
ENSFCAG00000007401:PC	0	0	0	0	0	0	0	0	0	0.71926892033289	0.925583035515297	0.933364726953834	1	0.912782447838188	0.985591316192103	0.996242520810137	1	0.99772884546254	0.999992931816664
ENSFCAG00000007834:KTN1	0	0	0	0	0	0	0	0	0	0.727629365707414	0.898925978963631	0.933591272106863	1	0.912782447838188	0.985591316192103	0.996242520810137	1	0.997744440352062	0.999992931816664
ENSFCAG00000023047:STAG1	0	0	0	0	0	0	0	0	0	0.72658335208443	0.905282229713003	0.934059229163614	1	0.912782447838188	0.985591316192103	0.996242520810137	1	0.997776479484253	0.999992931816664
ENSFCAG00000030096:ARID4B	0	0	0	0	0	0	0	0	0	0.722557246929739	0.92036643332835	0.934237076661442	1	0.912782447838188	0.985591316192103	0.996242520810137	1	0.997788594497222	0.999992931816664
ENSFCAG00000005115:ABL1	0	0	0	0	0	0	0	0	0	0.718544177726176	0.938906062883887	0.934369645267869	1	0.912782447838188	0.985591316192103	0.996242520810137	1	0.997797603077125	0.999992931816664
ENSFCAG00000028848:CIITA	0	0	0	0	0	0	0	0	0	0.721080985741385	0.927843193068014	0.934419212861074	1	0.912782447838188	0.985591316192103	0.996242520810137	1	0.997800966566912	0.999992931816664
ENSFCAG00000027633:STAG2	0	0	0	0	0	0	0	0	0	0.728954979171657	0.901774489135418	0.934584798359705	1	0.912782447838188	0.985591316192103	0.996242520810137	1	0.997812183578162	0.999992931816664
ENSFCAG00000014232:HDAC4	0	0	0	0	0	0	0	0	0	0.722597552082055	0.925299694245993	0.93481726264964	1	0.912782447838188	0.985591316192103	0.996242520810137	1	0.997827881556186	0.999992931816664
ENSFCAG00000003633:CSF1R	0	0	0	0	0	0	0	0	0	0.724164617289537	0.91983047636118	0.934883297559723	1	0.912782447838188	0.985591316192103	0.996242520810137	1	0.997832330254842	0.999992931816664
ENSFCAG00000015690:PTPRC	0	0	0	0	0	0	0	0	0	0.725856598581673	0.913944421518448	0.93490154964638	1	0.912782447838188	0.985591316192103	0.996242520810137	1	0.99783355905488	0.999992931816664
ENSFCAG00000005038:SF3B1	0	0	0	0	0	0	0	0	0	0.726553245265277	0.911714695067281	0.934917742967783	1	0.912782447838188	0.985591316192103	0.996242520810137	1	0.997834648952682	0.999992931816664
ENSFCAG00000025616:FAT1	2	1	0	0	0	1.37177099238974	0	0	0	0.812977184036466	0.79359157023443	0.935290302083045	1	0.912782447838188	0.985591316192103	0.996242520810137	1	0.997859646741069	0.999992931816664
ENSFCAG00000002822:SALL4	0	0	0	0	0	0	0	0	0	0.719066629094488	0.953254811648643	0.93574475837764	1	0.912782447838188	0.985591316192103	0.996242520810137	1	0.997889938709162	0.999992931816664
ENSFCAG00000008747:PTPRO	0	0	0	0	0	0	0	0	0	0.729396918800545	0.911739868239928	0.936153079321488	1	0.912782447838188	0.985591316192103	0.996242520810137	1	0.99791696726325	0.999992931816664
ENSFCAG00000012141:STIL	0	0	0	0	0	0	0	0	0	0.727276073011046	0.920647045889534	0.936340902885221	1	0.912782447838188	0.985591316192103	0.996242520810137	1	0.997929340320748	0.999992931816664
ENSFCAG00000010557:SMC3	0	0	0	0	0	0	0	0	0	0.731871160773313	0.905869800995807	0.936419482853502	1	0.912782447838188	0.985591316192103	0.996242520810137	1	0.997934505672519	0.999992931816664
ENSFCAG00000004555:CBLB	0	0	0	0	0	0	0	0	0	0.729460549281286	0.914931307317387	0.936590539606241	1	0.912782447838188	0.985591316192103	0.996242520810137	1	0.997945727065201	0.999992931816664
ENSFCAG00000014494:MLLT6	0	0	0	0	0	0	0	0	0	0.727081709259244	0.924183554804061	0.936662505744948	1	0.912782447838188	0.985591316192103	0.996242520810137	1	0.997950438736148	0.999992931816664
ENSFCAG00000001563:SEC31A	0	0	0	0	0	0	0	0	0	0.730576156217345	0.912492176972094	0.936758136359573	1	0.912782447838188	0.985591316192103	0.996242520810137	1	0.99795669118056	0.999992931816664
ENSFCAG00000029806:AFF1	0	0	0	0	0	0	0	0	0	0.727211093641995	0.924815255327155	0.936789431741457	1	0.912782447838188	0.985591316192103	0.996242520810137	1	0.997958735189973	0.999992931816664
ENSFCAG00000012999:RET	0	0	0	0	0	0	0	0	0	0.727614116272967	0.924353031951102	0.936913106055472	1	0.912782447838188	0.985591316192103	0.996242520810137	1	0.997966802557148	0.999992931816664
ENSFCAG00000010710:ALPK1	0	0	0	0	0	0	0	0	0	0.728884511568094	0.922853265269719	0.937294092811758	1	0.912782447838188	0.985591316192103	0.996242520810137	1	0.997991552007253	0.999992931816664
ENSFCAG00000000407:CTR9	0	0	0	0	0	0	0	0	0	0.729637834584319	0.920538186791827	0.937350663986241	1	0.912782447838188	0.985591316192103	0.996242520810137	1	0.997995213746363	0.999992931816664
ENSFCAG00000003634:PDGFRB	0	0	0	0	0	0	0	0	0	0.729987706894099	0.920911543216622	0.937545235321932	1	0.912782447838188	0.985591316192103	0.996242520810137	1	0.998007781895946	0.999992931816664
ENSFCAG00000019223:ARID4A	0	0	0	0	0	0	0	0	0	0.733078305372086	0.911156673858592	0.93765147213536	1	0.912782447838188	0.985591316192103	0.996242520810137	1	0.998014627118044	0.999992931816664
ENSFCAG00000002750:HIRA	0	0	0	0	0	0	0	0	0	0.732513632719409	0.914645632897955	0.937862509253774	1	0.912782447838188	0.985591316192103	0.996242520810137	1	0.998028189299731	0.999992931816664
ENSFCAG00000022680:ZNRF3	0	0	0	0	0	0	0	0	0	0.725737493490501	0.942312770627623	0.9378652772556	1	0.912782447838188	0.985591316192103	0.996242520810137	1	0.998028366868276	0.999992931816664
ENSFCAG00000012665:MECOM	1	0	0	0	0	0	0	0	0	0.730272377339329	0.925822206970929	0.938225576962664	1	0.912782447838188	0.985591316192103	0.996242520810137	1	0.998051410523328	0.999992931816664
ENSFCAG00000003178:ATXN2	0	0	0	0	0	0	0	0	0	0.733349972992579	0.917364766639846	0.938557296154095	1	0.912782447838188	0.985591316192103	0.996242520810137	1	0.99807250392058	0.999992931816664
ENSFCAG00000002830:TEK	0	0	0	0	0	0	0	0	0	0.734274588894866	0.920345899491371	0.939308581166947	1	0.912782447838188	0.985591316192103	0.996242520810137	1	0.998119843325963	0.999992931816664
ENSFCAG00000006634:LRIG3	0	0	0	0	0	0	0	0	0	0.734119973161457	0.921668746527733	0.939398305872233	1	0.912782447838188	0.985591316192103	0.996242520810137	1	0.998125456814584	0.999992931816664
ENSFCAG00000013378:ATP1A1	0	0	0	0	0	0	0	0	0	0.734155829126631	0.922708918237609	0.939533697147656	1	0.912782447838188	0.985591316192103	0.996242520810137	1	0.998133911139932	0.999992931816664
ENSFCAG00000007112:TSC1	0	0	0	0	0	0	0	0	0	0.733007895484268	0.927453685424399	0.93957389621748	1	0.912782447838188	0.985591316192103	0.996242520810137	1	0.998136417560011	0.999992931816664
ENSFCAG00000012425:AFF4	0	0	0	0	0	0	0	0	0	0.735987084896147	0.917064451709851	0.939634503453441	1	0.912782447838188	0.985591316192103	0.996242520810137	1	0.998140193182114	0.999992931816664
ENSFCAG00000026305:PIK3CD	0	0	0	0	0	0	0	0	0	0.734289888719853	0.923688653086666	0.939702224977381	1	0.912782447838188	0.985591316192103	0.996242520810137	1	0.998144407375405	0.999992931816664
ENSFCAG00000004554:PIK3CG	0	0	0	0	0	0	0	0	0	0.732125932167557	0.934772038215726	0.939945511473066	1	0.912782447838188	0.985591316192103	0.996242520810137	1	0.998159506416115	0.999992931816664
ENSFCAG00000038306:TRIM33	0	0	0	0	0	0	0	0	0	0.734724659477639	0.924386038456034	0.939964865565879	1	0.912782447838188	0.985591316192103	0.996242520810137	1	0.998160704881088	0.999992931816664
ENSFCAG00000009719:PTK7	0	0	0	0	0	0	0	0	0	0.734823232533351	0.924489015493972	0.940018090197845	1	0.912782447838188	0.985591316192103	0.996242520810137	1	0.998163998659226	0.999992931816664
ENSFCAG00000029845:ZNF217	0	0	0	0	0	0	0	0	0	0.729244229329384	0.954484213147191	0.940322649499494	1	0.912782447838188	0.985591316192103	0.996242520810137	1	0.998182788195601	0.999992931816664
ENSFCAG00000018749:MLLT10	0	0	0	0	0	0	0	0	0	0.738748684363415	0.913906651759197	0.940391613891605	1	0.912782447838188	0.985591316192103	0.996242520810137	1	0.998187029198739	0.999992931816664
ENSFCAG00000005305:ABL2	0	0	0	0	0	0	0	0	0	0.735006414116539	0.928493000962376	0.940532689510912	1	0.912782447838188	0.985591316192103	0.996242520810137	1	0.998195688966882	0.999992931816664
ENSFCAG00000013999:HDAC7	0	0	0	0	0	0	0	0	0	0.737399483647558	0.920148914657855	0.940599931049542	1	0.912782447838188	0.985591316192103	0.996242520810137	1	0.998199809066258	0.999992931816664
ENSFCAG00000018496:SMARCA1	0	0	0	0	0	0	0	0	0	0.740433735787698	0.912257020049305	0.940875884467831	1	0.912782447838188	0.985591316192103	0.996242520810137	1	0.998216667255682	0.999992931816664
ENSFCAG00000044847:BCL11B	0	0	0	0	0	0	0	0	0	0.73003406522084	0.958639604191348	0.94093148784766	1	0.912782447838188	0.985591316192103	0.996242520810137	1	0.99822005430762	0.999992931816664
ENSFCAG00000004047:HIP1	0	0	0	0	0	0	0	0	0	0.739728707840492	0.915029159332144	0.940941068461208	1	0.912782447838188	0.985591316192103	0.996242520810137	1	0.99822063757402	0.999992931816664
ENSFCAG00000018250:LIFR	0	0	0	0	0	0	0	0	0	0.738238686490656	0.920360632493669	0.940975365957097	1	0.912782447838188	0.985591316192103	0.996242520810137	1	0.998222724801053	0.999992931816664
ENSFCAG00000005686:MSH3	0	0	0	0	0	0	0	0	0	0.738887409021729	0.921328145143824	0.941359359686119	1	0.912782447838188	0.985591316192103	0.996242520810137	1	0.998246007994244	0.999992931816664
ENSFCAG00000007143:TLL2	0	0	0	0	0	0	0	0	0	0.738450267841615	0.924214016276105	0.94150909290312	1	0.912782447838188	0.985591316192103	0.996242520810137	1	0.998255044512917	0.999992931816664
ENSFCAG00000006191:ERC1	0	0	0	0	0	0	0	0	0	0.73924067817503	0.92360774811466	0.941769200966623	1	0.912782447838188	0.985591316192103	0.996242520810137	1	0.99827068563068	0.999992931816664
ENSFCAG00000006852:EPHB4	0	0	0	0	0	0	0	0	0	0.738006328318827	0.93119620233148	0.942074777216108	1	0.912782447838188	0.985591316192103	0.996242520810137	1	0.998288969121352	0.999992931816664
ENSFCAG00000001395:RBM10	0	0	0	0	0	0	0	0	0	0.743507582313825	0.914726245479734	0.942455293353381	1	0.912782447838188	0.985591316192103	0.996242520810137	1	0.998311597920211	0.999992931816664
ENSFCAG00000005777:PARP1	0	0	0	0	0	0	0	0	0	0.740235120062094	0.926605933764856	0.942515681439371	1	0.912782447838188	0.985591316192103	0.996242520810137	1	0.998315174993867	0.999992931816664
ENSFCAG00000004802:MRTFA	0	0	0	0	0	0	0	0	0	0.7396134615921	0.936813487091646	0.943295542613451	1	0.912782447838188	0.985591316192103	0.996242520810137	1	0.998361022348471	0.999992931816664
ENSFCAG00000002828:PIK3CB	0	0	0	0	0	0	0	0	0	0.746480492046067	0.913756485577983	0.943536009718032	1	0.912782447838188	0.985591316192103	0.996242520810137	1	0.998375029121661	0.999992931816664
ENSFCAG00000012287:MAML2	0	0	0	0	0	0	0	0	0	0.740398742022531	0.937679899239398	0.943702047787419	1	0.912782447838188	0.985591316192103	0.996242520810137	1	0.998384664770225	0.999992931816664
ENSFCAG00000022711:EPHA5	0	0	0	0	0	0	0	0	0	0.742734508741896	0.929129284001593	0.9438159714979	1	0.912782447838188	0.985591316192103	0.996242520810137	1	0.998391259179547	0.999992931816664
ENSFCAG00000029436:TET2	0	0	0	0	0	0	0	0	0	0.740360490443572	0.939467842714256	0.943849670955428	1	0.912782447838188	0.985591316192103	0.996242520810137	1	0.998393207217962	0.999992931816664
ENSFCAG00000012184:NOD1	0	0	0	0	0	0	0	0	0	0.740211328228052	0.942161427744638	0.944025122581186	1	0.912782447838188	0.985591316192103	0.996242520810137	1	0.998403329975561	0.999992931816664
ENSFCAG00000013063:BUB1B	0	0	0	0	0	0	0	0	0	0.748030970597144	0.913736421308809	0.944155988666112	1	0.912782447838188	0.985591316192103	0.996242520810137	1	0.998410859118978	0.999992931816664
ENSFCAG00000018737:PIK3CA	0	0	0	0	0	0	0	0	0	0.747184572137891	0.916976464411171	0.944226373009957	1	0.912782447838188	0.985591316192103	0.996242520810137	1	0.998414901053347	0.999992931816664
ENSFCAG00000008085:MERTK	0	0	0	0	0	0	0	0	0	0.747236755612346	0.917314090162362	0.944289131963052	1	0.912782447838188	0.985591316192103	0.996242520810137	1	0.998418500662601	0.999992931816664
ENSFCAG00000023857:LATS1	0	0	0	0	0	0	0	0	0	0.743919420446452	0.932075066748687	0.944605158052836	1	0.912782447838188	0.985591316192103	0.996242520810137	1	0.99843656331045	0.999992931816664
ENSFCAG00000004539:FLT3	0	0	0	0	0	0	0	0	0	0.74714443523512	0.921068682633251	0.944705259642939	1	0.912782447838188	0.985591316192103	0.996242520810137	1	0.9984422626222	0.999992931816664
ENSFCAG00000010283:MIB1	0	0	0	0	0	0	0	0	0	0.748500354519268	0.917922961290685	0.944870450502232	1	0.912782447838188	0.985591316192103	0.996242520810137	1	0.99845164461557	0.999992931816664
ENSFCAG00000013913:INPP4A	0	0	0	0	0	0	0	0	0	0.748204796554499	0.919403558528779	0.944932221253922	1	0.912782447838188	0.985591316192103	0.996242520810137	1	0.99845514545832	0.999992931816664
ENSFCAG00000004825:RASA1	0	0	0	0	0	0	0	0	0	0.749508538092508	0.916064694145408	0.94504192411714	1	0.912782447838188	0.985591316192103	0.996242520810137	1	0.998461352888625	0.999992931816664
ENSFCAG00000002617:GTF2I	0	0	0	0	0	0	0	0	0	0.75117068065666	0.911955492291256	0.945172253227802	1	0.912782447838188	0.985591316192103	0.996242520810137	1	0.998468710884094	0.999992931816664
ENSFCAG00000002702:XPO1	0	0	0	0	0	0	0	0	0	0.749659064482615	0.917474201031895	0.945277256449769	1	0.912782447838188	0.985591316192103	0.996242520810137	1	0.998474625982765	0.999992931816664
ENSFCAG00000025193:USP8	0	0	0	0	0	0	0	0	0	0.74834512151805	0.922984670025249	0.945410122086102	1	0.912782447838188	0.985591316192103	0.996242520810137	1	0.998482093925193	0.999992931816664
ENSFCAG00000002081:GLI1	0	0	0	0	0	0	0	0	0	0.744958458485669	0.936569046276886	0.945468359519702	1	0.912782447838188	0.985591316192103	0.996242520810137	1	0.998485361374524	0.999992931816664
ENSFCAG00000003112:KIT	0	0	0	0	0	0	0	0	0	0.747166371703957	0.928441196289333	0.945542580231476	1	0.912782447838188	0.985591316192103	0.996242520810137	1	0.998489520377086	0.999992931816664
ENSFCAG00000028208:RBM15	0	0	0	0	0	0	0	0	0	0.744168487784271	0.941868845406767	0.945627018582617	1	0.912782447838188	0.985591316192103	0.996242520810137	1	0.998494244847042	0.999992931816664
ENSFCAG00000024012:GRM3	0	0	0	0	0	0	0	0	0	0.744668004798279	0.940864861621668	0.945742803940706	1	0.912782447838188	0.985591316192103	0.996242520810137	1	0.998500710977718	0.999992931816664
ENSFCAG00000001740:NUTM1	0	0	0	0	0	0	0	0	0	0.745305337064553	0.9387372471523	0.945810867982197	1	0.912782447838188	0.985591316192103	0.996242520810137	1	0.998504505455516	0.999992931816664
ENSFCAG00000002273:KSR2	0	0	0	0	0	0	0	0	0	0.748238428652947	0.927566982633316	0.945879015086088	1	0.912782447838188	0.985591316192103	0.996242520810137	1	0.99850829965682	0.999992931816664
ENSFCAG00000028243:MAP3K13	0	0	0	0	0	0	0	0	0	0.747707267544739	0.929569965254727	0.945879693099469	1	0.912782447838188	0.985591316192103	0.996242520810137	1	0.998508337381655	0.999992931816664
ENSFCAG00000007533:PPFIBP1	0	0	0	0	0	0	0	0	0	0.753610566429516	0.914944820755208	0.946518753537856	1	0.912782447838188	0.985591316192103	0.996242520810137	1	0.998543678801479	0.999992931816664
ENSFCAG00000008459:PMS2	0	0	0	0	0	0	0	0	0	0.748979698638271	0.932136682983367	0.946654539354946	1	0.912782447838188	0.985591316192103	0.996242520810137	1	0.998551132461014	0.999992931816664
ENSFCAG00000002782:AGO2	0	0	0	0	0	0	0	0	0	0.750516486085969	0.927524903885526	0.946782793334789	1	0.912782447838188	0.985591316192103	0.996242520810137	1	0.998558154790871	0.999992931816664
ENSFCAG00000008249:KDM4C	0	0	0	0	0	0	0	0	0	0.751315039872636	0.925176546600253	0.946840440568005	1	0.912782447838188	0.985591316192103	0.996242520810137	1	0.998561305508004	0.999992931816664
ENSFCAG00000010549:SNCAIP	0	0	0	0	0	0	0	0	0	0.748469722678673	0.936528955646614	0.946881389518564	1	0.912782447838188	0.985591316192103	0.996242520810137	1	0.998563541446241	0.999992931816664
ENSFCAG00000000947:NFATC2	0	0	0	0	0	0	0	0	0	0.747430667865936	0.941504228455261	0.946917194772172	1	0.912782447838188	0.985591316192103	0.996242520810137	1	0.998565495071666	0.999992931816664
ENSFCAG00000003098:PML	0	0	0	0	0	0	0	0	0	0.747095915175225	0.945822494105461	0.947145437437527	1	0.912782447838188	0.985591316192103	0.996242520810137	1	0.998577916749635	0.999992931816664
ENSFCAG00000014215:ECT2L	0	0	0	0	0	0	0	0	0	0.754784897544392	0.916853189654135	0.947217519153043	1	0.912782447838188	0.985591316192103	0.996242520810137	1	0.998581828232893	0.999992931816664
ENSFCAG00000013369:RABEP1	0	0	0	0	0	0	0	0	0	0.750799031452263	0.930653031530376	0.947226591451251	1	0.912782447838188	0.985591316192103	0.996242520810137	1	0.9985823201486	0.999992931816664
ENSFCAG00000004050:ERCC4	0	0	0	0	0	0	0	0	0	0.748555232679387	0.941844628681724	0.947398461064828	1	0.912782447838188	0.985591316192103	0.996242520810137	1	0.99859162280188	0.999992931816664
ENSFCAG00000013850:MAP3K14	0	0	0	0	0	0	0	0	0	0.750342108471348	0.934955419505528	0.947477452311879	1	0.912782447838188	0.985591316192103	0.996242520810137	1	0.998595887841491	0.999992931816664
ENSFCAG00000001865:XPC	0	0	0	0	0	0	0	0	0	0.751892341611615	0.931030895088327	0.947698235555158	1	0.912782447838188	0.985591316192103	0.996242520810137	1	0.9986077738481	0.999992931816664
ENSFCAG00000006091:FURIN	0	0	0	0	0	0	0	0	0	0.751988016548854	0.931444836413434	0.947778580900205	1	0.912782447838188	0.985591316192103	0.996242520810137	1	0.998612086525565	0.999992931816664
ENSFCAG00000014491:PRKD1	0	0	0	0	0	0	0	0	0	0.753907471646601	0.925240898240323	0.947867262826686	1	0.912782447838188	0.985591316192103	0.996242520810137	1	0.998616838775912	0.999992931816664
ENSFCAG00000031292:ATXN7	0	0	0	0	0	0	0	0	0	0.751490077043688	0.936526592027875	0.948083641780192	1	0.912782447838188	0.985591316192103	0.996242520810137	1	0.998628399183597	0.999992931816664
ENSFCAG00000006093:FES	0	0	0	0	0	0	0	0	0	0.753627470083888	0.928814993248095	0.948148202327954	1	0.912782447838188	0.985591316192103	0.996242520810137	1	0.998631838872983	0.999992931816664
ENSFCAG00000000512:RPS6KA4	0	0	0	0	0	0	0	0	0	0.753611052530336	0.931040131479298	0.948375217636485	1	0.912782447838188	0.985591316192103	0.996242520810137	1	0.998643899004911	0.999992931816664
ENSFCAG00000018385:FGFR3	0	0	0	0	0	0	0	0	0	0.753498085225634	0.932101640013756	0.948439676407578	1	0.912782447838188	0.985591316192103	0.996242520810137	1	0.998647313455168	0.999992931816664
ENSFCAG00000006348:TRAF7	0	0	0	0	0	0	0	0	0	0.755112185298507	0.927713751887799	0.948609742083973	1	0.912782447838188	0.985591316192103	0.996242520810137	1	0.998656300990869	0.999992931816664
ENSFCAG00000015377:EML4	0	0	0	0	0	0	0	0	0	0.760297138205305	0.911595872223983	0.94866124103311	1	0.912782447838188	0.985591316192103	0.996242520810137	1	0.998659016564018	0.999992931816664
ENSFCAG00000011529:VAV2	0	0	0	0	0	0	0	0	0	0.758624435063416	0.916686679828694	0.948679471494254	1	0.912782447838188	0.985591316192103	0.996242520810137	1	0.998659977198111	0.999992931816664
ENSFCAG00000013582:PCSK7	0	0	0	0	0	0	0	0	0	0.754898996974372	0.929958231421531	0.948765990238674	1	0.912782447838188	0.985591316192103	0.996242520810137	1	0.998664531431755	0.999992931816664
ENSFCAG00000008289:SND1	0	0	0	0	0	0	0	0	0	0.757238084207651	0.923491025396109	0.948962521201187	1	0.912782447838188	0.985591316192103	0.996242520810137	1	0.998674847249936	0.999992931816664
ENSFCAG00000018470:BRIP1	0	0	0	0	0	0	0	0	0	0.757559861118146	0.922657836420924	0.948990379937456	1	0.912782447838188	0.985591316192103	0.996242520810137	1	0.998676306248052	0.999992931816664
ENSFCAG00000004892:DNM2	0	0	0	0	0	0	0	0	0	0.757047410066299	0.925285843629516	0.9490924778327	1	0.912782447838188	0.985591316192103	0.996242520810137	1	0.998681646256553	0.999992931816664
ENSFCAG00000018481:EPHA7	1	0	0	0	0	0	0	0	0	0.756822803704955	0.92789508466635	0.949292929494761	1	0.912782447838188	0.985591316192103	0.996242520810137	1	0.998692098496395	0.999992931816664
ENSFCAG00000024269:KIF5B	0	0	0	0	0	0	0	0	0	0.759413156711139	0.921562030569389	0.949573066118175	1	0.912782447838188	0.985591316192103	0.996242520810137	1	0.998706634875599	0.999992931816664
ENSFCAG00000008506:CYLD	0	0	0	0	0	0	0	0	0	0.757674267923826	0.927717803463048	0.949602238406902	1	0.912782447838188	0.985591316192103	0.996242520810137	1	0.998708143883382	0.999992931816664
ENSFCAG00000024529:RB1	0	0	0	0	0	0	0	0	0	0.762983608954295	0.911242618305978	0.949629202576709	1	0.912782447838188	0.985591316192103	0.996242520810137	1	0.998709537873824	0.999992931816664
ENSFCAG00000046155:REST	0	0	0	0	0	0	0	0	0	0.752815653209873	0.948605167056343	0.949644525975775	1	0.912782447838188	0.985591316192103	0.996242520810137	1	0.998710329719904	0.999992931816664
ENSFCAG00000028493:DIS3	0	0	0	0	0	0	0	0	0	0.759173663740367	0.923250533402842	0.949678203996012	1	0.912782447838188	0.985591316192103	0.996242520810137	1	0.998712069183449	0.999992931816664
ENSFCAG00000041663:PGR	0	0	0	0	0	0	0	0	0	0.756284505754374	0.9405123648277	0.950328769904087	1	0.912782447838188	0.985591316192103	0.996242520810137	1	0.998745436476921	0.999992931816664
ENSFCAG00000014965:NTRK3	0	0	0	0	0	0	0	0	0	0.759139072517739	0.929797040719124	0.950386876372963	1	0.912782447838188	0.985591316192103	0.996242520810137	1	0.998748395067119	0.999992931816664
ENSFCAG00000005052:VAV1	0	0	0	0	0	0	0	0	0	0.762983838364408	0.917270312006654	0.950406545151414	1	0.912782447838188	0.985591316192103	0.996242520810137	1	0.998749395731786	0.999992931816664
ENSFCAG00000004737:CBL	0	0	0	0	0	0	0	0	0	0.759879142146436	0.927399699057399	0.950412766902512	1	0.912782447838188	0.985591316192103	0.996242520810137	1	0.998749712183551	0.999992931816664
ENSFCAG00000007779:DNMT3B	0	0	0	0	0	0	0	0	0	0.762506237923878	0.921207579659063	0.950704821656569	1	0.912782447838188	0.985591316192103	0.996242520810137	1	0.998764520897758	0.999992931816664
ENSFCAG00000015643:AXIN1	0	0	0	0	0	0	0	0	0	0.756962319584301	0.942662317731779	0.950779529403094	1	0.912782447838188	0.985591316192103	0.996242520810137	1	0.998768294562514	0.999992931816664
ENSFCAG00000005619:EXT2	0	0	0	0	0	0	0	0	0	0.759369486065582	0.933988536012608	0.950903421063724	1	0.912782447838188	0.985591316192103	0.996242520810137	1	0.998774539683896	0.999992931816664
ENSFCAG00000001719:CTNNA1	0	0	0	0	0	0	0	0	0	0.760500736182403	0.930400859661881	0.950969961352621	1	0.912782447838188	0.985591316192103	0.996242520810137	1	0.998777887178751	0.999992931816664
ENSFCAG00000013266:SMAD2	0	0	0	0	0	0	0	0	0	0.758446973845828	0.941143050370019	0.951219716950417	1	0.912782447838188	0.985591316192103	0.996242520810137	1	0.998790410298701	0.999992931816664
ENSFCAG00000010530:DDR1	0	0	0	0	0	0	0	0	0	0.760334178042976	0.933820346466553	0.951255048831052	1	0.912782447838188	0.985591316192103	0.996242520810137	1	0.998792176597134	0.999992931816664
ENSFCAG00000000746:AGO1	0	0	0	0	0	0	0	0	0	0.763344992628742	0.925412780432968	0.951505241158103	1	0.912782447838188	0.985591316192103	0.996242520810137	1	0.998804646574849	0.999992931816664
ENSFCAG00000006007:LZTR1	0	0	0	0	0	0	0	0	0	0.762714553076576	0.928772706440145	0.951636208840097	1	0.912782447838188	0.985591316192103	0.996242520810137	1	0.998811147976362	0.999992931816664
ENSFCAG00000026268:INPP4B	0	0	0	0	0	0	0	0	0	0.764690291318286	0.924638353888003	0.951921868111941	1	0.912782447838188	0.985591316192103	0.996242520810137	1	0.998825265936681	0.999992931816664
ENSFCAG00000008135:TNFAIP3	0	0	0	0	0	0	0	0	0	0.760657751755455	0.940410566789469	0.952000351923637	1	0.912782447838188	0.985591316192103	0.996242520810137	1	0.998829129780759	0.999992931816664
ENSFCAG00000006913:NTRK1	0	0	0	0	0	0	0	0	0	0.761733976406567	0.936077217889261	0.952007258509379	1	0.912782447838188	0.985591316192103	0.996242520810137	1	0.998829469489792	0.999992931816664
ENSFCAG00000013448:MSH2	0	0	0	0	0	0	0	0	0	0.764716564683315	0.925323829234219	0.952009032225176	1	0.912782447838188	0.985591316192103	0.996242520810137	1	0.99882955672413	0.999992931816664
ENSFCAG00000012620:TYRO3	0	0	0	0	0	0	0	0	0	0.763863897586622	0.92880538384608	0.95207180178362	1	0.912782447838188	0.985591316192103	0.996242520810137	1	0.998832641709234	0.999992931816664
ENSFCAG00000007090:FBXO11	0	0	0	0	0	0	0	0	0	0.766023383449364	0.923015163972771	0.952232203523056	1	0.912782447838188	0.985591316192103	0.996242520810137	1	0.998840506301391	0.999992931816664
ENSFCAG00000027650:EPS15	0	0	0	0	0	0	0	0	0	0.766514843339786	0.923113903410433	0.952425883849241	1	0.912782447838188	0.985591316192103	0.996242520810137	1	0.9988499665533	0.999992931816664
ENSFCAG00000013987:MALT1	0	0	0	0	0	0	0	0	0	0.765240285618361	0.928820196752366	0.952587996051221	1	0.912782447838188	0.985591316192103	0.996242520810137	1	0.998857854590535	0.999992931816664
ENSFCAG00000014971:CBFA2T3	0	0	0	0	0	0	0	0	0	0.761839800998426	0.942055368880294	0.952594380189453	1	0.912782447838188	0.985591316192103	0.996242520810137	1	0.99885816466456	0.999992931816664
ENSFCAG00000026883:PIK3R2	0	0	0	0	0	0	0	0	0	0.763722827281143	0.937862494142457	0.952926498538037	1	0.912782447838188	0.985591316192103	0.996242520810137	1	0.998874236465031	0.999992931816664
ENSFCAG00000008675:NUP93	0	0	0	0	0	0	0	0	0	0.76787636439666	0.924681774549561	0.953108421352591	1	0.912782447838188	0.985591316192103	0.996242520810137	1	0.998882990964897	0.999992931816664
ENSFCAG00000007325:AR	0	0	0	0	0	0	0	0	0	0.76397191467434	0.939186683127227	0.953142359853528	1	0.912782447838188	0.985591316192103	0.996242520810137	1	0.998884620311921	0.999992931816664
ENSFCAG00000010119:SNX29	0	0	0	0	0	0	0	0	0	0.766536295622571	0.931309111039069	0.953331683842326	1	0.912782447838188	0.985591316192103	0.996242520810137	1	0.998893687358955	0.999992931816664
ENSFCAG00000013612:FGFR1	0	0	0	0	0	0	0	0	0	0.766511268199365	0.932024618869037	0.953395983143572	1	0.912782447838188	0.985591316192103	0.996242520810137	1	0.998896758208152	0.999992931816664
ENSFCAG00000009081:NTRK2	0	0	0	0	0	0	0	0	0	0.767270414216711	0.929655697637511	0.953430377595507	1	0.912782447838188	0.985591316192103	0.996242520810137	1	0.998898399061236	0.999992931816664
ENSFCAG00000010755:PRDM1	0	0	0	0	0	0	0	0	0	0.761893220313735	0.952423673129268	0.95343595078483	1	0.912782447838188	0.985591316192103	0.996242520810137	1	0.998898664824072	0.999992931816664
ENSFCAG00000013131:EZH1	0	0	0	0	0	0	0	0	0	0.770052780362296	0.921483804971154	0.95353526582252	1	0.912782447838188	0.985591316192103	0.996242520810137	1	0.998903395293473	0.999992931816664
ENSFCAG00000015491:PMS1	0	0	0	0	0	0	0	0	0	0.767069675910909	0.931791979963239	0.953578947376258	1	0.912782447838188	0.985591316192103	0.996242520810137	1	0.998905472611882	0.999992931816664
ENSFCAG00000012236:MEN1	0	0	0	0	0	0	0	0	0	0.764509471367864	0.942547623693145	0.95364259406532	1	0.912782447838188	0.985591316192103	0.996242520810137	1	0.998908495809762	0.999992931816664
ENSFCAG00000002679:ERCC2	0	0	0	0	0	0	0	0	0	0.767975249658852	0.929574887588001	0.95368182376153	1	0.912782447838188	0.985591316192103	0.996242520810137	1	0.998910357092083	0.999992931816664
ENSFCAG00000007246:DDX10	0	0	0	0	0	0	0	0	0	0.766630053903462	0.934872935745345	0.953725279357968	1	0.912782447838188	0.985591316192103	0.996242520810137	1	0.998912416991583	0.999992931816664
ENSFCAG00000027384:ARID3A	1	0	0	0	0	0	0	0	0	0.763157512473601	0.950737476344911	0.953791268412818	1	0.912782447838188	0.985591316192103	0.996242520810137	1	0.998915541244804	0.999992931816664
ENSFCAG00000026041:SMO	0	0	0	0	0	0	0	0	0	0.766268913186136	0.936986289713607	0.953795006401494	1	0.912782447838188	0.985591316192103	0.996242520810137	1	0.998915718083322	0.999992931816664
ENSFCAG00000025772:MST1	0	0	0	0	0	0	0	0	0	0.769210190213053	0.927607527583864	0.953923765427194	1	0.912782447838188	0.985591316192103	0.996242520810137	1	0.99892180053266	0.999992931816664
ENSFCAG00000029266:CSDE1	0	0	0	0	0	0	0	0	0	0.769517928380902	0.928635008897103	0.954147673301888	1	0.912782447838188	0.985591316192103	0.996242520810137	1	0.998932336331602	0.999992931816664
ENSFCAG00000008145:CUL3	0	0	0	0	0	0	0	0	0	0.770581117090435	0.92538008039652	0.954177457274538	1	0.912782447838188	0.985591316192103	0.996242520810137	1	0.998933733831882	0.999992931816664
ENSFCAG00000022869:PIK3C3	0	0	0	0	0	0	0	0	0	0.77339737993535	0.917138573259756	0.954216224234363	1	0.912782447838188	0.985591316192103	0.996242520810137	1	0.998935551432302	0.999992931816664
ENSFCAG00000003692:FGFR2	0	0	0	0	0	0	0	0	0	0.768874956775707	0.931546373384604	0.95421875417461	1	0.912782447838188	0.985591316192103	0.996242520810137	1	0.998935669994555	0.999992931816664
ENSFCAG00000013629:EPAS1	0	0	0	0	0	0	0	0	0	0.768507889771661	0.93289339680051	0.954221459782586	1	0.912782447838188	0.985591316192103	0.996242520810137	1	0.998935796781818	0.999992931816664
ENSFCAG00000030995:AXL	0	0	0	0	0	0	0	0	0	0.770656858751709	0.926293431744208	0.954307136003748	1	0.912782447838188	0.985591316192103	0.996242520810137	1	0.99893980768022	0.999992931816664
ENSFCAG00000009163:DDR2	0	0	0	0	0	0	0	0	0	0.769554293427885	0.930870849152183	0.954397627501677	1	0.912782447838188	0.985591316192103	0.996242520810137	1	0.998944035651423	0.999992931816664
ENSFCAG00000026219:ETAA1	0	0	0	0	0	0	0	0	0	0.767262559593016	0.941557893946649	0.954581043577505	1	0.912782447838188	0.985591316192103	0.996242520810137	1	0.998952578954014	0.999992931816664
ENSFCAG00000002153:STAT5A	0	0	0	0	0	0	0	0	0	0.770729234545752	0.929549075001038	0.954687226969179	1	0.912782447838188	0.985591316192103	0.996242520810137	1	0.998957508742747	0.999992931816664
ENSFCAG00000010859:IL6ST	0	0	0	0	0	0	0	0	0	0.771491883300558	0.928301848310036	0.954830545560497	1	0.912782447838188	0.985591316192103	0.996242520810137	1	0.998964143884232	0.999992931816664
ENSFCAG00000008901:BACH2	0	0	0	0	0	0	0	0	0	0.765888831415912	0.951170877003286	0.954846683293042	1	0.912782447838188	0.985591316192103	0.996242520810137	1	0.998964889656346	0.999992931816664
ENSFCAG00000040223:TBX3	0	0	0	0	0	0	0	0	0	0.765179713903237	0.956152119003951	0.954929090691082	1	0.912782447838188	0.985591316192103	0.996242520810137	1	0.99896869369239	0.999992931816664
ENSFCAG00000005630:BRSK1	0	0	0	0	0	0	0	0	0	0.771470308401173	0.930743346081417	0.955082185420217	1	0.912782447838188	0.985591316192103	0.996242520810137	1	0.998975741873021	0.999992931816664
ENSFCAG00000014571:STAT6	0	0	0	0	0	0	0	0	0	0.773208390719864	0.925031885541366	0.955088552125175	1	0.912782447838188	0.985591316192103	0.996242520810137	1	0.99897603445209	0.999992931816664
ENSFCAG00000006989:ERCC3	0	0	0	0	0	0	0	0	0	0.770833482721784	0.934310785685905	0.955213733996693	1	0.912782447838188	0.985591316192103	0.996242520810137	1	0.998981778508234	0.999992931816664
ENSFCAG00000022073:DTX1	0	0	0	0	0	0	0	0	0	0.767727003145317	0.948893708317949	0.955357387124668	1	0.912782447838188	0.985591316192103	0.996242520810137	1	0.998988349915954	0.999992931816664
ENSFCAG00000016224:FGFR4	0	0	0	0	0	0	0	0	0	0.771949151331931	0.933312413957576	0.955518990811756	1	0.912782447838188	0.985591316192103	0.996242520810137	1	0.998995716653693	0.999992931816664
ENSFCAG00000025327:GMPS	0	0	0	0	0	0	0	0	0	0.772103079680095	0.934276554749043	0.955670947972885	1	0.912782447838188	0.985591316192103	0.996242520810137	1	0.999002618719503	0.999992931816664
ENSFCAG00000006810:BCL6	0	0	0	0	0	0	0	0	0	0.768904722881832	0.954811934668105	0.956220254058967	1	0.912782447838188	0.985591316192103	0.996242520810137	1	0.999027367311914	0.999992931816664
ENSFCAG00000012847:BRAF	0	0	0	0	0	0	0	0	0	0.778022141273375	0.922708979374461	0.956533263069895	1	0.912782447838188	0.985591316192103	0.996242520810137	1	0.999041328562104	0.999992931816664
ENSFCAG00000045924:FBXO31	0	0	0	0	0	0	0	0	0	0.77165557489016	0.946406281614177	0.956599744905493	1	0.912782447838188	0.985591316192103	0.996242520810137	1	0.999044280685637	0.999992931816664
ENSFCAG00000009125:ARHGAP26	0	0	0	0	0	0	0	0	0	0.777528616885834	0.92538625794151	0.956666900060101	1	0.912782447838188	0.985591316192103	0.996242520810137	1	0.999047258017089	0.999992931816664
ENSFCAG00000011776:LMNA	0	0	0	0	0	0	0	0	0	0.772230881500677	0.945397220896621	0.956725962789589	1	0.912782447838188	0.985591316192103	0.996242520810137	1	0.999049872673717	0.999992931816664
ENSFCAG00000005710:BRD3	0	0	0	0	0	0	0	0	0	0.771784335696285	0.948020156723474	0.95677485906377	1	0.912782447838188	0.985591316192103	0.996242520810137	1	0.999052034511254	0.999992931816664
ENSFCAG00000003470:CTNNB1	0	0	0	0	0	0	0	0	0	0.775168626696842	0.93626514678476	0.956966594125039	1	0.912782447838188	0.985591316192103	0.996242520810137	1	0.999060487531115	0.999992931816664
ENSFCAG00000014042:CNOT3	0	0	0	0	0	0	0	0	0	0.776415965679482	0.932341239459975	0.95702104406948	1	0.912782447838188	0.985591316192103	0.996242520810137	1	0.999062881060629	0.999992931816664
ENSFCAG00000024456:MDM2	0	0	0	0	0	0	0	0	0	0.775424962996551	0.937257662689468	0.957152768275236	1	0.912782447838188	0.985591316192103	0.996242520810137	1	0.999068658626739	0.999992931816664
ENSFCAG00000003427:HIF1A	0	0	0	0	0	0	0	0	0	0.777990533222465	0.932743690515642	0.957618479181574	1	0.912782447838188	0.985591316192103	0.996242520810137	1	0.999088939884014	0.999992931816664
ENSFCAG00000014440:COP1	0	0	0	0	0	0	0	0	0	0.779874492291872	0.926806545566759	0.957648282317694	1	0.912782447838188	0.985591316192103	0.996242520810137	1	0.999090230069723	0.999992931816664
ENSFCAG00000006532:GTSE1	0	0	0	0	0	0	0	0	0	0.775175013026889	0.945479930101955	0.957791269096193	1	0.912782447838188	0.985591316192103	0.996242520810137	1	0.999096407106337	0.999992931816664
ENSFCAG00000003644:ARNT	0	0	0	0	0	0	0	0	0	0.781526305913183	0.924935670404998	0.95801229274193	1	0.912782447838188	0.985591316192103	0.996242520810137	1	0.999105913340772	0.999992931816664
ENSFCAG00000006882:ZNF384	0	0	0	0	0	0	0	0	0	0.77789290341406	0.938289644746994	0.958124528486459	1	0.912782447838188	0.985591316192103	0.996242520810137	1	0.999110721081709	0.999992931816664
ENSFCAG00000028024:KDSR	0	0	0	0	0	0	0	0	0	0.777076378634047	0.941819910105311	0.958155850249093	1	0.912782447838188	0.985591316192103	0.996242520810137	1	0.999112060437123	0.999992931816664
ENSFCAG00000025031:HOOK3	0	0	0	0	0	0	0	0	0	0.784153943743089	0.918953012204283	0.958208303680669	1	0.912782447838188	0.985591316192103	0.996242520810137	1	0.999114301114474	0.999992931816664
ENSFCAG00000003444:RAD54L	0	0	0	0	0	0	0	0	0	0.779938348180412	0.932224413421869	0.958248192589553	1	0.912782447838188	0.985591316192103	0.996242520810137	1	0.999116003145282	0.999992931816664
ENSFCAG00000012784:STRN	0	0	0	0	0	0	0	0	0	0.780610338109973	0.930586341553152	0.958312295862104	1	0.912782447838188	0.985591316192103	0.996242520810137	1	0.999118734907105	0.999992931816664
ENSFCAG00000014246:CUL4A	0	0	0	0	0	0	0	0	0	0.782654254807576	0.924624530445681	0.958366135000908	1	0.912782447838188	0.985591316192103	0.996242520810137	1	0.999121025949645	0.999992931816664
ENSFCAG00000013269:CSF3R	0	0	0	0	0	0	0	0	0	0.780350036776013	0.933088869645163	0.958479759274737	1	0.912782447838188	0.985591316192103	0.996242520810137	1	0.999125851130479	0.999992931816664
ENSFCAG00000030357:NBN	0	0	0	0	0	0	0	0	0	0.781298449392928	0.930804172101779	0.95857405162247	1	0.912782447838188	0.985591316192103	0.996242520810137	1	0.999129845132452	0.999992931816664
ENSFCAG00000010312:BARD1	0	0	0	0	0	0	0	0	0	0.778467592497113	0.941921608952303	0.958655568330793	1	0.912782447838188	0.985591316192103	0.996242520810137	1	0.999133290513007	0.999992931816664
ENSFCAG00000013696:IKBKB	0	0	0	0	0	0	0	0	0	0.784458186434192	0.922011947042885	0.958680797062667	1	0.912782447838188	0.985591316192103	0.996242520810137	1	0.999134355424526	0.999992931816664
ENSFCAG00000015711:BAP1	0	0	0	0	0	0	0	0	0	0.779565699509537	0.938092722207049	0.958693438555119	1	0.912782447838188	0.985591316192103	0.996242520810137	1	0.999134888775618	0.999992931816664
ENSFCAG00000006344:CD276	0	0	0	0	0	0	0	0	0	0.776981038755851	0.949769710823044	0.958772876103448	1	0.912782447838188	0.985591316192103	0.996242520810137	1	0.999138236472027	0.999992931816664
ENSFCAG00000000814:HSP90AA1	0	0	0	0	0	0	0	0	0	0.778285351007413	0.944814594261612	0.95883901622657	1	0.912782447838188	0.985591316192103	0.996242520810137	1	0.999141018760474	0.999992931816664
ENSFCAG00000023514:TCF3	0	0	0	0	0	0	0	0	0	0.780340608572265	0.937028856992697	0.958863490390756	1	0.912782447838188	0.985591316192103	0.996242520810137	1	0.999142047148264	0.999992931816664
ENSFCAG00000042003:ASPSCR1	0	0	0	0	0	0	0	0	0	0.779226503998359	0.942588939339243	0.958980214390771	1	0.912782447838188	0.985591316192103	0.996242520810137	1	0.999146943217764	0.999992931816664
ENSFCAG00000027069:GATA6	0	0	0	0	0	0	0	0	0	0.777111919788368	0.954869796764243	0.959186426352713	1	0.912782447838188	0.985591316192103	0.996242520810137	1	0.99915555820238	0.999992931816664
ENSFCAG00000003928:NCSTN	0	0	0	0	0	0	0	0	0	0.781745922150459	0.935530744630893	0.959207078783554	1	0.912782447838188	0.985591316192103	0.996242520810137	1	0.999156418563253	0.999992931816664
ENSFCAG00000024086:NRG1	0	0	0	0	0	0	0	0	0	0.781369309087785	0.937049883908189	0.959223061361202	1	0.912782447838188	0.985591316192103	0.996242520810137	1	0.999157084077216	0.999992931816664
ENSFCAG00000042862:SFPQ	0	0	0	0	0	0	0	0	0	0.779236618186462	0.946504430114187	0.959311945750676	1	0.912782447838188	0.985591316192103	0.996242520810137	1	0.999160780361507	0.999992931816664
ENSFCAG00000023797:SUZ12	0	0	0	0	0	0	0	0	0	0.783004881064083	0.933435430081697	0.959433656564185	1	0.912782447838188	0.985591316192103	0.996242520810137	1	0.999165828383322	0.999992931816664
ENSFCAG00000013778:IKBKE	0	0	0	0	0	0	0	0	0	0.784547265238436	0.929291691642984	0.959531356335493	1	0.912782447838188	0.985591316192103	0.996242520810137	1	0.99916986936272	0.999992931816664
ENSFCAG00000025491:ELP2	0	0	0	0	0	0	0	0	0	0.785844995137413	0.925688708245837	0.959576866101239	1	0.912782447838188	0.985591316192103	0.996242520810137	1	0.999171748304849	0.999992931816664
ENSFCAG00000001371:MLH1	0	0	0	0	0	0	0	0	0	0.78418667306172	0.931205670960507	0.959610422741096	1	0.912782447838188	0.985591316192103	0.996242520810137	1	0.999173132360917	0.999992931816664
ENSFCAG00000011030:PIK3R1	0	0	0	0	0	0	0	0	0	0.786299398593616	0.924687321944912	0.959617171035037	1	0.912782447838188	0.985591316192103	0.996242520810137	1	0.999173410555086	0.999992931816664
ENSFCAG00000015184:ALOX12B	0	0	0	0	0	0	0	0	0	0.782167291090935	0.938436533848782	0.959629899251882	1	0.912782447838188	0.985591316192103	0.996242520810137	1	0.999173935138645	0.999992931816664
ENSFCAG00000027102:GAB1	0	0	0	0	0	0	0	0	0	0.783736136703628	0.933174449091482	0.959658388407056	1	0.912782447838188	0.985591316192103	0.996242520810137	1	0.9991751086852	0.999992931816664
ENSFCAG00000018634:STAT4	0	0	0	0	0	0	0	0	0	0.786941807586125	0.923396948598302	0.959685489294222	1	0.912782447838188	0.985591316192103	0.996242520810137	1	0.999176224260247	0.999992931816664
ENSFCAG00000042984:EXT1	0	0	0	0	0	0	0	0	0	0.782597533120824	0.93811334445315	0.959748203764109	1	0.912782447838188	0.985591316192103	0.996242520810137	1	0.999178802890462	0.999992931816664
ENSFCAG00000025219:MRE11	0	0	0	0	0	0	0	0	0	0.786892925673069	0.924358118724564	0.959779979309283	1	0.912782447838188	0.985591316192103	0.996242520810137	1	0.999180107841013	0.999992931816664
ENSFCAG00000009029:TOP1	0	0	0	0	0	0	0	0	0	0.787160167886788	0.923773336120017	0.959802707479145	1	0.912782447838188	0.985591316192103	0.996242520810137	1	0.999181040590758	0.999992931816664
ENSFCAG00000044781:ELN	0	0	0	0	0	0	0	0	0	0.789055355127399	0.918710115144431	0.959832836406559	1	0.912782447838188	0.985591316192103	0.996242520810137	1	0.999182276233311	0.999992931816664
ENSFCAG00000001812:MYB	0	0	0	0	0	0	0	0	0	0.785469057474084	0.930661586490862	0.959990665795357	1	0.912782447838188	0.985591316192103	0.996242520810137	1	0.999188733653215	0.999992931816664
ENSFCAG00000011809:ACSL3	0	0	0	0	0	0	0	0	0	0.783770723748849	0.936589857616054	0.960007060340949	1	0.912782447838188	0.985591316192103	0.996242520810137	1	0.999189402930682	0.999992931816664
ENSFCAG00000014304:ASMTL	0	0	0	0	0	0	0	0	0	0.782755226992406	0.940903890310143	0.96005806675577	1	0.912782447838188	0.985591316192103	0.996242520810137	1	0.999191483384147	0.999992931816664
ENSFCAG00000030250:CMTR2	0	0	0	0	0	0	0	0	0	0.779941713926992	0.955270326567121	0.960209480378262	1	0.912782447838188	0.985591316192103	0.996242520810137	1	0.999197643292737	0.999992931816664
ENSFCAG00000003694:TFRC	0	0	0	0	0	0	0	0	0	0.785306677322493	0.933830502866282	0.960260825431377	1	0.912782447838188	0.985591316192103	0.996242520810137	1	0.999199726724741	0.999992931816664
ENSFCAG00000018774:TCF7L2	0	0	0	0	0	0	0	0	0	0.786202492697673	0.932711191081091	0.96045174803742	1	0.912782447838188	0.985591316192103	0.996242520810137	1	0.999207449722287	0.999992931816664
ENSFCAG00000002630:PPM1F	0	0	0	0	0	0	0	0	0	0.784298775877369	0.940050184492592	0.960511122677753	1	0.912782447838188	0.985591316192103	0.996242520810137	1	0.999209843744908	0.999992931816664
ENSFCAG00000030227:FOXO3	0	0	0	0	0	0	0	0	0	0.780485803683587	0.957998809840891	0.960578331896547	1	0.912782447838188	0.985591316192103	0.996242520810137	1	0.999212549233958	0.999992931816664
ENSFCAG00000023537:MLLT1	0	0	0	0	0	0	0	0	0	0.782932879040726	0.948005988285845	0.960716332265767	1	0.912782447838188	0.985591316192103	0.996242520810137	1	0.999218089661516	0.999992931816664
ENSFCAG00000002431:RXRA	0	0	0	0	0	0	0	0	0	0.783294498498237	0.948107394830788	0.960848795598347	1	0.912782447838188	0.985591316192103	0.996242520810137	1	0.999223389142809	0.999992931816664
ENSFCAG00000004893:CARM1	0	0	0	0	0	0	0	0	0	0.785830189282116	0.938103029378208	0.960853337095495	1	0.912782447838188	0.985591316192103	0.996242520810137	1	0.999223570511402	0.999992931816664
ENSFCAG00000003492:CTCF	0	0	0	0	0	0	0	0	0	0.784280264556047	0.944184171931044	0.960867156675044	1	0.912782447838188	0.985591316192103	0.996242520810137	1	0.999224122276154	0.999992931816664
ENSFCAG00000011083:TSHR	0	0	0	0	0	0	0	0	0	0.784309567361913	0.944521103150153	0.960905576480955	1	0.912782447838188	0.985591316192103	0.996242520810137	1	0.999225655192679	0.999992931816664
ENSFCAG00000026205:ZBTB16	0	0	0	0	0	0	0	0	0	0.783155247585905	0.951176817521138	0.961034812188874	1	0.912782447838188	0.985591316192103	0.996242520810137	1	0.999230800310016	0.999992931816664
ENSFCAG00000025248:ARAF	0	0	0	0	0	0	0	0	0	0.786468518829613	0.939432661920934	0.961193144535195	1	0.912782447838188	0.985591316192103	0.996242520810137	1	0.99923708013096	0.999992931816664
ENSFCAG00000024132:TNFRSF11A	0	0	0	0	0	0	0	0	0	0.785124093823706	0.945026296655956	0.961226037239339	1	0.912782447838188	0.985591316192103	0.996242520810137	1	0.999238381458343	0.999992931816664
ENSFCAG00000007469:GOLGA5	0	0	0	0	0	0	0	0	0	0.78822006617827	0.934543670006877	0.96131638143486	1	0.912782447838188	0.985591316192103	0.996242520810137	1	0.999241949936116	0.999992931816664
ENSFCAG00000029965:SLC34A2	0	0	0	0	0	0	0	0	0	0.784954837693894	0.947234233448035	0.96134845572085	1	0.912782447838188	0.985591316192103	0.996242520810137	1	0.999243214786253	0.999992931816664
ENSFCAG00000012034:SETDB2	0	0	0	0	0	0	0	0	0	0.789655432170821	0.93070542221672	0.961403843177503	1	0.912782447838188	0.985591316192103	0.996242520810137	1	0.999245396472255	0.999992931816664
ENSFCAG00000023059:FOXP1	0	0	0	0	0	0	0	0	0	0.79023695716618	0.932426426136218	0.961776047441372	1	0.912782447838188	0.985591316192103	0.996242520810137	1	0.999259974662802	0.999992931816664
ENSFCAG00000007271:FLYWCH1	0	0	0	0	0	0	0	0	0	0.785425877226846	0.950774851520122	0.96178249680682	1	0.912782447838188	0.985591316192103	0.996242520810137	1	0.999260225996518	0.999992931816664
ENSFCAG00000000790:TP63	0	0	0	0	0	0	0	0	0	0.788770361477341	0.93953640222397	0.961977637128589	1	0.912782447838188	0.985591316192103	0.996242520810137	1	0.999267810224316	0.999992931816664
ENSFCAG00000006991:SRC	0	0	0	0	0	0	0	0	0	0.789541460648973	0.937823373452758	0.96207594001249	1	0.912782447838188	0.985591316192103	0.996242520810137	1	0.99927161582213	0.999992931816664
ENSFCAG00000012518:KEAP1	0	0	0	0	0	0	0	0	0	0.786612431336011	0.949788089247661	0.962111118946383	1	0.912782447838188	0.985591316192103	0.996242520810137	1	0.9992729752631	0.999992931816664
ENSFCAG00000008744:SEPTIN6	0	0	0	0	0	0	0	0	0	0.787940508009834	0.944214761474094	0.962111567532731	1	0.912782447838188	0.985591316192103	0.996242520810137	1	0.999272992589789	0.999992931816664
ENSFCAG00000014214:SYK	0	0	0	0	0	0	0	0	0	0.787727022397629	0.945100026892062	0.962114013000688	1	0.912782447838188	0.985591316192103	0.996242520810137	1	0.99927308704254	0.999992931816664
ENSFCAG00000004020:DAXX	0	0	0	0	0	0	0	0	0	0.787934835850677	0.948644596810094	0.962469448016474	1	0.912782447838188	0.985591316192103	0.996242520810137	1	0.999286749120675	0.999992931816664
ENSFCAG00000006633:CLP1	0	0	0	0	0	0	0	0	0	0.787364351957559	0.952419888099331	0.962560309154755	1	0.912782447838188	0.985591316192103	0.996242520810137	1	0.999290220539067	0.999992931816664
ENSFCAG00000035160:FNBP1	0	0	0	0	0	0	0	0	0	0.791267496055079	0.937904295674388	0.962656791812279	1	0.912782447838188	0.985591316192103	0.996242520810137	1	0.99929389734262	0.999992931816664
ENSFCAG00000030862:NR4A3	0	0	0	0	0	0	0	0	0	0.788381548285341	0.949916708893503	0.962717404274769	1	0.912782447838188	0.985591316192103	0.996242520810137	1	0.999296202243294	0.999992931816664
ENSFCAG00000030253:PATZ1	0	0	0	0	0	0	0	0	0	0.787993873076838	0.952947830924276	0.962810293424627	1	0.912782447838188	0.985591316192103	0.996242520810137	1	0.999299727119205	0.999992931816664
ENSFCAG00000002807:SOX10	0	0	0	0	0	0	0	0	0	0.787151048369944	0.958014419704544	0.962867948866778	1	0.912782447838188	0.985591316192103	0.996242520810137	1	0.999301910469764	0.999992931816664
ENSFCAG00000010997:PRKAR1A	0	0	0	0	0	0	0	0	0	0.792013319028243	0.937671816989011	0.962881022638915	1	0.912782447838188	0.985591316192103	0.996242520810137	1	0.999302405079488	0.999992931816664
ENSFCAG00000009752:CRTC1	0	0	0	0	0	0	0	0	0	0.791818998016222	0.938882872786445	0.962930475867045	1	0.912782447838188	0.985591316192103	0.996242520810137	1	0.999304274398856	0.999992931816664
ENSFCAG00000003177:SH2B3	0	0	0	0	0	0	0	0	0	0.788703295612483	0.951911309280074	0.962973805296681	1	0.912782447838188	0.985591316192103	0.996242520810137	1	0.999305910152711	0.999992931816664
ENSFCAG00000007459:GAB2	0	0	0	0	0	0	0	0	0	0.791045498804705	0.942370658603395	0.962989212947052	1	0.912782447838188	0.985591316192103	0.996242520810137	1	0.99930649134575	0.999992931816664
ENSFCAG00000025339:DDX3X	0	0	0	0	0	0	0	0	0	0.79397068622023	0.932653390299165	0.963028324921571	1	0.912782447838188	0.985591316192103	0.996242520810137	1	0.999307965584075	0.999992931816664
ENSFCAG00000015395:BTK	0	0	0	0	0	0	0	0	0	0.794286063755438	0.931994616254121	0.963063331823737	1	0.912782447838188	0.985591316192103	0.996242520810137	1	0.999309283743743	0.999992931816664
ENSFCAG00000009399:SEPTIN9	0	0	0	0	0	0	0	0	0	0.790707696850143	0.94715411799219	0.963278245060966	1	0.912782447838188	0.985591316192103	0.996242520810137	1	0.999317348262944	0.999992931816664
ENSFCAG00000011053:PLK2	0	0	0	0	0	0	0	0	0	0.794241258444955	0.936482848676594	0.963497370824617	1	0.912782447838188	0.985591316192103	0.996242520810137	1	0.999325521487888	0.999992931816664
ENSFCAG00000031674:TCF12	0	0	0	0	0	0	0	0	0	0.796247088913825	0.930150445931831	0.963505389052587	1	0.912782447838188	0.985591316192103	0.996242520810137	1	0.9993258196165	0.999992931816664
ENSFCAG00000026299:RAF1	0	0	0	0	0	0	0	0	0	0.795237668080697	0.933780977089664	0.963554750090512	1	0.912782447838188	0.985591316192103	0.996242520810137	1	0.999327653457199	0.999992931816664
ENSFCAG00000007992:EZR	0	0	0	0	0	0	0	0	0	0.794265410809617	0.939116331879776	0.963754193213928	1	0.912782447838188	0.985591316192103	0.996242520810137	1	0.999335037336707	0.999992931816664
ENSFCAG00000012963:SAMHD1	0	0	0	0	0	0	0	0	0	0.795864812148437	0.936323779702998	0.964008865988599	1	0.912782447838188	0.985591316192103	0.996242520810137	1	0.999344405955911	0.999992931816664
ENSFCAG00000001108:SETD3	0	0	0	0	0	0	0	0	0	0.795474626948722	0.937720404512316	0.964016370383612	1	0.912782447838188	0.985591316192103	0.996242520810137	1	0.999344680998705	0.999992931816664
ENSFCAG00000012383:MPEG1	0	0	0	0	0	0	0	0	0	0.790889434552224	0.957344383530966	0.964076916764061	1	0.912782447838188	0.985591316192103	0.996242520810137	1	0.999346897940769	0.999992931816664
ENSFCAG00000009978:WIF1	0	0	0	0	0	0	0	0	0	0.793466273892877	0.947573625241946	0.964221153018618	1	0.912782447838188	0.985591316192103	0.996242520810137	1	0.999352163919411	0.999992931816664
ENSFCAG00000029123:PICALM	0	0	0	0	0	0	0	0	0	0.798887690973848	0.929311400889279	0.96426124021242	1	0.912782447838188	0.985591316192103	0.996242520810137	1	0.999353623646941	0.999992931816664
ENSFCAG00000005955:PAK5	1	0	0	0	0	0	0	0	0	0.79509377258652	0.943395806501065	0.964405724446283	1	0.912782447838188	0.985591316192103	0.996242520810137	1	0.99935887104111	0.999992931816664
ENSFCAG00000008547:EBF1	0	0	0	0	0	0	0	0	0	0.795816313756233	0.940807046130041	0.964411999897898	1	0.912782447838188	0.985591316192103	0.996242520810137	1	0.999359098463122	0.999992931816664
ENSFCAG00000004287:PTPN6	0	0	0	0	0	0	0	0	0	0.796974053808907	0.93743109407744	0.964472709949275	1	0.912782447838188	0.985591316192103	0.996242520810137	1	0.999361296483608	0.999992931816664
ENSFCAG00000011327:FAF1	0	0	0	0	0	0	0	0	0	0.799233424340402	0.930918522657962	0.96454213853294	1	0.912782447838188	0.985591316192103	0.996242520810137	1	0.999363805476364	0.999992931816664
ENSFCAG00000041774:BIRC3	0	0	0	0	0	0	0	0	0	0.79554650173859	0.944309398966214	0.9646305250015	1	0.912782447838188	0.985591316192103	0.996242520810137	1	0.999366992333716	0.999992931816664
ENSFCAG00000009638:HNF1A	0	0	0	0	0	0	0	0	0	0.796545257414198	0.943945485045065	0.964922354972242	1	0.912782447838188	0.985591316192103	0.996242520810137	1	0.999377457028655	0.999992931816664
ENSFCAG00000012781:SHQ1	0	0	0	0	0	0	0	0	0	0.798243481591359	0.938375849333596	0.964968734154454	1	0.912782447838188	0.985591316192103	0.996242520810137	1	0.999379112005298	0.999992931816664
ENSFCAG00000015112:MPL	0	0	0	0	0	0	0	0	0	0.800545965119696	0.93140144635053	0.965008215029298	1	0.912782447838188	0.985591316192103	0.996242520810137	1	0.999380519068982	0.999992931816664
ENSFCAG00000004303:WDCP	0	0	0	0	0	0	0	0	0	0.794897491941408	0.951777262463147	0.965009576890482	1	0.912782447838188	0.985591316192103	0.996242520810137	1	0.999380567575698	0.999992931816664
ENSFCAG00000023085:CRTC3	0	0	0	0	0	0	0	0	0	0.798488575856316	0.939388942434676	0.965141206865644	1	0.912782447838188	0.985591316192103	0.996242520810137	1	0.999385246896947	0.999992931816664
ENSFCAG00000009580:PAX8	0	0	0	0	0	0	0	0	0	0.797569343272754	0.943221153156175	0.965189437574716	1	0.912782447838188	0.985591316192103	0.996242520810137	1	0.999386956958894	0.999992931816664
ENSFCAG00000004384:TGFBR2	0	0	0	0	0	0	0	0	0	0.796824509625079	0.948287570823423	0.965368108280421	1	0.912782447838188	0.985591316192103	0.996242520810137	1	0.999393270884491	0.999992931816664
ENSFCAG00000009182:LCP1	0	0	0	0	0	0	0	0	0	0.799632657607201	0.93827723333257	0.965401640140919	1	0.912782447838188	0.985591316192103	0.996242520810137	1	0.999394452159084	0.999992931816664
ENSFCAG00000004243:EWSR1	0	0	0	0	0	0	0	0	0	0.80184282381754	0.93149606498754	0.965425857545431	1	0.912782447838188	0.985591316192103	0.996242520810137	1	0.999395304575743	0.999992931816664
ENSFCAG00000022796:PGBD5	0	0	0	0	0	0	0	0	0	0.795284983393366	0.956723069955591	0.965479321001794	1	0.912782447838188	0.985591316192103	0.996242520810137	1	0.999397184259087	0.999992931816664
ENSFCAG00000014348:TEC	0	0	0	0	0	0	0	0	0	0.800862145147974	0.935416470862288	0.965515178635515	1	0.912782447838188	0.985591316192103	0.996242520810137	1	0.999398443293241	0.999992931816664
ENSFCAG00000043801:ZNF703	0	0	0	0	0	0	0	0	0	0.793243074963452	0.970522647148321	0.965575104665942	1	0.912782447838188	0.985591316192103	0.996242520810137	1	0.99940054444511	0.999992931816664
ENSFCAG00000028670:ETV5	0	0	0	0	0	0	0	0	0	0.800267903579132	0.940556683612524	0.965813083467729	1	0.912782447838188	0.985591316192103	0.996242520810137	1	0.999408851849641	0.999992931816664
ENSFCAG00000029172:KMT5A	0	0	0	0	0	0	0	0	0	0.797056548227586	0.9557438368733	0.965986837341004	1	0.912782447838188	0.985591316192103	0.996242520810137	1	0.999414880242383	0.999992931816664
ENSFCAG00000030888:RECQL	0	0	0	0	0	0	0	0	0	0.801844312673744	0.938503829780628	0.966120420046882	1	0.912782447838188	0.985591316192103	0.996242520810137	1	0.999419493645478	0.999992931816664
ENSFCAG00000013314:TIPARP	0	0	0	0	0	0	0	0	0	0.799019133276455	0.950663901876042	0.966253574350757	1	0.912782447838188	0.985591316192103	0.996242520810137	1	0.999424073871965	0.999992931816664
ENSFCAG00000003915:PPP2R1A	0	0	0	0	0	0	0	0	0	0.801946776935777	0.940024762561982	0.966293288951372	1	0.912782447838188	0.985591316192103	0.996242520810137	1	0.999425436417534	0.999992931816664
ENSFCAG00000002012:ARID3B	0	0	0	0	0	0	0	0	0	0.798685577711247	0.953291212075595	0.966339206197608	1	0.912782447838188	0.985591316192103	0.996242520810137	1	0.999427009731569	0.999992931816664
ENSFCAG00000009952:ITK	0	0	0	0	0	0	0	0	0	0.804783165858797	0.931637673909841	0.966355091098651	1	0.912782447838188	0.985591316192103	0.996242520810137	1	0.999427553505761	0.999992931816664
ENSFCAG00000010330:FUBP1	0	0	0	0	0	0	0	0	0	0.806367239150562	0.927771173956082	0.966427122869607	1	0.912782447838188	0.985591316192103	0.996242520810137	1	0.999430016031012	0.999992931816664
ENSFCAG00000026908:PRKCI	0	0	0	0	0	0	0	0	0	0.804824973751358	0.932268319164899	0.966433453911207	1	0.912782447838188	0.985591316192103	0.996242520810137	1	0.99943023221146	0.999992931816664
ENSFCAG00000012180:AKT2	0	0	0	0	0	0	0	0	0	0.802736943397351	0.938947502669768	0.966441135818251	1	0.912782447838188	0.985591316192103	0.996242520810137	1	0.999430494463017	0.999992931816664
ENSFCAG00000010003:TRAF3	0	0	0	0	0	0	0	0	0	0.800519861170836	0.947674840749018	0.966498420833592	1	0.912782447838188	0.985591316192103	0.996242520810137	1	0.999432448182796	0.999992931816664
ENSFCAG00000015088:KLHL6	0	0	0	0	0	0	0	0	0	0.799726294772554	0.951524756524362	0.966542480941938	1	0.912782447838188	0.985591316192103	0.996242520810137	1	0.999433948553774	0.999992931816664
ENSFCAG00000005890:SLC1A2	0	0	0	0	0	0	0	0	0	0.800250216300943	0.950246093799988	0.966612940962215	1	0.912782447838188	0.985591316192103	0.996242520810137	1	0.99943634374206	0.999992931816664
ENSFCAG00000006864:GPC3	0	0	0	0	0	0	0	0	0	0.800865544905441	0.949199865185573	0.966727294597935	1	0.912782447838188	0.985591316192103	0.996242520810137	1	0.999440220099562	0.999992931816664
ENSFCAG00000044523:SOX9	0	0	0	0	0	0	0	0	0	0.797613039710914	0.965812416066056	0.966766169960846	1	0.912782447838188	0.985591316192103	0.996242520810137	1	0.999441534814912	0.999992931816664
ENSFCAG00000031492:ESR1	0	0	0	0	0	0	0	0	0	0.800365666046096	0.954346400303951	0.966947227608346	1	0.912782447838188	0.985591316192103	0.996242520810137	1	0.99944763736066	0.999992931816664
ENSFCAG00000022148:FIP1L1	0	0	0	0	0	0	0	0	0	0.808546621544775	0.927295883649447	0.967037460553179	1	0.912782447838188	0.985591316192103	0.996242520810137	1	0.999450666002483	0.999992931816664
ENSFCAG00000004249:NF2	0	0	0	0	0	0	0	0	0	0.804268675965795	0.942327621325268	0.967223334610864	1	0.912782447838188	0.985591316192103	0.996242520810137	1	0.999456878275315	0.999992931816664
ENSFCAG00000006761:RUNX1	0	0	0	0	0	0	0	0	0	0.801884006451902	0.95275297425146	0.967313058113102	1	0.912782447838188	0.985591316192103	0.996242520810137	1	0.999459864226227	0.999992931816664
ENSFCAG00000000389:TRAF2	0	0	0	0	0	0	0	0	0	0.80278382090885	0.94954163403272	0.967355856632697	1	0.912782447838188	0.985591316192103	0.996242520810137	1	0.999461285606675	0.999992931816664
ENSFCAG00000011854:ALB	0	0	0	0	0	0	0	0	0	0.808412462580749	0.932007620852372	0.967503108481106	1	0.912782447838188	0.985591316192103	0.996242520810137	1	0.999466161519427	0.999992931816664
ENSFCAG00000013874:SGK1	0	0	0	0	0	0	0	0	0	0.805455031241968	0.94188117792784	0.96755029978918	1	0.912782447838188	0.985591316192103	0.996242520810137	1	0.999467719410847	0.999992931816664
ENSFCAG00000008222:RPN1	0	0	0	0	0	0	0	0	0	0.803120746507073	0.951333926706122	0.967596366265145	1	0.912782447838188	0.985591316192103	0.996242520810137	1	0.999469237948954	0.999992931816664
ENSFCAG00000030907:MAP3K7	0	0	0	0	0	0	0	0	0	0.808184156602614	0.93390362468792	0.967628041582139	1	0.912782447838188	0.985591316192103	0.996242520810137	1	0.999470280823537	0.999992931816664
ENSFCAG00000006814:LPP	0	0	0	0	0	0	0	0	0	0.803792689725913	0.949031242181442	0.967630739011755	1	0.912782447838188	0.985591316192103	0.996242520810137	1	0.999470369585496	0.999992931816664
ENSFCAG00000013821:MSN	0	0	0	0	0	0	0	0	0	0.805364554740398	0.944728863265335	0.967768666995683	1	0.912782447838188	0.985591316192103	0.996242520810137	1	0.999474898239108	0.999992931816664
ENSFCAG00000002574:TFE3	0	0	0	0	0	0	0	0	0	0.804909651202771	0.947257699726015	0.967836593551748	1	0.912782447838188	0.985591316192103	0.996242520810137	1	0.99947712127878	0.999992931816664
ENSFCAG00000001964:PDPK1	0	0	0	0	0	0	0	0	0	0.809258337849549	0.932804614868272	0.967840947456072	1	0.912782447838188	0.985591316192103	0.996242520810137	1	0.999477263606889	0.999992931816664
ENSFCAG00000009695:PTPN11	0	0	0	0	0	0	0	0	0	0.807520589768848	0.940663773668051	0.968073647357086	1	0.912782447838188	0.985591316192103	0.996242520810137	1	0.999484842016548	0.999992931816664
ENSFCAG00000014426:ESCO2	0	0	0	0	0	0	0	0	0	0.807466457526771	0.940914934168188	0.968079859302812	1	0.912782447838188	0.985591316192103	0.996242520810137	1	0.99948504355632	0.999992931816664
ENSFCAG00000024950:ARID5A	0	0	0	0	0	0	0	0	0	0.802061658640249	0.964085863826907	0.968086439333256	1	0.912782447838188	0.985591316192103	0.996242520810137	1	0.999485256994724	0.999992931816664
ENSFCAG00000009216:ATIC	0	0	0	0	0	0	0	0	0	0.80776221611623	0.942844637800154	0.968341059177967	1	0.912782447838188	0.985591316192103	0.996242520810137	1	0.999493481827717	0.999992931816664
ENSFCAG00000028305:FOXA1	0	0	0	0	0	0	0	0	0	0.802862878379753	0.964272385412216	0.968347568740601	1	0.912782447838188	0.985591316192103	0.996242520810137	1	0.999493691224455	0.999992931816664
ENSFCAG00000028455:PRF1	0	0	0	0	0	0	0	0	0	0.803034794015002	0.963661283313005	0.968367739284907	1	0.912782447838188	0.985591316192103	0.996242520810137	1	0.999494339783753	0.999992931816664
ENSFCAG00000003706:FANCC	0	0	0	0	0	0	0	0	0	0.810610757341504	0.934000597664026	0.968368880861069	1	0.912782447838188	0.985591316192103	0.996242520810137	1	0.999494376477183	0.999992931816664
ENSFCAG00000042921:IKZF1	0	0	0	0	0	0	0	0	0	0.805818377629803	0.951222751895792	0.968423567310534	1	0.912782447838188	0.985591316192103	0.996242520810137	1	0.999496132675261	0.999992931816664
ENSFCAG00000000308:WT1	0	0	0	0	0	0	0	0	0	0.808233520322112	0.943096536056314	0.968506163893878	1	0.912782447838188	0.985591316192103	0.996242520810137	1	0.999498779323711	0.999992931816664
ENSFCAG00000022556:HLF	0	0	0	0	0	0	0	0	0	0.804371790701645	0.959364775522838	0.968531811623274	1	0.912782447838188	0.985591316192103	0.996242520810137	1	0.999499599722531	0.999992931816664
ENSFCAG00000013473:RAD21	0	0	0	0	0	0	0	0	0	0.809738121185877	0.938953068597649	0.968587634434355	1	0.912782447838188	0.985591316192103	0.996242520810137	1	0.999501382989638	0.999992931816664
ENSFCAG00000023350:FYN	0	0	0	0	0	0	0	0	0	0.810374718016093	0.938192656102251	0.968707479681334	1	0.912782447838188	0.985591316192103	0.996242520810137	1	0.999505200594317	0.999992931816664
ENSFCAG00000027549:NCOA4	0	0	0	0	0	0	0	0	0	0.809756384780141	0.940365438165122	0.968723298428855	1	0.912782447838188	0.985591316192103	0.996242520810137	1	0.999505703384133	0.999992931816664
ENSFCAG00000001436:PRDM14	0	0	0	0	0	0	0	0	0	0.807004781142507	0.950463377933519	0.968730324030058	1	0.912782447838188	0.985591316192103	0.996242520810137	1	0.999505926605998	0.999992931816664
ENSFCAG00000043374:MYCN	0	0	0	0	0	0	0	0	0	0.803137393424726	0.97399199134694	0.968890285764097	1	0.912782447838188	0.985591316192103	0.996242520810137	1	0.999510995225673	0.999992931816664
ENSFCAG00000002211:NTHL1	0	0	0	0	0	0	0	0	0	0.805617721519819	0.959067795274283	0.96889837199782	1	0.912782447838188	0.985591316192103	0.996242520810137	1	0.999511250748433	0.999992931816664
ENSFCAG00000004913:EPOR	0	0	0	0	0	0	0	0	0	0.808390272244693	0.947237378975222	0.968900300741438	1	0.912782447838188	0.985591316192103	0.996242520810137	1	0.999511311686233	0.999992931816664
ENSFCAG00000030101:ERF	0	0	0	0	0	0	0	0	0	0.806431871386425	0.955488856404539	0.968915424720719	1	0.912782447838188	0.985591316192103	0.996242520810137	1	0.99951178938856	0.999992931816664
ENSFCAG00000044117:FANCG	0	0	0	0	0	0	0	0	0	0.812257422022203	0.934588821361711	0.968918655313249	1	0.912782447838188	0.985591316192103	0.996242520810137	1	0.99951189139867	0.999992931816664
ENSFCAG00000003512:DDX5	0	0	0	0	0	0	0	0	0	0.809115053428489	0.944944631498999	0.968930968926509	1	0.912782447838188	0.985591316192103	0.996242520810137	1	0.999512280118056	0.999992931816664
ENSFCAG00000006724:SLC45A3	0	0	0	0	0	0	0	0	0	0.805755042351302	0.959347021785819	0.968958020122969	1	0.912782447838188	0.985591316192103	0.996242520810137	1	0.999513133527848	0.999992931816664
ENSFCAG00000011506:PAK3	0	0	0	0	0	0	0	0	0	0.811036571969778	0.938890008850506	0.96897105391772	1	0.912782447838188	0.985591316192103	0.996242520810137	1	0.999513544447753	0.999992931816664
ENSFCAG00000009461:SMARCD1	0	0	0	0	0	0	0	0	0	0.811519139633658	0.937528601013912	0.968986481597178	1	0.912782447838188	0.985591316192103	0.996242520810137	1	0.999514030613718	0.999992931816664
ENSFCAG00000004957:AKT1	0	0	0	0	0	0	0	0	0	0.809165979948843	0.946009620057663	0.969035006512334	1	0.912782447838188	0.985591316192103	0.996242520810137	1	0.999515558157642	0.999992931816664
ENSFCAG00000008071:TMPRSS2	0	0	0	0	0	0	0	0	0	0.810666909884201	0.941651324865384	0.969112479183195	1	0.912782447838188	0.985591316192103	0.996242520810137	1	0.999517991928147	0.999992931816664
ENSFCAG00000012902:FANCE	0	0	0	0	0	0	0	0	0	0.808256787926198	0.95084264262514	0.96914021523025	1	0.912782447838188	0.985591316192103	0.996242520810137	1	0.999518861738525	0.999992931816664
ENSFCAG00000038609:FCRL4	0	0	0	0	0	0	0	0	0	0.809869443344706	0.945624726948427	0.969215194249856	1	0.912782447838188	0.985591316192103	0.996242520810137	1	0.999521209128761	0.999992931816664
ENSFCAG00000014365:CHEK2	0	0	0	0	0	0	0	0	0	0.811934283903475	0.940296595753977	0.969368483448939	1	0.912782447838188	0.985591316192103	0.996242520810137	1	0.99952599014809	0.999992931816664
ENSFCAG00000030898:NADK	0	0	0	0	0	0	0	0	0	0.809775663013279	0.948047446982528	0.969383663066981	1	0.912782447838188	0.985591316192103	0.996242520810137	1	0.999526462274254	0.999992931816664
ENSFCAG00000003395:RPS6KB2	0	0	0	0	0	0	0	0	0	0.811663369674338	0.941640468952211	0.969409098606906	1	0.912782447838188	0.985591316192103	0.996242520810137	1	0.999527252853796	0.999992931816664
ENSFCAG00000008018:REL	0	0	0	0	0	0	0	0	0	0.812426638177298	0.939448908256035	0.969436785130869	1	0.912782447838188	0.985591316192103	0.996242520810137	1	0.999528112639135	0.999992931816664
ENSFCAG00000012147:NFE2L2	0	0	0	0	0	0	0	0	0	0.809603983248471	0.949718837340096	0.969462407640213	1	0.912782447838188	0.985591316192103	0.996242520810137	1	0.999528907623479	0.999992931816664
ENSFCAG00000008765:PAX7	0	0	0	0	0	0	0	0	0	0.809549055896906	0.95069592345194	0.969520134332411	1	0.912782447838188	0.985591316192103	0.996242520810137	1	0.999530696216233	0.999992931816664
ENSFCAG00000029098:RAP1GDS1	0	0	0	0	0	0	0	0	0	0.812402575821639	0.940871778310745	0.969559801101591	1	0.912782447838188	0.985591316192103	0.996242520810137	1	0.999531923251416	0.999992931816664
ENSFCAG00000013654:PHF1	0	0	0	0	0	0	0	0	0	0.812053543456189	0.942120701820289	0.969567843837124	1	0.912782447838188	0.985591316192103	0.996242520810137	1	0.999532171844137	0.999992931816664
ENSFCAG00000012482:LCK	0	0	0	0	0	0	0	0	0	0.811479533526919	0.944785770947292	0.969627242783199	1	0.912782447838188	0.985591316192103	0.996242520810137	1	0.999534005738932	0.999992931816664
ENSFCAG00000000348:CDC73	0	0	0	0	0	0	0	0	0	0.81746059296352	0.927657632496776	0.969709449544858	1	0.912782447838188	0.985591316192103	0.996242520810137	1	0.999536537803983	0.999992931816664
ENSFCAG00000005490:FH	0	0	0	0	0	0	0	0	0	0.810189415111319	0.951814162930629	0.969796099237637	1	0.912782447838188	0.985591316192103	0.996242520810137	1	0.999539199172358	0.999992931816664
ENSFCAG00000029143:MAPKAP1	0	0	0	0	0	0	0	0	0	0.81682706616873	0.930744582264374	0.969861268827896	1	0.912782447838188	0.985591316192103	0.996242520810137	1	0.999541195697346	0.999992931816664
ENSFCAG00000004785:CBLC	0	0	0	0	0	0	0	0	0	0.811896114495251	0.948348594989985	0.970042240293791	1	0.912782447838188	0.985591316192103	0.996242520810137	1	0.999546716946341	0.999992931816664
ENSFCAG00000002126:TRAF5	0	0	0	0	0	0	0	0	0	0.812990267985405	0.944554345634547	0.970056362621134	1	0.912782447838188	0.985591316192103	0.996242520810137	1	0.999547146383473	0.999992931816664
ENSFCAG00000026440:TRIM27	0	0	0	0	0	0	0	0	0	0.811645701580055	0.951097787264509	0.970178835233935	1	0.912782447838188	0.985591316192103	0.996242520810137	1	0.999550861955088	0.999992931816664
ENSFCAG00000011007:MSI1	0	0	0	0	0	0	0	0	0	0.81257256466198	0.947944516502675	0.9702111866098	1	0.912782447838188	0.985591316192103	0.996242520810137	1	0.999551840849022	0.999992931816664
ENSFCAG00000040324:ZNF331	0	0	0	0	0	0	0	0	0	0.811373658775454	0.953072713568418	0.970242232558423	1	0.912782447838188	0.985591316192103	0.996242520810137	1	0.999552779228765	0.999992931816664
ENSFCAG00000006925:PARP2	0	0	0	0	0	0	0	0	0	0.815876200431922	0.937460032035746	0.970262853717383	1	0.912782447838188	0.985591316192103	0.996242520810137	1	0.999553401964827	0.999992931816664
ENSFCAG00000008473:NFIB	0	0	0	0	0	0	0	0	0	0.815668340385145	0.938946834347793	0.970342939709627	1	0.912782447838188	0.985591316192103	0.996242520810137	1	0.999555816316583	0.999992931816664
ENSFCAG00000026263:ACVR1B	0	0	0	0	0	0	0	0	0	0.814148074659249	0.944530720780299	0.970395735803513	1	0.912782447838188	0.985591316192103	0.996242520810137	1	0.999557404344923	0.999992931816664
ENSFCAG00000010770:CSF1	0	0	0	0	0	0	0	0	0	0.813864507586187	0.946069510187917	0.970441029626142	1	0.912782447838188	0.985591316192103	0.996242520810137	1	0.999558764426841	0.999992931816664
ENSFCAG00000009146:PARP3	0	0	0	0	0	0	0	0	0	0.814228282545073	0.944893835930252	0.970450005814213	1	0.912782447838188	0.985591316192103	0.996242520810137	1	0.999559033712629	0.999992931816664
ENSFCAG00000041799:E2F3	0	0	0	0	0	0	0	0	0	0.811890905530552	0.954358967550806	0.97048741660634	1	0.912782447838188	0.985591316192103	0.996242520810137	1	0.999560155142905	0.999992931816664
ENSFCAG00000002222:MUTYH	0	0	0	0	0	0	0	0	0	0.816736886441979	0.93734112776623	0.970501271880418	1	0.912782447838188	0.985591316192103	0.996242520810137	1	0.999560570104263	0.999992931816664
ENSFCAG00000023614:LYN	0	0	0	0	0	0	0	0	0	0.815160385910131	0.942462979249874	0.970513718479144	1	0.912782447838188	0.985591316192103	0.996242520810137	1	0.999560942707552	0.999992931816664
ENSFCAG00000027895:BMPR1A	0	0	0	0	0	0	0	0	0	0.816040021993501	0.94073973378963	0.970616157160371	1	0.912782447838188	0.985591316192103	0.996242520810137	1	0.999564003264687	0.999992931816664
ENSFCAG00000040498:YY1	0	0	0	0	0	0	0	0	0	0.812657680510307	0.954302188264252	0.970711313748125	1	0.912782447838188	0.985591316192103	0.996242520810137	1	0.999566836569076	0.999992931816664
ENSFCAG00000044486:MNX1	0	0	0	0	0	0	0	0	0	0.809807983864841	0.969507094951562	0.970743933191135	1	0.912782447838188	0.985591316192103	0.996242520810137	1	0.999567805671899	0.999992931816664
ENSFCAG00000042273:MAF	0	0	0	0	0	0	0	0	0	0.809802063731225	0.970613210998683	0.970792695480431	1	0.912782447838188	0.985591316192103	0.996242520810137	1	0.999569252324409	0.999992931816664
ENSFCAG00000022789:CCT6B	0	0	0	0	0	0	0	0	0	0.818105394290387	0.936440953081287	0.970809022518267	1	0.912782447838188	0.985591316192103	0.996242520810137	1	0.999569736158547	0.999992931816664
ENSFCAG00000005262:STK40	0	0	0	0	0	0	0	0	0	0.814223848113101	0.950221376667786	0.970875924444253	1	0.912782447838188	0.985591316192103	0.996242520810137	1	0.999571715857137	0.999992931816664
ENSFCAG00000024419:MITF	1	0	0	0	0	0	0	0	0	0.816927393301427	0.941113276757671	0.970907319084916	1	0.912782447838188	0.985591316192103	0.996242520810137	1	0.999572643268386	0.999992931816664
ENSFCAG00000013705:NT5C2	0	0	0	0	0	0	0	0	0	0.818585222179567	0.9368695564728	0.970988287452358	1	0.912782447838188	0.985591316192103	0.996242520810137	1	0.999575030423791	0.999992931816664
ENSFCAG00000029939:SPRTN	0	0	0	0	0	0	0	0	0	0.814492217918035	0.95097442552096	0.971011635436328	1	0.912782447838188	0.985591316192103	0.996242520810137	1	0.999575717528118	0.999992931816664
ENSFCAG00000000648:CREB3L2	0	0	0	0	0	0	0	0	0	0.815363738390526	0.948589515636641	0.971083639999218	1	0.912782447838188	0.985591316192103	0.996242520810137	1	0.999577833004294	0.999992931816664
ENSFCAG00000034591:FRS2	0	0	0	0	0	0	0	0	0	0.815929984637196	0.949086159411439	0.971287630295178	1	0.912782447838188	0.985591316192103	0.996242520810137	1	0.999583797201467	0.999992931816664
ENSFCAG00000009924:IL21R	0	0	0	0	0	0	0	0	0	0.814259702195242	0.955878182373998	0.971292526788638	1	0.912782447838188	0.985591316192103	0.996242520810137	1	0.999583939836876	0.999992931816664
ENSFCAG00000013380:ATP6V1B2	0	0	0	0	0	0	0	0	0	0.819326685256773	0.938357596438315	0.971342536669497	1	0.912782447838188	0.985591316192103	0.996242520810137	1	0.999585395216882	0.999992931816664
ENSFCAG00000026462:VEGFA	0	0	0	0	0	0	0	0	0	0.815568209404225	0.951822090668146	0.97138953913069	1	0.912782447838188	0.985591316192103	0.996242520810137	1	0.999586760728238	0.999992931816664
ENSFCAG00000005257:SMAD4	0	0	0	0	0	0	0	0	0	0.817951629632959	0.943481788751415	0.971412087288491	1	0.912782447838188	0.985591316192103	0.996242520810137	1	0.999587414988109	0.999992931816664
ENSFCAG00000027801:BCL3	0	0	0	0	0	0	0	0	0	0.816044728905041	0.950291365900692	0.971413792848533	1	0.912782447838188	0.985591316192103	0.996242520810137	1	0.999587464455538	0.999992931816664
ENSFCAG00000018167:TAF15	0	0	0	0	0	0	0	0	0	0.823336349649292	0.928309932405484	0.971446554166937	1	0.912782447838188	0.985591316192103	0.996242520810137	1	0.999588414071435	0.999992931816664
ENSFCAG00000035050:YAP1	0	0	0	0	0	0	0	0	0	0.816636045215152	0.948818324260212	0.971471881417007	1	0.912782447838188	0.985591316192103	0.996242520810137	1	0.999589147447027	0.999992931816664
ENSFCAG00000028016:KLF4	0	0	0	0	0	0	0	0	0	0.814011388605725	0.960039948680513	0.971486930602897	1	0.912782447838188	0.985591316192103	0.996242520810137	1	0.999589582898359	0.999992931816664
ENSFCAG00000029740:SHOC2	0	0	0	0	0	0	0	0	0	0.816351751836721	0.951663225673736	0.971605953910094	1	0.912782447838188	0.985591316192103	0.996242520810137	1	0.999593018649811	0.999992931816664
ENSFCAG00000030557:FOXF1	0	0	0	0	0	0	0	0	0	0.813325971499307	0.96618898477868	0.971631313266135	1	0.912782447838188	0.985591316192103	0.996242520810137	1	0.999593748793951	0.999992931816664
ENSFCAG00000022519:NAB2	0	0	0	0	0	0	0	0	0	0.815496308261844	0.955746354787512	0.971645942735229	1	0.912782447838188	0.985591316192103	0.996242520810137	1	0.999594169703169	0.999992931816664
ENSFCAG00000032199:EGR1	0	0	0	0	0	0	0	0	0	0.814755057859397	0.962926693804226	0.971875469622028	1	0.912782447838188	0.985591316192103	0.996242520810137	1	0.999600744660182	0.999992931816664
ENSFCAG00000004158:PAK1	0	0	0	0	0	0	0	0	0	0.81937365832167	0.944755899280077	0.971928719580553	1	0.912782447838188	0.985591316192103	0.996242520810137	1	0.99960226229494	0.999992931816664
ENSFCAG00000015036:GATA4	0	0	0	0	0	0	0	0	0	0.816088029381946	0.957478745636922	0.971933416818862	1	0.912782447838188	0.985591316192103	0.996242520810137	1	0.999602396027168	0.999992931816664
ENSFCAG00000013396:SESN2	0	0	0	0	0	0	0	0	0	0.820323502058141	0.941958905444043	0.971956455916933	1	0.912782447838188	0.985591316192103	0.996242520810137	1	0.999603051630645	0.999992931816664
ENSFCAG00000009909:ETV4	0	0	0	0	0	0	0	0	0	0.81922018719244	0.945873642993283	0.971978494972169	1	0.912782447838188	0.985591316192103	0.996242520810137	1	0.999603678265705	0.999992931816664
ENSFCAG00000018967:PAX3	0	0	0	0	0	0	0	0	0	0.818470560899578	0.948921219704753	0.972009259665041	1	0.912782447838188	0.985591316192103	0.996242520810137	1	0.999604552160606	0.999992931816664
ENSFCAG00000009235:YES1	0	0	0	0	0	0	0	0	0	0.823766144784707	0.933673973816295	0.972134098643854	1	0.912782447838188	0.985591316192103	0.996242520810137	1	0.999608088316306	0.999992931816664
ENSFCAG00000001249:SUFU	0	0	0	0	0	0	0	0	0	0.819466342042832	0.947139472994923	0.972152500732158	1	0.912782447838188	0.985591316192103	0.996242520810137	1	0.999608608213167	0.999992931816664
ENSFCAG00000027219:IDH2	0	0	0	0	0	0	0	0	0	0.818505819728949	0.951682607297471	0.972229484121608	1	0.912782447838188	0.985591316192103	0.996242520810137	1	0.999610779375686	0.999992931816664
ENSFCAG00000008054:ACVR1	0	0	0	0	0	0	0	0	0	0.819731338568313	0.947265273209155	0.972238252095607	1	0.912782447838188	0.985591316192103	0.996242520810137	1	0.999611026272175	0.999992931816664
ENSFCAG00000026512:CRBN	0	0	0	0	0	0	0	0	0	0.822514357204801	0.939353629516183	0.972337564074942	1	0.912782447838188	0.985591316192103	0.996242520810137	1	0.99961381726822	0.999992931816664
ENSFCAG00000045851:SOX17	0	0	0	0	0	0	0	0	0	0.814572266045077	0.974594465990917	0.972378986374866	1	0.912782447838188	0.985591316192103	0.996242520810137	1	0.999614978374498	0.999992931816664
ENSFCAG00000001845:GAS7	0	0	0	0	0	0	0	0	0	0.821478430085778	0.943569037781424	0.972424523266554	1	0.912782447838188	0.985591316192103	0.996242520810137	1	0.999616252780513	0.999992931816664
ENSFCAG00000043468:KLF2	0	0	0	0	0	0	0	0	0	0.816413448582242	0.965772308701115	0.972514875552558	1	0.912782447838188	0.985591316192103	0.996242520810137	1	0.999618775087614	0.999992931816664
ENSFCAG00000027928:FUS	0	0	0	0	0	0	0	0	0	0.824711485347057	0.935096644345056	0.972539570325451	1	0.912782447838188	0.985591316192103	0.996242520810137	1	0.999619463015118	0.999992931816664
ENSFCAG00000043511:NONO	0	0	0	0	0	0	0	0	0	0.820920258430804	0.94694316592362	0.972549845210794	1	0.912782447838188	0.985591316192103	0.996242520810137	1	0.99961974906004	0.999992931816664
ENSFCAG00000027261:TGFBR1	0	0	0	0	0	0	0	0	0	0.822374535810389	0.94216891795705	0.972554038210253	1	0.912782447838188	0.985591316192103	0.996242520810137	1	0.999619865758739	0.999992931816664
ENSFCAG00000008618:EZH2	0	0	0	0	0	0	0	0	0	0.821315889533951	0.946253004648011	0.972605235005022	1	0.912782447838188	0.985591316192103	0.996242520810137	1	0.999621289199526	0.999992931816664
ENSFCAG00000005081:SESN3	0	0	0	0	0	0	0	0	0	0.822195507274241	0.943396234657719	0.972611422967862	1	0.912782447838188	0.985591316192103	0.996242520810137	1	0.999621461062876	0.999992931816664
ENSFCAG00000011397:ATP6AP1	0	0	0	0	0	0	0	0	0	0.820688324806042	0.949608564595229	0.972695362146984	1	0.912782447838188	0.985591316192103	0.996242520810137	1	0.999623788485299	0.999992931816664
ENSFCAG00000018126:WAS	0	0	0	0	0	0	0	0	0	0.822646735864739	0.943044305874262	0.972707391227959	1	0.912782447838188	0.985591316192103	0.996242520810137	1	0.999624121428052	0.999992931816664
ENSFCAG00000041347:HOXA13	0	0	0	0	0	0	0	0	0	0.81615408496719	0.971572545904016	0.972717310223713	1	0.912782447838188	0.985591316192103	0.996242520810137	1	0.999624395855636	0.999992931816664
ENSFCAG00000031995:SESN1	0	0	0	0	0	0	0	0	0	0.82119888635474	0.948230728365341	0.972732062075594	1	0.912782447838188	0.985591316192103	0.996242520810137	1	0.999624803806157	0.999992931816664
ENSFCAG00000028662:PSIP1	0	0	0	0	0	0	0	0	0	0.824592289910905	0.937431041257218	0.972734864516523	1	0.912782447838188	0.985591316192103	0.996242520810137	1	0.999624881280105	0.999992931816664
ENSFCAG00000018598:ETS1	0	0	0	0	0	0	0	0	0	0.821715027773654	0.946776853378982	0.972760771967596	1	0.912782447838188	0.985591316192103	0.996242520810137	1	0.999625597113601	0.999992931816664
ENSFCAG00000001254:CYP17A1	0	0	0	0	0	0	0	0	0	0.819881692931758	0.95387414350753	0.972781419655779	1	0.912782447838188	0.985591316192103	0.996242520810137	1	0.999626167123604	0.999992931816664
ENSFCAG00000012483:HDAC1	0	0	0	0	0	0	0	0	0	0.822828440050577	0.943836212716503	0.972826950900643	1	0.912782447838188	0.985591316192103	0.996242520810137	1	0.999627422532286	0.999992931816664
ENSFCAG00000023845:ACVR2A	0	0	0	0	0	0	0	0	0	0.824184818213238	0.940123035784376	0.972874712499285	1	0.912782447838188	0.985591316192103	0.996242520810137	1	0.999628737147184	0.999992931816664
ENSFCAG00000011595:MEF2C	0	0	0	0	0	0	0	0	0	0.821704042714628	0.948491399474393	0.972895271133742	1	0.912782447838188	0.985591316192103	0.996242520810137	1	0.999629302291779	0.999992931816664
ENSFCAG00000029278:ETV1	0	0	0	0	0	0	0	0	0	0.82148948787579	0.950198636393263	0.972967279279628	1	0.912782447838188	0.985591316192103	0.996242520810137	1	0.999631278327176	0.999992931816664
ENSFCAG00000007485:ERG	0	0	0	0	0	0	0	0	0	0.821955933033201	0.949225928264239	0.9730237863348	1	0.912782447838188	0.985591316192103	0.996242520810137	1	0.999632825252345	0.999992931816664
ENSFCAG00000030732:IKZF3	0	0	0	0	0	0	0	0	0	0.821336561295819	0.951606923948319	0.973030041522261	1	0.912782447838188	0.985591316192103	0.996242520810137	1	0.999632996291291	0.999992931816664
ENSFCAG00000009522:TNFRSF14	0	0	0	0	0	0	0	0	0	0.821418862756889	0.95212657237756	0.973091611450048	1	0.912782447838188	0.985591316192103	0.996242520810137	1	0.999634677685026	0.999992931816664
ENSFCAG00000013722:STK11	0	0	0	0	0	0	0	0	0	0.821620679818065	0.952159426963822	0.973150978921514	1	0.912782447838188	0.985591316192103	0.996242520810137	1	0.999636295243431	0.999992931816664
ENSFCAG00000045414:TAL1	0	0	0	0	0	0	0	0	0	0.81847441346398	0.966591461049307	0.973152975220626	1	0.912782447838188	0.985591316192103	0.996242520810137	1	0.999636349572741	0.999992931816664
ENSFCAG00000014980:PLAG1	0	0	0	0	0	0	0	0	0	0.819495824666382	0.962040210827924	0.973197045029014	1	0.912782447838188	0.985591316192103	0.996242520810137	1	0.999637547890172	0.999992931816664
ENSFCAG00000028288:PRCC	0	0	0	0	0	0	0	0	0	0.820013899166451	0.959884890221163	0.973215991148137	1	0.912782447838188	0.985591316192103	0.996242520810137	1	0.999638062447263	0.999992931816664
ENSFCAG00000031493:FOXO4	0	0	0	0	0	0	0	0	0	0.820075733278147	0.960155524743593	0.973250167409326	1	0.912782447838188	0.985591316192103	0.996242520810137	1	0.999638989706593	0.999992931816664
ENSFCAG00000018794:CREB3L1	0	0	0	0	0	0	0	0	0	0.822842642940371	0.949294383864648	0.973278054084539	1	0.912782447838188	0.985591316192103	0.996242520810137	1	0.999639745429748	0.999992931816664
ENSFCAG00000009499:KBTBD4	0	0	0	0	0	0	0	0	0	0.82053266189117	0.959007559380377	0.973309028250801	1	0.912782447838188	0.985591316192103	0.996242520810137	1	0.999640583886665	0.999992931816664
ENSFCAG00000038081:PRKN	0	0	0	0	0	0	0	0	0	0.825586174801346	0.940793749058964	0.973323518134477	1	0.912782447838188	0.985591316192103	0.996242520810137	1	0.999640975782958	0.999992931816664
ENSFCAG00000007838:FSTL3	0	0	0	0	0	0	0	0	0	0.819943002412343	0.963068535161884	0.973383591626384	1	0.912782447838188	0.985591316192103	0.996242520810137	1	0.999642598241652	0.999992931816664
ENSFCAG00000028515:RARA	0	0	0	0	0	0	0	0	0	0.821396188212246	0.956517157928572	0.973392479448239	1	0.912782447838188	0.985591316192103	0.996242520810137	1	0.999642837968188	0.999992931816664
ENSFCAG00000036602:IKZF2	0	0	0	0	0	0	0	0	0	0.823776398049107	0.949027817384811	0.973518060320415	1	0.912782447838188	0.985591316192103	0.996242520810137	1	0.999646216521083	0.999992931816664
ENSFCAG00000010727:PIGA	0	0	0	0	0	0	0	0	0	0.822547101267442	0.954634527107944	0.973588387940343	1	0.912782447838188	0.985591316192103	0.996242520810137	1	0.999648101497013	0.999992931816664
ENSFCAG00000046322:IRF8	0	0	0	0	0	0	0	0	0	0.823648674873122	0.950891625949454	0.973625474113745	1	0.912782447838188	0.985591316192103	0.996242520810137	1	0.999649093463828	0.999992931816664
ENSFCAG00000011521:TFEB	0	0	0	0	0	0	0	0	0	0.822726471080018	0.954955890776487	0.973660963583143	1	0.912782447838188	0.985591316192103	0.996242520810137	1	0.999650041399891	0.999992931816664
ENSFCAG00000041254:CCDC6	0	0	0	0	0	0	0	0	0	0.823807182205103	0.950806312243893	0.973663212655442	1	0.912782447838188	0.985591316192103	0.996242520810137	1	0.999650101429807	0.999992931816664
ENSFCAG00000013972:RASGEF1A	0	0	0	0	0	0	0	0	0	0.824840119350907	0.94731431330891	0.973677209375807	1	0.912782447838188	0.985591316192103	0.996242520810137	1	0.999650474899049	0.999992931816664
ENSFCAG00000042373:FLI1	0	0	0	0	0	0	0	0	0	0.824862776443854	0.948547837765012	0.973781999276539	1	0.912782447838188	0.985591316192103	0.996242520810137	1	0.999653264576803	0.999992931816664
ENSFCAG00000004375:ERRFI1	0	0	0	0	0	0	0	0	0	0.821346499697071	0.963888051790216	0.973827809344829	1	0.912782447838188	0.985591316192103	0.996242520810137	1	0.999654480572957	0.999992931816664
ENSFCAG00000023859:CYP19A1	0	0	0	0	0	0	0	0	0	0.823486478263959	0.954388984305982	0.973834169628587	1	0.912782447838188	0.985591316192103	0.996242520810137	1	0.999654649231861	0.999992931816664
ENSFCAG00000005528:NUF2	0	0	0	0	0	0	0	0	0	0.826742350284688	0.943344375307369	0.973867694373577	1	0.912782447838188	0.985591316192103	0.996242520810137	1	0.99965553753818	0.999992931816664
ENSFCAG00000038026:NKX2-1	0	0	0	0	0	0	0	0	0	0.821154828290238	0.966325924432926	0.973903879432818	1	0.912782447838188	0.985591316192103	0.996242520810137	1	0.999656495039868	0.999992931816664
ENSFCAG00000028952:HOXA3	0	0	0	0	0	0	0	0	0	0.821284374278124	0.966863954205503	0.973968065373303	1	0.912782447838188	0.985591316192103	0.996242520810137	1	0.999658190172227	0.999992931816664
ENSFCAG00000003665:EIF3E	0	0	0	0	0	0	0	0	0	0.827202719217724	0.943131494690885	0.973974947995922	1	0.912782447838188	0.985591316192103	0.996242520810137	1	0.999658371689214	0.999992931816664
ENSFCAG00000031608:KLF5	0	0	0	0	0	0	0	0	0	0.82475924777555	0.952959530968226	0.974086554686615	1	0.912782447838188	0.985591316192103	0.996242520810137	1	0.999661308329567	0.999992931816664
ENSFCAG00000014851:MDM4	0	0	0	0	0	0	0	0	0	0.82909401149824	0.940501522336199	0.974253158238585	1	0.912782447838188	0.985591316192103	0.996242520810137	1	0.999665668278071	0.999992931816664
ENSFCAG00000009538:TRIP13	0	0	0	0	0	0	0	0	0	0.827501056234272	0.945498142979099	0.974258608643939	1	0.912782447838188	0.985591316192103	0.996242520810137	1	0.999665810431706	0.999992931816664
ENSFCAG00000041539:MYC	0	0	0	0	0	0	0	0	0	0.822218445289289	0.967866872312809	0.974281729114888	1	0.912782447838188	0.985591316192103	0.996242520810137	1	0.999666413104538	0.999992931816664
ENSFCAG00000033150:PTK6	0	0	0	0	0	0	0	0	0	0.825563276810946	0.952839931018176	0.974300139234008	1	0.912782447838188	0.985591316192103	0.996242520810137	1	0.999666892601974	0.999992931816664
ENSFCAG00000031620:PDK1	0	0	0	0	0	0	0	0	0	0.82755138294411	0.946862537271849	0.974385045501529	1	0.912782447838188	0.985591316192103	0.996242520810137	1	0.999669099511147	0.999992931816664
ENSFCAG00000043446:GNA12	0	0	0	0	0	0	0	0	0	0.822714587702114	0.967398662307925	0.974397915355432	1	0.912782447838188	0.985591316192103	0.996242520810137	1	0.999669433382512	0.999992931816664
ENSFCAG00000031216:CA5B	0	0	0	0	0	0	0	0	0	0.830464830352935	0.941327619872932	0.974696490868132	1	0.912782447838188	0.985591316192103	0.996242520810137	1	0.999677131353964	0.999992931816664
ENSFCAG00000006604:SETD6	0	0	0	0	0	0	0	0	0	0.826906263537133	0.953473513960549	0.974714552960518	1	0.912782447838188	0.985591316192103	0.996242520810137	1	0.999677594102647	0.999992931816664
ENSFCAG00000045890:FOXL2	0	0	0	0	0	0	0	0	0	0.822560584340393	0.976109867408972	0.974731671198898	1	0.912782447838188	0.985591316192103	0.996242520810137	1	0.999678032360978	0.999992931816664
ENSFCAG00000028312:AURKB	0	0	0	0	0	0	0	0	0	0.8286089306789	0.947625359456934	0.974734040664025	1	0.912782447838188	0.985591316192103	0.996242520810137	1	0.999678092999949	0.999992931816664
ENSFCAG00000041373:CEBPA	0	0	0	0	0	0	0	0	0	0.822532624245561	0.97786532168383	0.97478570387639	1	0.912782447838188	0.985591316192103	0.996242520810137	1	0.999679413724679	0.999992931816664
ENSFCAG00000038120:SMYD3	0	0	0	0	0	0	0	0	0	0.829515050097138	0.946070036687572	0.974851730531405	1	0.912782447838188	0.985591316192103	0.996242520810137	1	0.999681097652414	0.999992931816664
ENSFCAG00000004033:CCNQ	0	0	0	0	0	0	0	0	0	0.825973704697002	0.96016199715195	0.974901775182379	1	0.912782447838188	0.985591316192103	0.996242520810137	1	0.999682370999693	0.999992931816664
ENSFCAG00000027081:SMAD3	0	0	0	0	0	0	0	0	0	0.828363653926492	0.952775478194262	0.975061353152027	1	0.912782447838188	0.985591316192103	0.996242520810137	1	0.999686414181682	0.999992931816664
ENSFCAG00000006231:PPARG	0	0	0	0	0	0	0	0	0	0.826692351867626	0.961001210385311	0.97514989926066	1	0.912782447838188	0.985591316192103	0.996242520810137	1	0.999688646383003	0.999992931816664
ENSFCAG00000042993:GATA3	0	0	0	0	0	0	0	0	0	0.82664586264874	0.961413451173508	0.975161690230121	1	0.912782447838188	0.985591316192103	0.996242520810137	1	0.999688943020582	0.999992931816664
ENSFCAG00000029721:PPP2R2A	0	0	0	0	0	0	0	0	0	0.831264131132016	0.944215030550645	0.975163838769891	1	0.912782447838188	0.985591316192103	0.996242520810137	1	0.999688997058256	0.999992931816664
ENSFCAG00000028649:DUSP4	0	0	0	0	0	0	0	0	0	0.824970096515942	0.971544674452942	0.975220727244132	1	0.912782447838188	0.985591316192103	0.996242520810137	1	0.999690426131671	0.999992931816664
ENSFCAG00000003700:AKT3	0	0	0	0	0	0	0	0	0	0.831785497873282	0.944023242305287	0.975286042414464	1	0.912782447838188	0.985591316192103	0.996242520810137	1	0.999692062796601	0.999992931816664
ENSFCAG00000029513:ABI1	0	0	0	0	0	0	0	0	0	0.832092564483825	0.943258784175679	0.975301285289535	1	0.912782447838188	0.985591316192103	0.996242520810137	1	0.999692444122419	0.999992931816664
ENSFCAG00000029360:DDX6	0	0	0	0	0	0	0	0	0	0.831069650528689	0.947121280602014	0.975354637452637	1	0.912782447838188	0.985591316192103	0.996242520810137	1	0.999693776939163	0.999992931816664
ENSFCAG00000027765:HNRNPA2B1	0	0	0	0	0	0	0	0	0	0.831638791554822	0.946886168590264	0.975487065407076	1	0.912782447838188	0.985591316192103	0.996242520810137	1	0.999697072575587	0.999992931816664
ENSFCAG00000002791:P2RY8	0	0	0	0	0	0	0	0	0	0.825173646383135	0.977855881258866	0.975521886239072	1	0.912782447838188	0.985591316192103	0.996242520810137	1	0.999697936150702	0.999992931816664
ENSFCAG00000024268:CD36	1	0	0	0	0	0	0	0	0	0.832648623318884	0.944310413810878	0.975539310061157	1	0.912782447838188	0.985591316192103	0.996242520810137	1	0.999698367804163	0.999992931816664
ENSFCAG00000024841:ETV6	0	0	0	0	0	0	0	0	0	0.830477816635075	0.951540603536945	0.975540466033296	1	0.912782447838188	0.985591316192103	0.996242520810137	1	0.999698396430923	0.999992931816664
ENSFCAG00000005533:PBX1	0	0	0	0	0	0	0	0	0	0.830688397736704	0.950839994307744	0.975544294851953	1	0.912782447838188	0.985591316192103	0.996242520810137	1	0.999698491238886	0.999992931816664
ENSFCAG00000030336:IFNGR1	0	0	0	0	0	0	0	0	0	0.829489984336197	0.955682991911979	0.975570205389473	1	0.912782447838188	0.985591316192103	0.996242520810137	1	0.999699132432259	0.999992931816664
ENSFCAG00000012557:ACKR3	0	0	0	0	0	0	0	0	0	0.827397260465963	0.965049968391196	0.975572408907305	1	0.912782447838188	0.985591316192103	0.996242520810137	1	0.999699186929714	0.999992931816664
ENSFCAG00000027073:CDK8	0	0	0	0	0	0	0	0	0	0.836467686204721	0.935195394203159	0.975691341733278	1	0.912782447838188	0.985591316192103	0.996242520810137	1	0.999702120995545	0.999992931816664
ENSFCAG00000001593:EED	0	0	0	0	0	0	0	0	0	0.833930174656705	0.942629696736012	0.975730443343961	1	0.912782447838188	0.985591316192103	0.996242520810137	1	0.999703082463219	0.999992931816664
ENSFCAG00000022640:MYCL	0	0	0	0	0	0	0	0	0	0.828126226596836	0.964543122363525	0.975743614715451	1	0.912782447838188	0.985591316192103	0.996242520810137	1	0.999703405980637	0.999992931816664
ENSFCAG00000036087:LMO2	0	0	0	0	0	0	0	0	0	0.829412988521437	0.959005548909092	0.975767069938181	1	0.912782447838188	0.985591316192103	0.996242520810137	1	0.9997039816515	0.999992931816664
ENSFCAG00000015103:CHEK1	0	0	0	0	0	0	0	0	0	0.831993619970025	0.949392869401297	0.975781099263623	1	0.912782447838188	0.985591316192103	0.996242520810137	1	0.999704325709344	0.999992931816664
ENSFCAG00000003156:ARID3C	0	0	0	0	0	0	0	0	0	0.829803938688729	0.960317558607526	0.97595364657382	1	0.912782447838188	0.985591316192103	0.996242520810137	1	0.999708540797101	0.999992931816664
ENSFCAG00000046742:TLX1	0	0	0	0	0	0	0	0	0	0.828346025921029	0.967471649262377	0.975956108110348	1	0.912782447838188	0.985591316192103	0.996242520810137	1	0.999708600708256	0.999992931816664
ENSFCAG00000003212:NDRG1	0	0	0	0	0	0	0	0	0	0.834697848667803	0.943012746228434	0.975964866804229	1	0.912782447838188	0.985591316192103	0.996242520810137	1	0.999708813835109	0.999992931816664
ENSFCAG00000009292:SETD4	0	0	0	0	0	0	0	0	0	0.833144321499254	0.949973194631344	0.976130267026665	1	0.912782447838188	0.985591316192103	0.996242520810137	1	0.999712823791214	0.999992931816664
ENSFCAG00000010347:MAX	0	0	0	0	0	0	0	0	0	0.832067817693304	0.954671078623897	0.976189879311422	1	0.912782447838188	0.985591316192103	0.996242520810137	1	0.999714262157958	0.999992931816664
ENSFCAG00000023383:GNA13	0	0	0	0	0	0	0	0	0	0.831020123535243	0.959706452242522	0.976242161656888	1	0.912782447838188	0.985591316192103	0.996242520810137	1	0.999715520666409	0.999992931816664
ENSFCAG00000033222:TUSC3	0	0	0	0	0	0	0	0	0	0.834172623771893	0.949461742709375	0.97636084817834	1	0.912782447838188	0.985591316192103	0.996242520810137	1	0.999718367222804	0.999992931816664
ENSFCAG00000012379:SPRED1	0	0	0	0	0	0	0	0	0	0.836687069576271	0.941768588863955	0.976370320165841	1	0.912782447838188	0.985591316192103	0.996242520810137	1	0.999718593775589	0.999992931816664
ENSFCAG00000030594:HOXD11	0	0	0	0	0	0	0	0	0	0.829308357296139	0.971071416374767	0.976386463108413	1	0.912782447838188	0.985591316192103	0.996242520810137	1	0.999718979673783	0.999992931816664
ENSFCAG00000012037:XIAP	0	0	0	0	0	0	0	0	0	0.834979570961964	0.947272713910885	0.976397781748199	1	0.912782447838188	0.985591316192103	0.996242520810137	1	0.999719250087502	0.999992931816664
ENSFCAG00000018839:SS18L1	0	0	0	0	0	0	0	0	0	0.836639313967812	0.94362309173252	0.976521572895622	1	0.912782447838188	0.985591316192103	0.996242520810137	1	0.999722199018336	0.999992931816664
ENSFCAG00000004973:MYOD1	0	0	0	0	0	0	0	0	0	0.829410971145704	0.974447629660724	0.97655534130942	1	0.912782447838188	0.985591316192103	0.996242520810137	1	0.999723000719209	0.999992931816664
ENSFCAG00000007999:MKNK1	0	0	0	0	0	0	0	0	0	0.835739417791714	0.947217694352799	0.976590808592744	1	0.912782447838188	0.985591316192103	0.996242520810137	1	0.999723841495915	0.999992931816664
ENSFCAG00000025016:DDB2	0	0	0	0	0	0	0	0	0	0.835913331275003	0.946908363721258	0.976610685883147	1	0.912782447838188	0.985591316192103	0.996242520810137	1	0.99972431213772	0.999992931816664
ENSFCAG00000038251:MAP2K4	0	0	0	0	0	0	0	0	0	0.835051101871847	0.949971893232414	0.976629723056458	1	0.912782447838188	0.985591316192103	0.996242520810137	1	0.999724762508487	0.999992931816664
ENSFCAG00000010866:INHBA	0	0	0	0	0	0	0	0	0	0.830601242306541	0.970009255805821	0.97668617826215	1	0.912782447838188	0.985591316192103	0.996242520810137	1	0.999726095912138	0.999992931816664
ENSFCAG00000004034:DUSP9	0	0	0	0	0	0	0	0	0	0.831336541734739	0.966306245136635	0.976701644377546	1	0.912782447838188	0.985591316192103	0.996242520810137	1	0.999726460633614	0.999992931816664
ENSFCAG00000031618:FANCL	0	0	0	0	0	0	0	0	0	0.838390059421808	0.940831005513752	0.976722046123991	1	0.912782447838188	0.985591316192103	0.996242520810137	1	0.999726941372386	0.999992931816664
ENSFCAG00000025662:SH3GL1	0	0	0	0	0	0	0	0	0	0.836869566258454	0.946066000733897	0.97678825997709	1	0.912782447838188	0.985591316192103	0.996242520810137	1	0.999728498673845	0.999992931816664
ENSFCAG00000022941:IRF4	0	0	0	0	0	0	0	0	0	0.836919457770165	0.947119071115766	0.976887660711829	1	0.912782447838188	0.985591316192103	0.996242520810137	1	0.999730828079909	0.999992931816664
ENSFCAG00000037388:RAD52	0	0	0	0	0	0	0	0	0	0.837394484552553	0.947251144534406	0.977020493099275	1	0.912782447838188	0.985591316192103	0.996242520810137	1	0.999733925151106	0.999992931816664
ENSFCAG00000045474:CRLF2	0	0	0	0	0	0	0	0	0	0.835610792389763	0.955585544493184	0.977183012496011	1	0.912782447838188	0.985591316192103	0.996242520810137	1	0.999737689829284	0.999992931816664
ENSFCAG00000015151:PAG1	0	0	0	0	0	0	0	0	0	0.834442783769828	0.960433562544463	0.977191622578361	1	0.912782447838188	0.985591316192103	0.996242520810137	1	0.999737888523449	0.999992931816664
ENSFCAG00000025247:SFRP4	0	0	0	0	0	0	0	0	0	0.834113559778828	0.962892889300012	0.977250343257992	1	0.912782447838188	0.985591316192103	0.996242520810137	1	0.9997392415928	0.999992931816664
ENSFCAG00000032144:ACTG1	0	0	0	0	0	0	0	0	0	0.832623787730668	0.970700588313373	0.977256289224566	1	0.912782447838188	0.985591316192103	0.996242520810137	1	0.999739378405809	0.999992931816664
ENSFCAG00000001628:PAX5	0	0	0	0	0	0	0	0	0	0.836602640125262	0.953245609781806	0.977275668874027	1	0.912782447838188	0.985591316192103	0.996242520810137	1	0.999739824068434	0.999992931816664
ENSFCAG00000035960:TLX3	0	0	0	0	0	0	0	0	0	0.833597078524483	0.966047902102944	0.977287004224149	1	0.912782447838188	0.985591316192103	0.996242520810137	1	0.999740084562814	0.999992931816664
ENSFCAG00000009200:IL7R	0	0	0	0	0	0	0	0	0	0.836024337507041	0.956947735785589	0.97738190227292	1	0.912782447838188	0.985591316192103	0.996242520810137	1	0.999742260229563	0.999992931816664
ENSFCAG00000035352:KCNJ5	0	0	0	0	0	0	0	0	0	0.833178801891051	0.970328444220075	0.977386089030481	1	0.912782447838188	0.985591316192103	0.996242520810137	1	0.999742356004442	0.999992931816664
ENSFCAG00000044642:GNA11	0	0	0	0	0	0	0	0	0	0.835226015897155	0.961266844583266	0.977446214529611	1	0.912782447838188	0.985591316192103	0.996242520810137	1	0.999743729437341	0.999992931816664
ENSFCAG00000003976:IDH1	0	0	0	0	0	0	0	0	0	0.837220262701497	0.953543414372126	0.977456093709553	1	0.912782447838188	0.985591316192103	0.996242520810137	1	0.999743954751389	0.999992931816664
ENSFCAG00000004068:SMARCB1	0	0	0	0	0	0	0	0	0	0.838785458149128	0.949060635310811	0.977520383098757	1	0.912782447838188	0.985591316192103	0.996242520810137	1	0.999745418557758	0.999992931816664
ENSFCAG00000007945:HOXA11	0	0	0	0	0	0	0	0	0	0.834246639069879	0.968366538973904	0.97757442745238	1	0.912782447838188	0.985591316192103	0.996242520810137	1	0.999746645823529	0.999992931816664
ENSFCAG00000040420:GSK3B	0	0	0	0	0	0	0	0	0	0.840449027681945	0.945247428356491	0.977631073908084	1	0.912782447838188	0.985591316192103	0.996242520810137	1	0.999747928972076	0.999992931816664
ENSFCAG00000048115:FANCF	0	0	0	0	0	0	0	0	0	0.834624524557176	0.968084411609941	0.977659560219326	1	0.912782447838188	0.985591316192103	0.996242520810137	1	0.999748573000179	0.999992931816664
ENSFCAG00000029868:SOCS2	0	0	0	0	0	0	0	0	0	0.83686291028562	0.96008767334272	0.977798956515682	1	0.912782447838188	0.985591316192103	0.996242520810137	1	0.999751712550483	0.999992931816664
ENSFCAG00000010694:DUSP2	0	0	0	0	0	0	0	0	0	0.835192347533888	0.968556506486175	0.977830754629641	1	0.912782447838188	0.985591316192103	0.996242520810137	1	0.999752425939139	0.999992931816664
ENSFCAG00000030098:SS18	0	0	0	0	0	0	0	0	0	0.841629530747972	0.944225299573442	0.977840073217359	1	0.912782447838188	0.985591316192103	0.996242520810137	1	0.99975263480514	0.999992931816664
ENSFCAG00000010809:GABRA6	0	0	0	0	0	0	0	0	0	0.838586829188938	0.954377272292492	0.977864982551642	1	0.912782447838188	0.985591316192103	0.996242520810137	1	0.999753192684799	0.999992931816664
ENSFCAG00000000479:CALR	0	0	0	0	0	0	0	0	0	0.837760378513665	0.957993972480047	0.977897659303336	1	0.912782447838188	0.985591316192103	0.996242520810137	1	0.999753923564564	0.999992931816664
ENSFCAG00000018503:ABRAXAS1	0	0	0	0	0	0	0	0	0	0.840389440764559	0.948776327261924	0.977904109934035	1	0.912782447838188	0.985591316192103	0.996242520810137	1	0.999754067716544	0.999992931816664
ENSFCAG00000023667:HERPUD1	0	0	0	0	0	0	0	0	0	0.83919924449714	0.952950549554221	0.977918992836576	1	0.912782447838188	0.985591316192103	0.996242520810137	1	0.999754400141819	0.999992931816664
ENSFCAG00000030694:HOXD13	0	0	0	0	0	0	0	0	0	0.835546446239514	0.970595044787552	0.978018281610235	1	0.912782447838188	0.985591316192103	0.996242520810137	1	0.999756612065164	0.999992931816664
ENSFCAG00000014173:MAPK3	0	0	0	0	0	0	0	0	0	0.83851365211363	0.957081465982616	0.978030606465265	1	0.912782447838188	0.985591316192103	0.996242520810137	1	0.999756885931027	0.999992931816664
ENSFCAG00000039437:WWTR1	0	0	0	0	0	0	0	0	0	0.837166752480117	0.963019046579521	0.978050594864343	1	0.912782447838188	0.985591316192103	0.996242520810137	1	0.999757329755356	0.999992931816664
ENSFCAG00000027039:LEF1	0	0	0	0	0	0	0	0	0	0.841426865462916	0.947516159939283	0.978063887605123	1	0.912782447838188	0.985591316192103	0.996242520810137	1	0.999757624682483	0.999992931816664
ENSFCAG00000013883:EIF4A2	0	0	0	0	0	0	0	0	0	0.841138959539995	0.951070909672198	0.978269476200804	1	0.912782447838188	0.985591316192103	0.996242520810137	1	0.9997621630906	0.999992931816664
ENSFCAG00000028366:XBP1	0	0	0	0	0	0	0	0	0	0.840908880469728	0.953031454906376	0.978356550453508	1	0.912782447838188	0.985591316192103	0.996242520810137	1	0.999764072246354	0.999992931816664
ENSFCAG00000030278:MCL1	0	0	0	0	0	0	0	0	0	0.838282776720611	0.963761765529002	0.978378598641225	1	0.912782447838188	0.985591316192103	0.996242520810137	1	0.999764554436614	0.999992931816664
ENSFCAG00000030830:PTPN2	0	0	0	0	0	0	0	0	0	0.842917850561329	0.947174460765066	0.978407431666721	1	0.912782447838188	0.985591316192103	0.996242520810137	1	0.999765184260428	0.999992931816664
ENSFCAG00000028389:MAP2K1	0	0	0	0	0	0	0	0	0	0.841240957900367	0.953864034296634	0.978499567503018	1	0.912782447838188	0.985591316192103	0.996242520810137	1	0.999767191164669	0.999992931816664
ENSFCAG00000010841:MAFB	0	0	0	0	0	0	0	0	0	0.835986406522936	0.98260145326637	0.978564573844352	1	0.912782447838188	0.98589508942257	0.996242520810137	1	0.999768601913926	0.999992931816664
ENSFCAG00000010904:GATA1	0	0	0	0	0	0	0	0	0	0.840967944085684	0.956085425180771	0.978585142950113	1	0.912782447838188	0.985591316192103	0.996242520810137	1	0.999769047399451	0.999992931816664
ENSFCAG00000013003:S1PR2	0	0	0	0	0	0	0	0	0	0.837201578923151	0.975775638808791	0.978660115605479	1	0.912782447838188	0.985591316192103	0.996242520810137	1	0.999770667496794	0.999992931816664
ENSFCAG00000046021:EXOSC6	0	0	0	0	0	0	0	0	0	0.837581844834086	0.974386696441818	0.978704637176797	1	0.912782447838188	0.985591316192103	0.996242520810137	1	0.999771626853221	0.999992931816664
ENSFCAG00000022444:TENT5C	0	0	0	0	0	0	0	0	0	0.838845180043973	0.967937962352838	0.978741559180736	1	0.912782447838188	0.985591316192103	0.996242520810137	1	0.999772420916964	0.999992931816664
ENSFCAG00000025659:TFG	0	0	0	0	0	0	0	0	0	0.84442894261138	0.948171798356597	0.978860549474807	1	0.912782447838188	0.985591316192103	0.996242520810137	1	0.999774970506629	0.999992931816664
ENSFCAG00000030144:IRF2	0	0	0	0	0	0	0	0	0	0.844895662159248	0.947240405083606	0.978899806944228	1	0.912782447838188	0.985591316192103	0.996242520810137	1	0.999775808497986	0.999992931816664
ENSFCAG00000009681:RRAGC	0	0	0	0	0	0	0	0	0	0.842544354090393	0.955718446765181	0.978954060320232	1	0.912782447838188	0.985591316192103	0.996242520810137	1	0.999776964001201	0.999992931816664
ENSFCAG00000024493:AURKA	0	0	0	0	0	0	0	0	0	0.843980036175447	0.950825448398933	0.97895682527856	1	0.912782447838188	0.985591316192103	0.996242520810137	1	0.999777022809516	0.999992931816664
ENSFCAG00000002637:SPOP	0	0	0	0	0	0	0	0	0	0.842517444661328	0.956370417129845	0.978991528832839	1	0.912782447838188	0.985591316192103	0.996242520810137	1	0.99977776026052	0.999992931816664
ENSFCAG00000008090:TTL	0	0	0	0	0	0	0	0	0	0.843197778443336	0.956780328138086	0.979187741807642	1	0.912782447838188	0.985591316192103	0.996242520810137	1	0.99978190664964	0.999992931816664
ENSFCAG00000012114:OMD	0	0	0	0	0	0	0	0	0	0.84253998027877	0.959474506468938	0.97919838218054	1	0.912782447838188	0.985591316192103	0.996242520810137	1	0.999782130378937	0.999992931816664
ENSFCAG00000033551:DNAJB1	0	0	0	0	0	0	0	0	0	0.840732930873306	0.968856507670005	0.979264178506957	1	0.912782447838188	0.985591316192103	0.996242520810137	1	0.99978351127428	0.999992931816664
ENSFCAG00000009769:NFKBIE	0	0	0	0	0	0	0	0	0	0.842983995489889	0.958867674881751	0.979270447136692	1	0.912782447838188	0.985591316192103	0.996242520810137	1	0.999783642606002	0.999992931816664
ENSFCAG00000025137:PRKACA	0	0	0	0	0	0	0	0	0	0.84551133518525	0.950450489894161	0.979303397044907	1	0.912782447838188	0.985591316192103	0.996242520810137	1	0.999784332267441	0.999992931816664
ENSFCAG00000019200:PTEN	0	0	0	0	0	0	0	0	0	0.84590339084553	0.950136235090319	0.979374738947106	1	0.912782447838188	0.985591316192103	0.996242520810137	1	0.999785821697694	0.999992931816664
ENSFCAG00000029481:PPP4R2	0	0	0	0	0	0	0	0	0	0.8457032764622	0.95241346534464	0.979497188774002	1	0.912782447838188	0.985591316192103	0.996242520810137	1	0.999788366011717	0.999992931816664
ENSFCAG00000026744:GNB1	0	0	0	0	0	0	0	0	0	0.845885254692737	0.951979932269652	0.979509504105625	1	0.912782447838188	0.985591316192103	0.996242520810137	1	0.999788621057618	0.999992931816664
ENSFCAG00000024972:JUN	0	0	0	0	0	0	0	0	0	0.839267046359594	0.987233056013963	0.979514483575237	1	0.912782447838188	0.988333650279307	0.996242520810137	1	0.999788724136607	0.999992931816664
ENSFCAG00000022238:PCBP1	0	0	0	0	0	0	0	0	0	0.841173633565844	0.973521726586846	0.979581911936578	1	0.912782447838188	0.985591316192103	0.996242520810137	1	0.999790117465242	0.999992931816664
ENSFCAG00000001624:CCNE1	0	0	0	0	0	0	0	0	0	0.848495551038845	0.945019024791816	0.979585479980575	1	0.912782447838188	0.985591316192103	0.996242520810137	1	0.999790191065418	0.999992931816664
ENSFCAG00000009774:MEF2B	0	0	0	0	0	0	0	0	0	0.844227123280049	0.959303604251063	0.979604905220393	1	0.912782447838188	0.985591316192103	0.996242520810137	1	0.99979059153347	0.999992931816664
ENSFCAG00000026699:CDX2	0	0	0	0	0	0	0	0	0	0.842835561511627	0.967678662783348	0.979732223696999	1	0.912782447838188	0.985591316192103	0.996242520810137	1	0.999793206777811	0.999992931816664
ENSFCAG00000024503:GNAQ	0	0	0	0	0	0	0	0	0	0.847019836008966	0.951907213928999	0.979778976966447	1	0.912782447838188	0.985591316192103	0.996242520810137	1	0.999794162981566	0.999992931816664
ENSFCAG00000022485:TMEM30A	0	0	0	0	0	0	0	0	0	0.846436702527705	0.954276747257357	0.979809413781088	1	0.912782447838188	0.985591316192103	0.996242520810137	1	0.999794784280171	0.999992931816664
ENSFCAG00000045245:PHF6	0	0	0	0	0	0	0	0	0	0.850687030468461	0.943153831317394	0.979944037501326	1	0.912782447838188	0.985591316192103	0.996242520810137	1	0.999797520979299	0.999992931816664
ENSFCAG00000000449:ELF3	0	0	0	0	0	0	0	0	0	0.847182068470112	0.954675594384262	0.980017603590428	1	0.912782447838188	0.985591316192103	0.996242520810137	1	0.99979900865325	0.999992931816664
ENSFCAG00000045230:PHOX2B	0	0	0	0	0	0	0	0	0	0.843940994834103	0.970696183065096	0.980148993461332	1	0.912782447838188	0.985591316192103	0.996242520810137	1	0.999801651916988	0.999992931816664
ENSFCAG00000041686:MSI2	0	0	0	0	0	0	0	0	0	0.847974655391929	0.954495881135528	0.980195634925661	1	0.912782447838188	0.985591316192103	0.996242520810137	1	0.999802586000559	0.999992931816664
ENSFCAG00000009646:SMARCE1	0	0	0	0	0	0	0	0	0	0.849082761345648	0.951066138947287	0.980210488875724	1	0.912782447838188	0.985591316192103	0.996242520810137	1	0.999802883013056	0.999992931816664
ENSFCAG00000001078:POU5F1	0	0	0	0	0	0	0	0	0	0.849450053089572	0.950485551441285	0.98025369429167	1	0.912782447838188	0.985591316192103	0.996242520810137	1	0.999803745648385	0.999992931816664
ENSFCAG00000025666:NFE2	0	0	0	0	0	0	0	0	0	0.845729748685503	0.96418246388048	0.980260462396185	1	0.912782447838188	0.985591316192103	0.996242520810137	1	0.999803880607211	0.999992931816664
ENSFCAG00000004268:DEK	0	0	0	0	0	0	0	0	0	0.848918667813538	0.95395806370643	0.980383372200355	1	0.912782447838188	0.985591316192103	0.996242520810137	1	0.999806323350444	0.999992931816664
ENSFCAG00000022622:ETNK1	0	0	0	0	0	0	0	0	0	0.850007603479377	0.953439122930608	0.980604885950355	1	0.912782447838188	0.985591316192103	0.996242520810137	1	0.999810686866333	0.999992931816664
ENSFCAG00000022323:PPP1CB	0	0	0	0	0	0	0	0	0	0.852678897418564	0.945746191246645	0.980632131276089	1	0.912782447838188	0.985591316192103	0.996242520810137	1	0.999811220105723	0.999992931816664
ENSFCAG00000006667:INHA	0	0	0	0	0	0	0	0	0	0.847041052799207	0.967040830097355	0.980730137884109	1	0.912782447838188	0.985591316192103	0.996242520810137	1	0.999813132010191	0.999992931816664
ENSFCAG00000040513:TPM3	0	0	0	0	0	0	0	0	0	0.852350493683247	0.949182506771553	0.980834695629168	1	0.912782447838188	0.985591316192103	0.996242520810137	1	0.999815160915791	0.999992931816664
ENSFCAG00000033129:FAS	0	0	0	0	0	0	0	0	0	0.851420692064473	0.952421060036583	0.980863634873465	1	0.912782447838188	0.985591316192103	0.996242520810137	1	0.999815720502017	0.999992931816664
ENSFCAG00000015075:SETD7	0	0	0	0	0	0	0	0	0	0.851097527231843	0.953894121299325	0.98089437843294	1	0.912782447838188	0.985591316192103	0.996242520810137	1	0.999816314042212	0.999992931816664
ENSFCAG00000034951:MYD88	0	0	0	0	0	0	0	0	0	0.849249636426332	0.961021240704762	0.980925595018598	1	0.912782447838188	0.985591316192103	0.996242520810137	1	0.9998169157288	0.999992931816664
ENSFCAG00000019399:QKI	0	0	0	0	0	0	0	0	0	0.851572795013283	0.953598095768925	0.98098468117535	1	0.912782447838188	0.985591316192103	0.996242520810137	1	0.999818051870002	0.999992931816664
ENSFCAG00000003608:TFPT	0	0	0	0	0	0	0	0	0	0.850471208748117	0.958229747380315	0.981041071555774	1	0.912782447838188	0.985591316192103	0.996242520810137	1	0.999819132856333	0.999992931816664
ENSFCAG00000045118:CDK6	0	0	0	0	0	0	0	0	0	0.851253774302754	0.955539179808872	0.981046094803305	1	0.912782447838188	0.985591316192103	0.996242520810137	1	0.999819228993219	0.999992931816664
ENSFCAG00000038036:ZNF24	0	0	0	0	0	0	0	0	0	0.851917812593826	0.955681316227302	0.981211307553311	1	0.912782447838188	0.985591316192103	0.996242520810137	1	0.999822376566286	0.999992931816664
ENSFCAG00000006305:CCN6	0	0	0	0	0	0	0	0	0	0.851302278470887	0.95924320730581	0.981301182703447	1	0.912782447838188	0.985591316192103	0.996242520810137	1	0.999824077152042	0.999992931816664
ENSFCAG00000008358:CCND1	0	0	0	0	0	0	0	0	0	0.848977283573943	0.969435646999763	0.98131220629415	1	0.912782447838188	0.985591316192103	0.996242520810137	1	0.999824285169775	0.999992931816664
ENSFCAG00000023627:GID4	0	0	0	0	0	0	0	0	0	0.851247653129522	0.959639779406452	0.981313198862585	1	0.912782447838188	0.985591316192103	0.996242520810137	1	0.999824303893697	0.999992931816664
ENSFCAG00000002606:PRSS8	0	0	0	0	0	0	0	0	0	0.852322439817626	0.956244044990602	0.981343973669841	1	0.912782447838188	0.985591316192103	0.996242520810137	1	0.999824883934962	0.999992931816664
ENSFCAG00000038352:HOXC11	0	0	0	0	0	0	0	0	0	0.849380304951472	0.968303771603086	0.98135381854055	1	0.912782447838188	0.985591316192103	0.996242520810137	1	0.999825069286599	0.999992931816664
ENSFCAG00000015575:CXCR4	0	0	0	0	0	0	0	0	0	0.849689621669425	0.96691485450918	0.981357877938189	1	0.912782447838188	0.985591316192103	0.996242520810137	1	0.999825145685051	0.999992931816664
ENSFCAG00000007657:RAD51B	0	0	0	0	0	0	0	0	0	0.853674009516289	0.952384901557152	0.981384957989755	1	0.912782447838188	0.985591316192103	0.996242520810137	1	0.99982565490591	0.999992931816664
ENSFCAG00000025160:HSD3B2	0	0	0	0	0	0	0	0	0	0.850224238227415	0.965650402747801	0.981418717645443	1	0.912782447838188	0.985591316192103	0.996242520810137	1	0.999826288685471	0.999992931816664
ENSFCAG00000024636:RAD51C	0	0	0	0	0	0	0	0	0	0.854213326424976	0.951208203318759	0.981421509320592	1	0.912782447838188	0.985591316192103	0.996242520810137	1	0.999826341042391	0.999992931816664
ENSFCAG00000027426:RAD51D	0	0	0	0	0	0	0	0	0	0.854917302439914	0.951030464278983	0.981569500741843	1	0.912782447838188	0.985591316192103	0.996242520810137	1	0.999829105203354	0.999992931816664
ENSFCAG00000042983:CRKL	0	0	0	0	0	0	0	0	0	0.851637592345578	0.965524903762474	0.981744637081252	1	0.912782447838188	0.985591316192103	0.996242520810137	1	0.999832347546179	0.999992931816664
ENSFCAG00000008160:FCGR2B	0	0	0	0	0	0	0	0	0	0.853212316277283	0.959366377889386	0.981754177781036	1	0.912782447838188	0.985591316192103	0.996242520810137	1	0.999832523278133	0.999992931816664
ENSFCAG00000039431:PNRC1	0	0	0	0	0	0	0	0	0	0.851072463152095	0.969106166385376	0.981792738507557	1	0.912782447838188	0.985591316192103	0.996242520810137	1	0.999833232590807	0.999992931816664
ENSFCAG00000008220:CREB1	0	0	0	0	0	0	0	0	0	0.857776661817168	0.947107024420995	0.981907922178603	1	0.912782447838188	0.985591316192103	0.996242520810137	1	0.999835342340529	0.999992931816664
ENSFCAG00000032546:IGF2	0	0	0	0	0	0	0	0	0	0.851550410552046	0.970362923982095	0.981963661856172	1	0.912782447838188	0.985591316192103	0.996242520810137	1	0.999836358439055	0.999992931816664
ENSFCAG00000033716:FGF14	0	0	0	0	0	0	0	0	0	0.854253661846597	0.962452094727567	0.982180855809561	1	0.912782447838188	0.985591316192103	0.996242520810137	1	0.999840287562821	0.999992931816664
ENSFCAG00000028964:SIX1	0	0	0	0	0	0	0	0	0	0.85320272754928	0.967750551538017	0.982223906338352	1	0.912782447838188	0.985591316192103	0.996242520810137	1	0.999841060659965	0.999992931816664
ENSFCAG00000014712:RAD51	0	0	0	0	0	0	0	0	0	0.857359018123505	0.954651583862112	0.982387351324318	1	0.912782447838188	0.985591316192103	0.996242520810137	1	0.999843978608848	0.999992931816664
ENSFCAG00000025542:HEY1	0	0	0	0	0	0	0	0	0	0.85635149012623	0.960162247667087	0.982522819179734	1	0.912782447838188	0.985591316192103	0.996242520810137	1	0.999846376478191	0.999992931816664
ENSFCAG00000014287:PDCD1	0	0	0	0	0	0	0	0	0	0.85707383894431	0.959533264975307	0.982647033240029	1	0.912782447838188	0.985591316192103	0.996242520810137	1	0.999848558733002	0.999992931816664
ENSFCAG00000004500:LTB	0	0	0	0	0	0	0	0	0	0.855366044252418	0.968111994368267	0.982739357368335	1	0.912782447838188	0.985591316192103	0.996242520810137	1	0.999850170557039	0.999992931816664
ENSFCAG00000013445:EPCAM	0	0	0	0	0	0	0	0	0	0.859882464580175	0.952306342799821	0.982780983573523	1	0.912782447838188	0.985591316192103	0.996242520810137	1	0.999850894443649	0.999992931816664
ENSFCAG00000030589:APH1A	0	0	0	0	0	0	0	0	0	0.859136901631596	0.954713881280553	0.982789051806916	1	0.912782447838188	0.985591316192103	0.996242520810137	1	0.999851034547578	0.999992931816664
ENSFCAG00000006671:NFKBIA	0	0	0	0	0	0	0	0	0	0.858659537092459	0.95638777013919	0.98279795441515	1	0.912782447838188	0.985591316192103	0.996242520810137	1	0.999851189063463	0.999992931816664
ENSFCAG00000008999:TPM4	0	0	0	0	0	0	0	0	0	0.859068895927177	0.956227291497863	0.982878202525036	1	0.912782447838188	0.985591316192103	0.996242520810137	1	0.999852578230025	0.999992931816664
ENSFCAG00000036644:CCND3	0	0	0	0	0	0	0	0	0	0.857750365261382	0.960870823810082	0.982881497503031	1	0.912782447838188	0.985591316192103	0.996242520810137	1	0.999852635129004	0.999992931816664
ENSFCAG00000002120:HOXB13	0	0	0	0	0	0	0	0	0	0.856016882188319	0.969217857272288	0.982941140845178	1	0.912782447838188	0.985591316192103	0.996242520810137	1	0.999853663164167	0.999992931816664
ENSFCAG00000012089:MOB3B	0	0	0	0	0	0	0	0	0	0.857271911838323	0.965547453066221	0.983039989190723	1	0.912782447838188	0.985591316192103	0.996242520810137	1	0.999855358982407	0.999992931816664
ENSFCAG00000043034:FGF3	0	0	0	0	0	0	0	0	0	0.856678557751288	0.971580727272279	0.983199264312921	1	0.912782447838188	0.985591316192103	0.996242520810137	1	0.999858070557227	0.999992931816664
ENSFCAG00000036921:SDHB	0	0	0	0	0	0	0	0	0	0.85918772346558	0.960964350450087	0.983208008051506	1	0.912782447838188	0.985591316192103	0.996242520810137	1	0.999858218667611	0.999992931816664
ENSFCAG00000040666:CYSLTR2	0	0	0	0	0	0	0	0	0	0.855933184072288	0.977358772429108	0.983258178024383	1	0.912782447838188	0.985591316192103	0.996242520810137	1	0.999859066994838	0.999992931816664
ENSFCAG00000013318:IRF1	0	0	0	0	0	0	0	0	0	0.862580810248477	0.951895676267797	0.983340644010194	1	0.912782447838188	0.985591316192103	0.996242520810137	1	0.999860455855343	0.999992931816664
ENSFCAG00000015580:PDGFB	0	0	0	0	0	0	0	0	0	0.861571657426917	0.954967223552398	0.983342728653811	1	0.912782447838188	0.985591316192103	0.996242520810137	1	0.999860490874487	0.999992931816664
ENSFCAG00000045844:XPA	0	0	0	0	0	0	0	0	0	0.860719555624008	0.961052871682797	0.983551671882578	1	0.912782447838188	0.985591316192103	0.996242520810137	1	0.999863978414874	0.999992931816664
ENSFCAG00000014436:TCEA1	0	0	0	0	0	0	0	0	0	0.863966771071124	0.952087801269996	0.983653519552714	1	0.912782447838188	0.985591316192103	0.996242520810137	1	0.999865662296023	0.999992931816664
ENSFCAG00000040786:LASP1	0	0	0	0	0	0	0	0	0	0.862473827460424	0.957736996818223	0.983726098132213	1	0.912782447838188	0.985591316192103	0.996242520810137	1	0.999866855826578	0.999992931816664
ENSFCAG00000009419:SCG5	0	0	0	0	0	0	0	0	0	0.862949292605569	0.958173714483594	0.983857428918876	1	0.912782447838188	0.985591316192103	0.996242520810137	1	0.999869001906574	0.999992931816664
ENSFCAG00000045613:FEV	0	0	0	0	0	0	0	0	0	0.860710555517423	0.971008062917308	0.984072942631456	1	0.912782447838188	0.985591316192103	0.996242520810137	1	0.999872485635063	0.999992931816664
ENSFCAG00000037922:PPP6C	0	0	0	0	0	0	0	0	0	0.865519512606456	0.953704999532506	0.984102436601027	1	0.912782447838188	0.985591316192103	0.996242520810137	1	0.999872958726312	0.999992931816664
ENSFCAG00000022176:MLF1	0	0	0	0	0	0	0	0	0	0.867566196520917	0.949727361954553	0.98423508882256	1	0.912782447838188	0.985591316192103	0.996242520810137	1	0.999875075575948	0.999992931816664
ENSFCAG00000009373:BTLA	0	0	0	0	0	0	0	0	0	0.864915127119592	0.957814337971309	0.984255690725999	1	0.912782447838188	0.985591316192103	0.996242520810137	1	0.999875402734858	0.999992931816664
ENSFCAG00000030268:NPM1	0	0	0	0	0	0	0	0	0	0.867315214763963	0.95125538574274	0.984299949684346	1	0.912782447838188	0.985591316192103	0.996242520810137	1	0.9998761041103	0.999992931816664
ENSFCAG00000006857:XRCC2	0	0	0	0	0	0	0	0	0	0.863091266815266	0.972029150406661	0.984636660413658	1	0.912782447838188	0.985591316192103	0.996242520810137	1	0.999881374838723	0.999992931816664
ENSFCAG00000009155:RSPO3	0	0	0	0	0	0	0	0	0	0.868899056111526	0.951578880146029	0.984653346612812	1	0.912782447838188	0.985591316192103	0.996242520810137	1	0.999881633042726	0.999992931816664
ENSFCAG00000022826:CDKN2A	0	0	0	0	0	0	0	0	0	0.86506848901892	0.964643984883883	0.984698459151652	1	0.912782447838188	0.985591316192103	0.996242520810137	1	0.999882329703242	0.999992931816664
ENSFCAG00000011605:EGFL7	0	0	0	0	0	0	0	0	0	0.867156549733877	0.957597717809189	0.984714732083806	1	0.912782447838188	0.985591316192103	0.996242520810137	1	0.999882580494425	0.999992931816664
ENSFCAG00000009048:PDCD1LG2	0	0	0	0	0	0	0	0	0	0.865834832325082	0.963060950647429	0.984772397941345	1	0.912782447838188	0.985591316192103	0.996242520810137	1	0.999883467050007	0.999992931816664
ENSFCAG00000038221:MTAP	0	0	0	0	0	0	0	0	0	0.868456640122441	0.954733025531279	0.984790898011202	1	0.912782447838188	0.985591316192103	0.996242520810137	1	0.999883750754861	0.999992931816664
ENSFCAG00000025024:PRRX1	0	0	0	0	0	0	0	0	0	0.866230514294736	0.962428229000374	0.984819449942305	1	0.912782447838188	0.985591316192103	0.996242520810137	1	0.999884187926335	0.999992931816664
ENSFCAG00000013046:GADD45B	0	0	0	0	0	0	0	0	0	0.865617186529597	0.965716110269288	0.984872785719219	1	0.912782447838188	0.985591316192103	0.996242520810137	1	0.999885002357019	0.999992931816664
ENSFCAG00000036433:POU2AF1	1	0	0	0	0	0	0	0	0	0.867266717272659	0.960242909213204	0.984906181329258	1	0.912782447838188	0.985591316192103	0.996242520810137	1	0.999885510833355	0.999992931816664
ENSFCAG00000025224:FGF12	0	0	0	0	0	0	0	0	0	0.866200313570642	0.964248341556388	0.984916456307942	1	0.912782447838188	0.985591316192103	0.996242520810137	1	0.999885667050776	0.999992931816664
ENSFCAG00000023035:JAZF1	0	0	0	0	0	0	0	0	0	0.866990600283681	0.962201083389095	0.984966016960623	1	0.912782447838188	0.985591316192103	0.996242520810137	1	0.999886419049325	0.999992931816664
ENSFCAG00000006923:CCNB1IP1	0	0	0	0	0	0	0	0	0	0.865799726510525	0.968878176316467	0.985071615214785	1	0.912782447838188	0.985591316192103	0.996242520810137	1	0.999888013005958	0.999992931816664
ENSFCAG00000025748:BCL2L1	0	0	0	0	0	0	0	0	0	0.865568516074812	0.970255579202789	0.985087562984746	1	0.912782447838188	0.985591316192103	0.996242520810137	1	0.999888252746231	0.999992931816664
ENSFCAG00000031909:ATG5	0	0	0	0	0	0	0	0	0	0.869049631690356	0.959670195747564	0.985241100557439	1	0.912782447838188	0.985591316192103	0.996242520810137	1	0.999890547644456	0.999992931816664
ENSFCAG00000036639:FGF4	0	0	0	0	0	0	0	0	0	0.865463078432179	0.974359696004794	0.985241215423457	1	0.912782447838188	0.985591316192103	0.996242520810137	1	0.99989054935238	0.999992931816664
ENSFCAG00000009689:VTCN1	0	0	0	0	0	0	0	0	0	0.868313739978949	0.964429001714312	0.985368725023497	1	0.912782447838188	0.985591316192103	0.996242520810137	1	0.999892437013678	0.999992931816664
ENSFCAG00000045399:FGF23	0	0	0	0	0	0	0	0	0	0.867272026730879	0.972283562632456	0.985536714055645	1	0.912782447838188	0.985591316192103	0.996242520810137	1	0.999894898746939	0.999992931816664
ENSFCAG00000013892:ATF1	0	0	0	0	0	0	0	0	0	0.871300182608248	0.957760037599273	0.985579194241843	1	0.912782447838188	0.985591316192103	0.996242520810137	1	0.999895516720963	0.999992931816664
ENSFCAG00000040177:CD79B	0	0	0	0	0	0	0	0	0	0.870747449362862	0.95961893618298	0.98558597026644	1	0.912782447838188	0.985591316192103	0.996242520810137	1	0.999895615124822	0.999992931816664
ENSFCAG00000029552:BCL2	0	0	0	0	0	0	0	0	0	0.867559015154058	0.976085672171214	0.985748800699158	1	0.912782447838188	0.985591316192103	0.996242520810137	1	0.999897965797	0.999992931816664
ENSFCAG00000032259:DCUN1D1	0	0	0	0	0	0	0	0	0	0.874213629097805	0.95275237620652	0.985815429067213	1	0.912782447838188	0.985591316192103	0.996242520810137	1	0.999898919910421	0.999992931816664
ENSFCAG00000022142:SBDS	0	0	0	0	0	0	0	0	0	0.869845639104974	0.968715498017353	0.985907011552867	1	0.912782447838188	0.985591316192103	0.996242520810137	1	0.999900224016153	0.999992931816664
ENSFCAG00000005782:RSPO2	0	0	0	0	0	0	0	0	0	0.871961648190049	0.961108275387419	0.985923656165065	1	0.912782447838188	0.985591316192103	0.996242520810137	1	0.999900460116588	0.999992931816664
ENSFCAG00000027677:SOCS3	0	0	0	0	0	0	0	0	0	0.867946271889017	0.981062487214922	0.985994801868735	1	0.912782447838188	0.985591316192103	0.996242520810137	1	0.999901466136427	0.999992931816664
ENSFCAG00000008129:CD79A	0	0	0	0	0	0	0	0	0	0.872396178993057	0.960852744875512	0.985995706764635	1	0.912782447838188	0.985591316192103	0.996242520810137	1	0.999901478898841	0.999992931816664
ENSFCAG00000025776:RAC2	0	0	0	0	0	0	0	0	0	0.871795161741353	0.963183291276746	0.986011877563271	1	0.912782447838188	0.985591316192103	0.996242520810137	1	0.999901706827515	0.999992931816664
ENSFCAG00000024840:RRAS	0	0	0	0	0	0	0	0	0	0.871607608362681	0.965182092965216	0.986084989971301	1	0.912782447838188	0.985591316192103	0.996242520810137	1	0.999902734042544	0.999992931816664
ENSFCAG00000039688:NKX3-1	0	0	0	0	0	0	0	0	0	0.872045587894704	0.968636116776865	0.986350742932006	1	0.912782447838188	0.985591316192103	0.996242520810137	1	0.999906422159986	0.999992931816664
ENSFCAG00000014272:CTLA4	0	0	0	0	0	0	0	0	0	0.873166813373244	0.964459521306436	0.986359148034205	1	0.912782447838188	0.985591316192103	0.996242520810137	1	0.999906537637718	0.999992931816664
ENSFCAG00000014271:CD28	0	0	0	0	0	0	0	0	0	0.872923854522903	0.965578453887207	0.986371260386246	1	0.912782447838188	0.985591316192103	0.996242520810137	1	0.999906703923394	0.999992931816664
ENSFCAG00000027163:FGF19	0	0	0	0	0	0	0	0	0	0.872183990714204	0.970378292805201	0.98646103782864	1	0.912782447838188	0.985591316192103	0.996242520810137	1	0.99990793180551	0.999992931816664
ENSFCAG00000040323:BCL7A	0	0	0	0	0	0	0	0	0	0.877664049402866	0.960309209559457	0.986999545662641	1	0.912782447838188	0.985591316192103	0.996242520810137	1	0.999915125489305	0.999992931816664
ENSFCAG00000030239:TMEM127	0	0	0	0	0	0	0	0	0	0.875453677654526	0.973057345105115	0.987228973096933	1	0.912782447838188	0.985591316192103	0.996242520810137	1	0.999918101044786	0.999992931816664
ENSFCAG00000036364:BCL10	0	0	0	0	0	0	0	0	0	0.878591185079999	0.961568039176393	0.987253882008963	1	0.912782447838188	0.985591316192103	0.996242520810137	1	0.999918420891707	0.999992931816664
ENSFCAG00000043691:RYBP	0	0	0	0	0	0	0	0	0	0.876841814178071	0.970393836956861	0.98738306184397	1	0.912782447838188	0.985591316192103	0.996242520810137	1	0.999920069565591	0.999992931816664
ENSFCAG00000044777:ARFRP1	0	0	0	0	0	0	0	0	0	0.878358151191623	0.964907741709148	0.987399952018593	1	0.912782447838188	0.985591316192103	0.996242520810137	1	0.999920283879184	0.999992931816664
ENSFCAG00000040792:BBC3	0	0	0	0	0	0	0	0	0	0.877314078110273	0.969279623370964	0.987422370931494	1	0.912782447838188	0.985591316192103	0.996242520810137	1	0.999920567898772	0.999992931816664
ENSFCAG00000000062:MAD2L2	0	0	0	0	0	0	0	0	0	0.880720282668954	0.958638085663348	0.987475788224778	1	0.912782447838188	0.985591316192103	0.996242520810137	1	0.999921242577809	0.999992931816664
ENSFCAG00000011361:RAC1	0	0	0	0	0	0	0	0	0	0.882412922650301	0.956088328351889	0.98762242922669	1	0.912782447838188	0.985591316192103	0.996242520810137	1	0.999923079850842	0.999992931816664
ENSFCAG00000037118:DUSP22	0	0	0	0	0	0	0	0	0	0.88056296552668	0.965826100286321	0.98786802836576	1	0.912782447838188	0.985591316192103	0.996242520810137	1	0.999926108206766	0.999992931816664
ENSFCAG00000045823:CBFB	0	0	0	0	0	0	0	0	0	0.882871348543034	0.959224963598473	0.98791358789734	1	0.912782447838188	0.985591316192103	0.996242520810137	1	0.999926663263347	0.999992931816664
ENSFCAG00000002990:HRAS	0	0	0	0	0	0	0	0	0	0.880000071575315	0.969113533942363	0.987927996360484	1	0.912782447838188	0.985591316192103	0.996242520810137	1	0.99992683836586	0.999992931816664
ENSFCAG00000029945:PAFAH1B2	0	0	0	0	0	0	0	0	0	0.881551074820127	0.965725811384623	0.98804782757126	1	0.912782447838188	0.985591316192103	0.996242520810137	1	0.999928286504086	0.999992931816664
ENSFCAG00000028989:CD70	0	0	0	0	0	0	0	0	0	0.880082057111767	0.973497365043421	0.988138892213128	1	0.912782447838188	0.985591316192103	0.996242520810137	1	0.999929377284766	0.999992931816664
ENSFCAG00000043152:RMI2	0	0	0	0	0	0	0	0	0	0.880020864162328	0.981201154427327	0.988398356371839	1	0.912782447838188	0.985591316192103	0.996242520810137	1	0.999932439152318	0.999992931816664
ENSFCAG00000043547:CDKN1B	0	0	0	0	0	0	0	0	0	0.882157242771539	0.97097839182272	0.988418965620118	1	0.912782447838188	0.985591316192103	0.996242520810137	1	0.999932679436415	0.999992931816664
ENSFCAG00000000142:FGF6	0	0	0	0	0	0	0	0	0	0.883204536018757	0.970733636830672	0.988601451171115	1	0.912782447838188	0.985591316192103	0.996242520810137	1	0.999934788296138	0.999992931816664
ENSFCAG00000036606:FGF10	0	0	0	0	0	0	0	0	0	0.88421688948075	0.968462982508321	0.98867959219495	1	0.912782447838188	0.985591316192103	0.996242520810137	1	0.999935681017503	0.999992931816664
ENSFCAG00000036350:BCL2L11	0	0	0	0	0	0	0	0	0	0.886430100447971	0.964865346461947	0.988892806907935	1	0.912782447838188	0.985591316192103	0.996242520810137	1	0.999938085472033	0.999992931816664
ENSFCAG00000000258:BAX	0	0	0	0	0	0	0	0	0	0.887812185240804	0.96225868745098	0.988990678154164	1	0.912782447838188	0.985591316192103	0.996242520810137	1	0.999939173786093	0.999992931816664
ENSFCAG00000040747:BCL2L2	0	0	0	0	0	0	0	0	0	0.884371208988277	0.976373260424623	0.989046897570966	1	0.912782447838188	0.985591316192103	0.996242520810137	1	0.99993979455813	0.999992931816664
ENSFCAG00000024009:IGF1	0	0	0	0	0	0	0	0	0	0.886442593496134	0.968905075781305	0.989103101984602	1	0.912782447838188	0.985591316192103	0.996242520810137	1	0.999940411970157	0.999992931816664
ENSFCAG00000022046:SDC4	0	0	0	0	0	0	0	0	0	0.88655741170343	0.96965967149076	0.989159676695093	1	0.912782447838188	0.985591316192103	0.996242520810137	1	0.999941030224569	0.999992931816664
ENSFCAG00000012394:RHOH	0	0	0	0	0	0	0	0	0	0.886123058506296	0.973544436820958	0.989253478649907	1	0.912782447838188	0.985591316192103	0.996242520810137	1	0.999942048172223	0.999992931816664
ENSFCAG00000012862:RHEB	0	0	0	0	0	0	0	0	0	0.890959447303459	0.958479821554074	0.989305535148485	1	0.912782447838188	0.985591316192103	0.996242520810137	1	0.999942609256516	0.999992931816664
ENSFCAG00000042197:CNBP	0	0	0	0	0	0	0	0	0	0.889998008870524	0.965394786604753	0.989549493716866	1	0.912782447838188	0.985591316192103	0.996242520810137	1	0.99994520223698	0.999992931816664
ENSFCAG00000046660:TNFRSF17	0	0	0	0	0	0	0	0	0	0.887908112553898	0.973477603198746	0.989568419700491	1	0.912782447838188	0.985591316192103	0.996242520810137	1	0.999945400882843	0.999992931816664
ENSFCAG00000000499:SDHC	0	0	0	0	0	0	0	0	0	0.891070952155987	0.965665139951644	0.98974889900542	1	0.912782447838188	0.985591316192103	0.996242520810137	1	0.999947276998647	0.999992931816664
ENSFCAG00000037994:NRAS	0	0	0	0	0	0	0	0	0	0.891412225262812	0.966451883199405	0.989848897591001	1	0.912782447838188	0.985591316192103	0.996242520810137	1	0.999948302333139	0.999992931816664
ENSFCAG00000001199:PTP4A1	0	0	0	0	0	0	0	0	0	0.89135393681495	0.968255143037441	0.989930570508793	1	0.912782447838188	0.985591316192103	0.996242520810137	1	0.999949132270632	0.999992931816664
ENSFCAG00000027886:CDKN1A	0	0	0	0	0	0	0	0	0	0.890478833884195	0.974358095447007	0.990052805042733	1	0.912782447838188	0.985591316192103	0.996242520810137	1	0.999950361795137	0.999992931816664
ENSFCAG00000045270:CHIC2	0	0	0	0	0	0	0	0	0	0.895213614528381	0.961434525872425	0.990205479647013	1	0.912782447838188	0.985591316192103	0.996242520810137	1	0.999951876311721	0.999992931816664
ENSFCAG00000027456:RHOA	0	0	0	0	0	0	0	0	0	0.891614475437754	0.976220660162353	0.990319309567824	1	0.912782447838188	0.985591316192103	0.996242520810137	1	0.999952990174657	0.999992931816664
ENSFCAG00000024623:LMO1	0	0	0	0	0	0	0	0	0	0.893699911033848	0.969961718062812	0.990409599856757	1	0.912782447838188	0.985591316192103	0.996242520810137	1	0.999953864389421	0.999992931816664
ENSFCAG00000013515:IL10	0	0	0	0	0	0	0	0	0	0.895936960488129	0.964528647872583	0.99050278175218	1	0.912782447838188	0.985591316192103	0.996242520810137	1	0.999954757970585	0.999992931816664
ENSFCAG00000043871:BTG1	0	0	0	0	0	0	0	0	0	0.893513356978534	0.976199951506596	0.990639830009397	1	0.912782447838188	0.985591316192103	0.996242520810137	1	0.999956056287169	0.999992931816664
ENSFCAG00000019293:CENPA	0	0	0	0	0	0	0	0	0	0.897530264540707	0.968897664251431	0.990988323688373	1	0.912782447838188	0.985591316192103	0.996242520810137	1	0.99995927231894	0.999992931816664
ENSFCAG00000033306:CDKN2C	0	0	0	0	0	0	0	0	0	0.895981100383663	0.981102048637937	0.991211844550477	1	0.912782447838188	0.985591316192103	0.996242520810137	1	0.999961270541537	0.999992931816664
ENSFCAG00000043254:BTG2	0	0	0	0	0	0	0	0	0	0.897723720128291	0.975345815681281	0.991299601042956	1	0.912782447838188	0.985591316192103	0.996242520810137	1	0.999962041283385	0.999992931816664
ENSFCAG00000013688:IL2	0	0	0	0	0	0	0	0	0	0.899568448036521	0.971616287630107	0.991439794368647	1	0.912782447838188	0.985591316192103	0.996242520810137	1	0.999963256445465	0.999992931816664
ENSFCAG00000002084:DDIT3	0	0	0	0	0	0	0	0	0	0.899416791307202	0.973410027356541	0.991492648773645	1	0.912782447838188	0.985591316192103	0.996242520810137	1	0.999963709428843	0.999992931816664
ENSFCAG00000037105:RPL22	0	0	0	0	0	0	0	0	0	0.901699857531848	0.975085929117226	0.991917288302809	1	0.91288215565231	0.985591316192103	0.996242520810137	1	0.999967246520839	0.999992931816664
ENSFCAG00000045832:ID3	0	0	0	0	0	0	0	0	0	0.900991395241118	0.97852598790253	0.991931656697554	1	0.91288215565231	0.985591316192103	0.996242520810137	1	0.999967363024255	0.999992931816664
ENSFCAG00000008354:SH2D1A	0	0	0	0	0	0	0	0	0	0.906054438389743	0.971616633589027	0.992431819187035	1	0.915216672998338	0.985591316192103	0.996242520810137	1	0.999971288797382	0.999992931816664
ENSFCAG00000022679:YPEL5	0	0	0	0	0	0	0	0	0	0.907198197499796	0.979388536771616	0.992896942910645	1	0.915216672998338	0.985591316192103	0.996242520810137	1	0.999974713348035	0.999992931816664
ENSFCAG00000029629:MTCP1	0	0	0	0	0	0	0	0	0	0.909844460917586	0.970155293323287	0.992914284964107	1	0.915216672998338	0.985591316192103	0.996242520810137	1	0.999974836817748	0.999992931816664
ENSFCAG00000023293:MLLT3	0	0	0	0	0	0	0	0	0	0.909450483955305	0.972690876738079	0.992971397844466	1	0.915216672998338	0.985591316192103	0.996242520810137	1	0.999975241301348	0.999992931816664
ENSFCAG00000012230:B2M	0	0	0	0	0	0	0	0	0	0.909204486718866	0.975547805835631	0.993051716682227	1	0.915216672998338	0.985591316192103	0.996242520810137	1	0.999975804575473	0.999992931816664
ENSFCAG00000018336:TCL1B	0	0	0	0	0	0	0	0	0	0.910120811790107	0.975595661319585	0.993183787450131	1	0.915216672998338	0.985591316192103	0.996242520810137	1	0.999976716661553	0.999992931816664
ENSFCAG00000044104:HMGA1	0	0	0	0	0	0	0	0	0	0.91397266540576	0.97669581639359	0.993757769387237	1	0.918062028561938	0.985591316192103	0.996242520810137	1	0.99998047661294	0.999992931816664
ENSFCAG00000032943:CHCHD7	0	0	0	0	0	0	0	0	0	0.916727995543438	0.969265074280089	0.993810952929073	1	0.919800826813416	0.985591316192103	0.996242520810137	1	0.999980808214263	0.999992931816664
ENSFCAG00000032392:CKS1B	0	0	0	0	0	0	0	0	0	0.92284667172136	0.978121163328026	0.994946938151229	1	0.924906597327881	0.985591316192103	0.996242520810137	1	0.999987211724811	0.999992931816664
ENSFCAG00000027874:MLLT11	0	0	0	0	0	0	0	0	0	0.92736332546588	0.992089919614222	0.995804365433688	1	0.928397175327046	0.992089919614222	0.996242520810137	1	0.999991185989868	0.999992931816664
ENSFCAG00000042068:PMAIP1	0	0	0	0	0	0	0	0	0	0.932693855382843	0.984117527406611	0.996242520810137	1	0.932693855382843	0.986314218316	0.996242520810137	1	0.999992931816664	0.999992931816664
